DRG Definition,Provider Id,Provider Name,Provider Street Address,Provider City,Provider State,Provider Zip Code,Hospital Referral Region Description, Total Discharges , Average Covered Charges , Average Total Payments ,Average Medicare Payments
039 - EXTRACRANIAL PROCEDURES W/O CC/MCC,520004,"MAYO CLINIC HLTH SYSTEM- FRANCISCAN MED CTR, INC",700 WEST AVE S,LA CROSSE,WI,54601,WI - La Crosse,21,$23491.19,$6711.33,$5748.66
039 - EXTRACRANIAL PROCEDURES W/O CC/MCC,520008,WAUKESHA MEMORIAL HOSPITAL,725 AMERICAN AVE,WAUKESHA,WI,53188,WI - Milwaukee,15,$27239.33,$6324.33,$5431.53
039 - EXTRACRANIAL PROCEDURES W/O CC/MCC,520013,SACRED HEART HSPTL,900 W CLAIREMONT AVE,EAU CLAIRE,WI,54701,MN - Minneapolis,14,$35808.85,$6703.42,$5737.71
039 - EXTRACRANIAL PROCEDURES W/O CC/MCC,520021,UNITED HSPTL SYS,6308 EIGHTH AVE,KENOSHA,WI,53143,WI - Milwaukee,53,$27723.54,$6579.03,$5143.69
039 - EXTRACRANIAL PROCEDURES W/O CC/MCC,520028,THE MONROE CLINIC,2005 5TH STREET,MONROE,WI,53566,WI - Madison,14,$26927.64,$6348.28,$5384.85
039 - EXTRACRANIAL PROCEDURES W/O CC/MCC,520030,ASPIRUS WAUSAU HOSPITAL,333 PINE RIDGE BLVD,WAUSAU,WI,54401,WI - Wausau,42,$20407.61,$6660.14,$4794.90
039 - EXTRACRANIAL PROCEDURES W/O CC/MCC,520037,MINISTRY SAINT JOSEPH'S HOSPITAL,611 ST JOSEPH AVE,MARSHFIELD,WI,54449,WI - Marshfield,16,$18961.93,$8272.12,$5466.25
039 - EXTRACRANIAL PROCEDURES W/O CC/MCC,520044,ST NICHOLAS HOSPITAL,3100 SUPERIOR AVE,SHEBOYGAN,WI,53081,WI - Milwaukee,12,$15987.91,$5462.00,$4521.33
039 - EXTRACRANIAL PROCEDURES W/O CC/MCC,520049,BELLIN MEMORIAL HSPTL,744 S WEBSTER AVE,GREEN BAY,WI,54305,WI - Green Bay,29,$17947.82,$5710.10,$4741.96
039 - EXTRACRANIAL PROCEDURES W/O CC/MCC,520059,AURORA MEMORIAL HSPTL BURLINGTON,252 MCHENRY ST,BURLINGTON,WI,53105,WI - Milwaukee,15,$25960.53,$5789.00,$4741.00
039 - EXTRACRANIAL PROCEDURES W/O CC/MCC,520066,MERCY HLTH SYS CORP,1000 MINERAL POINT AVE,JANESVILLE,WI,53548,WI - Madison,19,$34971.68,$8100.26,$4915.84
039 - EXTRACRANIAL PROCEDURES W/O CC/MCC,520070,MAYO CLINIC HEALTH SYSTEM EAU CLAIRE HOSPITAL,1221 WHIPPLE ST,EAU CLAIRE,WI,54703,MN - Minneapolis,20,$26436.95,$5733.50,$4719.50
039 - EXTRACRANIAL PROCEDURES W/O CC/MCC,520075,ST VINCENT HSPTL,835 S VAN BUREN ST,GREEN BAY,WI,54301,WI - Green Bay,31,$23181.19,$6993.51,$4860.22
039 - EXTRACRANIAL PROCEDURES W/O CC/MCC,520078,WHEATON FRANCISCAN HEALTHCARE- ST FRANCIS,3237 S 16TH ST,MILWAUKEE,WI,53215,WI - Milwaukee,17,$27133.58,$7661.94,$5341.76
039 - EXTRACRANIAL PROCEDURES W/O CC/MCC,520083,ST MARY'S HOSPITAL,700 SOUTH PARK ST,MADISON,WI,53715,WI - Madison,84,$18466.98,$7005.22,$5860.41
039 - EXTRACRANIAL PROCEDURES W/O CC/MCC,520087,GUNDERSEN LUTH MED CTR,1910 SOUTH AVE,LA CROSSE,WI,54601,WI - La Crosse,14,$19126.42,$6633.92,$5913.07
039 - EXTRACRANIAL PROCEDURES W/O CC/MCC,520088,ST AGNES HSPTL,430 E DIVISON ST,FOND DU LAC,WI,54935,WI - Milwaukee,11,$24725.90,$6141.36,$5423.90
039 - EXTRACRANIAL PROCEDURES W/O CC/MCC,520089,MERITER HSPTL,202 S PARK ST,MADISON,WI,53715,WI - Madison,20,$30381.65,$7185.25,$6059.65
039 - EXTRACRANIAL PROCEDURES W/O CC/MCC,520098,UNIVERSITY OF WI  HOSPITALS & CLINICS AUTHORITY,600 HIGHLAND AVENUE,MADISON,WI,53792,WI - Madison,42,$36295.07,$10222.07,$8605.42
039 - EXTRACRANIAL PROCEDURES W/O CC/MCC,520103,COMMUNITY MEM HSPTL,W180 N8085 TOWN HALL RD,MENOMONEE FALLS,WI,53051,WI - Milwaukee,21,$24974.90,$5763.85,$4796.61
039 - EXTRACRANIAL PROCEDURES W/O CC/MCC,520107,HOLY FAMILY MEMORIAL INC,2300 WESTERN AVE PO BOX 1450,MANITOWOC,WI,54221,WI - Green Bay,13,$28618.38,$5930.00,$4807.84
039 - EXTRACRANIAL PROCEDURES W/O CC/MCC,520138,AURORA ST LUKES MEDICAL CENTER,2900 W OKLAHOMA AVE,MILWAUKEE,WI,53215,WI - Milwaukee,44,$25085.68,$7341.61,$5687.31
039 - EXTRACRANIAL PROCEDURES W/O CC/MCC,520160,APPLETON MED CTR,1818 N MEADE ST,APPLETON,WI,54911,WI - Appleton,11,$14993.54,$5707.09,$4889.63
039 - EXTRACRANIAL PROCEDURES W/O CC/MCC,520193,AURORA BAYCARE MED CTR,2845 GREENBRIER RD PO BOX 8900,GREEN BAY,WI,54311,WI - Green Bay,19,$24061.26,$6128.15,$5297.42
039 - EXTRACRANIAL PROCEDURES W/O CC/MCC,520202,ST CLARE'S HOSPITAL OF WESTON INC,3400 MINISTRY PARKWAY,WESTON,WI,54476,WI - Wausau,12,$15153.50,$5847.33,$4912.00
057 - DEGENERATIVE NERVOUS SYSTEM DISORDERS W/O MCC,520004,"MAYO CLINIC HLTH SYSTEM- FRANCISCAN MED CTR, INC",700 WEST AVE S,LA CROSSE,WI,54601,WI - La Crosse,12,$14793.00,$6312.16,$5657.16
057 - DEGENERATIVE NERVOUS SYSTEM DISORDERS W/O MCC,520008,WAUKESHA MEMORIAL HOSPITAL,725 AMERICAN AVE,WAUKESHA,WI,53188,WI - Milwaukee,27,$14886.33,$5382.70,$4508.18
057 - DEGENERATIVE NERVOUS SYSTEM DISORDERS W/O MCC,520021,UNITED HSPTL SYS,6308 EIGHTH AVE,KENOSHA,WI,53143,WI - Milwaukee,18,$10500.72,$5605.00,$4637.33
057 - DEGENERATIVE NERVOUS SYSTEM DISORDERS W/O MCC,520027,"COLUMBIA ST MARY'S HOSPITAL OZAUKEE, INC",13111 N PORT WASHINGTON RD,MEQUON,WI,53097,WI - Milwaukee,16,$18140.12,$5229.75,$4388.75
057 - DEGENERATIVE NERVOUS SYSTEM DISORDERS W/O MCC,520037,MINISTRY SAINT JOSEPH'S HOSPITAL,611 ST JOSEPH AVE,MARSHFIELD,WI,54449,WI - Marshfield,16,$32383.50,$8523.00,$7817.43
057 - DEGENERATIVE NERVOUS SYSTEM DISORDERS W/O MCC,520049,BELLIN MEMORIAL HSPTL,744 S WEBSTER AVE,GREEN BAY,WI,54305,WI - Green Bay,11,$13707.54,$5083.27,$4365.81
057 - DEGENERATIVE NERVOUS SYSTEM DISORDERS W/O MCC,520051,COLUMBIA ST MARYS HSPTL  MILW (COL & MILW CAMPUS),2323 N LAKE DR,MILWAUKEE,WI,53211,WI - Milwaukee,34,$17605.88,$6955.41,$6298.00
057 - DEGENERATIVE NERVOUS SYSTEM DISORDERS W/O MCC,520066,MERCY HLTH SYS CORP,1000 MINERAL POINT AVE,JANESVILLE,WI,53548,WI - Madison,13,$22139.23,$6067.61,$5288.84
057 - DEGENERATIVE NERVOUS SYSTEM DISORDERS W/O MCC,520078,WHEATON FRANCISCAN HEALTHCARE- ST FRANCIS,3237 S 16TH ST,MILWAUKEE,WI,53215,WI - Milwaukee,20,$13846.25,$6375.25,$5645.85
057 - DEGENERATIVE NERVOUS SYSTEM DISORDERS W/O MCC,520083,ST MARY'S HOSPITAL,700 SOUTH PARK ST,MADISON,WI,53715,WI - Madison,37,$19116.40,$5976.21,$4901.72
057 - DEGENERATIVE NERVOUS SYSTEM DISORDERS W/O MCC,520087,GUNDERSEN LUTH MED CTR,1910 SOUTH AVE,LA CROSSE,WI,54601,WI - La Crosse,14,$22316.57,$6758.35,$5718.64
057 - DEGENERATIVE NERVOUS SYSTEM DISORDERS W/O MCC,520088,ST AGNES HSPTL,430 E DIVISON ST,FOND DU LAC,WI,54935,WI - Milwaukee,11,$20052.18,$5546.18,$4831.63
057 - DEGENERATIVE NERVOUS SYSTEM DISORDERS W/O MCC,520096,WHEATON FRANCISCAN HEALTHCARE- ALL SAINTS,3801 SPRING ST,RACINE,WI,53405,WI - Milwaukee,18,$15217.88,$6610.05,$5111.61
057 - DEGENERATIVE NERVOUS SYSTEM DISORDERS W/O MCC,520098,UNIVERSITY OF WI  HOSPITALS & CLINICS AUTHORITY,600 HIGHLAND AVENUE,MADISON,WI,53792,WI - Madison,33,$21241.45,$9790.36,$8902.36
057 - DEGENERATIVE NERVOUS SYSTEM DISORDERS W/O MCC,520103,COMMUNITY MEM HSPTL,W180 N8085 TOWN HALL RD,MENOMONEE FALLS,WI,53051,WI - Milwaukee,25,$11045.64,$5113.60,$4311.36
057 - DEGENERATIVE NERVOUS SYSTEM DISORDERS W/O MCC,520109,"MILE BLUFF MEDICAL CENTER, INC",1050 DIVISION ST,MAUSTON,WI,53948,WI - Madison,11,$12864.81,$5928.09,$5010.63
057 - DEGENERATIVE NERVOUS SYSTEM DISORDERS W/O MCC,520136,"WHEATON FRANCISCAN, INC- ST JOSEPH",5000 W CHAMBERS ST,MILWAUKEE,WI,53210,WI - Milwaukee,12,$23724.91,$7582.50,$6927.50
057 - DEGENERATIVE NERVOUS SYSTEM DISORDERS W/O MCC,520138,AURORA ST LUKES MEDICAL CENTER,2900 W OKLAHOMA AVE,MILWAUKEE,WI,53215,WI - Milwaukee,135,$17249.76,$6607.11,$5667.70
057 - DEGENERATIVE NERVOUS SYSTEM DISORDERS W/O MCC,520139,AURORA WEST ALLIS MEDICAL CENTER,8901 W LINCOLN AVE,WEST ALLIS,WI,53227,WI - Milwaukee,30,$18119.13,$5399.06,$4500.93
057 - DEGENERATIVE NERVOUS SYSTEM DISORDERS W/O MCC,520177,FROEDTERT MEM LUTHERAN HSPTL,9200 W WISCONSIN AVE,MILWAUKEE,WI,53226,WI - Milwaukee,44,$19783.38,$8508.72,$7596.90
064 - INTRACRANIAL HEMORRHAGE OR CEREBRAL INFARCTION W MCC,520008,WAUKESHA MEMORIAL HOSPITAL,725 AMERICAN AVE,WAUKESHA,WI,53188,WI - Milwaukee,19,$35620.68,$11001.94,$9752.52
064 - INTRACRANIAL HEMORRHAGE OR CEREBRAL INFARCTION W MCC,520009,ST ELIZABETH HSPTL,1506 S ONEIDA ST,APPLETON,WI,54915,WI - Appleton,14,$21257.00,$10395.07,$9431.64
064 - INTRACRANIAL HEMORRHAGE OR CEREBRAL INFARCTION W MCC,520013,SACRED HEART HSPTL,900 W CLAIREMONT AVE,EAU CLAIRE,WI,54701,MN - Minneapolis,32,$43369.59,$13692.50,$12919.25
064 - INTRACRANIAL HEMORRHAGE OR CEREBRAL INFARCTION W MCC,520027,"COLUMBIA ST MARY'S HOSPITAL OZAUKEE, INC",13111 N PORT WASHINGTON RD,MEQUON,WI,53097,WI - Milwaukee,17,$44992.41,$10606.29,$9677.82
064 - INTRACRANIAL HEMORRHAGE OR CEREBRAL INFARCTION W MCC,520030,ASPIRUS WAUSAU HOSPITAL,333 PINE RIDGE BLVD,WAUSAU,WI,54401,WI - Wausau,31,$32735.54,$11194.67,$10321.41
064 - INTRACRANIAL HEMORRHAGE OR CEREBRAL INFARCTION W MCC,520037,MINISTRY SAINT JOSEPH'S HOSPITAL,611 ST JOSEPH AVE,MARSHFIELD,WI,54449,WI - Marshfield,37,$40065.35,$15381.64,$14009.89
064 - INTRACRANIAL HEMORRHAGE OR CEREBRAL INFARCTION W MCC,520045,THEDA CLARK MED CTR,130 2ND ST,NEENAH,WI,54956,WI - Neenah,27,$21473.14,$10631.37,$9425.22
064 - INTRACRANIAL HEMORRHAGE OR CEREBRAL INFARCTION W MCC,520048,MERCY MED CTR OF OSHKOSH,500 S OAKWOOD RD,OSHKOSH,WI,54904,WI - Neenah,11,$17340.90,$9974.81,$9157.36
064 - INTRACRANIAL HEMORRHAGE OR CEREBRAL INFARCTION W MCC,520049,BELLIN MEMORIAL HSPTL,744 S WEBSTER AVE,GREEN BAY,WI,54305,WI - Green Bay,18,$23201.94,$9866.05,$8592.22
064 - INTRACRANIAL HEMORRHAGE OR CEREBRAL INFARCTION W MCC,520051,COLUMBIA ST MARYS HSPTL  MILW (COL & MILW CAMPUS),2323 N LAKE DR,MILWAUKEE,WI,53211,WI - Milwaukee,23,$42020.30,$13074.30,$12169.34
064 - INTRACRANIAL HEMORRHAGE OR CEREBRAL INFARCTION W MCC,520063,ST JOSEPHS COM HSPTL WEST BEND,3200 PLEASANT VALLEY ROAD,WEST BEND,WI,53095,WI - Milwaukee,11,$20679.90,$9787.81,$8658.72
064 - INTRACRANIAL HEMORRHAGE OR CEREBRAL INFARCTION W MCC,520066,MERCY HLTH SYS CORP,1000 MINERAL POINT AVE,JANESVILLE,WI,53548,WI - Madison,24,$32793.25,$11876.50,$9930.45
064 - INTRACRANIAL HEMORRHAGE OR CEREBRAL INFARCTION W MCC,520070,MAYO CLINIC HEALTH SYSTEM EAU CLAIRE HOSPITAL,1221 WHIPPLE ST,EAU CLAIRE,WI,54703,MN - Minneapolis,20,$27420.25,$10129.60,$9288.60
064 - INTRACRANIAL HEMORRHAGE OR CEREBRAL INFARCTION W MCC,520075,ST VINCENT HSPTL,835 S VAN BUREN ST,GREEN BAY,WI,54301,WI - Green Bay,31,$22164.32,$10664.67,$9156.70
064 - INTRACRANIAL HEMORRHAGE OR CEREBRAL INFARCTION W MCC,520078,WHEATON FRANCISCAN HEALTHCARE- ST FRANCIS,3237 S 16TH ST,MILWAUKEE,WI,53215,WI - Milwaukee,25,$36555.36,$13084.48,$11301.24
064 - INTRACRANIAL HEMORRHAGE OR CEREBRAL INFARCTION W MCC,520083,ST MARY'S HOSPITAL,700 SOUTH PARK ST,MADISON,WI,53715,WI - Madison,54,$31072.87,$11856.51,$10635.24
064 - INTRACRANIAL HEMORRHAGE OR CEREBRAL INFARCTION W MCC,520087,GUNDERSEN LUTH MED CTR,1910 SOUTH AVE,LA CROSSE,WI,54601,WI - La Crosse,33,$30288.87,$12236.27,$11143.15
064 - INTRACRANIAL HEMORRHAGE OR CEREBRAL INFARCTION W MCC,520088,ST AGNES HSPTL,430 E DIVISON ST,FOND DU LAC,WI,54935,WI - Milwaukee,13,$22657.76,$10090.38,$9229.46
064 - INTRACRANIAL HEMORRHAGE OR CEREBRAL INFARCTION W MCC,520089,MERITER HSPTL,202 S PARK ST,MADISON,WI,53715,WI - Madison,16,$37952.75,$12784.75,$11939.75
064 - INTRACRANIAL HEMORRHAGE OR CEREBRAL INFARCTION W MCC,520096,WHEATON FRANCISCAN HEALTHCARE- ALL SAINTS,3801 SPRING ST,RACINE,WI,53405,WI - Milwaukee,34,$28508.41,$12358.00,$11568.35
064 - INTRACRANIAL HEMORRHAGE OR CEREBRAL INFARCTION W MCC,520098,UNIVERSITY OF WI  HOSPITALS & CLINICS AUTHORITY,600 HIGHLAND AVENUE,MADISON,WI,53792,WI - Madison,56,$38390.33,$20415.14,$18065.39
064 - INTRACRANIAL HEMORRHAGE OR CEREBRAL INFARCTION W MCC,520103,COMMUNITY MEM HSPTL,W180 N8085 TOWN HALL RD,MENOMONEE FALLS,WI,53051,WI - Milwaukee,13,$22761.76,$10344.38,$9916.30
064 - INTRACRANIAL HEMORRHAGE OR CEREBRAL INFARCTION W MCC,520136,"WHEATON FRANCISCAN, INC- ST JOSEPH",5000 W CHAMBERS ST,MILWAUKEE,WI,53210,WI - Milwaukee,31,$32030.54,$16914.77,$13013.64
064 - INTRACRANIAL HEMORRHAGE OR CEREBRAL INFARCTION W MCC,520138,AURORA ST LUKES MEDICAL CENTER,2900 W OKLAHOMA AVE,MILWAUKEE,WI,53215,WI - Milwaukee,126,$46641.96,$13542.18,$12285.50
064 - INTRACRANIAL HEMORRHAGE OR CEREBRAL INFARCTION W MCC,520139,AURORA WEST ALLIS MEDICAL CENTER,8901 W LINCOLN AVE,WEST ALLIS,WI,53227,WI - Milwaukee,29,$44258.03,$10806.17,$9873.75
064 - INTRACRANIAL HEMORRHAGE OR CEREBRAL INFARCTION W MCC,520177,FROEDTERT MEM LUTHERAN HSPTL,9200 W WISCONSIN AVE,MILWAUKEE,WI,53226,WI - Milwaukee,68,$39871.10,$17730.63,$16616.30
064 - INTRACRANIAL HEMORRHAGE OR CEREBRAL INFARCTION W MCC,520193,AURORA BAYCARE MED CTR,2845 GREENBRIER RD PO BOX 8900,GREEN BAY,WI,54311,WI - Green Bay,12,$43751.25,$12178.50,$11332.16
065 - INTRACRANIAL HEMORRHAGE OR CEREBRAL INFARCTION W CC,520002,MINISTRY ST MICHAELS HOSPITAL OF STEVENS POINT,900 ILLINOIS AVE,STEVENS POINT,WI,54481,WI - Marshfield,14,$15181.57,$6314.71,$5425.28
065 - INTRACRANIAL HEMORRHAGE OR CEREBRAL INFARCTION W CC,520004,"MAYO CLINIC HLTH SYSTEM- FRANCISCAN MED CTR, INC",700 WEST AVE S,LA CROSSE,WI,54601,WI - La Crosse,34,$21286.97,$7647.11,$6725.23
065 - INTRACRANIAL HEMORRHAGE OR CEREBRAL INFARCTION W CC,520008,WAUKESHA MEMORIAL HOSPITAL,725 AMERICAN AVE,WAUKESHA,WI,53188,WI - Milwaukee,59,$25442.96,$7488.30,$5948.05
065 - INTRACRANIAL HEMORRHAGE OR CEREBRAL INFARCTION W CC,520009,ST ELIZABETH HSPTL,1506 S ONEIDA ST,APPLETON,WI,54915,WI - Appleton,16,$15937.12,$6519.68,$5609.93
065 - INTRACRANIAL HEMORRHAGE OR CEREBRAL INFARCTION W CC,520011,LAKEVIEW MED CENTER,1700 WEST STOUT STREET,RICE LAKE,WI,54868,WI - Marshfield,15,$9197.26,$6257.53,$5362.60
065 - INTRACRANIAL HEMORRHAGE OR CEREBRAL INFARCTION W CC,520013,SACRED HEART HSPTL,900 W CLAIREMONT AVE,EAU CLAIRE,WI,54701,MN - Minneapolis,39,$28332.10,$11095.43,$6410.82
065 - INTRACRANIAL HEMORRHAGE OR CEREBRAL INFARCTION W CC,520019,MINISTRY ST MARYS HOSPITAL,2251 NORTH SHORE DR,RHINELANDER,WI,54501,WI - Wausau,14,$20993.92,$7342.85,$6374.85
065 - INTRACRANIAL HEMORRHAGE OR CEREBRAL INFARCTION W CC,520021,UNITED HSPTL SYS,6308 EIGHTH AVE,KENOSHA,WI,53143,WI - Milwaukee,42,$20489.73,$7051.97,$5986.42
065 - INTRACRANIAL HEMORRHAGE OR CEREBRAL INFARCTION W CC,520027,"COLUMBIA ST MARY'S HOSPITAL OZAUKEE, INC",13111 N PORT WASHINGTON RD,MEQUON,WI,53097,WI - Milwaukee,43,$24961.00,$6412.41,$5554.09
065 - INTRACRANIAL HEMORRHAGE OR CEREBRAL INFARCTION W CC,520028,THE MONROE CLINIC,2005 5TH STREET,MONROE,WI,53566,WI - Madison,15,$19105.06,$7034.33,$6355.13
065 - INTRACRANIAL HEMORRHAGE OR CEREBRAL INFARCTION W CC,520030,ASPIRUS WAUSAU HOSPITAL,333 PINE RIDGE BLVD,WAUSAU,WI,54401,WI - Wausau,35,$21945.82,$6924.74,$5993.20
065 - INTRACRANIAL HEMORRHAGE OR CEREBRAL INFARCTION W CC,520034,AURORA MED CTR MANITOWOC CTY,5000 MEMORIAL DR,TWO RIVERS,WI,54241,WI - Green Bay,17,$21883.41,$7913.29,$6861.05
065 - INTRACRANIAL HEMORRHAGE OR CEREBRAL INFARCTION W CC,520035,AURORA SHEBOYGAN MEM MED CTR,2629 N 7TH ST,SHEBOYGAN,WI,53083,WI - Milwaukee,18,$17748.16,$6739.66,$4959.83
065 - INTRACRANIAL HEMORRHAGE OR CEREBRAL INFARCTION W CC,520037,MINISTRY SAINT JOSEPH'S HOSPITAL,611 ST JOSEPH AVE,MARSHFIELD,WI,54449,WI - Marshfield,44,$23924.43,$8257.00,$7337.36
065 - INTRACRANIAL HEMORRHAGE OR CEREBRAL INFARCTION W CC,520044,ST NICHOLAS HOSPITAL,3100 SUPERIOR AVE,SHEBOYGAN,WI,53081,WI - Milwaukee,22,$16699.77,$6113.81,$5197.81
065 - INTRACRANIAL HEMORRHAGE OR CEREBRAL INFARCTION W CC,520045,THEDA CLARK MED CTR,130 2ND ST,NEENAH,WI,54956,WI - Neenah,53,$13533.13,$6704.81,$5555.86
065 - INTRACRANIAL HEMORRHAGE OR CEREBRAL INFARCTION W CC,520048,MERCY MED CTR OF OSHKOSH,500 S OAKWOOD RD,OSHKOSH,WI,54904,WI - Neenah,13,$15555.38,$6233.53,$5457.23
065 - INTRACRANIAL HEMORRHAGE OR CEREBRAL INFARCTION W CC,520049,BELLIN MEMORIAL HSPTL,744 S WEBSTER AVE,GREEN BAY,WI,54305,WI - Green Bay,32,$19416.71,$5832.59,$5093.71
065 - INTRACRANIAL HEMORRHAGE OR CEREBRAL INFARCTION W CC,520051,COLUMBIA ST MARYS HSPTL  MILW (COL & MILW CAMPUS),2323 N LAKE DR,MILWAUKEE,WI,53211,WI - Milwaukee,53,$24221.62,$8245.69,$7310.15
065 - INTRACRANIAL HEMORRHAGE OR CEREBRAL INFARCTION W CC,520059,AURORA MEMORIAL HSPTL BURLINGTON,252 MCHENRY ST,BURLINGTON,WI,53105,WI - Milwaukee,16,$27419.68,$6238.06,$5116.06
065 - INTRACRANIAL HEMORRHAGE OR CEREBRAL INFARCTION W CC,520062,OCONOMOWOC MEM HSPTL,791 E SUMMIT AVE,OCONOMOWOC,WI,53066,WI - Milwaukee,16,$19443.18,$5875.50,$4824.25
065 - INTRACRANIAL HEMORRHAGE OR CEREBRAL INFARCTION W CC,520063,ST JOSEPHS COM HSPTL WEST BEND,3200 PLEASANT VALLEY ROAD,WEST BEND,WI,53095,WI - Milwaukee,15,$19755.13,$6267.13,$5365.80
065 - INTRACRANIAL HEMORRHAGE OR CEREBRAL INFARCTION W CC,520066,MERCY HLTH SYS CORP,1000 MINERAL POINT AVE,JANESVILLE,WI,53548,WI - Madison,52,$24319.28,$6954.28,$5957.82
065 - INTRACRANIAL HEMORRHAGE OR CEREBRAL INFARCTION W CC,520070,MAYO CLINIC HEALTH SYSTEM EAU CLAIRE HOSPITAL,1221 WHIPPLE ST,EAU CLAIRE,WI,54703,MN - Minneapolis,64,$18023.04,$6570.29,$5641.85
065 - INTRACRANIAL HEMORRHAGE OR CEREBRAL INFARCTION W CC,520071,FORT HEALTHCARE,611 SHERMAN AVE E,FORT ATKINSON,WI,53538,WI - Madison,28,$18120.53,$6640.25,$5677.96
065 - INTRACRANIAL HEMORRHAGE OR CEREBRAL INFARCTION W CC,520075,ST VINCENT HSPTL,835 S VAN BUREN ST,GREEN BAY,WI,54301,WI - Green Bay,44,$17125.88,$7071.04,$5248.20
065 - INTRACRANIAL HEMORRHAGE OR CEREBRAL INFARCTION W CC,520076,BEAVER DAM COM HSPTL,707 S UNIVERSITY AVE,BEAVER DAM,WI,53916,WI - Madison,13,$16480.30,$6802.46,$5931.69
065 - INTRACRANIAL HEMORRHAGE OR CEREBRAL INFARCTION W CC,520078,WHEATON FRANCISCAN HEALTHCARE- ST FRANCIS,3237 S 16TH ST,MILWAUKEE,WI,53215,WI - Milwaukee,18,$24975.77,$7943.94,$7074.16
065 - INTRACRANIAL HEMORRHAGE OR CEREBRAL INFARCTION W CC,520083,ST MARY'S HOSPITAL,700 SOUTH PARK ST,MADISON,WI,53715,WI - Madison,91,$23518.54,$7997.31,$6410.92
065 - INTRACRANIAL HEMORRHAGE OR CEREBRAL INFARCTION W CC,520087,GUNDERSEN LUTH MED CTR,1910 SOUTH AVE,LA CROSSE,WI,54601,WI - La Crosse,44,$17003.95,$7728.70,$6196.40
065 - INTRACRANIAL HEMORRHAGE OR CEREBRAL INFARCTION W CC,520088,ST AGNES HSPTL,430 E DIVISON ST,FOND DU LAC,WI,54935,WI - Milwaukee,28,$20827.39,$6691.85,$5729.57
065 - INTRACRANIAL HEMORRHAGE OR CEREBRAL INFARCTION W CC,520089,MERITER HSPTL,202 S PARK ST,MADISON,WI,53715,WI - Madison,63,$24742.57,$8452.30,$7101.95
065 - INTRACRANIAL HEMORRHAGE OR CEREBRAL INFARCTION W CC,520091,HOWARD YOUNG MED CTR,240 MAPLE ST PO BOX 470,WOODRUFF,WI,54568,WI - Marshfield,15,$20145.86,$8226.40,$7322.93
065 - INTRACRANIAL HEMORRHAGE OR CEREBRAL INFARCTION W CC,520096,WHEATON FRANCISCAN HEALTHCARE- ALL SAINTS,3801 SPRING ST,RACINE,WI,53405,WI - Milwaukee,72,$22860.66,$7660.05,$6713.00
065 - INTRACRANIAL HEMORRHAGE OR CEREBRAL INFARCTION W CC,520097,ST MARYS HSPTL MED CTR,1726 SHAWANO AVE,GREEN BAY,WI,54303,WI - Green Bay,16,$18321.75,$6238.50,$5393.50
065 - INTRACRANIAL HEMORRHAGE OR CEREBRAL INFARCTION W CC,520098,UNIVERSITY OF WI  HOSPITALS & CLINICS AUTHORITY,600 HIGHLAND AVENUE,MADISON,WI,53792,WI - Madison,59,$27188.67,$13214.93,$11252.76
065 - INTRACRANIAL HEMORRHAGE OR CEREBRAL INFARCTION W CC,520100,BELOIT MEM HSPTL,1969 W HART RD,BELOIT,WI,53511,WI - Madison,19,$27978.68,$6752.52,$5806.00
065 - INTRACRANIAL HEMORRHAGE OR CEREBRAL INFARCTION W CC,520102,AURORA LAKELAND MED CTR,W3985 CTY RD NN,ELKHORN,WI,53121,WI - Milwaukee,14,$26514.14,$6545.71,$5506.00
065 - INTRACRANIAL HEMORRHAGE OR CEREBRAL INFARCTION W CC,520103,COMMUNITY MEM HSPTL,W180 N8085 TOWN HALL RD,MENOMONEE FALLS,WI,53051,WI - Milwaukee,37,$19328.00,$7236.67,$5917.18
065 - INTRACRANIAL HEMORRHAGE OR CEREBRAL INFARCTION W CC,520107,HOLY FAMILY MEMORIAL INC,2300 WESTERN AVE PO BOX 1450,MANITOWOC,WI,54221,WI - Green Bay,13,$17499.92,$6666.92,$5977.69
065 - INTRACRANIAL HEMORRHAGE OR CEREBRAL INFARCTION W CC,520113,BAY AREA MED CTR,3100 SHORE DR,MARINETTE,WI,54143,WI - Green Bay,23,$13739.69,$6364.52,$5626.26
065 - INTRACRANIAL HEMORRHAGE OR CEREBRAL INFARCTION W CC,520136,"WHEATON FRANCISCAN, INC- ST JOSEPH",5000 W CHAMBERS ST,MILWAUKEE,WI,53210,WI - Milwaukee,41,$30382.70,$9619.36,$7788.29
065 - INTRACRANIAL HEMORRHAGE OR CEREBRAL INFARCTION W CC,520138,AURORA ST LUKES MEDICAL CENTER,2900 W OKLAHOMA AVE,MILWAUKEE,WI,53215,WI - Milwaukee,169,$32334.93,$8278.35,$7005.00
065 - INTRACRANIAL HEMORRHAGE OR CEREBRAL INFARCTION W CC,520139,AURORA WEST ALLIS MEDICAL CENTER,8901 W LINCOLN AVE,WEST ALLIS,WI,53227,WI - Milwaukee,54,$27791.11,$7083.85,$5904.20
065 - INTRACRANIAL HEMORRHAGE OR CEREBRAL INFARCTION W CC,520160,APPLETON MED CTR,1818 N MEADE ST,APPLETON,WI,54911,WI - Appleton,24,$10399.50,$6019.45,$5034.29
065 - INTRACRANIAL HEMORRHAGE OR CEREBRAL INFARCTION W CC,520170,WHEATON FRANCISCAN INC - ELMBROOK MEMORIAL,19333 W NORTH AVE,BROOKFIELD,WI,53045,WI - Milwaukee,18,$18036.00,$6145.00,$5334.55
065 - INTRACRANIAL HEMORRHAGE OR CEREBRAL INFARCTION W CC,520177,FROEDTERT MEM LUTHERAN HSPTL,9200 W WISCONSIN AVE,MILWAUKEE,WI,53226,WI - Milwaukee,81,$26639.24,$10497.90,$9389.24
065 - INTRACRANIAL HEMORRHAGE OR CEREBRAL INFARCTION W CC,520189,AURORA MED CTR KENOSHA,10400 75TH ST,KENOSHA,WI,53142,WI - Milwaukee,16,$35713.18,$10240.31,$6595.93
065 - INTRACRANIAL HEMORRHAGE OR CEREBRAL INFARCTION W CC,520193,AURORA BAYCARE MED CTR,2845 GREENBRIER RD PO BOX 8900,GREEN BAY,WI,54311,WI - Green Bay,36,$24587.05,$6674.41,$5704.08
065 - INTRACRANIAL HEMORRHAGE OR CEREBRAL INFARCTION W CC,520207,AURORA MEDICAL CENTER,975 PORT WASHINGTON ROAD,GRAFTON,WI,53024,WI - Milwaukee,24,$24057.54,$5846.79,$4904.79
066 - INTRACRANIAL HEMORRHAGE OR CEREBRAL INFARCTION W/O CC/MCC,520008,WAUKESHA MEMORIAL HOSPITAL,725 AMERICAN AVE,WAUKESHA,WI,53188,WI - Milwaukee,22,$19601.50,$4817.00,$3893.72
066 - INTRACRANIAL HEMORRHAGE OR CEREBRAL INFARCTION W/O CC/MCC,520013,SACRED HEART HSPTL,900 W CLAIREMONT AVE,EAU CLAIRE,WI,54701,MN - Minneapolis,11,$20582.27,$5382.18,$4256.00
066 - INTRACRANIAL HEMORRHAGE OR CEREBRAL INFARCTION W/O CC/MCC,520021,UNITED HSPTL SYS,6308 EIGHTH AVE,KENOSHA,WI,53143,WI - Milwaukee,34,$15471.73,$4915.00,$3957.00
066 - INTRACRANIAL HEMORRHAGE OR CEREBRAL INFARCTION W/O CC/MCC,520027,"COLUMBIA ST MARY'S HOSPITAL OZAUKEE, INC",13111 N PORT WASHINGTON RD,MEQUON,WI,53097,WI - Milwaukee,20,$18749.30,$4580.10,$3566.10
066 - INTRACRANIAL HEMORRHAGE OR CEREBRAL INFARCTION W/O CC/MCC,520028,THE MONROE CLINIC,2005 5TH STREET,MONROE,WI,53566,WI - Madison,12,$19748.83,$5003.08,$4065.08
066 - INTRACRANIAL HEMORRHAGE OR CEREBRAL INFARCTION W/O CC/MCC,520030,ASPIRUS WAUSAU HOSPITAL,333 PINE RIDGE BLVD,WAUSAU,WI,54401,WI - Wausau,18,$14044.83,$4887.94,$4012.83
066 - INTRACRANIAL HEMORRHAGE OR CEREBRAL INFARCTION W/O CC/MCC,520034,AURORA MED CTR MANITOWOC CTY,5000 MEMORIAL DR,TWO RIVERS,WI,54241,WI - Green Bay,11,$13455.81,$5728.63,$4172.36
066 - INTRACRANIAL HEMORRHAGE OR CEREBRAL INFARCTION W/O CC/MCC,520035,AURORA SHEBOYGAN MEM MED CTR,2629 N 7TH ST,SHEBOYGAN,WI,53083,WI - Milwaukee,14,$17921.78,$4800.35,$3836.92
066 - INTRACRANIAL HEMORRHAGE OR CEREBRAL INFARCTION W/O CC/MCC,520037,MINISTRY SAINT JOSEPH'S HOSPITAL,611 ST JOSEPH AVE,MARSHFIELD,WI,54449,WI - Marshfield,31,$11044.00,$6058.80,$4548.48
066 - INTRACRANIAL HEMORRHAGE OR CEREBRAL INFARCTION W/O CC/MCC,520045,THEDA CLARK MED CTR,130 2ND ST,NEENAH,WI,54956,WI - Neenah,27,$10162.25,$4706.88,$3704.22
066 - INTRACRANIAL HEMORRHAGE OR CEREBRAL INFARCTION W/O CC/MCC,520051,COLUMBIA ST MARYS HSPTL  MILW (COL & MILW CAMPUS),2323 N LAKE DR,MILWAUKEE,WI,53211,WI - Milwaukee,23,$19816.73,$5904.91,$5023.17
066 - INTRACRANIAL HEMORRHAGE OR CEREBRAL INFARCTION W/O CC/MCC,520062,OCONOMOWOC MEM HSPTL,791 E SUMMIT AVE,OCONOMOWOC,WI,53066,WI - Milwaukee,12,$17874.16,$4635.00,$3791.33
066 - INTRACRANIAL HEMORRHAGE OR CEREBRAL INFARCTION W/O CC/MCC,520063,ST JOSEPHS COM HSPTL WEST BEND,3200 PLEASANT VALLEY ROAD,WEST BEND,WI,53095,WI - Milwaukee,16,$15419.37,$4759.87,$3502.31
066 - INTRACRANIAL HEMORRHAGE OR CEREBRAL INFARCTION W/O CC/MCC,520066,MERCY HLTH SYS CORP,1000 MINERAL POINT AVE,JANESVILLE,WI,53548,WI - Madison,27,$19739.51,$5496.07,$3971.74
066 - INTRACRANIAL HEMORRHAGE OR CEREBRAL INFARCTION W/O CC/MCC,520070,MAYO CLINIC HEALTH SYSTEM EAU CLAIRE HOSPITAL,1221 WHIPPLE ST,EAU CLAIRE,WI,54703,MN - Minneapolis,24,$15190.91,$4631.79,$3653.29
066 - INTRACRANIAL HEMORRHAGE OR CEREBRAL INFARCTION W/O CC/MCC,520071,FORT HEALTHCARE,611 SHERMAN AVE E,FORT ATKINSON,WI,53538,WI - Madison,14,$17337.00,$4800.57,$3915.71
066 - INTRACRANIAL HEMORRHAGE OR CEREBRAL INFARCTION W/O CC/MCC,520075,ST VINCENT HSPTL,835 S VAN BUREN ST,GREEN BAY,WI,54301,WI - Green Bay,17,$19398.29,$5277.70,$3389.35
066 - INTRACRANIAL HEMORRHAGE OR CEREBRAL INFARCTION W/O CC/MCC,520083,ST MARY'S HOSPITAL,700 SOUTH PARK ST,MADISON,WI,53715,WI - Madison,71,$17602.01,$5484.36,$4481.69
066 - INTRACRANIAL HEMORRHAGE OR CEREBRAL INFARCTION W/O CC/MCC,520087,GUNDERSEN LUTH MED CTR,1910 SOUTH AVE,LA CROSSE,WI,54601,WI - La Crosse,19,$13522.36,$5379.73,$4438.26
066 - INTRACRANIAL HEMORRHAGE OR CEREBRAL INFARCTION W/O CC/MCC,520089,MERITER HSPTL,202 S PARK ST,MADISON,WI,53715,WI - Madison,38,$18866.02,$6294.34,$4580.05
066 - INTRACRANIAL HEMORRHAGE OR CEREBRAL INFARCTION W/O CC/MCC,520096,WHEATON FRANCISCAN HEALTHCARE- ALL SAINTS,3801 SPRING ST,RACINE,WI,53405,WI - Milwaukee,23,$18080.60,$6028.82,$4089.95
066 - INTRACRANIAL HEMORRHAGE OR CEREBRAL INFARCTION W/O CC/MCC,520097,ST MARYS HSPTL MED CTR,1726 SHAWANO AVE,GREEN BAY,WI,54303,WI - Green Bay,13,$15337.61,$4599.15,$3561.61
066 - INTRACRANIAL HEMORRHAGE OR CEREBRAL INFARCTION W/O CC/MCC,520098,UNIVERSITY OF WI  HOSPITALS & CLINICS AUTHORITY,600 HIGHLAND AVENUE,MADISON,WI,53792,WI - Madison,40,$18946.20,$8460.30,$7019.67
066 - INTRACRANIAL HEMORRHAGE OR CEREBRAL INFARCTION W/O CC/MCC,520100,BELOIT MEM HSPTL,1969 W HART RD,BELOIT,WI,53511,WI - Madison,17,$22996.17,$4873.94,$3814.17
066 - INTRACRANIAL HEMORRHAGE OR CEREBRAL INFARCTION W/O CC/MCC,520102,AURORA LAKELAND MED CTR,W3985 CTY RD NN,ELKHORN,WI,53121,WI - Milwaukee,11,$19584.72,$5077.09,$4053.81
066 - INTRACRANIAL HEMORRHAGE OR CEREBRAL INFARCTION W/O CC/MCC,520103,COMMUNITY MEM HSPTL,W180 N8085 TOWN HALL RD,MENOMONEE FALLS,WI,53051,WI - Milwaukee,39,$14233.92,$5074.41,$3448.64
066 - INTRACRANIAL HEMORRHAGE OR CEREBRAL INFARCTION W/O CC/MCC,520113,BAY AREA MED CTR,3100 SHORE DR,MARINETTE,WI,54143,WI - Green Bay,11,$15341.63,$4806.00,$3776.90
066 - INTRACRANIAL HEMORRHAGE OR CEREBRAL INFARCTION W/O CC/MCC,520138,AURORA ST LUKES MEDICAL CENTER,2900 W OKLAHOMA AVE,MILWAUKEE,WI,53215,WI - Milwaukee,47,$23515.80,$5817.72,$4790.23
066 - INTRACRANIAL HEMORRHAGE OR CEREBRAL INFARCTION W/O CC/MCC,520139,AURORA WEST ALLIS MEDICAL CENTER,8901 W LINCOLN AVE,WEST ALLIS,WI,53227,WI - Milwaukee,18,$24251.33,$5055.05,$3751.33
066 - INTRACRANIAL HEMORRHAGE OR CEREBRAL INFARCTION W/O CC/MCC,520170,WHEATON FRANCISCAN INC - ELMBROOK MEMORIAL,19333 W NORTH AVE,BROOKFIELD,WI,53045,WI - Milwaukee,14,$16517.00,$4554.07,$3433.50
066 - INTRACRANIAL HEMORRHAGE OR CEREBRAL INFARCTION W/O CC/MCC,520177,FROEDTERT MEM LUTHERAN HSPTL,9200 W WISCONSIN AVE,MILWAUKEE,WI,53226,WI - Milwaukee,46,$17199.69,$7353.80,$6351.80
066 - INTRACRANIAL HEMORRHAGE OR CEREBRAL INFARCTION W/O CC/MCC,520189,AURORA MED CTR KENOSHA,10400 75TH ST,KENOSHA,WI,53142,WI - Milwaukee,11,$27677.00,$5186.09,$4054.09
066 - INTRACRANIAL HEMORRHAGE OR CEREBRAL INFARCTION W/O CC/MCC,520193,AURORA BAYCARE MED CTR,2845 GREENBRIER RD PO BOX 8900,GREEN BAY,WI,54311,WI - Green Bay,16,$18008.87,$4846.43,$4005.43
069 - TRANSIENT ISCHEMIA,520008,WAUKESHA MEMORIAL HOSPITAL,725 AMERICAN AVE,WAUKESHA,WI,53188,WI - Milwaukee,44,$17421.52,$4292.50,$3319.95
069 - TRANSIENT ISCHEMIA,520013,SACRED HEART HSPTL,900 W CLAIREMONT AVE,EAU CLAIRE,WI,54701,MN - Minneapolis,16,$21330.75,$4871.43,$4169.93
069 - TRANSIENT ISCHEMIA,520021,UNITED HSPTL SYS,6308 EIGHTH AVE,KENOSHA,WI,53143,WI - Milwaukee,31,$12917.61,$4525.90,$3127.93
069 - TRANSIENT ISCHEMIA,520027,"COLUMBIA ST MARY'S HOSPITAL OZAUKEE, INC",13111 N PORT WASHINGTON RD,MEQUON,WI,53097,WI - Milwaukee,16,$14404.56,$4138.18,$3078.93
069 - TRANSIENT ISCHEMIA,520030,ASPIRUS WAUSAU HOSPITAL,333 PINE RIDGE BLVD,WAUSAU,WI,54401,WI - Wausau,18,$11940.22,$4867.38,$3121.94
069 - TRANSIENT ISCHEMIA,520037,MINISTRY SAINT JOSEPH'S HOSPITAL,611 ST JOSEPH AVE,MARSHFIELD,WI,54449,WI - Marshfield,24,$10537.04,$5164.58,$4134.91
069 - TRANSIENT ISCHEMIA,520041,DIVINE SAVIOR HLTHCARE,"2817 NEW PINERY RD, P O BOX 387",PORTAGE,WI,53901,WI - Madison,14,$12449.00,$5163.14,$4276.00
069 - TRANSIENT ISCHEMIA,520051,COLUMBIA ST MARYS HSPTL  MILW (COL & MILW CAMPUS),2323 N LAKE DR,MILWAUKEE,WI,53211,WI - Milwaukee,25,$17405.48,$5459.96,$4220.88
069 - TRANSIENT ISCHEMIA,520066,MERCY HLTH SYS CORP,1000 MINERAL POINT AVE,JANESVILLE,WI,53548,WI - Madison,45,$17414.17,$4537.08,$3586.86
069 - TRANSIENT ISCHEMIA,520070,MAYO CLINIC HEALTH SYSTEM EAU CLAIRE HOSPITAL,1221 WHIPPLE ST,EAU CLAIRE,WI,54703,MN - Minneapolis,16,$12574.50,$4095.62,$3044.37
069 - TRANSIENT ISCHEMIA,520075,ST VINCENT HSPTL,835 S VAN BUREN ST,GREEN BAY,WI,54301,WI - Green Bay,11,$19449.81,$5270.09,$2951.09
069 - TRANSIENT ISCHEMIA,520078,WHEATON FRANCISCAN HEALTHCARE- ST FRANCIS,3237 S 16TH ST,MILWAUKEE,WI,53215,WI - Milwaukee,28,$17099.14,$5176.85,$3929.46
069 - TRANSIENT ISCHEMIA,520083,ST MARY'S HOSPITAL,700 SOUTH PARK ST,MADISON,WI,53715,WI - Madison,78,$16982.64,$4946.44,$3975.55
069 - TRANSIENT ISCHEMIA,520088,ST AGNES HSPTL,430 E DIVISON ST,FOND DU LAC,WI,54935,WI - Milwaukee,16,$15774.37,$4408.37,$3425.87
069 - TRANSIENT ISCHEMIA,520089,MERITER HSPTL,202 S PARK ST,MADISON,WI,53715,WI - Madison,34,$16209.08,$5197.35,$4340.17
069 - TRANSIENT ISCHEMIA,520096,WHEATON FRANCISCAN HEALTHCARE- ALL SAINTS,3801 SPRING ST,RACINE,WI,53405,WI - Milwaukee,46,$17298.73,$4882.58,$4075.36
069 - TRANSIENT ISCHEMIA,520098,UNIVERSITY OF WI  HOSPITALS & CLINICS AUTHORITY,600 HIGHLAND AVENUE,MADISON,WI,53792,WI - Madison,17,$20114.41,$7096.23,$6112.47
069 - TRANSIENT ISCHEMIA,520100,BELOIT MEM HSPTL,1969 W HART RD,BELOIT,WI,53511,WI - Madison,14,$23623.64,$4347.28,$3462.42
069 - TRANSIENT ISCHEMIA,520103,COMMUNITY MEM HSPTL,W180 N8085 TOWN HALL RD,MENOMONEE FALLS,WI,53051,WI - Milwaukee,39,$13015.41,$4137.74,$3128.41
069 - TRANSIENT ISCHEMIA,520113,BAY AREA MED CTR,3100 SHORE DR,MARINETTE,WI,54143,WI - Green Bay,29,$11827.79,$4381.00,$3333.68
069 - TRANSIENT ISCHEMIA,520136,"WHEATON FRANCISCAN, INC- ST JOSEPH",5000 W CHAMBERS ST,MILWAUKEE,WI,53210,WI - Milwaukee,41,$21329.02,$6012.85,$4951.60
069 - TRANSIENT ISCHEMIA,520138,AURORA ST LUKES MEDICAL CENTER,2900 W OKLAHOMA AVE,MILWAUKEE,WI,53215,WI - Milwaukee,121,$24057.38,$5411.58,$4228.36
069 - TRANSIENT ISCHEMIA,520139,AURORA WEST ALLIS MEDICAL CENTER,8901 W LINCOLN AVE,WEST ALLIS,WI,53227,WI - Milwaukee,55,$20497.72,$4437.58,$3249.32
069 - TRANSIENT ISCHEMIA,520170,WHEATON FRANCISCAN INC - ELMBROOK MEMORIAL,19333 W NORTH AVE,BROOKFIELD,WI,53045,WI - Milwaukee,19,$15088.15,$4138.00,$3077.36
069 - TRANSIENT ISCHEMIA,520177,FROEDTERT MEM LUTHERAN HSPTL,9200 W WISCONSIN AVE,MILWAUKEE,WI,53226,WI - Milwaukee,34,$13175.11,$6357.38,$5387.29
069 - TRANSIENT ISCHEMIA,520189,AURORA MED CTR KENOSHA,10400 75TH ST,KENOSHA,WI,53142,WI - Milwaukee,16,$26278.43,$6158.00,$3427.50
069 - TRANSIENT ISCHEMIA,520207,AURORA MEDICAL CENTER,975 PORT WASHINGTON ROAD,GRAFTON,WI,53024,WI - Milwaukee,16,$17544.18,$3823.00,$2903.25
074 - CRANIAL & PERIPHERAL NERVE DISORDERS W/O MCC,520089,MERITER HSPTL,202 S PARK ST,MADISON,WI,53715,WI - Madison,18,$26357.61,$6174.27,$5238.05
074 - CRANIAL & PERIPHERAL NERVE DISORDERS W/O MCC,520008,WAUKESHA MEMORIAL HOSPITAL,725 AMERICAN AVE,WAUKESHA,WI,53188,WI - Milwaukee,12,$14417.50,$6459.00,$4262.16
074 - CRANIAL & PERIPHERAL NERVE DISORDERS W/O MCC,520030,ASPIRUS WAUSAU HOSPITAL,333 PINE RIDGE BLVD,WAUSAU,WI,54401,WI - Wausau,13,$16394.30,$5158.84,$4549.30
074 - CRANIAL & PERIPHERAL NERVE DISORDERS W/O MCC,520037,MINISTRY SAINT JOSEPH'S HOSPITAL,611 ST JOSEPH AVE,MARSHFIELD,WI,54449,WI - Marshfield,11,$10914.63,$6065.00,$5047.54
074 - CRANIAL & PERIPHERAL NERVE DISORDERS W/O MCC,520083,ST MARY'S HOSPITAL,700 SOUTH PARK ST,MADISON,WI,53715,WI - Madison,25,$16178.52,$5869.24,$5060.60
074 - CRANIAL & PERIPHERAL NERVE DISORDERS W/O MCC,520096,WHEATON FRANCISCAN HEALTHCARE- ALL SAINTS,3801 SPRING ST,RACINE,WI,53405,WI - Milwaukee,15,$16374.66,$5795.80,$5123.00
074 - CRANIAL & PERIPHERAL NERVE DISORDERS W/O MCC,520098,UNIVERSITY OF WI  HOSPITALS & CLINICS AUTHORITY,600 HIGHLAND AVENUE,MADISON,WI,53792,WI - Madison,14,$33310.28,$11877.21,$10325.42
074 - CRANIAL & PERIPHERAL NERVE DISORDERS W/O MCC,520103,COMMUNITY MEM HSPTL,W180 N8085 TOWN HALL RD,MENOMONEE FALLS,WI,53051,WI - Milwaukee,16,$14943.37,$4870.62,$4098.37
074 - CRANIAL & PERIPHERAL NERVE DISORDERS W/O MCC,520136,"WHEATON FRANCISCAN, INC- ST JOSEPH",5000 W CHAMBERS ST,MILWAUKEE,WI,53210,WI - Milwaukee,13,$16953.92,$7025.76,$6249.46
074 - CRANIAL & PERIPHERAL NERVE DISORDERS W/O MCC,520138,AURORA ST LUKES MEDICAL CENTER,2900 W OKLAHOMA AVE,MILWAUKEE,WI,53215,WI - Milwaukee,27,$24199.74,$6356.59,$5124.44
074 - CRANIAL & PERIPHERAL NERVE DISORDERS W/O MCC,520139,AURORA WEST ALLIS MEDICAL CENTER,8901 W LINCOLN AVE,WEST ALLIS,WI,53227,WI - Milwaukee,13,$22798.69,$5144.23,$4370.38
074 - CRANIAL & PERIPHERAL NERVE DISORDERS W/O MCC,520177,FROEDTERT MEM LUTHERAN HSPTL,9200 W WISCONSIN AVE,MILWAUKEE,WI,53226,WI - Milwaukee,40,$15125.22,$7716.65,$7055.60
101 - SEIZURES W/O MCC,520008,WAUKESHA MEMORIAL HOSPITAL,725 AMERICAN AVE,WAUKESHA,WI,53188,WI - Milwaukee,18,$16355.00,$5793.11,$3049.50
101 - SEIZURES W/O MCC,520009,ST ELIZABETH HSPTL,1506 S ONEIDA ST,APPLETON,WI,54915,WI - Appleton,12,$9034.91,$4688.91,$3498.08
101 - SEIZURES W/O MCC,520021,UNITED HSPTL SYS,6308 EIGHTH AVE,KENOSHA,WI,53143,WI - Milwaukee,23,$14882.08,$4839.39,$3161.60
101 - SEIZURES W/O MCC,520027,"COLUMBIA ST MARY'S HOSPITAL OZAUKEE, INC",13111 N PORT WASHINGTON RD,MEQUON,WI,53097,WI - Milwaukee,17,$17460.00,$4312.35,$3454.23
101 - SEIZURES W/O MCC,520030,ASPIRUS WAUSAU HOSPITAL,333 PINE RIDGE BLVD,WAUSAU,WI,54401,WI - Wausau,12,$13003.33,$4967.83,$3045.66
101 - SEIZURES W/O MCC,520037,MINISTRY SAINT JOSEPH'S HOSPITAL,611 ST JOSEPH AVE,MARSHFIELD,WI,54449,WI - Marshfield,33,$15207.90,$5418.54,$4532.48
101 - SEIZURES W/O MCC,520066,MERCY HLTH SYS CORP,1000 MINERAL POINT AVE,JANESVILLE,WI,53548,WI - Madison,21,$17584.38,$4714.71,$3805.95
101 - SEIZURES W/O MCC,520070,MAYO CLINIC HEALTH SYSTEM EAU CLAIRE HOSPITAL,1221 WHIPPLE ST,EAU CLAIRE,WI,54703,MN - Minneapolis,18,$14155.94,$4396.00,$3332.72
101 - SEIZURES W/O MCC,520078,WHEATON FRANCISCAN HEALTHCARE- ST FRANCIS,3237 S 16TH ST,MILWAUKEE,WI,53215,WI - Milwaukee,16,$17444.93,$5446.50,$4154.93
101 - SEIZURES W/O MCC,520083,ST MARY'S HOSPITAL,700 SOUTH PARK ST,MADISON,WI,53715,WI - Madison,39,$18505.46,$5079.79,$4446.15
101 - SEIZURES W/O MCC,520088,ST AGNES HSPTL,430 E DIVISON ST,FOND DU LAC,WI,54935,WI - Milwaukee,13,$16773.69,$4406.46,$3635.07
101 - SEIZURES W/O MCC,520089,MERITER HSPTL,202 S PARK ST,MADISON,WI,53715,WI - Madison,14,$23902.57,$5361.64,$4557.64
101 - SEIZURES W/O MCC,520096,WHEATON FRANCISCAN HEALTHCARE- ALL SAINTS,3801 SPRING ST,RACINE,WI,53405,WI - Milwaukee,25,$14482.40,$5049.08,$4190.04
101 - SEIZURES W/O MCC,520098,UNIVERSITY OF WI  HOSPITALS & CLINICS AUTHORITY,600 HIGHLAND AVENUE,MADISON,WI,53792,WI - Madison,32,$20308.71,$8683.59,$6756.68
101 - SEIZURES W/O MCC,520103,COMMUNITY MEM HSPTL,W180 N8085 TOWN HALL RD,MENOMONEE FALLS,WI,53051,WI - Milwaukee,15,$12860.13,$4311.53,$3565.40
101 - SEIZURES W/O MCC,520136,"WHEATON FRANCISCAN, INC- ST JOSEPH",5000 W CHAMBERS ST,MILWAUKEE,WI,53210,WI - Milwaukee,13,$15113.07,$6183.61,$5033.69
101 - SEIZURES W/O MCC,520138,AURORA ST LUKES MEDICAL CENTER,2900 W OKLAHOMA AVE,MILWAUKEE,WI,53215,WI - Milwaukee,66,$22583.10,$5502.87,$4497.06
101 - SEIZURES W/O MCC,520139,AURORA WEST ALLIS MEDICAL CENTER,8901 W LINCOLN AVE,WEST ALLIS,WI,53227,WI - Milwaukee,14,$18568.07,$4554.35,$3671.78
101 - SEIZURES W/O MCC,520177,FROEDTERT MEM LUTHERAN HSPTL,9200 W WISCONSIN AVE,MILWAUKEE,WI,53226,WI - Milwaukee,84,$15465.28,$6897.42,$6027.19
101 - SEIZURES W/O MCC,520193,AURORA BAYCARE MED CTR,2845 GREENBRIER RD PO BOX 8900,GREEN BAY,WI,54311,WI - Green Bay,12,$19800.91,$4570.00,$3543.00
149 - DYSEQUILIBRIUM,520008,WAUKESHA MEMORIAL HOSPITAL,725 AMERICAN AVE,WAUKESHA,WI,53188,WI - Milwaukee,26,$13495.23,$4249.26,$2704.15
149 - DYSEQUILIBRIUM,520013,SACRED HEART HSPTL,900 W CLAIREMONT AVE,EAU CLAIRE,WI,54701,MN - Minneapolis,12,$12300.00,$4137.33,$3102.33
149 - DYSEQUILIBRIUM,520021,UNITED HSPTL SYS,6308 EIGHTH AVE,KENOSHA,WI,53143,WI - Milwaukee,32,$11056.59,$3830.00,$2848.50
149 - DYSEQUILIBRIUM,520037,MINISTRY SAINT JOSEPH'S HOSPITAL,611 ST JOSEPH AVE,MARSHFIELD,WI,54449,WI - Marshfield,15,$8418.66,$4630.00,$3235.13
149 - DYSEQUILIBRIUM,520083,ST MARY'S HOSPITAL,700 SOUTH PARK ST,MADISON,WI,53715,WI - Madison,34,$14350.00,$4289.97,$3121.35
149 - DYSEQUILIBRIUM,520088,ST AGNES HSPTL,430 E DIVISON ST,FOND DU LAC,WI,54935,WI - Milwaukee,12,$14732.08,$3853.25,$2915.25
149 - DYSEQUILIBRIUM,520089,MERITER HSPTL,202 S PARK ST,MADISON,WI,53715,WI - Madison,27,$16710.37,$4585.25,$3584.96
149 - DYSEQUILIBRIUM,520100,BELOIT MEM HSPTL,1969 W HART RD,BELOIT,WI,53511,WI - Madison,12,$19318.75,$3798.25,$2676.91
149 - DYSEQUILIBRIUM,520136,"WHEATON FRANCISCAN, INC- ST JOSEPH",5000 W CHAMBERS ST,MILWAUKEE,WI,53210,WI - Milwaukee,15,$17172.73,$5164.66,$4319.93
149 - DYSEQUILIBRIUM,520138,AURORA ST LUKES MEDICAL CENTER,2900 W OKLAHOMA AVE,MILWAUKEE,WI,53215,WI - Milwaukee,22,$18934.90,$4683.81,$3304.72
149 - DYSEQUILIBRIUM,520139,AURORA WEST ALLIS MEDICAL CENTER,8901 W LINCOLN AVE,WEST ALLIS,WI,53227,WI - Milwaukee,14,$15126.57,$3820.07,$2771.21
149 - DYSEQUILIBRIUM,520170,WHEATON FRANCISCAN INC - ELMBROOK MEMORIAL,19333 W NORTH AVE,BROOKFIELD,WI,53045,WI - Milwaukee,11,$13940.81,$3616.00,$2807.27
149 - DYSEQUILIBRIUM,520177,FROEDTERT MEM LUTHERAN HSPTL,9200 W WISCONSIN AVE,MILWAUKEE,WI,53226,WI - Milwaukee,22,$10292.95,$5628.59,$4865.50
176 - PULMONARY EMBOLISM W/O MCC,520008,WAUKESHA MEMORIAL HOSPITAL,725 AMERICAN AVE,WAUKESHA,WI,53188,WI - Milwaukee,26,$17054.50,$6008.34,$5143.73
176 - PULMONARY EMBOLISM W/O MCC,520013,SACRED HEART HSPTL,900 W CLAIREMONT AVE,EAU CLAIRE,WI,54701,MN - Minneapolis,12,$19081.41,$7142.75,$6113.08
176 - PULMONARY EMBOLISM W/O MCC,520019,MINISTRY ST MARYS HOSPITAL,2251 NORTH SHORE DR,RHINELANDER,WI,54501,WI - Wausau,17,$22266.05,$6973.47,$5961.70
176 - PULMONARY EMBOLISM W/O MCC,520021,UNITED HSPTL SYS,6308 EIGHTH AVE,KENOSHA,WI,53143,WI - Milwaukee,31,$21384.06,$6418.00,$5478.90
176 - PULMONARY EMBOLISM W/O MCC,520027,"COLUMBIA ST MARY'S HOSPITAL OZAUKEE, INC",13111 N PORT WASHINGTON RD,MEQUON,WI,53097,WI - Milwaukee,16,$19900.12,$5934.12,$4953.62
176 - PULMONARY EMBOLISM W/O MCC,520030,ASPIRUS WAUSAU HOSPITAL,333 PINE RIDGE BLVD,WAUSAU,WI,54401,WI - Wausau,29,$18081.44,$7028.37,$4968.27
176 - PULMONARY EMBOLISM W/O MCC,520037,MINISTRY SAINT JOSEPH'S HOSPITAL,611 ST JOSEPH AVE,MARSHFIELD,WI,54449,WI - Marshfield,21,$15971.19,$7515.66,$6669.42
176 - PULMONARY EMBOLISM W/O MCC,520045,THEDA CLARK MED CTR,130 2ND ST,NEENAH,WI,54956,WI - Neenah,13,$10573.23,$7178.92,$4852.07
176 - PULMONARY EMBOLISM W/O MCC,520049,BELLIN MEMORIAL HSPTL,744 S WEBSTER AVE,GREEN BAY,WI,54305,WI - Green Bay,26,$12946.65,$6261.38,$4644.07
176 - PULMONARY EMBOLISM W/O MCC,520051,COLUMBIA ST MARYS HSPTL  MILW (COL & MILW CAMPUS),2323 N LAKE DR,MILWAUKEE,WI,53211,WI - Milwaukee,21,$16783.19,$7729.33,$6926.85
176 - PULMONARY EMBOLISM W/O MCC,520063,ST JOSEPHS COM HSPTL WEST BEND,3200 PLEASANT VALLEY ROAD,WEST BEND,WI,53095,WI - Milwaukee,12,$15431.08,$6054.00,$5116.00
176 - PULMONARY EMBOLISM W/O MCC,520066,MERCY HLTH SYS CORP,1000 MINERAL POINT AVE,JANESVILLE,WI,53548,WI - Madison,27,$15609.85,$6591.66,$5632.11
176 - PULMONARY EMBOLISM W/O MCC,520070,MAYO CLINIC HEALTH SYSTEM EAU CLAIRE HOSPITAL,1221 WHIPPLE ST,EAU CLAIRE,WI,54703,MN - Minneapolis,22,$19093.95,$6054.04,$5135.13
176 - PULMONARY EMBOLISM W/O MCC,520083,ST MARY'S HOSPITAL,700 SOUTH PARK ST,MADISON,WI,53715,WI - Madison,46,$21750.78,$7495.10,$6204.15
176 - PULMONARY EMBOLISM W/O MCC,520087,GUNDERSEN LUTH MED CTR,1910 SOUTH AVE,LA CROSSE,WI,54601,WI - La Crosse,14,$13473.50,$7080.07,$6114.35
176 - PULMONARY EMBOLISM W/O MCC,520089,MERITER HSPTL,202 S PARK ST,MADISON,WI,53715,WI - Madison,22,$17071.22,$7902.77,$6517.09
176 - PULMONARY EMBOLISM W/O MCC,520091,HOWARD YOUNG MED CTR,240 MAPLE ST PO BOX 470,WOODRUFF,WI,54568,WI - Marshfield,11,$18284.36,$7588.18,$6667.81
176 - PULMONARY EMBOLISM W/O MCC,520096,WHEATON FRANCISCAN HEALTHCARE- ALL SAINTS,3801 SPRING ST,RACINE,WI,53405,WI - Milwaukee,29,$14056.96,$6997.27,$6068.17
176 - PULMONARY EMBOLISM W/O MCC,520098,UNIVERSITY OF WI  HOSPITALS & CLINICS AUTHORITY,600 HIGHLAND AVENUE,MADISON,WI,53792,WI - Madison,31,$16461.48,$10597.96,$9146.54
176 - PULMONARY EMBOLISM W/O MCC,520100,BELOIT MEM HSPTL,1969 W HART RD,BELOIT,WI,53511,WI - Madison,14,$24492.28,$6169.92,$5363.64
176 - PULMONARY EMBOLISM W/O MCC,520102,AURORA LAKELAND MED CTR,W3985 CTY RD NN,ELKHORN,WI,53121,WI - Milwaukee,11,$16201.54,$6290.36,$5267.09
176 - PULMONARY EMBOLISM W/O MCC,520103,COMMUNITY MEM HSPTL,W180 N8085 TOWN HALL RD,MENOMONEE FALLS,WI,53051,WI - Milwaukee,17,$15563.82,$6041.70,$4983.82
176 - PULMONARY EMBOLISM W/O MCC,520107,HOLY FAMILY MEMORIAL INC,2300 WESTERN AVE PO BOX 1450,MANITOWOC,WI,54221,WI - Green Bay,13,$13667.46,$5980.46,$5199.23
176 - PULMONARY EMBOLISM W/O MCC,520113,BAY AREA MED CTR,3100 SHORE DR,MARINETTE,WI,54143,WI - Green Bay,16,$16239.25,$6562.06,$5167.06
176 - PULMONARY EMBOLISM W/O MCC,520136,"WHEATON FRANCISCAN, INC- ST JOSEPH",5000 W CHAMBERS ST,MILWAUKEE,WI,53210,WI - Milwaukee,14,$19407.85,$8519.71,$7884.28
176 - PULMONARY EMBOLISM W/O MCC,520138,AURORA ST LUKES MEDICAL CENTER,2900 W OKLAHOMA AVE,MILWAUKEE,WI,53215,WI - Milwaukee,69,$29008.50,$8347.66,$6427.53
176 - PULMONARY EMBOLISM W/O MCC,520139,AURORA WEST ALLIS MEDICAL CENTER,8901 W LINCOLN AVE,WEST ALLIS,WI,53227,WI - Milwaukee,30,$22991.13,$6309.20,$5338.80
176 - PULMONARY EMBOLISM W/O MCC,520160,APPLETON MED CTR,1818 N MEADE ST,APPLETON,WI,54911,WI - Appleton,14,$7530.92,$6209.42,$4157.50
176 - PULMONARY EMBOLISM W/O MCC,520177,FROEDTERT MEM LUTHERAN HSPTL,9200 W WISCONSIN AVE,MILWAUKEE,WI,53226,WI - Milwaukee,33,$20084.90,$9740.93,$7287.69
176 - PULMONARY EMBOLISM W/O MCC,520189,AURORA MED CTR KENOSHA,10400 75TH ST,KENOSHA,WI,53142,WI - Milwaukee,16,$22870.18,$7014.93,$5612.87
176 - PULMONARY EMBOLISM W/O MCC,520207,AURORA MEDICAL CENTER,975 PORT WASHINGTON ROAD,GRAFTON,WI,53024,WI - Milwaukee,11,$18537.09,$5404.27,$4298.00
189 - PULMONARY EDEMA & RESPIRATORY FAILURE,520021,UNITED HSPTL SYS,6308 EIGHTH AVE,KENOSHA,WI,53143,WI - Milwaukee,22,$21478.00,$7679.00,$7014.45
177 - RESPIRATORY INFECTIONS & INFLAMMATIONS W MCC,520002,MINISTRY ST MICHAELS HOSPITAL OF STEVENS POINT,900 ILLINOIS AVE,STEVENS POINT,WI,54481,WI - Marshfield,44,$26297.97,$11748.88,$11005.70
177 - RESPIRATORY INFECTIONS & INFLAMMATIONS W MCC,520004,"MAYO CLINIC HLTH SYSTEM- FRANCISCAN MED CTR, INC",700 WEST AVE S,LA CROSSE,WI,54601,WI - La Crosse,13,$32979.53,$13200.07,$12593.00
177 - RESPIRATORY INFECTIONS & INFLAMMATIONS W MCC,520008,WAUKESHA MEMORIAL HOSPITAL,725 AMERICAN AVE,WAUKESHA,WI,53188,WI - Milwaukee,36,$34922.77,$11747.38,$11091.50
177 - RESPIRATORY INFECTIONS & INFLAMMATIONS W MCC,520009,ST ELIZABETH HSPTL,1506 S ONEIDA ST,APPLETON,WI,54915,WI - Appleton,32,$20454.75,$10887.40,$10328.40
177 - RESPIRATORY INFECTIONS & INFLAMMATIONS W MCC,520013,SACRED HEART HSPTL,900 W CLAIREMONT AVE,EAU CLAIRE,WI,54701,MN - Minneapolis,30,$42057.53,$13625.53,$12358.63
177 - RESPIRATORY INFECTIONS & INFLAMMATIONS W MCC,520019,MINISTRY ST MARYS HOSPITAL,2251 NORTH SHORE DR,RHINELANDER,WI,54501,WI - Wausau,30,$28372.93,$12633.66,$11960.86
177 - RESPIRATORY INFECTIONS & INFLAMMATIONS W MCC,520027,"COLUMBIA ST MARY'S HOSPITAL OZAUKEE, INC",13111 N PORT WASHINGTON RD,MEQUON,WI,53097,WI - Milwaukee,35,$39419.85,$11866.37,$11163.05
177 - RESPIRATORY INFECTIONS & INFLAMMATIONS W MCC,520030,ASPIRUS WAUSAU HOSPITAL,333 PINE RIDGE BLVD,WAUSAU,WI,54401,WI - Wausau,15,$33063.40,$15680.73,$9719.33
177 - RESPIRATORY INFECTIONS & INFLAMMATIONS W MCC,520035,AURORA SHEBOYGAN MEM MED CTR,2629 N 7TH ST,SHEBOYGAN,WI,53083,WI - Milwaukee,14,$21457.07,$10735.21,$10014.28
177 - RESPIRATORY INFECTIONS & INFLAMMATIONS W MCC,520037,MINISTRY SAINT JOSEPH'S HOSPITAL,611 ST JOSEPH AVE,MARSHFIELD,WI,54449,WI - Marshfield,18,$43899.22,$15203.22,$14749.11
177 - RESPIRATORY INFECTIONS & INFLAMMATIONS W MCC,520044,ST NICHOLAS HOSPITAL,3100 SUPERIOR AVE,SHEBOYGAN,WI,53081,WI - Milwaukee,12,$23657.00,$10565.91,$9716.91
177 - RESPIRATORY INFECTIONS & INFLAMMATIONS W MCC,520048,MERCY MED CTR OF OSHKOSH,500 S OAKWOOD RD,OSHKOSH,WI,54904,WI - Neenah,19,$25671.84,$12127.73,$10646.26
177 - RESPIRATORY INFECTIONS & INFLAMMATIONS W MCC,520051,COLUMBIA ST MARYS HSPTL  MILW (COL & MILW CAMPUS),2323 N LAKE DR,MILWAUKEE,WI,53211,WI - Milwaukee,22,$48287.90,$17157.36,$13854.68
177 - RESPIRATORY INFECTIONS & INFLAMMATIONS W MCC,520062,OCONOMOWOC MEM HSPTL,791 E SUMMIT AVE,OCONOMOWOC,WI,53066,WI - Milwaukee,15,$21645.00,$10311.26,$9860.60
177 - RESPIRATORY INFECTIONS & INFLAMMATIONS W MCC,520066,MERCY HLTH SYS CORP,1000 MINERAL POINT AVE,JANESVILLE,WI,53548,WI - Madison,18,$34470.33,$12266.66,$11830.00
177 - RESPIRATORY INFECTIONS & INFLAMMATIONS W MCC,520070,MAYO CLINIC HEALTH SYSTEM EAU CLAIRE HOSPITAL,1221 WHIPPLE ST,EAU CLAIRE,WI,54703,MN - Minneapolis,60,$30519.11,$11226.13,$10644.98
177 - RESPIRATORY INFECTIONS & INFLAMMATIONS W MCC,520075,ST VINCENT HSPTL,835 S VAN BUREN ST,GREEN BAY,WI,54301,WI - Green Bay,19,$26503.94,$11836.57,$11130.05
177 - RESPIRATORY INFECTIONS & INFLAMMATIONS W MCC,520078,WHEATON FRANCISCAN HEALTHCARE- ST FRANCIS,3237 S 16TH ST,MILWAUKEE,WI,53215,WI - Milwaukee,23,$30280.56,$12870.52,$12185.69
177 - RESPIRATORY INFECTIONS & INFLAMMATIONS W MCC,520083,ST MARY'S HOSPITAL,700 SOUTH PARK ST,MADISON,WI,53715,WI - Madison,37,$47778.62,$14882.29,$14152.35
177 - RESPIRATORY INFECTIONS & INFLAMMATIONS W MCC,520089,MERITER HSPTL,202 S PARK ST,MADISON,WI,53715,WI - Madison,39,$57410.12,$15131.84,$14497.35
177 - RESPIRATORY INFECTIONS & INFLAMMATIONS W MCC,520091,HOWARD YOUNG MED CTR,240 MAPLE ST PO BOX 470,WOODRUFF,WI,54568,WI - Marshfield,11,$17948.27,$12626.45,$12214.81
177 - RESPIRATORY INFECTIONS & INFLAMMATIONS W MCC,520096,WHEATON FRANCISCAN HEALTHCARE- ALL SAINTS,3801 SPRING ST,RACINE,WI,53405,WI - Milwaukee,59,$21492.74,$12898.94,$12370.86
177 - RESPIRATORY INFECTIONS & INFLAMMATIONS W MCC,520098,UNIVERSITY OF WI  HOSPITALS & CLINICS AUTHORITY,600 HIGHLAND AVENUE,MADISON,WI,53792,WI - Madison,39,$42907.94,$22302.79,$20904.48
177 - RESPIRATORY INFECTIONS & INFLAMMATIONS W MCC,520103,COMMUNITY MEM HSPTL,W180 N8085 TOWN HALL RD,MENOMONEE FALLS,WI,53051,WI - Milwaukee,30,$27356.63,$10967.16,$10219.96
177 - RESPIRATORY INFECTIONS & INFLAMMATIONS W MCC,520113,BAY AREA MED CTR,3100 SHORE DR,MARINETTE,WI,54143,WI - Green Bay,22,$34655.09,$11559.50,$10689.18
177 - RESPIRATORY INFECTIONS & INFLAMMATIONS W MCC,520116,UW HLTH PARTNERS - WATERTOWN REGIONAL MEDICAL CTR,125 HOSPITAL DR,WATERTOWN,WI,53098,WI - Madison,12,$21005.58,$12383.25,$11584.08
177 - RESPIRATORY INFECTIONS & INFLAMMATIONS W MCC,520136,"WHEATON FRANCISCAN, INC- ST JOSEPH",5000 W CHAMBERS ST,MILWAUKEE,WI,53210,WI - Milwaukee,20,$50102.80,$18393.15,$17418.45
177 - RESPIRATORY INFECTIONS & INFLAMMATIONS W MCC,520138,AURORA ST LUKES MEDICAL CENTER,2900 W OKLAHOMA AVE,MILWAUKEE,WI,53215,WI - Milwaukee,72,$56722.25,$16113.73,$14637.00
177 - RESPIRATORY INFECTIONS & INFLAMMATIONS W MCC,520139,AURORA WEST ALLIS MEDICAL CENTER,8901 W LINCOLN AVE,WEST ALLIS,WI,53227,WI - Milwaukee,25,$43376.16,$12092.88,$11299.08
177 - RESPIRATORY INFECTIONS & INFLAMMATIONS W MCC,520160,APPLETON MED CTR,1818 N MEADE ST,APPLETON,WI,54911,WI - Appleton,13,$20424.61,$10102.00,$9494.92
177 - RESPIRATORY INFECTIONS & INFLAMMATIONS W MCC,520177,FROEDTERT MEM LUTHERAN HSPTL,9200 W WISCONSIN AVE,MILWAUKEE,WI,53226,WI - Milwaukee,24,$39269.04,$18623.54,$17524.50
177 - RESPIRATORY INFECTIONS & INFLAMMATIONS W MCC,520207,AURORA MEDICAL CENTER,975 PORT WASHINGTON ROAD,GRAFTON,WI,53024,WI - Milwaukee,11,$29891.72,$10319.54,$9599.18
178 - RESPIRATORY INFECTIONS & INFLAMMATIONS W CC,520002,MINISTRY ST MICHAELS HOSPITAL OF STEVENS POINT,900 ILLINOIS AVE,STEVENS POINT,WI,54481,WI - Marshfield,37,$17026.37,$8379.64,$7651.43
178 - RESPIRATORY INFECTIONS & INFLAMMATIONS W CC,520004,"MAYO CLINIC HLTH SYSTEM- FRANCISCAN MED CTR, INC",700 WEST AVE S,LA CROSSE,WI,54601,WI - La Crosse,28,$23887.78,$9438.46,$8763.75
178 - RESPIRATORY INFECTIONS & INFLAMMATIONS W CC,520008,WAUKESHA MEMORIAL HOSPITAL,725 AMERICAN AVE,WAUKESHA,WI,53188,WI - Milwaukee,15,$27787.26,$8037.80,$7098.73
178 - RESPIRATORY INFECTIONS & INFLAMMATIONS W CC,520009,ST ELIZABETH HSPTL,1506 S ONEIDA ST,APPLETON,WI,54915,WI - Appleton,30,$16751.16,$8584.16,$7623.10
178 - RESPIRATORY INFECTIONS & INFLAMMATIONS W CC,520013,SACRED HEART HSPTL,900 W CLAIREMONT AVE,EAU CLAIRE,WI,54701,MN - Minneapolis,23,$29626.86,$10438.47,$9221.21
178 - RESPIRATORY INFECTIONS & INFLAMMATIONS W CC,520019,MINISTRY ST MARYS HOSPITAL,2251 NORTH SHORE DR,RHINELANDER,WI,54501,WI - Wausau,27,$22264.18,$9221.88,$7833.51
178 - RESPIRATORY INFECTIONS & INFLAMMATIONS W CC,520021,UNITED HSPTL SYS,6308 EIGHTH AVE,KENOSHA,WI,53143,WI - Milwaukee,17,$29357.41,$8925.00,$8070.64
178 - RESPIRATORY INFECTIONS & INFLAMMATIONS W CC,520027,"COLUMBIA ST MARY'S HOSPITAL OZAUKEE, INC",13111 N PORT WASHINGTON RD,MEQUON,WI,53097,WI - Milwaukee,29,$24970.86,$8281.62,$7431.68
178 - RESPIRATORY INFECTIONS & INFLAMMATIONS W CC,520028,THE MONROE CLINIC,2005 5TH STREET,MONROE,WI,53566,WI - Madison,30,$23365.70,$8690.90,$7731.90
178 - RESPIRATORY INFECTIONS & INFLAMMATIONS W CC,520037,MINISTRY SAINT JOSEPH'S HOSPITAL,611 ST JOSEPH AVE,MARSHFIELD,WI,54449,WI - Marshfield,26,$27536.57,$12265.50,$8558.69
178 - RESPIRATORY INFECTIONS & INFLAMMATIONS W CC,520041,DIVINE SAVIOR HLTHCARE,"2817 NEW PINERY RD, P O BOX 387",PORTAGE,WI,53901,WI - Madison,12,$21847.25,$9262.83,$8156.25
178 - RESPIRATORY INFECTIONS & INFLAMMATIONS W CC,520051,COLUMBIA ST MARYS HSPTL  MILW (COL & MILW CAMPUS),2323 N LAKE DR,MILWAUKEE,WI,53211,WI - Milwaukee,31,$20783.70,$9797.38,$8794.09
178 - RESPIRATORY INFECTIONS & INFLAMMATIONS W CC,520063,ST JOSEPHS COM HSPTL WEST BEND,3200 PLEASANT VALLEY ROAD,WEST BEND,WI,53095,WI - Milwaukee,24,$23460.08,$8540.41,$7932.62
178 - RESPIRATORY INFECTIONS & INFLAMMATIONS W CC,520066,MERCY HLTH SYS CORP,1000 MINERAL POINT AVE,JANESVILLE,WI,53548,WI - Madison,22,$27743.36,$9008.77,$8341.31
178 - RESPIRATORY INFECTIONS & INFLAMMATIONS W CC,520070,MAYO CLINIC HEALTH SYSTEM EAU CLAIRE HOSPITAL,1221 WHIPPLE ST,EAU CLAIRE,WI,54703,MN - Minneapolis,35,$18430.34,$7950.37,$6850.42
178 - RESPIRATORY INFECTIONS & INFLAMMATIONS W CC,520071,FORT HEALTHCARE,611 SHERMAN AVE E,FORT ATKINSON,WI,53538,WI - Madison,12,$13687.83,$8298.66,$7832.33
178 - RESPIRATORY INFECTIONS & INFLAMMATIONS W CC,520075,ST VINCENT HSPTL,835 S VAN BUREN ST,GREEN BAY,WI,54301,WI - Green Bay,13,$19216.84,$9178.61,$7204.84
178 - RESPIRATORY INFECTIONS & INFLAMMATIONS W CC,520083,ST MARY'S HOSPITAL,700 SOUTH PARK ST,MADISON,WI,53715,WI - Madison,49,$26982.59,$9628.36,$8905.77
178 - RESPIRATORY INFECTIONS & INFLAMMATIONS W CC,520087,GUNDERSEN LUTH MED CTR,1910 SOUTH AVE,LA CROSSE,WI,54601,WI - La Crosse,11,$18982.00,$9258.54,$8544.00
178 - RESPIRATORY INFECTIONS & INFLAMMATIONS W CC,520088,ST AGNES HSPTL,430 E DIVISON ST,FOND DU LAC,WI,54935,WI - Milwaukee,15,$20805.66,$8595.93,$7851.93
178 - RESPIRATORY INFECTIONS & INFLAMMATIONS W CC,520089,MERITER HSPTL,202 S PARK ST,MADISON,WI,53715,WI - Madison,32,$31919.68,$10400.00,$9311.00
178 - RESPIRATORY INFECTIONS & INFLAMMATIONS W CC,520091,HOWARD YOUNG MED CTR,240 MAPLE ST PO BOX 470,WOODRUFF,WI,54568,WI - Marshfield,12,$24070.08,$10115.33,$9368.66
178 - RESPIRATORY INFECTIONS & INFLAMMATIONS W CC,520096,WHEATON FRANCISCAN HEALTHCARE- ALL SAINTS,3801 SPRING ST,RACINE,WI,53405,WI - Milwaukee,27,$16720.03,$9429.00,$8683.81
178 - RESPIRATORY INFECTIONS & INFLAMMATIONS W CC,520098,UNIVERSITY OF WI  HOSPITALS & CLINICS AUTHORITY,600 HIGHLAND AVENUE,MADISON,WI,53792,WI - Madison,71,$24204.97,$14703.22,$13388.76
178 - RESPIRATORY INFECTIONS & INFLAMMATIONS W CC,520100,BELOIT MEM HSPTL,1969 W HART RD,BELOIT,WI,53511,WI - Madison,15,$25740.60,$9497.33,$6680.93
178 - RESPIRATORY INFECTIONS & INFLAMMATIONS W CC,520103,COMMUNITY MEM HSPTL,W180 N8085 TOWN HALL RD,MENOMONEE FALLS,WI,53051,WI - Milwaukee,26,$20763.19,$8096.65,$7118.88
178 - RESPIRATORY INFECTIONS & INFLAMMATIONS W CC,520113,BAY AREA MED CTR,3100 SHORE DR,MARINETTE,WI,54143,WI - Green Bay,60,$25882.85,$8988.03,$8050.83
178 - RESPIRATORY INFECTIONS & INFLAMMATIONS W CC,520116,UW HLTH PARTNERS - WATERTOWN REGIONAL MEDICAL CTR,125 HOSPITAL DR,WATERTOWN,WI,53098,WI - Madison,23,$20154.69,$9579.86,$8964.65
178 - RESPIRATORY INFECTIONS & INFLAMMATIONS W CC,520136,"WHEATON FRANCISCAN, INC- ST JOSEPH",5000 W CHAMBERS ST,MILWAUKEE,WI,53210,WI - Milwaukee,20,$23781.40,$11340.95,$10609.95
178 - RESPIRATORY INFECTIONS & INFLAMMATIONS W CC,520138,AURORA ST LUKES MEDICAL CENTER,2900 W OKLAHOMA AVE,MILWAUKEE,WI,53215,WI - Milwaukee,65,$32514.55,$10787.06,$9406.33
178 - RESPIRATORY INFECTIONS & INFLAMMATIONS W CC,520139,AURORA WEST ALLIS MEDICAL CENTER,8901 W LINCOLN AVE,WEST ALLIS,WI,53227,WI - Milwaukee,24,$28930.91,$10456.75,$7481.58
178 - RESPIRATORY INFECTIONS & INFLAMMATIONS W CC,520160,APPLETON MED CTR,1818 N MEADE ST,APPLETON,WI,54911,WI - Appleton,18,$9263.55,$7261.11,$6328.44
178 - RESPIRATORY INFECTIONS & INFLAMMATIONS W CC,520170,WHEATON FRANCISCAN INC - ELMBROOK MEMORIAL,19333 W NORTH AVE,BROOKFIELD,WI,53045,WI - Milwaukee,12,$20794.66,$7974.50,$7156.41
178 - RESPIRATORY INFECTIONS & INFLAMMATIONS W CC,520177,FROEDTERT MEM LUTHERAN HSPTL,9200 W WISCONSIN AVE,MILWAUKEE,WI,53226,WI - Milwaukee,47,$26292.10,$12925.70,$12316.95
178 - RESPIRATORY INFECTIONS & INFLAMMATIONS W CC,520189,AURORA MED CTR KENOSHA,10400 75TH ST,KENOSHA,WI,53142,WI - Milwaukee,12,$30403.41,$9437.91,$8596.91
189 - PULMONARY EDEMA & RESPIRATORY FAILURE,520002,MINISTRY ST MICHAELS HOSPITAL OF STEVENS POINT,900 ILLINOIS AVE,STEVENS POINT,WI,54481,WI - Marshfield,26,$17445.19,$7587.23,$6237.38
189 - PULMONARY EDEMA & RESPIRATORY FAILURE,520004,"MAYO CLINIC HLTH SYSTEM- FRANCISCAN MED CTR, INC",700 WEST AVE S,LA CROSSE,WI,54601,WI - La Crosse,22,$27044.09,$8628.31,$7915.22
189 - PULMONARY EDEMA & RESPIRATORY FAILURE,520008,WAUKESHA MEMORIAL HOSPITAL,725 AMERICAN AVE,WAUKESHA,WI,53188,WI - Milwaukee,42,$21307.59,$7697.07,$7062.28
189 - PULMONARY EDEMA & RESPIRATORY FAILURE,520011,LAKEVIEW MED CENTER,1700 WEST STOUT STREET,RICE LAKE,WI,54868,WI - Marshfield,14,$13793.07,$7622.00,$6818.00
189 - PULMONARY EDEMA & RESPIRATORY FAILURE,520013,SACRED HEART HSPTL,900 W CLAIREMONT AVE,EAU CLAIRE,WI,54701,MN - Minneapolis,34,$22724.76,$8549.47,$7855.94
189 - PULMONARY EDEMA & RESPIRATORY FAILURE,520027,"COLUMBIA ST MARY'S HOSPITAL OZAUKEE, INC",13111 N PORT WASHINGTON RD,MEQUON,WI,53097,WI - Milwaukee,11,$34809.72,$7775.09,$5976.54
189 - PULMONARY EDEMA & RESPIRATORY FAILURE,520030,ASPIRUS WAUSAU HOSPITAL,333 PINE RIDGE BLVD,WAUSAU,WI,54401,WI - Wausau,20,$19275.55,$7747.15,$7240.95
189 - PULMONARY EDEMA & RESPIRATORY FAILURE,520033,RIVERVIEW HSPTL ASSOC,410 DEWEY ST PO BOX 8080,WISCONSIN RAPID,WI,54495,WI - Marshfield,15,$20346.60,$8768.33,$8315.53
189 - PULMONARY EDEMA & RESPIRATORY FAILURE,520035,AURORA SHEBOYGAN MEM MED CTR,2629 N 7TH ST,SHEBOYGAN,WI,53083,WI - Milwaukee,11,$20275.63,$7775.72,$7261.18
189 - PULMONARY EDEMA & RESPIRATORY FAILURE,520037,MINISTRY SAINT JOSEPH'S HOSPITAL,611 ST JOSEPH AVE,MARSHFIELD,WI,54449,WI - Marshfield,14,$23366.57,$9059.78,$8657.78
189 - PULMONARY EDEMA & RESPIRATORY FAILURE,520044,ST NICHOLAS HOSPITAL,3100 SUPERIOR AVE,SHEBOYGAN,WI,53081,WI - Milwaukee,32,$19719.18,$6739.18,$5827.43
189 - PULMONARY EDEMA & RESPIRATORY FAILURE,520045,THEDA CLARK MED CTR,130 2ND ST,NEENAH,WI,54956,WI - Neenah,24,$13395.87,$7355.20,$6700.20
189 - PULMONARY EDEMA & RESPIRATORY FAILURE,520049,BELLIN MEMORIAL HSPTL,744 S WEBSTER AVE,GREEN BAY,WI,54305,WI - Green Bay,14,$15794.21,$7182.42,$6699.57
189 - PULMONARY EDEMA & RESPIRATORY FAILURE,520051,COLUMBIA ST MARYS HSPTL  MILW (COL & MILW CAMPUS),2323 N LAKE DR,MILWAUKEE,WI,53211,WI - Milwaukee,27,$42032.96,$10044.66,$9585.81
189 - PULMONARY EDEMA & RESPIRATORY FAILURE,520062,OCONOMOWOC MEM HSPTL,791 E SUMMIT AVE,OCONOMOWOC,WI,53066,WI - Milwaukee,12,$15334.58,$7243.00,$6210.66
189 - PULMONARY EDEMA & RESPIRATORY FAILURE,520063,ST JOSEPHS COM HSPTL WEST BEND,3200 PLEASANT VALLEY ROAD,WEST BEND,WI,53095,WI - Milwaukee,19,$26134.36,$7696.00,$7103.52
189 - PULMONARY EDEMA & RESPIRATORY FAILURE,520066,MERCY HLTH SYS CORP,1000 MINERAL POINT AVE,JANESVILLE,WI,53548,WI - Madison,15,$20860.80,$7430.53,$6608.93
189 - PULMONARY EDEMA & RESPIRATORY FAILURE,520070,MAYO CLINIC HEALTH SYSTEM EAU CLAIRE HOSPITAL,1221 WHIPPLE ST,EAU CLAIRE,WI,54703,MN - Minneapolis,45,$20514.97,$7937.24,$6388.24
189 - PULMONARY EDEMA & RESPIRATORY FAILURE,520075,ST VINCENT HSPTL,835 S VAN BUREN ST,GREEN BAY,WI,54301,WI - Green Bay,23,$16875.78,$7664.00,$6831.47
189 - PULMONARY EDEMA & RESPIRATORY FAILURE,520078,WHEATON FRANCISCAN HEALTHCARE- ST FRANCIS,3237 S 16TH ST,MILWAUKEE,WI,53215,WI - Milwaukee,35,$28687.54,$8921.51,$8031.48
189 - PULMONARY EDEMA & RESPIRATORY FAILURE,520083,ST MARY'S HOSPITAL,700 SOUTH PARK ST,MADISON,WI,53715,WI - Madison,28,$33990.32,$9119.17,$8519.60
189 - PULMONARY EDEMA & RESPIRATORY FAILURE,520087,GUNDERSEN LUTH MED CTR,1910 SOUTH AVE,LA CROSSE,WI,54601,WI - La Crosse,88,$19772.95,$8467.12,$7538.79
189 - PULMONARY EDEMA & RESPIRATORY FAILURE,520088,ST AGNES HSPTL,430 E DIVISON ST,FOND DU LAC,WI,54935,WI - Milwaukee,23,$29411.95,$7716.13,$6484.17
189 - PULMONARY EDEMA & RESPIRATORY FAILURE,520089,MERITER HSPTL,202 S PARK ST,MADISON,WI,53715,WI - Madison,18,$55241.16,$16121.16,$9563.88
189 - PULMONARY EDEMA & RESPIRATORY FAILURE,520096,WHEATON FRANCISCAN HEALTHCARE- ALL SAINTS,3801 SPRING ST,RACINE,WI,53405,WI - Milwaukee,86,$16924.89,$8619.66,$7977.66
189 - PULMONARY EDEMA & RESPIRATORY FAILURE,520097,ST MARYS HSPTL MED CTR,1726 SHAWANO AVE,GREEN BAY,WI,54303,WI - Green Bay,44,$15388.38,$7487.88,$6158.97
189 - PULMONARY EDEMA & RESPIRATORY FAILURE,520098,UNIVERSITY OF WI  HOSPITALS & CLINICS AUTHORITY,600 HIGHLAND AVENUE,MADISON,WI,53792,WI - Madison,27,$24463.22,$14172.33,$11148.92
189 - PULMONARY EDEMA & RESPIRATORY FAILURE,520102,AURORA LAKELAND MED CTR,W3985 CTY RD NN,ELKHORN,WI,53121,WI - Milwaukee,13,$23190.46,$8014.15,$7578.76
189 - PULMONARY EDEMA & RESPIRATORY FAILURE,520103,COMMUNITY MEM HSPTL,W180 N8085 TOWN HALL RD,MENOMONEE FALLS,WI,53051,WI - Milwaukee,74,$18895.10,$7263.97,$6369.32
189 - PULMONARY EDEMA & RESPIRATORY FAILURE,520113,BAY AREA MED CTR,3100 SHORE DR,MARINETTE,WI,54143,WI - Green Bay,20,$28557.85,$7675.00,$7112.20
189 - PULMONARY EDEMA & RESPIRATORY FAILURE,520136,"WHEATON FRANCISCAN, INC- ST JOSEPH",5000 W CHAMBERS ST,MILWAUKEE,WI,53210,WI - Milwaukee,81,$21325.30,$10433.20,$9535.32
189 - PULMONARY EDEMA & RESPIRATORY FAILURE,520138,AURORA ST LUKES MEDICAL CENTER,2900 W OKLAHOMA AVE,MILWAUKEE,WI,53215,WI - Milwaukee,89,$37289.26,$10097.71,$9214.93
189 - PULMONARY EDEMA & RESPIRATORY FAILURE,520139,AURORA WEST ALLIS MEDICAL CENTER,8901 W LINCOLN AVE,WEST ALLIS,WI,53227,WI - Milwaukee,42,$28782.02,$7658.33,$6972.57
189 - PULMONARY EDEMA & RESPIRATORY FAILURE,520160,APPLETON MED CTR,1818 N MEADE ST,APPLETON,WI,54911,WI - Appleton,45,$12619.02,$7227.02,$6243.40
189 - PULMONARY EDEMA & RESPIRATORY FAILURE,520170,WHEATON FRANCISCAN INC - ELMBROOK MEMORIAL,19333 W NORTH AVE,BROOKFIELD,WI,53045,WI - Milwaukee,15,$27946.06,$7249.60,$6521.80
189 - PULMONARY EDEMA & RESPIRATORY FAILURE,520177,FROEDTERT MEM LUTHERAN HSPTL,9200 W WISCONSIN AVE,MILWAUKEE,WI,53226,WI - Milwaukee,30,$23895.70,$11485.63,$10775.10
189 - PULMONARY EDEMA & RESPIRATORY FAILURE,520193,AURORA BAYCARE MED CTR,2845 GREENBRIER RD PO BOX 8900,GREEN BAY,WI,54311,WI - Green Bay,16,$31846.43,$8993.18,$6486.31
189 - PULMONARY EDEMA & RESPIRATORY FAILURE,520198,AURORA MED CTR OSHKOSH,855 N WESTHAVEN DRIVE,OSHKOSH,WI,54904,WI - Neenah,24,$26242.87,$7188.50,$6392.00
189 - PULMONARY EDEMA & RESPIRATORY FAILURE,520202,ST CLARE'S HOSPITAL OF WESTON INC,3400 MINISTRY PARKWAY,WESTON,WI,54476,WI - Wausau,31,$9954.32,$7284.45,$6127.77
190 - CHRONIC OBSTRUCTIVE PULMONARY DISEASE W MCC,520002,MINISTRY ST MICHAELS HOSPITAL OF STEVENS POINT,900 ILLINOIS AVE,STEVENS POINT,WI,54481,WI - Marshfield,30,$16717.10,$6732.80,$6018.00
190 - CHRONIC OBSTRUCTIVE PULMONARY DISEASE W MCC,520004,"MAYO CLINIC HLTH SYSTEM- FRANCISCAN MED CTR, INC",700 WEST AVE S,LA CROSSE,WI,54601,WI - La Crosse,16,$23947.62,$8027.50,$7392.75
190 - CHRONIC OBSTRUCTIVE PULMONARY DISEASE W MCC,520008,WAUKESHA MEMORIAL HOSPITAL,725 AMERICAN AVE,WAUKESHA,WI,53188,WI - Milwaukee,82,$19663.53,$7443.91,$6029.30
190 - CHRONIC OBSTRUCTIVE PULMONARY DISEASE W MCC,520009,ST ELIZABETH HSPTL,1506 S ONEIDA ST,APPLETON,WI,54915,WI - Appleton,12,$13574.41,$7590.08,$5888.00
190 - CHRONIC OBSTRUCTIVE PULMONARY DISEASE W MCC,520013,SACRED HEART HSPTL,900 W CLAIREMONT AVE,EAU CLAIRE,WI,54701,MN - Minneapolis,42,$22394.42,$8157.21,$7357.04
190 - CHRONIC OBSTRUCTIVE PULMONARY DISEASE W MCC,520017,ST JOSEPHS HSPTL,2661 CTY HWY I,CHIPPEWA FALLS,WI,54729,WI - Marshfield,22,$15842.95,$9453.40,$5866.22
190 - CHRONIC OBSTRUCTIVE PULMONARY DISEASE W MCC,520019,MINISTRY ST MARYS HOSPITAL,2251 NORTH SHORE DR,RHINELANDER,WI,54501,WI - Wausau,29,$20724.37,$7519.41,$6779.96
190 - CHRONIC OBSTRUCTIVE PULMONARY DISEASE W MCC,520021,UNITED HSPTL SYS,6308 EIGHTH AVE,KENOSHA,WI,53143,WI - Milwaukee,43,$18636.41,$7129.53,$6372.79
190 - CHRONIC OBSTRUCTIVE PULMONARY DISEASE W MCC,520027,"COLUMBIA ST MARY'S HOSPITAL OZAUKEE, INC",13111 N PORT WASHINGTON RD,MEQUON,WI,53097,WI - Milwaukee,35,$26444.34,$6823.20,$5656.80
190 - CHRONIC OBSTRUCTIVE PULMONARY DISEASE W MCC,520028,THE MONROE CLINIC,2005 5TH STREET,MONROE,WI,53566,WI - Madison,40,$24770.75,$7089.25,$6186.85
190 - CHRONIC OBSTRUCTIVE PULMONARY DISEASE W MCC,520030,ASPIRUS WAUSAU HOSPITAL,333 PINE RIDGE BLVD,WAUSAU,WI,54401,WI - Wausau,91,$18533.01,$6898.54,$5964.71
190 - CHRONIC OBSTRUCTIVE PULMONARY DISEASE W MCC,520033,RIVERVIEW HSPTL ASSOC,410 DEWEY ST PO BOX 8080,WISCONSIN RAPID,WI,54495,WI - Marshfield,15,$12918.60,$7361.66,$6764.33
190 - CHRONIC OBSTRUCTIVE PULMONARY DISEASE W MCC,520034,AURORA MED CTR MANITOWOC CTY,5000 MEMORIAL DR,TWO RIVERS,WI,54241,WI - Green Bay,17,$18420.00,$9286.64,$6536.11
190 - CHRONIC OBSTRUCTIVE PULMONARY DISEASE W MCC,520037,MINISTRY SAINT JOSEPH'S HOSPITAL,611 ST JOSEPH AVE,MARSHFIELD,WI,54449,WI - Marshfield,52,$18086.80,$9050.59,$7180.90
190 - CHRONIC OBSTRUCTIVE PULMONARY DISEASE W MCC,520038,AURORA MED CENTER-WASHINGTON COUNTY,1032 E SUMNER ST,HARTFORD,WI,53027,WI - Milwaukee,24,$21872.41,$6843.20,$5699.16
190 - CHRONIC OBSTRUCTIVE PULMONARY DISEASE W MCC,520041,DIVINE SAVIOR HLTHCARE,"2817 NEW PINERY RD, P O BOX 387",PORTAGE,WI,53901,WI - Madison,22,$17023.95,$8294.50,$7424.13
190 - CHRONIC OBSTRUCTIVE PULMONARY DISEASE W MCC,520044,ST NICHOLAS HOSPITAL,3100 SUPERIOR AVE,SHEBOYGAN,WI,53081,WI - Milwaukee,11,$16974.72,$6264.90,$5353.27
190 - CHRONIC OBSTRUCTIVE PULMONARY DISEASE W MCC,520045,THEDA CLARK MED CTR,130 2ND ST,NEENAH,WI,54956,WI - Neenah,14,$12464.85,$6461.28,$5819.00
190 - CHRONIC OBSTRUCTIVE PULMONARY DISEASE W MCC,520049,BELLIN MEMORIAL HSPTL,744 S WEBSTER AVE,GREEN BAY,WI,54305,WI - Green Bay,19,$15949.63,$6419.73,$5594.05
190 - CHRONIC OBSTRUCTIVE PULMONARY DISEASE W MCC,520051,COLUMBIA ST MARYS HSPTL  MILW (COL & MILW CAMPUS),2323 N LAKE DR,MILWAUKEE,WI,53211,WI - Milwaukee,26,$25085.23,$8534.07,$7754.07
190 - CHRONIC OBSTRUCTIVE PULMONARY DISEASE W MCC,520057,ST CLARE HSPTL HLTH SVCS,707 14TH ST,BARABOO,WI,53913,WI - Madison,17,$19479.82,$7847.17,$6928.11
190 - CHRONIC OBSTRUCTIVE PULMONARY DISEASE W MCC,520066,MERCY HLTH SYS CORP,1000 MINERAL POINT AVE,JANESVILLE,WI,53548,WI - Madison,67,$17932.88,$7321.91,$6405.44
190 - CHRONIC OBSTRUCTIVE PULMONARY DISEASE W MCC,520070,MAYO CLINIC HEALTH SYSTEM EAU CLAIRE HOSPITAL,1221 WHIPPLE ST,EAU CLAIRE,WI,54703,MN - Minneapolis,37,$20586.51,$6629.64,$5840.24
190 - CHRONIC OBSTRUCTIVE PULMONARY DISEASE W MCC,520071,FORT HEALTHCARE,611 SHERMAN AVE E,FORT ATKINSON,WI,53538,WI - Madison,25,$17789.52,$7077.76,$6265.28
190 - CHRONIC OBSTRUCTIVE PULMONARY DISEASE W MCC,520075,ST VINCENT HSPTL,835 S VAN BUREN ST,GREEN BAY,WI,54301,WI - Green Bay,13,$13529.30,$7128.76,$6437.07
190 - CHRONIC OBSTRUCTIVE PULMONARY DISEASE W MCC,520076,BEAVER DAM COM HSPTL,707 S UNIVERSITY AVE,BEAVER DAM,WI,53916,WI - Madison,24,$17009.20,$6968.12,$6077.29
190 - CHRONIC OBSTRUCTIVE PULMONARY DISEASE W MCC,520078,WHEATON FRANCISCAN HEALTHCARE- ST FRANCIS,3237 S 16TH ST,MILWAUKEE,WI,53215,WI - Milwaukee,38,$22847.71,$8322.50,$7456.21
190 - CHRONIC OBSTRUCTIVE PULMONARY DISEASE W MCC,520083,ST MARY'S HOSPITAL,700 SOUTH PARK ST,MADISON,WI,53715,WI - Madison,100,$23727.94,$7963.80,$7067.88
190 - CHRONIC OBSTRUCTIVE PULMONARY DISEASE W MCC,520088,ST AGNES HSPTL,430 E DIVISON ST,FOND DU LAC,WI,54935,WI - Milwaukee,18,$23815.00,$6940.00,$6124.22
190 - CHRONIC OBSTRUCTIVE PULMONARY DISEASE W MCC,520089,MERITER HSPTL,202 S PARK ST,MADISON,WI,53715,WI - Madison,52,$26949.73,$8486.53,$7707.76
190 - CHRONIC OBSTRUCTIVE PULMONARY DISEASE W MCC,520091,HOWARD YOUNG MED CTR,240 MAPLE ST PO BOX 470,WOODRUFF,WI,54568,WI - Marshfield,22,$22979.04,$8384.50,$7511.22
190 - CHRONIC OBSTRUCTIVE PULMONARY DISEASE W MCC,520095,SAUK PRAIRIE MEM HSPTL,80 FIRST ST,PRAIRIE DU SAC,WI,53578,WI - Madison,11,$14707.27,$7754.72,$7140.18
190 - CHRONIC OBSTRUCTIVE PULMONARY DISEASE W MCC,520096,WHEATON FRANCISCAN HEALTHCARE- ALL SAINTS,3801 SPRING ST,RACINE,WI,53405,WI - Milwaukee,73,$15347.57,$8073.20,$7115.06
190 - CHRONIC OBSTRUCTIVE PULMONARY DISEASE W MCC,520097,ST MARYS HSPTL MED CTR,1726 SHAWANO AVE,GREEN BAY,WI,54303,WI - Green Bay,11,$13528.18,$6419.63,$5702.18
190 - CHRONIC OBSTRUCTIVE PULMONARY DISEASE W MCC,520098,UNIVERSITY OF WI  HOSPITALS & CLINICS AUTHORITY,600 HIGHLAND AVENUE,MADISON,WI,53792,WI - Madison,76,$31663.26,$14197.01,$12070.89
190 - CHRONIC OBSTRUCTIVE PULMONARY DISEASE W MCC,520100,BELOIT MEM HSPTL,1969 W HART RD,BELOIT,WI,53511,WI - Madison,21,$35228.19,$6938.80,$6190.23
190 - CHRONIC OBSTRUCTIVE PULMONARY DISEASE W MCC,520102,AURORA LAKELAND MED CTR,W3985 CTY RD NN,ELKHORN,WI,53121,WI - Milwaukee,37,$23960.37,$8018.29,$7228.91
190 - CHRONIC OBSTRUCTIVE PULMONARY DISEASE W MCC,520103,COMMUNITY MEM HSPTL,W180 N8085 TOWN HALL RD,MENOMONEE FALLS,WI,53051,WI - Milwaukee,31,$19890.58,$7229.16,$6276.77
190 - CHRONIC OBSTRUCTIVE PULMONARY DISEASE W MCC,520107,HOLY FAMILY MEMORIAL INC,2300 WESTERN AVE PO BOX 1450,MANITOWOC,WI,54221,WI - Green Bay,16,$15744.56,$6497.62,$5652.62
190 - CHRONIC OBSTRUCTIVE PULMONARY DISEASE W MCC,520113,BAY AREA MED CTR,3100 SHORE DR,MARINETTE,WI,54143,WI - Green Bay,67,$20747.37,$7060.82,$6253.55
190 - CHRONIC OBSTRUCTIVE PULMONARY DISEASE W MCC,520136,"WHEATON FRANCISCAN, INC- ST JOSEPH",5000 W CHAMBERS ST,MILWAUKEE,WI,53210,WI - Milwaukee,31,$19399.09,$9087.77,$8450.80
190 - CHRONIC OBSTRUCTIVE PULMONARY DISEASE W MCC,520138,AURORA ST LUKES MEDICAL CENTER,2900 W OKLAHOMA AVE,MILWAUKEE,WI,53215,WI - Milwaukee,162,$27143.27,$8471.62,$7616.38
190 - CHRONIC OBSTRUCTIVE PULMONARY DISEASE W MCC,520139,AURORA WEST ALLIS MEDICAL CENTER,8901 W LINCOLN AVE,WEST ALLIS,WI,53227,WI - Milwaukee,64,$23858.45,$7068.06,$5956.00
190 - CHRONIC OBSTRUCTIVE PULMONARY DISEASE W MCC,520160,APPLETON MED CTR,1818 N MEADE ST,APPLETON,WI,54911,WI - Appleton,18,$12007.55,$6507.00,$5445.72
190 - CHRONIC OBSTRUCTIVE PULMONARY DISEASE W MCC,520170,WHEATON FRANCISCAN INC - ELMBROOK MEMORIAL,19333 W NORTH AVE,BROOKFIELD,WI,53045,WI - Milwaukee,11,$12868.90,$6408.00,$5693.45
190 - CHRONIC OBSTRUCTIVE PULMONARY DISEASE W MCC,520177,FROEDTERT MEM LUTHERAN HSPTL,9200 W WISCONSIN AVE,MILWAUKEE,WI,53226,WI - Milwaukee,39,$18066.89,$10219.92,$9327.02
190 - CHRONIC OBSTRUCTIVE PULMONARY DISEASE W MCC,520189,AURORA MED CTR KENOSHA,10400 75TH ST,KENOSHA,WI,53142,WI - Milwaukee,15,$25727.86,$7560.13,$6656.66
190 - CHRONIC OBSTRUCTIVE PULMONARY DISEASE W MCC,520193,AURORA BAYCARE MED CTR,2845 GREENBRIER RD PO BOX 8900,GREEN BAY,WI,54311,WI - Green Bay,24,$23237.79,$6859.58,$6067.08
190 - CHRONIC OBSTRUCTIVE PULMONARY DISEASE W MCC,520198,AURORA MED CTR OSHKOSH,855 N WESTHAVEN DRIVE,OSHKOSH,WI,54904,WI - Neenah,20,$18038.25,$6754.05,$5478.40
190 - CHRONIC OBSTRUCTIVE PULMONARY DISEASE W MCC,520202,ST CLARE'S HOSPITAL OF WESTON INC,3400 MINISTRY PARKWAY,WESTON,WI,54476,WI - Wausau,11,$12245.36,$6616.27,$5798.81
190 - CHRONIC OBSTRUCTIVE PULMONARY DISEASE W MCC,520204,"WHEATON FRANCISCAN HEALTHCARE- FRANKLIN, INC",10101 SOUTH 27TH STREET,FRANKLIN,WI,53132,WI - Milwaukee,22,$21082.81,$6554.27,$5095.63
190 - CHRONIC OBSTRUCTIVE PULMONARY DISEASE W MCC,520207,AURORA MEDICAL CENTER,975 PORT WASHINGTON ROAD,GRAFTON,WI,53024,WI - Milwaukee,11,$20581.18,$6172.00,$5348.72
191 - CHRONIC OBSTRUCTIVE PULMONARY DISEASE W CC,520002,MINISTRY ST MICHAELS HOSPITAL OF STEVENS POINT,900 ILLINOIS AVE,STEVENS POINT,WI,54481,WI - Marshfield,30,$11220.60,$5665.20,$4991.33
191 - CHRONIC OBSTRUCTIVE PULMONARY DISEASE W CC,520004,"MAYO CLINIC HLTH SYSTEM- FRANCISCAN MED CTR, INC",700 WEST AVE S,LA CROSSE,WI,54601,WI - La Crosse,20,$14415.85,$6503.40,$5660.80
191 - CHRONIC OBSTRUCTIVE PULMONARY DISEASE W CC,520008,WAUKESHA MEMORIAL HOSPITAL,725 AMERICAN AVE,WAUKESHA,WI,53188,WI - Milwaukee,59,$16014.74,$6185.35,$4648.79
191 - CHRONIC OBSTRUCTIVE PULMONARY DISEASE W CC,520009,ST ELIZABETH HSPTL,1506 S ONEIDA ST,APPLETON,WI,54915,WI - Appleton,14,$10482.57,$5800.14,$4915.28
191 - CHRONIC OBSTRUCTIVE PULMONARY DISEASE W CC,520011,LAKEVIEW MED CENTER,1700 WEST STOUT STREET,RICE LAKE,WI,54868,WI - Marshfield,17,$13543.70,$5930.05,$4468.47
191 - CHRONIC OBSTRUCTIVE PULMONARY DISEASE W CC,520013,SACRED HEART HSPTL,900 W CLAIREMONT AVE,EAU CLAIRE,WI,54701,MN - Minneapolis,35,$14969.71,$6432.68,$5627.77
191 - CHRONIC OBSTRUCTIVE PULMONARY DISEASE W CC,520017,ST JOSEPHS HSPTL,2661 CTY HWY I,CHIPPEWA FALLS,WI,54729,WI - Marshfield,14,$15373.28,$6183.57,$5381.85
191 - CHRONIC OBSTRUCTIVE PULMONARY DISEASE W CC,520019,MINISTRY ST MARYS HOSPITAL,2251 NORTH SHORE DR,RHINELANDER,WI,54501,WI - Wausau,15,$20139.93,$6321.20,$5499.60
191 - CHRONIC OBSTRUCTIVE PULMONARY DISEASE W CC,520021,UNITED HSPTL SYS,6308 EIGHTH AVE,KENOSHA,WI,53143,WI - Milwaukee,67,$15747.10,$5979.64,$5060.95
191 - CHRONIC OBSTRUCTIVE PULMONARY DISEASE W CC,520027,"COLUMBIA ST MARY'S HOSPITAL OZAUKEE, INC",13111 N PORT WASHINGTON RD,MEQUON,WI,53097,WI - Milwaukee,32,$18420.00,$5401.59,$4525.21
191 - CHRONIC OBSTRUCTIVE PULMONARY DISEASE W CC,520028,THE MONROE CLINIC,2005 5TH STREET,MONROE,WI,53566,WI - Madison,20,$19226.70,$6011.35,$5112.15
191 - CHRONIC OBSTRUCTIVE PULMONARY DISEASE W CC,520030,ASPIRUS WAUSAU HOSPITAL,333 PINE RIDGE BLVD,WAUSAU,WI,54401,WI - Wausau,43,$15675.60,$6251.93,$4797.06
191 - CHRONIC OBSTRUCTIVE PULMONARY DISEASE W CC,520033,RIVERVIEW HSPTL ASSOC,410 DEWEY ST PO BOX 8080,WISCONSIN RAPID,WI,54495,WI - Marshfield,12,$11371.83,$6393.50,$5827.50
191 - CHRONIC OBSTRUCTIVE PULMONARY DISEASE W CC,520035,AURORA SHEBOYGAN MEM MED CTR,2629 N 7TH ST,SHEBOYGAN,WI,53083,WI - Milwaukee,12,$10528.41,$5653.83,$4535.16
191 - CHRONIC OBSTRUCTIVE PULMONARY DISEASE W CC,520037,MINISTRY SAINT JOSEPH'S HOSPITAL,611 ST JOSEPH AVE,MARSHFIELD,WI,54449,WI - Marshfield,39,$13413.48,$6830.46,$6047.41
191 - CHRONIC OBSTRUCTIVE PULMONARY DISEASE W CC,520038,AURORA MED CENTER-WASHINGTON COUNTY,1032 E SUMNER ST,HARTFORD,WI,53027,WI - Milwaukee,21,$16701.38,$5574.95,$4060.47
191 - CHRONIC OBSTRUCTIVE PULMONARY DISEASE W CC,520041,DIVINE SAVIOR HLTHCARE,"2817 NEW PINERY RD, P O BOX 387",PORTAGE,WI,53901,WI - Madison,11,$17460.09,$6878.00,$6157.63
191 - CHRONIC OBSTRUCTIVE PULMONARY DISEASE W CC,520044,ST NICHOLAS HOSPITAL,3100 SUPERIOR AVE,SHEBOYGAN,WI,53081,WI - Milwaukee,11,$12701.45,$5080.18,$3700.45
191 - CHRONIC OBSTRUCTIVE PULMONARY DISEASE W CC,520045,THEDA CLARK MED CTR,130 2ND ST,NEENAH,WI,54956,WI - Neenah,16,$11374.31,$5371.18,$4388.68
191 - CHRONIC OBSTRUCTIVE PULMONARY DISEASE W CC,520048,MERCY MED CTR OF OSHKOSH,500 S OAKWOOD RD,OSHKOSH,WI,54904,WI - Neenah,17,$9005.00,$5662.94,$4801.05
191 - CHRONIC OBSTRUCTIVE PULMONARY DISEASE W CC,520051,COLUMBIA ST MARYS HSPTL  MILW (COL & MILW CAMPUS),2323 N LAKE DR,MILWAUKEE,WI,53211,WI - Milwaukee,41,$18925.56,$7010.65,$6187.04
191 - CHRONIC OBSTRUCTIVE PULMONARY DISEASE W CC,520057,ST CLARE HSPTL HLTH SVCS,707 14TH ST,BARABOO,WI,53913,WI - Madison,23,$19205.04,$6475.17,$5160.39
191 - CHRONIC OBSTRUCTIVE PULMONARY DISEASE W CC,520059,AURORA MEMORIAL HSPTL BURLINGTON,252 MCHENRY ST,BURLINGTON,WI,53105,WI - Milwaukee,20,$15939.35,$5410.55,$4677.95
191 - CHRONIC OBSTRUCTIVE PULMONARY DISEASE W CC,520063,ST JOSEPHS COM HSPTL WEST BEND,3200 PLEASANT VALLEY ROAD,WEST BEND,WI,53095,WI - Milwaukee,34,$18268.44,$5973.82,$5244.17
191 - CHRONIC OBSTRUCTIVE PULMONARY DISEASE W CC,520066,MERCY HLTH SYS CORP,1000 MINERAL POINT AVE,JANESVILLE,WI,53548,WI - Madison,39,$18009.28,$6117.23,$5281.23
191 - CHRONIC OBSTRUCTIVE PULMONARY DISEASE W CC,520070,MAYO CLINIC HEALTH SYSTEM EAU CLAIRE HOSPITAL,1221 WHIPPLE ST,EAU CLAIRE,WI,54703,MN - Minneapolis,34,$13305.35,$5477.02,$4428.26
191 - CHRONIC OBSTRUCTIVE PULMONARY DISEASE W CC,520071,FORT HEALTHCARE,611 SHERMAN AVE E,FORT ATKINSON,WI,53538,WI - Madison,23,$14619.52,$5685.04,$4952.34
191 - CHRONIC OBSTRUCTIVE PULMONARY DISEASE W CC,520075,ST VINCENT HSPTL,835 S VAN BUREN ST,GREEN BAY,WI,54301,WI - Green Bay,13,$13881.00,$5723.61,$5034.38
191 - CHRONIC OBSTRUCTIVE PULMONARY DISEASE W CC,520076,BEAVER DAM COM HSPTL,707 S UNIVERSITY AVE,BEAVER DAM,WI,53916,WI - Madison,25,$19319.68,$5805.56,$4748.76
191 - CHRONIC OBSTRUCTIVE PULMONARY DISEASE W CC,520078,WHEATON FRANCISCAN HEALTHCARE- ST FRANCIS,3237 S 16TH ST,MILWAUKEE,WI,53215,WI - Milwaukee,34,$18559.50,$6704.97,$5638.11
191 - CHRONIC OBSTRUCTIVE PULMONARY DISEASE W CC,520083,ST MARY'S HOSPITAL,700 SOUTH PARK ST,MADISON,WI,53715,WI - Madison,108,$19699.86,$6768.75,$5816.28
191 - CHRONIC OBSTRUCTIVE PULMONARY DISEASE W CC,520087,GUNDERSEN LUTH MED CTR,1910 SOUTH AVE,LA CROSSE,WI,54601,WI - La Crosse,20,$13965.65,$6530.15,$5301.05
191 - CHRONIC OBSTRUCTIVE PULMONARY DISEASE W CC,520088,ST AGNES HSPTL,430 E DIVISON ST,FOND DU LAC,WI,54935,WI - Milwaukee,15,$16779.13,$5619.00,$4719.80
191 - CHRONIC OBSTRUCTIVE PULMONARY DISEASE W CC,520089,MERITER HSPTL,202 S PARK ST,MADISON,WI,53715,WI - Madison,45,$23458.86,$6946.95,$6098.06
191 - CHRONIC OBSTRUCTIVE PULMONARY DISEASE W CC,520091,HOWARD YOUNG MED CTR,240 MAPLE ST PO BOX 470,WOODRUFF,WI,54568,WI - Marshfield,12,$16084.25,$6874.50,$6030.83
191 - CHRONIC OBSTRUCTIVE PULMONARY DISEASE W CC,520096,WHEATON FRANCISCAN HEALTHCARE- ALL SAINTS,3801 SPRING ST,RACINE,WI,53405,WI - Milwaukee,51,$11739.29,$6307.43,$5677.31
191 - CHRONIC OBSTRUCTIVE PULMONARY DISEASE W CC,520098,UNIVERSITY OF WI  HOSPITALS & CLINICS AUTHORITY,600 HIGHLAND AVENUE,MADISON,WI,53792,WI - Madison,20,$21759.45,$10054.30,$9321.65
191 - CHRONIC OBSTRUCTIVE PULMONARY DISEASE W CC,520100,BELOIT MEM HSPTL,1969 W HART RD,BELOIT,WI,53511,WI - Madison,58,$21149.10,$5740.68,$4866.82
191 - CHRONIC OBSTRUCTIVE PULMONARY DISEASE W CC,520102,AURORA LAKELAND MED CTR,W3985 CTY RD NN,ELKHORN,WI,53121,WI - Milwaukee,22,$17074.31,$5886.90,$5018.00
191 - CHRONIC OBSTRUCTIVE PULMONARY DISEASE W CC,520103,COMMUNITY MEM HSPTL,W180 N8085 TOWN HALL RD,MENOMONEE FALLS,WI,53051,WI - Milwaukee,31,$16927.67,$5471.22,$4720.74
191 - CHRONIC OBSTRUCTIVE PULMONARY DISEASE W CC,520107,HOLY FAMILY MEMORIAL INC,2300 WESTERN AVE PO BOX 1450,MANITOWOC,WI,54221,WI - Green Bay,12,$15588.41,$7620.83,$3512.00
191 - CHRONIC OBSTRUCTIVE PULMONARY DISEASE W CC,520109,"MILE BLUFF MEDICAL CENTER, INC",1050 DIVISION ST,MAUSTON,WI,53948,WI - Madison,16,$21175.62,$6551.00,$5570.50
191 - CHRONIC OBSTRUCTIVE PULMONARY DISEASE W CC,520113,BAY AREA MED CTR,3100 SHORE DR,MARINETTE,WI,54143,WI - Green Bay,60,$14809.23,$5715.81,$4967.01
191 - CHRONIC OBSTRUCTIVE PULMONARY DISEASE W CC,520136,"WHEATON FRANCISCAN, INC- ST JOSEPH",5000 W CHAMBERS ST,MILWAUKEE,WI,53210,WI - Milwaukee,35,$16134.31,$7816.31,$6801.60
191 - CHRONIC OBSTRUCTIVE PULMONARY DISEASE W CC,520138,AURORA ST LUKES MEDICAL CENTER,2900 W OKLAHOMA AVE,MILWAUKEE,WI,53215,WI - Milwaukee,201,$23160.92,$7093.91,$5960.61
191 - CHRONIC OBSTRUCTIVE PULMONARY DISEASE W CC,520139,AURORA WEST ALLIS MEDICAL CENTER,8901 W LINCOLN AVE,WEST ALLIS,WI,53227,WI - Milwaukee,65,$18366.06,$6354.44,$4856.32
191 - CHRONIC OBSTRUCTIVE PULMONARY DISEASE W CC,520160,APPLETON MED CTR,1818 N MEADE ST,APPLETON,WI,54911,WI - Appleton,17,$8044.70,$5338.29,$4674.29
191 - CHRONIC OBSTRUCTIVE PULMONARY DISEASE W CC,520170,WHEATON FRANCISCAN INC - ELMBROOK MEMORIAL,19333 W NORTH AVE,BROOKFIELD,WI,53045,WI - Milwaukee,17,$17647.11,$5449.47,$4235.41
191 - CHRONIC OBSTRUCTIVE PULMONARY DISEASE W CC,520177,FROEDTERT MEM LUTHERAN HSPTL,9200 W WISCONSIN AVE,MILWAUKEE,WI,53226,WI - Milwaukee,71,$14150.95,$8249.87,$7410.26
191 - CHRONIC OBSTRUCTIVE PULMONARY DISEASE W CC,520189,AURORA MED CTR KENOSHA,10400 75TH ST,KENOSHA,WI,53142,WI - Milwaukee,18,$18461.22,$6168.00,$5352.22
191 - CHRONIC OBSTRUCTIVE PULMONARY DISEASE W CC,520193,AURORA BAYCARE MED CTR,2845 GREENBRIER RD PO BOX 8900,GREEN BAY,WI,54311,WI - Green Bay,17,$16772.41,$5776.88,$4850.29
191 - CHRONIC OBSTRUCTIVE PULMONARY DISEASE W CC,520198,AURORA MED CTR OSHKOSH,855 N WESTHAVEN DRIVE,OSHKOSH,WI,54904,WI - Neenah,19,$15256.21,$6861.94,$4047.15
191 - CHRONIC OBSTRUCTIVE PULMONARY DISEASE W CC,520202,ST CLARE'S HOSPITAL OF WESTON INC,3400 MINISTRY PARKWAY,WESTON,WI,54476,WI - Wausau,12,$11452.00,$5588.66,$4648.00
192 - CHRONIC OBSTRUCTIVE PULMONARY DISEASE W/O CC/MCC,520002,MINISTRY ST MICHAELS HOSPITAL OF STEVENS POINT,900 ILLINOIS AVE,STEVENS POINT,WI,54481,WI - Marshfield,16,$11263.81,$4186.81,$3133.56
192 - CHRONIC OBSTRUCTIVE PULMONARY DISEASE W/O CC/MCC,520004,"MAYO CLINIC HLTH SYSTEM- FRANCISCAN MED CTR, INC",700 WEST AVE S,LA CROSSE,WI,54601,WI - La Crosse,25,$11875.52,$4794.36,$3985.72
192 - CHRONIC OBSTRUCTIVE PULMONARY DISEASE W/O CC/MCC,520008,WAUKESHA MEMORIAL HOSPITAL,725 AMERICAN AVE,WAUKESHA,WI,53188,WI - Milwaukee,20,$10863.35,$4238.50,$3452.50
192 - CHRONIC OBSTRUCTIVE PULMONARY DISEASE W/O CC/MCC,520013,SACRED HEART HSPTL,900 W CLAIREMONT AVE,EAU CLAIRE,WI,54701,MN - Minneapolis,18,$13343.77,$5988.16,$3553.11
192 - CHRONIC OBSTRUCTIVE PULMONARY DISEASE W/O CC/MCC,520017,ST JOSEPHS HSPTL,2661 CTY HWY I,CHIPPEWA FALLS,WI,54729,WI - Marshfield,11,$13557.09,$5395.00,$3434.18
192 - CHRONIC OBSTRUCTIVE PULMONARY DISEASE W/O CC/MCC,520021,UNITED HSPTL SYS,6308 EIGHTH AVE,KENOSHA,WI,53143,WI - Milwaukee,69,$12860.72,$4388.17,$3450.39
192 - CHRONIC OBSTRUCTIVE PULMONARY DISEASE W/O CC/MCC,520027,"COLUMBIA ST MARY'S HOSPITAL OZAUKEE, INC",13111 N PORT WASHINGTON RD,MEQUON,WI,53097,WI - Milwaukee,15,$19130.73,$4202.66,$2906.53
192 - CHRONIC OBSTRUCTIVE PULMONARY DISEASE W/O CC/MCC,520028,THE MONROE CLINIC,2005 5TH STREET,MONROE,WI,53566,WI - Madison,14,$15954.28,$4594.64,$3096.42
192 - CHRONIC OBSTRUCTIVE PULMONARY DISEASE W/O CC/MCC,520030,ASPIRUS WAUSAU HOSPITAL,333 PINE RIDGE BLVD,WAUSAU,WI,54401,WI - Wausau,26,$12192.73,$4498.15,$3233.65
192 - CHRONIC OBSTRUCTIVE PULMONARY DISEASE W/O CC/MCC,520037,MINISTRY SAINT JOSEPH'S HOSPITAL,611 ST JOSEPH AVE,MARSHFIELD,WI,54449,WI - Marshfield,40,$10950.45,$5106.50,$4181.20
192 - CHRONIC OBSTRUCTIVE PULMONARY DISEASE W/O CC/MCC,520038,AURORA MED CENTER-WASHINGTON COUNTY,1032 E SUMNER ST,HARTFORD,WI,53027,WI - Milwaukee,13,$14536.00,$3970.61,$3191.84
192 - CHRONIC OBSTRUCTIVE PULMONARY DISEASE W/O CC/MCC,520041,DIVINE SAVIOR HLTHCARE,"2817 NEW PINERY RD, P O BOX 387",PORTAGE,WI,53901,WI - Madison,18,$12787.94,$5089.94,$4213.05
192 - CHRONIC OBSTRUCTIVE PULMONARY DISEASE W/O CC/MCC,520045,THEDA CLARK MED CTR,130 2ND ST,NEENAH,WI,54956,WI - Neenah,11,$7673.09,$4136.54,$3116.18
192 - CHRONIC OBSTRUCTIVE PULMONARY DISEASE W/O CC/MCC,520051,COLUMBIA ST MARYS HSPTL  MILW (COL & MILW CAMPUS),2323 N LAKE DR,MILWAUKEE,WI,53211,WI - Milwaukee,27,$14427.74,$5250.07,$4332.44
192 - CHRONIC OBSTRUCTIVE PULMONARY DISEASE W/O CC/MCC,520057,ST CLARE HSPTL HLTH SVCS,707 14TH ST,BARABOO,WI,53913,WI - Madison,19,$16947.57,$4874.15,$4162.57
192 - CHRONIC OBSTRUCTIVE PULMONARY DISEASE W/O CC/MCC,520063,ST JOSEPHS COM HSPTL WEST BEND,3200 PLEASANT VALLEY ROAD,WEST BEND,WI,53095,WI - Milwaukee,24,$12660.08,$4082.00,$3241.00
192 - CHRONIC OBSTRUCTIVE PULMONARY DISEASE W/O CC/MCC,520066,MERCY HLTH SYS CORP,1000 MINERAL POINT AVE,JANESVILLE,WI,53548,WI - Madison,36,$15693.36,$4515.77,$3546.33
192 - CHRONIC OBSTRUCTIVE PULMONARY DISEASE W/O CC/MCC,520070,MAYO CLINIC HEALTH SYSTEM EAU CLAIRE HOSPITAL,1221 WHIPPLE ST,EAU CLAIRE,WI,54703,MN - Minneapolis,22,$12508.40,$4073.45,$3048.72
192 - CHRONIC OBSTRUCTIVE PULMONARY DISEASE W/O CC/MCC,520071,FORT HEALTHCARE,611 SHERMAN AVE E,FORT ATKINSON,WI,53538,WI - Madison,12,$10641.25,$4392.50,$3376.41
192 - CHRONIC OBSTRUCTIVE PULMONARY DISEASE W/O CC/MCC,520076,BEAVER DAM COM HSPTL,707 S UNIVERSITY AVE,BEAVER DAM,WI,53916,WI - Madison,18,$16966.72,$4467.00,$3420.72
192 - CHRONIC OBSTRUCTIVE PULMONARY DISEASE W/O CC/MCC,520083,ST MARY'S HOSPITAL,700 SOUTH PARK ST,MADISON,WI,53715,WI - Madison,59,$15744.59,$4953.62,$4059.42
192 - CHRONIC OBSTRUCTIVE PULMONARY DISEASE W/O CC/MCC,520088,ST AGNES HSPTL,430 E DIVISON ST,FOND DU LAC,WI,54935,WI - Milwaukee,11,$19231.45,$4352.81,$3441.18
192 - CHRONIC OBSTRUCTIVE PULMONARY DISEASE W/O CC/MCC,520089,MERITER HSPTL,202 S PARK ST,MADISON,WI,53715,WI - Madison,35,$17857.91,$5177.74,$4274.88
192 - CHRONIC OBSTRUCTIVE PULMONARY DISEASE W/O CC/MCC,520095,SAUK PRAIRIE MEM HSPTL,80 FIRST ST,PRAIRIE DU SAC,WI,53578,WI - Madison,17,$11730.23,$4752.64,$3715.41
192 - CHRONIC OBSTRUCTIVE PULMONARY DISEASE W/O CC/MCC,520096,WHEATON FRANCISCAN HEALTHCARE- ALL SAINTS,3801 SPRING ST,RACINE,WI,53405,WI - Milwaukee,25,$8280.24,$4846.08,$3856.12
192 - CHRONIC OBSTRUCTIVE PULMONARY DISEASE W/O CC/MCC,520098,UNIVERSITY OF WI  HOSPITALS & CLINICS AUTHORITY,600 HIGHLAND AVENUE,MADISON,WI,53792,WI - Madison,20,$14267.65,$7645.40,$6747.80
192 - CHRONIC OBSTRUCTIVE PULMONARY DISEASE W/O CC/MCC,520100,BELOIT MEM HSPTL,1969 W HART RD,BELOIT,WI,53511,WI - Madison,41,$19242.51,$4488.04,$3347.04
192 - CHRONIC OBSTRUCTIVE PULMONARY DISEASE W/O CC/MCC,520102,AURORA LAKELAND MED CTR,W3985 CTY RD NN,ELKHORN,WI,53121,WI - Milwaukee,33,$13677.06,$4871.54,$4056.03
192 - CHRONIC OBSTRUCTIVE PULMONARY DISEASE W/O CC/MCC,520103,COMMUNITY MEM HSPTL,W180 N8085 TOWN HALL RD,MENOMONEE FALLS,WI,53051,WI - Milwaukee,18,$10660.83,$4085.88,$3083.22
192 - CHRONIC OBSTRUCTIVE PULMONARY DISEASE W/O CC/MCC,520107,HOLY FAMILY MEMORIAL INC,2300 WESTERN AVE PO BOX 1450,MANITOWOC,WI,54221,WI - Green Bay,12,$12016.16,$4090.41,$3060.75
192 - CHRONIC OBSTRUCTIVE PULMONARY DISEASE W/O CC/MCC,520109,"MILE BLUFF MEDICAL CENTER, INC",1050 DIVISION ST,MAUSTON,WI,53948,WI - Madison,13,$14423.61,$4858.00,$4081.69
192 - CHRONIC OBSTRUCTIVE PULMONARY DISEASE W/O CC/MCC,520113,BAY AREA MED CTR,3100 SHORE DR,MARINETTE,WI,54143,WI - Green Bay,36,$12635.38,$4283.38,$3441.50
192 - CHRONIC OBSTRUCTIVE PULMONARY DISEASE W/O CC/MCC,520136,"WHEATON FRANCISCAN, INC- ST JOSEPH",5000 W CHAMBERS ST,MILWAUKEE,WI,53210,WI - Milwaukee,20,$12498.20,$5822.00,$4809.60
192 - CHRONIC OBSTRUCTIVE PULMONARY DISEASE W/O CC/MCC,520138,AURORA ST LUKES MEDICAL CENTER,2900 W OKLAHOMA AVE,MILWAUKEE,WI,53215,WI - Milwaukee,59,$17030.30,$5204.89,$4262.93
192 - CHRONIC OBSTRUCTIVE PULMONARY DISEASE W/O CC/MCC,520139,AURORA WEST ALLIS MEDICAL CENTER,8901 W LINCOLN AVE,WEST ALLIS,WI,53227,WI - Milwaukee,40,$18656.12,$4498.87,$3278.27
192 - CHRONIC OBSTRUCTIVE PULMONARY DISEASE W/O CC/MCC,520170,WHEATON FRANCISCAN INC - ELMBROOK MEMORIAL,19333 W NORTH AVE,BROOKFIELD,WI,53045,WI - Milwaukee,11,$10816.09,$4471.36,$2900.45
192 - CHRONIC OBSTRUCTIVE PULMONARY DISEASE W/O CC/MCC,520177,FROEDTERT MEM LUTHERAN HSPTL,9200 W WISCONSIN AVE,MILWAUKEE,WI,53226,WI - Milwaukee,37,$12356.00,$6528.08,$5453.00
192 - CHRONIC OBSTRUCTIVE PULMONARY DISEASE W/O CC/MCC,520189,AURORA MED CTR KENOSHA,10400 75TH ST,KENOSHA,WI,53142,WI - Milwaukee,23,$11741.69,$4575.43,$3502.39
193 - SIMPLE PNEUMONIA & PLEURISY W MCC,520002,MINISTRY ST MICHAELS HOSPITAL OF STEVENS POINT,900 ILLINOIS AVE,STEVENS POINT,WI,54481,WI - Marshfield,14,$14678.71,$8527.85,$7649.85
193 - SIMPLE PNEUMONIA & PLEURISY W MCC,520004,"MAYO CLINIC HLTH SYSTEM- FRANCISCAN MED CTR, INC",700 WEST AVE S,LA CROSSE,WI,54601,WI - La Crosse,18,$23255.66,$9781.88,$8905.00
193 - SIMPLE PNEUMONIA & PLEURISY W MCC,520008,WAUKESHA MEMORIAL HOSPITAL,725 AMERICAN AVE,WAUKESHA,WI,53188,WI - Milwaukee,87,$28468.19,$9467.75,$7823.13
193 - SIMPLE PNEUMONIA & PLEURISY W MCC,520009,ST ELIZABETH HSPTL,1506 S ONEIDA ST,APPLETON,WI,54915,WI - Appleton,12,$14183.58,$8468.41,$7624.75
193 - SIMPLE PNEUMONIA & PLEURISY W MCC,520013,SACRED HEART HSPTL,900 W CLAIREMONT AVE,EAU CLAIRE,WI,54701,MN - Minneapolis,63,$32006.23,$10518.12,$9646.77
193 - SIMPLE PNEUMONIA & PLEURISY W MCC,520017,ST JOSEPHS HSPTL,2661 CTY HWY I,CHIPPEWA FALLS,WI,54729,WI - Marshfield,18,$26873.27,$10207.22,$8151.83
193 - SIMPLE PNEUMONIA & PLEURISY W MCC,520019,MINISTRY ST MARYS HOSPITAL,2251 NORTH SHORE DR,RHINELANDER,WI,54501,WI - Wausau,11,$17658.00,$9104.09,$8183.72
193 - SIMPLE PNEUMONIA & PLEURISY W MCC,520021,UNITED HSPTL SYS,6308 EIGHTH AVE,KENOSHA,WI,53143,WI - Milwaukee,25,$31337.16,$8434.88,$7840.04
193 - SIMPLE PNEUMONIA & PLEURISY W MCC,520027,"COLUMBIA ST MARY'S HOSPITAL OZAUKEE, INC",13111 N PORT WASHINGTON RD,MEQUON,WI,53097,WI - Milwaukee,16,$30652.00,$8345.62,$7712.87
193 - SIMPLE PNEUMONIA & PLEURISY W MCC,520028,THE MONROE CLINIC,2005 5TH STREET,MONROE,WI,53566,WI - Madison,17,$27804.47,$8729.47,$8135.82
193 - SIMPLE PNEUMONIA & PLEURISY W MCC,520030,ASPIRUS WAUSAU HOSPITAL,333 PINE RIDGE BLVD,WAUSAU,WI,54401,WI - Wausau,41,$27601.12,$8877.90,$8248.36
193 - SIMPLE PNEUMONIA & PLEURISY W MCC,520033,RIVERVIEW HSPTL ASSOC,410 DEWEY ST PO BOX 8080,WISCONSIN RAPID,WI,54495,WI - Marshfield,17,$14758.05,$9366.82,$8442.11
193 - SIMPLE PNEUMONIA & PLEURISY W MCC,520034,AURORA MED CTR MANITOWOC CTY,5000 MEMORIAL DR,TWO RIVERS,WI,54241,WI - Green Bay,20,$23160.85,$10097.90,$9197.10
193 - SIMPLE PNEUMONIA & PLEURISY W MCC,520035,AURORA SHEBOYGAN MEM MED CTR,2629 N 7TH ST,SHEBOYGAN,WI,53083,WI - Milwaukee,16,$18279.68,$7866.56,$6886.06
193 - SIMPLE PNEUMONIA & PLEURISY W MCC,520037,MINISTRY SAINT JOSEPH'S HOSPITAL,611 ST JOSEPH AVE,MARSHFIELD,WI,54449,WI - Marshfield,56,$23454.00,$10098.82,$9236.98
193 - SIMPLE PNEUMONIA & PLEURISY W MCC,520038,AURORA MED CENTER-WASHINGTON COUNTY,1032 E SUMNER ST,HARTFORD,WI,53027,WI - Milwaukee,16,$25744.12,$8032.00,$7043.43
193 - SIMPLE PNEUMONIA & PLEURISY W MCC,520041,DIVINE SAVIOR HLTHCARE,"2817 NEW PINERY RD, P O BOX 387",PORTAGE,WI,53901,WI - Madison,16,$30200.50,$10245.25,$9511.37
193 - SIMPLE PNEUMONIA & PLEURISY W MCC,520044,ST NICHOLAS HOSPITAL,3100 SUPERIOR AVE,SHEBOYGAN,WI,53081,WI - Milwaukee,18,$23606.44,$8495.16,$6468.33
193 - SIMPLE PNEUMONIA & PLEURISY W MCC,520045,THEDA CLARK MED CTR,130 2ND ST,NEENAH,WI,54956,WI - Neenah,13,$16374.53,$7974.46,$7195.69
193 - SIMPLE PNEUMONIA & PLEURISY W MCC,520048,MERCY MED CTR OF OSHKOSH,500 S OAKWOOD RD,OSHKOSH,WI,54904,WI - Neenah,22,$11606.90,$7692.86,$6821.04
193 - SIMPLE PNEUMONIA & PLEURISY W MCC,520049,BELLIN MEMORIAL HSPTL,744 S WEBSTER AVE,GREEN BAY,WI,54305,WI - Green Bay,27,$15872.85,$7689.18,$6580.11
193 - SIMPLE PNEUMONIA & PLEURISY W MCC,520051,COLUMBIA ST MARYS HSPTL  MILW (COL & MILW CAMPUS),2323 N LAKE DR,MILWAUKEE,WI,53211,WI - Milwaukee,20,$27523.90,$11049.55,$10375.15
193 - SIMPLE PNEUMONIA & PLEURISY W MCC,520057,ST CLARE HSPTL HLTH SVCS,707 14TH ST,BARABOO,WI,53913,WI - Madison,16,$31563.87,$9950.18,$9321.43
193 - SIMPLE PNEUMONIA & PLEURISY W MCC,520059,AURORA MEMORIAL HSPTL BURLINGTON,252 MCHENRY ST,BURLINGTON,WI,53105,WI - Milwaukee,18,$31381.61,$8413.27,$7482.38
193 - SIMPLE PNEUMONIA & PLEURISY W MCC,520062,OCONOMOWOC MEM HSPTL,791 E SUMMIT AVE,OCONOMOWOC,WI,53066,WI - Milwaukee,29,$21160.41,$9882.27,$7003.24
193 - SIMPLE PNEUMONIA & PLEURISY W MCC,520066,MERCY HLTH SYS CORP,1000 MINERAL POINT AVE,JANESVILLE,WI,53548,WI - Madison,73,$25153.52,$9130.41,$8298.73
193 - SIMPLE PNEUMONIA & PLEURISY W MCC,520070,MAYO CLINIC HEALTH SYSTEM EAU CLAIRE HOSPITAL,1221 WHIPPLE ST,EAU CLAIRE,WI,54703,MN - Minneapolis,51,$26827.60,$8641.68,$7424.86
193 - SIMPLE PNEUMONIA & PLEURISY W MCC,520071,FORT HEALTHCARE,611 SHERMAN AVE E,FORT ATKINSON,WI,53538,WI - Madison,26,$20236.03,$8551.38,$7396.34
193 - SIMPLE PNEUMONIA & PLEURISY W MCC,520075,ST VINCENT HSPTL,835 S VAN BUREN ST,GREEN BAY,WI,54301,WI - Green Bay,28,$22468.85,$8433.07,$6722.71
193 - SIMPLE PNEUMONIA & PLEURISY W MCC,520078,WHEATON FRANCISCAN HEALTHCARE- ST FRANCIS,3237 S 16TH ST,MILWAUKEE,WI,53215,WI - Milwaukee,38,$27541.89,$10000.78,$9170.89
193 - SIMPLE PNEUMONIA & PLEURISY W MCC,520083,ST MARY'S HOSPITAL,700 SOUTH PARK ST,MADISON,WI,53715,WI - Madison,90,$35644.01,$10617.62,$9680.82
193 - SIMPLE PNEUMONIA & PLEURISY W MCC,520087,GUNDERSEN LUTH MED CTR,1910 SOUTH AVE,LA CROSSE,WI,54601,WI - La Crosse,31,$21092.70,$9213.41,$8526.83
193 - SIMPLE PNEUMONIA & PLEURISY W MCC,520088,ST AGNES HSPTL,430 E DIVISON ST,FOND DU LAC,WI,54935,WI - Milwaukee,31,$26059.12,$8890.22,$7281.61
193 - SIMPLE PNEUMONIA & PLEURISY W MCC,520089,MERITER HSPTL,202 S PARK ST,MADISON,WI,53715,WI - Madison,59,$41938.81,$11148.93,$9928.47
193 - SIMPLE PNEUMONIA & PLEURISY W MCC,520091,HOWARD YOUNG MED CTR,240 MAPLE ST PO BOX 470,WOODRUFF,WI,54568,WI - Marshfield,23,$24692.60,$9885.39,$9051.47
193 - SIMPLE PNEUMONIA & PLEURISY W MCC,520096,WHEATON FRANCISCAN HEALTHCARE- ALL SAINTS,3801 SPRING ST,RACINE,WI,53405,WI - Milwaukee,77,$18165.58,$9802.11,$8835.07
193 - SIMPLE PNEUMONIA & PLEURISY W MCC,520098,UNIVERSITY OF WI  HOSPITALS & CLINICS AUTHORITY,600 HIGHLAND AVENUE,MADISON,WI,53792,WI - Madison,43,$28251.41,$15824.13,$13676.97
193 - SIMPLE PNEUMONIA & PLEURISY W MCC,520100,BELOIT MEM HSPTL,1969 W HART RD,BELOIT,WI,53511,WI - Madison,25,$37829.92,$8918.12,$8153.48
193 - SIMPLE PNEUMONIA & PLEURISY W MCC,520102,AURORA LAKELAND MED CTR,W3985 CTY RD NN,ELKHORN,WI,53121,WI - Milwaukee,23,$31205.04,$9156.43,$8271.91
193 - SIMPLE PNEUMONIA & PLEURISY W MCC,520103,COMMUNITY MEM HSPTL,W180 N8085 TOWN HALL RD,MENOMONEE FALLS,WI,53051,WI - Milwaukee,63,$18763.85,$8135.11,$7139.52
193 - SIMPLE PNEUMONIA & PLEURISY W MCC,520107,HOLY FAMILY MEMORIAL INC,2300 WESTERN AVE PO BOX 1450,MANITOWOC,WI,54221,WI - Green Bay,13,$21291.53,$8140.00,$7189.53
193 - SIMPLE PNEUMONIA & PLEURISY W MCC,520109,"MILE BLUFF MEDICAL CENTER, INC",1050 DIVISION ST,MAUSTON,WI,53948,WI - Madison,13,$23862.00,$9362.07,$8755.00
193 - SIMPLE PNEUMONIA & PLEURISY W MCC,520113,BAY AREA MED CTR,3100 SHORE DR,MARINETTE,WI,54143,WI - Green Bay,21,$25943.66,$8464.66,$7662.19
193 - SIMPLE PNEUMONIA & PLEURISY W MCC,520116,UW HLTH PARTNERS - WATERTOWN REGIONAL MEDICAL CTR,125 HOSPITAL DR,WATERTOWN,WI,53098,WI - Madison,17,$21089.11,$9093.94,$8631.58
193 - SIMPLE PNEUMONIA & PLEURISY W MCC,520136,"WHEATON FRANCISCAN, INC- ST JOSEPH",5000 W CHAMBERS ST,MILWAUKEE,WI,53210,WI - Milwaukee,52,$25623.07,$11944.17,$11112.67
193 - SIMPLE PNEUMONIA & PLEURISY W MCC,520138,AURORA ST LUKES MEDICAL CENTER,2900 W OKLAHOMA AVE,MILWAUKEE,WI,53215,WI - Milwaukee,149,$38155.89,$10749.88,$9577.45
193 - SIMPLE PNEUMONIA & PLEURISY W MCC,520139,AURORA WEST ALLIS MEDICAL CENTER,8901 W LINCOLN AVE,WEST ALLIS,WI,53227,WI - Milwaukee,43,$32825.04,$8817.16,$7865.67
193 - SIMPLE PNEUMONIA & PLEURISY W MCC,520160,APPLETON MED CTR,1818 N MEADE ST,APPLETON,WI,54911,WI - Appleton,38,$12319.21,$7643.65,$6520.57
193 - SIMPLE PNEUMONIA & PLEURISY W MCC,520170,WHEATON FRANCISCAN INC - ELMBROOK MEMORIAL,19333 W NORTH AVE,BROOKFIELD,WI,53045,WI - Milwaukee,18,$27758.94,$8374.55,$7379.00
193 - SIMPLE PNEUMONIA & PLEURISY W MCC,520177,FROEDTERT MEM LUTHERAN HSPTL,9200 W WISCONSIN AVE,MILWAUKEE,WI,53226,WI - Milwaukee,52,$25405.90,$13160.03,$12253.13
193 - SIMPLE PNEUMONIA & PLEURISY W MCC,520189,AURORA MED CTR KENOSHA,10400 75TH ST,KENOSHA,WI,53142,WI - Milwaukee,25,$33331.12,$10080.96,$7952.52
193 - SIMPLE PNEUMONIA & PLEURISY W MCC,520193,AURORA BAYCARE MED CTR,2845 GREENBRIER RD PO BOX 8900,GREEN BAY,WI,54311,WI - Green Bay,25,$30159.76,$10329.56,$7457.36
193 - SIMPLE PNEUMONIA & PLEURISY W MCC,520198,AURORA MED CTR OSHKOSH,855 N WESTHAVEN DRIVE,OSHKOSH,WI,54904,WI - Neenah,20,$25837.80,$9989.70,$6606.15
193 - SIMPLE PNEUMONIA & PLEURISY W MCC,520202,ST CLARE'S HOSPITAL OF WESTON INC,3400 MINISTRY PARKWAY,WESTON,WI,54476,WI - Wausau,17,$15209.00,$8005.64,$7153.17
193 - SIMPLE PNEUMONIA & PLEURISY W MCC,520204,"WHEATON FRANCISCAN HEALTHCARE- FRANKLIN, INC",10101 SOUTH 27TH STREET,FRANKLIN,WI,53132,WI - Milwaukee,15,$28523.73,$7940.93,$7266.00
193 - SIMPLE PNEUMONIA & PLEURISY W MCC,520206,AURORA MEDICAL CENTER,36500 AURORA DRIVE,SUMMIT,WI,53066,WI - Milwaukee,11,$18863.45,$6648.72,$5725.45
194 - SIMPLE PNEUMONIA & PLEURISY W CC,520017,ST JOSEPHS HSPTL,2661 CTY HWY I,CHIPPEWA FALLS,WI,54729,WI - Marshfield,25,$17303.80,$6627.76,$5773.84
194 - SIMPLE PNEUMONIA & PLEURISY W CC,520002,MINISTRY ST MICHAELS HOSPITAL OF STEVENS POINT,900 ILLINOIS AVE,STEVENS POINT,WI,54481,WI - Marshfield,25,$15192.96,$5881.80,$4894.60
194 - SIMPLE PNEUMONIA & PLEURISY W CC,520004,"MAYO CLINIC HLTH SYSTEM- FRANCISCAN MED CTR, INC",700 WEST AVE S,LA CROSSE,WI,54601,WI - La Crosse,55,$19645.36,$6821.14,$5961.94
194 - SIMPLE PNEUMONIA & PLEURISY W CC,520008,WAUKESHA MEMORIAL HOSPITAL,725 AMERICAN AVE,WAUKESHA,WI,53188,WI - Milwaukee,90,$19926.58,$6966.00,$4783.31
194 - SIMPLE PNEUMONIA & PLEURISY W CC,520009,ST ELIZABETH HSPTL,1506 S ONEIDA ST,APPLETON,WI,54915,WI - Appleton,13,$10277.61,$7128.15,$4334.61
194 - SIMPLE PNEUMONIA & PLEURISY W CC,520011,LAKEVIEW MED CENTER,1700 WEST STOUT STREET,RICE LAKE,WI,54868,WI - Marshfield,41,$10819.39,$5847.58,$4914.31
194 - SIMPLE PNEUMONIA & PLEURISY W CC,520013,SACRED HEART HSPTL,900 W CLAIREMONT AVE,EAU CLAIRE,WI,54701,MN - Minneapolis,66,$17469.43,$7277.95,$5852.96
194 - SIMPLE PNEUMONIA & PLEURISY W CC,520019,MINISTRY ST MARYS HOSPITAL,2251 NORTH SHORE DR,RHINELANDER,WI,54501,WI - Wausau,22,$14077.81,$6582.31,$5663.40
194 - SIMPLE PNEUMONIA & PLEURISY W CC,520021,UNITED HSPTL SYS,6308 EIGHTH AVE,KENOSHA,WI,53143,WI - Milwaukee,104,$20225.40,$6255.57,$5290.10
194 - SIMPLE PNEUMONIA & PLEURISY W CC,520027,"COLUMBIA ST MARY'S HOSPITAL OZAUKEE, INC",13111 N PORT WASHINGTON RD,MEQUON,WI,53097,WI - Milwaukee,52,$19191.61,$5656.94,$4832.26
194 - SIMPLE PNEUMONIA & PLEURISY W CC,520028,THE MONROE CLINIC,2005 5TH STREET,MONROE,WI,53566,WI - Madison,86,$17628.50,$6337.72,$5243.51
194 - SIMPLE PNEUMONIA & PLEURISY W CC,520030,ASPIRUS WAUSAU HOSPITAL,333 PINE RIDGE BLVD,WAUSAU,WI,54401,WI - Wausau,67,$15375.76,$5964.88,$4907.26
194 - SIMPLE PNEUMONIA & PLEURISY W CC,520033,RIVERVIEW HSPTL ASSOC,410 DEWEY ST PO BOX 8080,WISCONSIN RAPID,WI,54495,WI - Marshfield,13,$14507.69,$6620.84,$5757.46
194 - SIMPLE PNEUMONIA & PLEURISY W CC,520034,AURORA MED CTR MANITOWOC CTY,5000 MEMORIAL DR,TWO RIVERS,WI,54241,WI - Green Bay,21,$15018.71,$7019.71,$6161.80
194 - SIMPLE PNEUMONIA & PLEURISY W CC,520035,AURORA SHEBOYGAN MEM MED CTR,2629 N 7TH ST,SHEBOYGAN,WI,53083,WI - Milwaukee,44,$11928.50,$5819.25,$4680.13
194 - SIMPLE PNEUMONIA & PLEURISY W CC,520037,MINISTRY SAINT JOSEPH'S HOSPITAL,611 ST JOSEPH AVE,MARSHFIELD,WI,54449,WI - Marshfield,78,$17850.91,$7263.38,$6224.02
194 - SIMPLE PNEUMONIA & PLEURISY W CC,520038,AURORA MED CENTER-WASHINGTON COUNTY,1032 E SUMNER ST,HARTFORD,WI,53027,WI - Milwaukee,33,$23569.00,$6033.69,$4400.63
194 - SIMPLE PNEUMONIA & PLEURISY W CC,520041,DIVINE SAVIOR HLTHCARE,"2817 NEW PINERY RD, P O BOX 387",PORTAGE,WI,53901,WI - Madison,51,$16398.70,$7133.01,$6050.92
194 - SIMPLE PNEUMONIA & PLEURISY W CC,520044,ST NICHOLAS HOSPITAL,3100 SUPERIOR AVE,SHEBOYGAN,WI,53081,WI - Milwaukee,21,$14630.14,$5640.66,$4088.09
194 - SIMPLE PNEUMONIA & PLEURISY W CC,520045,THEDA CLARK MED CTR,130 2ND ST,NEENAH,WI,54956,WI - Neenah,35,$9769.11,$5629.97,$4987.68
194 - SIMPLE PNEUMONIA & PLEURISY W CC,520048,MERCY MED CTR OF OSHKOSH,500 S OAKWOOD RD,OSHKOSH,WI,54904,WI - Neenah,15,$13791.53,$5952.86,$4337.13
194 - SIMPLE PNEUMONIA & PLEURISY W CC,520049,BELLIN MEMORIAL HSPTL,744 S WEBSTER AVE,GREEN BAY,WI,54305,WI - Green Bay,27,$11111.25,$5559.33,$4557.85
194 - SIMPLE PNEUMONIA & PLEURISY W CC,520051,COLUMBIA ST MARYS HSPTL  MILW (COL & MILW CAMPUS),2323 N LAKE DR,MILWAUKEE,WI,53211,WI - Milwaukee,54,$20411.62,$7347.50,$6286.09
194 - SIMPLE PNEUMONIA & PLEURISY W CC,520057,ST CLARE HSPTL HLTH SVCS,707 14TH ST,BARABOO,WI,53913,WI - Madison,60,$20040.00,$6851.23,$5682.35
194 - SIMPLE PNEUMONIA & PLEURISY W CC,520059,AURORA MEMORIAL HSPTL BURLINGTON,252 MCHENRY ST,BURLINGTON,WI,53105,WI - Milwaukee,47,$16708.12,$5673.48,$4522.68
194 - SIMPLE PNEUMONIA & PLEURISY W CC,520062,OCONOMOWOC MEM HSPTL,791 E SUMMIT AVE,OCONOMOWOC,WI,53066,WI - Milwaukee,18,$13942.38,$5512.27,$4513.16
194 - SIMPLE PNEUMONIA & PLEURISY W CC,520063,ST JOSEPHS COM HSPTL WEST BEND,3200 PLEASANT VALLEY ROAD,WEST BEND,WI,53095,WI - Milwaukee,57,$17492.71,$5912.26,$4765.29
194 - SIMPLE PNEUMONIA & PLEURISY W CC,520066,MERCY HLTH SYS CORP,1000 MINERAL POINT AVE,JANESVILLE,WI,53548,WI - Madison,110,$18242.82,$6305.80,$5406.67
194 - SIMPLE PNEUMONIA & PLEURISY W CC,520070,MAYO CLINIC HEALTH SYSTEM EAU CLAIRE HOSPITAL,1221 WHIPPLE ST,EAU CLAIRE,WI,54703,MN - Minneapolis,50,$18283.00,$6486.94,$4612.78
194 - SIMPLE PNEUMONIA & PLEURISY W CC,520071,FORT HEALTHCARE,611 SHERMAN AVE E,FORT ATKINSON,WI,53538,WI - Madison,53,$11338.33,$5923.96,$4949.32
194 - SIMPLE PNEUMONIA & PLEURISY W CC,520075,ST VINCENT HSPTL,835 S VAN BUREN ST,GREEN BAY,WI,54301,WI - Green Bay,21,$16297.66,$6730.23,$4838.04
194 - SIMPLE PNEUMONIA & PLEURISY W CC,520076,BEAVER DAM COM HSPTL,707 S UNIVERSITY AVE,BEAVER DAM,WI,53916,WI - Madison,28,$19234.64,$6041.89,$4835.32
194 - SIMPLE PNEUMONIA & PLEURISY W CC,520078,WHEATON FRANCISCAN HEALTHCARE- ST FRANCIS,3237 S 16TH ST,MILWAUKEE,WI,53215,WI - Milwaukee,30,$18496.56,$6885.00,$5761.53
194 - SIMPLE PNEUMONIA & PLEURISY W CC,520083,ST MARY'S HOSPITAL,700 SOUTH PARK ST,MADISON,WI,53715,WI - Madison,167,$19841.31,$6928.75,$5845.56
194 - SIMPLE PNEUMONIA & PLEURISY W CC,520087,GUNDERSEN LUTH MED CTR,1910 SOUTH AVE,LA CROSSE,WI,54601,WI - La Crosse,44,$14087.34,$6589.00,$5645.09
194 - SIMPLE PNEUMONIA & PLEURISY W CC,520088,ST AGNES HSPTL,430 E DIVISON ST,FOND DU LAC,WI,54935,WI - Milwaukee,74,$21706.14,$6016.05,$5121.72
194 - SIMPLE PNEUMONIA & PLEURISY W CC,520089,MERITER HSPTL,202 S PARK ST,MADISON,WI,53715,WI - Madison,104,$23930.85,$7464.10,$6156.86
194 - SIMPLE PNEUMONIA & PLEURISY W CC,520091,HOWARD YOUNG MED CTR,240 MAPLE ST PO BOX 470,WOODRUFF,WI,54568,WI - Marshfield,21,$18794.66,$7193.52,$6337.14
194 - SIMPLE PNEUMONIA & PLEURISY W CC,520095,SAUK PRAIRIE MEM HSPTL,80 FIRST ST,PRAIRIE DU SAC,WI,53578,WI - Madison,23,$16314.43,$6611.21,$5781.47
194 - SIMPLE PNEUMONIA & PLEURISY W CC,520096,WHEATON FRANCISCAN HEALTHCARE- ALL SAINTS,3801 SPRING ST,RACINE,WI,53405,WI - Milwaukee,62,$13708.35,$6765.48,$5951.09
194 - SIMPLE PNEUMONIA & PLEURISY W CC,520097,ST MARYS HSPTL MED CTR,1726 SHAWANO AVE,GREEN BAY,WI,54303,WI - Green Bay,21,$13792.00,$5733.42,$4375.38
194 - SIMPLE PNEUMONIA & PLEURISY W CC,520098,UNIVERSITY OF WI  HOSPITALS & CLINICS AUTHORITY,600 HIGHLAND AVENUE,MADISON,WI,53792,WI - Madison,97,$15658.50,$10125.12,$8285.41
194 - SIMPLE PNEUMONIA & PLEURISY W CC,520100,BELOIT MEM HSPTL,1969 W HART RD,BELOIT,WI,53511,WI - Madison,47,$25850.27,$6332.04,$5141.46
194 - SIMPLE PNEUMONIA & PLEURISY W CC,520102,AURORA LAKELAND MED CTR,W3985 CTY RD NN,ELKHORN,WI,53121,WI - Milwaukee,55,$17259.18,$6262.25,$5342.47
194 - SIMPLE PNEUMONIA & PLEURISY W CC,520103,COMMUNITY MEM HSPTL,W180 N8085 TOWN HALL RD,MENOMONEE FALLS,WI,53051,WI - Milwaukee,73,$16031.30,$5943.63,$4602.21
194 - SIMPLE PNEUMONIA & PLEURISY W CC,520107,HOLY FAMILY MEMORIAL INC,2300 WESTERN AVE PO BOX 1450,MANITOWOC,WI,54221,WI - Green Bay,38,$16041.34,$5768.07,$4999.44
194 - SIMPLE PNEUMONIA & PLEURISY W CC,520109,"MILE BLUFF MEDICAL CENTER, INC",1050 DIVISION ST,MAUSTON,WI,53948,WI - Madison,29,$19175.51,$6621.75,$5731.68
194 - SIMPLE PNEUMONIA & PLEURISY W CC,520113,BAY AREA MED CTR,3100 SHORE DR,MARINETTE,WI,54143,WI - Green Bay,53,$16651.71,$5887.90,$5007.84
194 - SIMPLE PNEUMONIA & PLEURISY W CC,520116,UW HLTH PARTNERS - WATERTOWN REGIONAL MEDICAL CTR,125 HOSPITAL DR,WATERTOWN,WI,53098,WI - Madison,54,$15319.88,$6814.05,$5492.70
194 - SIMPLE PNEUMONIA & PLEURISY W CC,520136,"WHEATON FRANCISCAN, INC- ST JOSEPH",5000 W CHAMBERS ST,MILWAUKEE,WI,53210,WI - Milwaukee,32,$16743.90,$8080.12,$7239.12
194 - SIMPLE PNEUMONIA & PLEURISY W CC,520138,AURORA ST LUKES MEDICAL CENTER,2900 W OKLAHOMA AVE,MILWAUKEE,WI,53215,WI - Milwaukee,221,$25453.54,$7556.02,$6304.90
194 - SIMPLE PNEUMONIA & PLEURISY W CC,520139,AURORA WEST ALLIS MEDICAL CENTER,8901 W LINCOLN AVE,WEST ALLIS,WI,53227,WI - Milwaukee,108,$23316.70,$6121.00,$4943.36
194 - SIMPLE PNEUMONIA & PLEURISY W CC,520160,APPLETON MED CTR,1818 N MEADE ST,APPLETON,WI,54911,WI - Appleton,79,$7900.15,$5516.86,$4358.58
194 - SIMPLE PNEUMONIA & PLEURISY W CC,520170,WHEATON FRANCISCAN INC - ELMBROOK MEMORIAL,19333 W NORTH AVE,BROOKFIELD,WI,53045,WI - Milwaukee,35,$16994.40,$5732.11,$4616.74
194 - SIMPLE PNEUMONIA & PLEURISY W CC,520177,FROEDTERT MEM LUTHERAN HSPTL,9200 W WISCONSIN AVE,MILWAUKEE,WI,53226,WI - Milwaukee,99,$17281.18,$9059.87,$7977.89
194 - SIMPLE PNEUMONIA & PLEURISY W CC,520189,AURORA MED CTR KENOSHA,10400 75TH ST,KENOSHA,WI,53142,WI - Milwaukee,73,$22834.38,$6674.06,$5506.97
194 - SIMPLE PNEUMONIA & PLEURISY W CC,520193,AURORA BAYCARE MED CTR,2845 GREENBRIER RD PO BOX 8900,GREEN BAY,WI,54311,WI - Green Bay,18,$16507.44,$8817.44,$4855.55
194 - SIMPLE PNEUMONIA & PLEURISY W CC,520198,AURORA MED CTR OSHKOSH,855 N WESTHAVEN DRIVE,OSHKOSH,WI,54904,WI - Neenah,25,$20440.16,$5676.64,$4729.60
194 - SIMPLE PNEUMONIA & PLEURISY W CC,520202,ST CLARE'S HOSPITAL OF WESTON INC,3400 MINISTRY PARKWAY,WESTON,WI,54476,WI - Wausau,11,$10286.63,$5346.18,$4631.63
194 - SIMPLE PNEUMONIA & PLEURISY W CC,520204,"WHEATON FRANCISCAN HEALTHCARE- FRANKLIN, INC",10101 SOUTH 27TH STREET,FRANKLIN,WI,53132,WI - Milwaukee,18,$14987.88,$5222.16,$4217.72
194 - SIMPLE PNEUMONIA & PLEURISY W CC,520206,AURORA MEDICAL CENTER,36500 AURORA DRIVE,SUMMIT,WI,53066,WI - Milwaukee,21,$13531.09,$5152.47,$4243.71
194 - SIMPLE PNEUMONIA & PLEURISY W CC,520207,AURORA MEDICAL CENTER,975 PORT WASHINGTON ROAD,GRAFTON,WI,53024,WI - Milwaukee,31,$17516.09,$5170.32,$4368.00
195 - SIMPLE PNEUMONIA & PLEURISY W/O CC/MCC,520004,"MAYO CLINIC HLTH SYSTEM- FRANCISCAN MED CTR, INC",700 WEST AVE S,LA CROSSE,WI,54601,WI - La Crosse,33,$11836.12,$4779.45,$3718.81
195 - SIMPLE PNEUMONIA & PLEURISY W/O CC/MCC,520008,WAUKESHA MEMORIAL HOSPITAL,725 AMERICAN AVE,WAUKESHA,WI,53188,WI - Milwaukee,30,$11945.90,$4672.46,$2950.10
195 - SIMPLE PNEUMONIA & PLEURISY W/O CC/MCC,520013,SACRED HEART HSPTL,900 W CLAIREMONT AVE,EAU CLAIRE,WI,54701,MN - Minneapolis,18,$12986.55,$4770.16,$3835.72
195 - SIMPLE PNEUMONIA & PLEURISY W/O CC/MCC,520017,ST JOSEPHS HSPTL,2661 CTY HWY I,CHIPPEWA FALLS,WI,54729,WI - Marshfield,13,$12528.23,$4586.69,$3899.92
195 - SIMPLE PNEUMONIA & PLEURISY W/O CC/MCC,520021,UNITED HSPTL SYS,6308 EIGHTH AVE,KENOSHA,WI,53143,WI - Milwaukee,35,$15175.65,$4560.88,$3165.57
195 - SIMPLE PNEUMONIA & PLEURISY W/O CC/MCC,520027,"COLUMBIA ST MARY'S HOSPITAL OZAUKEE, INC",13111 N PORT WASHINGTON RD,MEQUON,WI,53097,WI - Milwaukee,22,$13099.40,$4396.54,$2860.59
195 - SIMPLE PNEUMONIA & PLEURISY W/O CC/MCC,520028,THE MONROE CLINIC,2005 5TH STREET,MONROE,WI,53566,WI - Madison,30,$12833.96,$4429.23,$3454.56
195 - SIMPLE PNEUMONIA & PLEURISY W/O CC/MCC,520030,ASPIRUS WAUSAU HOSPITAL,333 PINE RIDGE BLVD,WAUSAU,WI,54401,WI - Wausau,25,$12984.56,$4250.52,$3396.60
195 - SIMPLE PNEUMONIA & PLEURISY W/O CC/MCC,520035,AURORA SHEBOYGAN MEM MED CTR,2629 N 7TH ST,SHEBOYGAN,WI,53083,WI - Milwaukee,12,$10170.91,$4194.25,$3253.58
195 - SIMPLE PNEUMONIA & PLEURISY W/O CC/MCC,520037,MINISTRY SAINT JOSEPH'S HOSPITAL,611 ST JOSEPH AVE,MARSHFIELD,WI,54449,WI - Marshfield,31,$10077.12,$4902.96,$3998.32
195 - SIMPLE PNEUMONIA & PLEURISY W/O CC/MCC,520038,AURORA MED CENTER-WASHINGTON COUNTY,1032 E SUMNER ST,HARTFORD,WI,53027,WI - Milwaukee,14,$14797.21,$3910.35,$2951.50
195 - SIMPLE PNEUMONIA & PLEURISY W/O CC/MCC,520041,DIVINE SAVIOR HLTHCARE,"2817 NEW PINERY RD, P O BOX 387",PORTAGE,WI,53901,WI - Madison,31,$12879.29,$5002.77,$4202.51
195 - SIMPLE PNEUMONIA & PLEURISY W/O CC/MCC,520051,COLUMBIA ST MARYS HSPTL  MILW (COL & MILW CAMPUS),2323 N LAKE DR,MILWAUKEE,WI,53211,WI - Milwaukee,15,$12514.93,$5122.46,$4074.46
195 - SIMPLE PNEUMONIA & PLEURISY W/O CC/MCC,520057,ST CLARE HSPTL HLTH SVCS,707 14TH ST,BARABOO,WI,53913,WI - Madison,26,$13951.26,$4770.11,$3777.34
195 - SIMPLE PNEUMONIA & PLEURISY W/O CC/MCC,520059,AURORA MEMORIAL HSPTL BURLINGTON,252 MCHENRY ST,BURLINGTON,WI,53105,WI - Milwaukee,16,$15940.43,$4634.50,$2766.68
195 - SIMPLE PNEUMONIA & PLEURISY W/O CC/MCC,520063,ST JOSEPHS COM HSPTL WEST BEND,3200 PLEASANT VALLEY ROAD,WEST BEND,WI,53095,WI - Milwaukee,26,$13462.80,$4772.80,$2794.00
195 - SIMPLE PNEUMONIA & PLEURISY W/O CC/MCC,520066,MERCY HLTH SYS CORP,1000 MINERAL POINT AVE,JANESVILLE,WI,53548,WI - Madison,29,$14705.72,$4485.13,$3636.31
195 - SIMPLE PNEUMONIA & PLEURISY W/O CC/MCC,520070,MAYO CLINIC HEALTH SYSTEM EAU CLAIRE HOSPITAL,1221 WHIPPLE ST,EAU CLAIRE,WI,54703,MN - Minneapolis,17,$13665.41,$4027.35,$3036.05
195 - SIMPLE PNEUMONIA & PLEURISY W/O CC/MCC,520071,FORT HEALTHCARE,611 SHERMAN AVE E,FORT ATKINSON,WI,53538,WI - Madison,21,$13801.33,$4225.42,$3315.14
195 - SIMPLE PNEUMONIA & PLEURISY W/O CC/MCC,520076,BEAVER DAM COM HSPTL,707 S UNIVERSITY AVE,BEAVER DAM,WI,53916,WI - Madison,34,$18550.61,$4509.35,$3333.91
195 - SIMPLE PNEUMONIA & PLEURISY W/O CC/MCC,520078,WHEATON FRANCISCAN HEALTHCARE- ST FRANCIS,3237 S 16TH ST,MILWAUKEE,WI,53215,WI - Milwaukee,19,$14277.21,$4839.47,$3954.21
195 - SIMPLE PNEUMONIA & PLEURISY W/O CC/MCC,520083,ST MARY'S HOSPITAL,700 SOUTH PARK ST,MADISON,WI,53715,WI - Madison,71,$14932.38,$4827.83,$3857.32
195 - SIMPLE PNEUMONIA & PLEURISY W/O CC/MCC,520087,GUNDERSEN LUTH MED CTR,1910 SOUTH AVE,LA CROSSE,WI,54601,WI - La Crosse,14,$9573.78,$4695.78,$3887.21
195 - SIMPLE PNEUMONIA & PLEURISY W/O CC/MCC,520088,ST AGNES HSPTL,430 E DIVISON ST,FOND DU LAC,WI,54935,WI - Milwaukee,25,$16350.28,$4215.36,$3274.72
195 - SIMPLE PNEUMONIA & PLEURISY W/O CC/MCC,520089,MERITER HSPTL,202 S PARK ST,MADISON,WI,53715,WI - Madison,34,$16750.61,$5089.05,$4297.52
195 - SIMPLE PNEUMONIA & PLEURISY W/O CC/MCC,520095,SAUK PRAIRIE MEM HSPTL,80 FIRST ST,PRAIRIE DU SAC,WI,53578,WI - Madison,12,$12779.50,$4820.66,$3694.00
195 - SIMPLE PNEUMONIA & PLEURISY W/O CC/MCC,520096,WHEATON FRANCISCAN HEALTHCARE- ALL SAINTS,3801 SPRING ST,RACINE,WI,53405,WI - Milwaukee,21,$10359.90,$4751.19,$3891.76
195 - SIMPLE PNEUMONIA & PLEURISY W/O CC/MCC,520098,UNIVERSITY OF WI  HOSPITALS & CLINICS AUTHORITY,600 HIGHLAND AVENUE,MADISON,WI,53792,WI - Madison,33,$9980.36,$6954.33,$6026.03
195 - SIMPLE PNEUMONIA & PLEURISY W/O CC/MCC,520100,BELOIT MEM HSPTL,1969 W HART RD,BELOIT,WI,53511,WI - Madison,15,$19915.26,$4760.73,$3038.13
195 - SIMPLE PNEUMONIA & PLEURISY W/O CC/MCC,520102,AURORA LAKELAND MED CTR,W3985 CTY RD NN,ELKHORN,WI,53121,WI - Milwaukee,30,$11533.56,$4712.80,$3323.70
195 - SIMPLE PNEUMONIA & PLEURISY W/O CC/MCC,520103,COMMUNITY MEM HSPTL,W180 N8085 TOWN HALL RD,MENOMONEE FALLS,WI,53051,WI - Milwaukee,31,$13297.61,$4007.22,$3028.51
195 - SIMPLE PNEUMONIA & PLEURISY W/O CC/MCC,520107,HOLY FAMILY MEMORIAL INC,2300 WESTERN AVE PO BOX 1450,MANITOWOC,WI,54221,WI - Green Bay,11,$9526.27,$4127.00,$3112.45
195 - SIMPLE PNEUMONIA & PLEURISY W/O CC/MCC,520109,"MILE BLUFF MEDICAL CENTER, INC",1050 DIVISION ST,MAUSTON,WI,53948,WI - Madison,30,$13966.93,$4719.80,$3781.80
195 - SIMPLE PNEUMONIA & PLEURISY W/O CC/MCC,520113,BAY AREA MED CTR,3100 SHORE DR,MARINETTE,WI,54143,WI - Green Bay,18,$12110.55,$4789.94,$2994.22
195 - SIMPLE PNEUMONIA & PLEURISY W/O CC/MCC,520116,UW HLTH PARTNERS - WATERTOWN REGIONAL MEDICAL CTR,125 HOSPITAL DR,WATERTOWN,WI,53098,WI - Madison,17,$14105.82,$4745.41,$3826.35
195 - SIMPLE PNEUMONIA & PLEURISY W/O CC/MCC,520136,"WHEATON FRANCISCAN, INC- ST JOSEPH",5000 W CHAMBERS ST,MILWAUKEE,WI,53210,WI - Milwaukee,14,$14175.42,$5787.28,$4823.85
195 - SIMPLE PNEUMONIA & PLEURISY W/O CC/MCC,520138,AURORA ST LUKES MEDICAL CENTER,2900 W OKLAHOMA AVE,MILWAUKEE,WI,53215,WI - Milwaukee,64,$18896.95,$5767.46,$3880.87
195 - SIMPLE PNEUMONIA & PLEURISY W/O CC/MCC,520139,AURORA WEST ALLIS MEDICAL CENTER,8901 W LINCOLN AVE,WEST ALLIS,WI,53227,WI - Milwaukee,36,$17111.27,$4468.50,$3204.44
195 - SIMPLE PNEUMONIA & PLEURISY W/O CC/MCC,520160,APPLETON MED CTR,1818 N MEADE ST,APPLETON,WI,54911,WI - Appleton,15,$5881.66,$3985.33,$3010.66
195 - SIMPLE PNEUMONIA & PLEURISY W/O CC/MCC,520170,WHEATON FRANCISCAN INC - ELMBROOK MEMORIAL,19333 W NORTH AVE,BROOKFIELD,WI,53045,WI - Milwaukee,21,$11188.47,$4052.00,$2834.57
195 - SIMPLE PNEUMONIA & PLEURISY W/O CC/MCC,520177,FROEDTERT MEM LUTHERAN HSPTL,9200 W WISCONSIN AVE,MILWAUKEE,WI,53226,WI - Milwaukee,30,$12457.30,$6186.16,$5174.83
195 - SIMPLE PNEUMONIA & PLEURISY W/O CC/MCC,520189,AURORA MED CTR KENOSHA,10400 75TH ST,KENOSHA,WI,53142,WI - Milwaukee,30,$12854.23,$4557.53,$3465.70
195 - SIMPLE PNEUMONIA & PLEURISY W/O CC/MCC,520207,AURORA MEDICAL CENTER,975 PORT WASHINGTON ROAD,GRAFTON,WI,53024,WI - Milwaukee,11,$12208.45,$3700.09,$2573.90
202 - BRONCHITIS & ASTHMA W CC/MCC,520002,MINISTRY ST MICHAELS HOSPITAL OF STEVENS POINT,900 ILLINOIS AVE,STEVENS POINT,WI,54481,WI - Marshfield,12,$8846.66,$4918.16,$3562.75
202 - BRONCHITIS & ASTHMA W CC/MCC,520008,WAUKESHA MEMORIAL HOSPITAL,725 AMERICAN AVE,WAUKESHA,WI,53188,WI - Milwaukee,22,$13144.09,$5548.13,$3855.27
202 - BRONCHITIS & ASTHMA W CC/MCC,520013,SACRED HEART HSPTL,900 W CLAIREMONT AVE,EAU CLAIRE,WI,54701,MN - Minneapolis,14,$17013.42,$6874.71,$4434.42
202 - BRONCHITIS & ASTHMA W CC/MCC,520030,ASPIRUS WAUSAU HOSPITAL,333 PINE RIDGE BLVD,WAUSAU,WI,54401,WI - Wausau,16,$14877.12,$5073.93,$3932.93
202 - BRONCHITIS & ASTHMA W CC/MCC,520051,COLUMBIA ST MARYS HSPTL  MILW (COL & MILW CAMPUS),2323 N LAKE DR,MILWAUKEE,WI,53211,WI - Milwaukee,14,$23769.28,$6427.21,$5704.00
202 - BRONCHITIS & ASTHMA W CC/MCC,520070,MAYO CLINIC HEALTH SYSTEM EAU CLAIRE HOSPITAL,1221 WHIPPLE ST,EAU CLAIRE,WI,54703,MN - Minneapolis,23,$15283.95,$5561.86,$3550.34
202 - BRONCHITIS & ASTHMA W CC/MCC,520083,ST MARY'S HOSPITAL,700 SOUTH PARK ST,MADISON,WI,53715,WI - Madison,15,$15983.06,$5588.46,$4577.80
202 - BRONCHITIS & ASTHMA W CC/MCC,520088,ST AGNES HSPTL,430 E DIVISON ST,FOND DU LAC,WI,54935,WI - Milwaukee,11,$16158.36,$5080.54,$3957.27
202 - BRONCHITIS & ASTHMA W CC/MCC,520089,MERITER HSPTL,202 S PARK ST,MADISON,WI,53715,WI - Madison,19,$16738.94,$6001.26,$5170.52
202 - BRONCHITIS & ASTHMA W CC/MCC,520096,WHEATON FRANCISCAN HEALTHCARE- ALL SAINTS,3801 SPRING ST,RACINE,WI,53405,WI - Milwaukee,18,$12007.94,$5625.44,$4624.55
202 - BRONCHITIS & ASTHMA W CC/MCC,520098,UNIVERSITY OF WI  HOSPITALS & CLINICS AUTHORITY,600 HIGHLAND AVENUE,MADISON,WI,53792,WI - Madison,16,$17654.12,$8718.37,$7167.68
202 - BRONCHITIS & ASTHMA W CC/MCC,520100,BELOIT MEM HSPTL,1969 W HART RD,BELOIT,WI,53511,WI - Madison,17,$18337.00,$5703.00,$3723.94
202 - BRONCHITIS & ASTHMA W CC/MCC,520113,BAY AREA MED CTR,3100 SHORE DR,MARINETTE,WI,54143,WI - Green Bay,13,$12356.46,$5891.84,$3574.76
202 - BRONCHITIS & ASTHMA W CC/MCC,520136,"WHEATON FRANCISCAN, INC- ST JOSEPH",5000 W CHAMBERS ST,MILWAUKEE,WI,53210,WI - Milwaukee,14,$17714.85,$6864.07,$5738.92
202 - BRONCHITIS & ASTHMA W CC/MCC,520138,AURORA ST LUKES MEDICAL CENTER,2900 W OKLAHOMA AVE,MILWAUKEE,WI,53215,WI - Milwaukee,56,$18629.28,$6032.55,$5050.78
202 - BRONCHITIS & ASTHMA W CC/MCC,520139,AURORA WEST ALLIS MEDICAL CENTER,8901 W LINCOLN AVE,WEST ALLIS,WI,53227,WI - Milwaukee,13,$17846.46,$7147.76,$3568.46
202 - BRONCHITIS & ASTHMA W CC/MCC,520177,FROEDTERT MEM LUTHERAN HSPTL,9200 W WISCONSIN AVE,MILWAUKEE,WI,53226,WI - Milwaukee,34,$17558.20,$8007.61,$7282.67
202 - BRONCHITIS & ASTHMA W CC/MCC,520207,AURORA MEDICAL CENTER,975 PORT WASHINGTON ROAD,GRAFTON,WI,53024,WI - Milwaukee,11,$17520.90,$4405.00,$3581.72
203 - BRONCHITIS & ASTHMA W/O CC/MCC,520008,WAUKESHA MEMORIAL HOSPITAL,725 AMERICAN AVE,WAUKESHA,WI,53188,WI - Milwaukee,13,$10555.23,$4348.46,$2441.69
203 - BRONCHITIS & ASTHMA W/O CC/MCC,520030,ASPIRUS WAUSAU HOSPITAL,333 PINE RIDGE BLVD,WAUSAU,WI,54401,WI - Wausau,13,$11840.92,$3641.92,$2781.00
203 - BRONCHITIS & ASTHMA W/O CC/MCC,520083,ST MARY'S HOSPITAL,700 SOUTH PARK ST,MADISON,WI,53715,WI - Madison,16,$12193.31,$4045.75,$2925.00
203 - BRONCHITIS & ASTHMA W/O CC/MCC,520089,MERITER HSPTL,202 S PARK ST,MADISON,WI,53715,WI - Madison,11,$13278.72,$4349.63,$3429.27
203 - BRONCHITIS & ASTHMA W/O CC/MCC,520100,BELOIT MEM HSPTL,1969 W HART RD,BELOIT,WI,53511,WI - Madison,13,$15387.92,$3615.23,$2664.76
203 - BRONCHITIS & ASTHMA W/O CC/MCC,520138,AURORA ST LUKES MEDICAL CENTER,2900 W OKLAHOMA AVE,MILWAUKEE,WI,53215,WI - Milwaukee,13,$14599.69,$4647.38,$3225.53
203 - BRONCHITIS & ASTHMA W/O CC/MCC,520177,FROEDTERT MEM LUTHERAN HSPTL,9200 W WISCONSIN AVE,MILWAUKEE,WI,53226,WI - Milwaukee,14,$9970.64,$5350.50,$4548.78
207 - RESPIRATORY SYSTEM DIAGNOSIS W VENTILATOR SUPPORT 96+ HOURS,520021,UNITED HSPTL SYS,6308 EIGHTH AVE,KENOSHA,WI,53143,WI - Milwaukee,12,$104416.00,$33576.33,$32355.33
207 - RESPIRATORY SYSTEM DIAGNOSIS W VENTILATOR SUPPORT 96+ HOURS,520030,ASPIRUS WAUSAU HOSPITAL,333 PINE RIDGE BLVD,WAUSAU,WI,54401,WI - Wausau,13,$88647.69,$31941.69,$29955.38
207 - RESPIRATORY SYSTEM DIAGNOSIS W VENTILATOR SUPPORT 96+ HOURS,520037,MINISTRY SAINT JOSEPH'S HOSPITAL,611 ST JOSEPH AVE,MARSHFIELD,WI,54449,WI - Marshfield,11,$119086.09,$51779.09,$44740.54
207 - RESPIRATORY SYSTEM DIAGNOSIS W VENTILATOR SUPPORT 96+ HOURS,520045,THEDA CLARK MED CTR,130 2ND ST,NEENAH,WI,54956,WI - Neenah,11,$53138.09,$28580.90,$27763.45
207 - RESPIRATORY SYSTEM DIAGNOSIS W VENTILATOR SUPPORT 96+ HOURS,520070,MAYO CLINIC HEALTH SYSTEM EAU CLAIRE HOSPITAL,1221 WHIPPLE ST,EAU CLAIRE,WI,54703,MN - Minneapolis,11,$123201.63,$35602.72,$34602.36
207 - RESPIRATORY SYSTEM DIAGNOSIS W VENTILATOR SUPPORT 96+ HOURS,520083,ST MARY'S HOSPITAL,700 SOUTH PARK ST,MADISON,WI,53715,WI - Madison,23,$122918.21,$39986.26,$35005.86
207 - RESPIRATORY SYSTEM DIAGNOSIS W VENTILATOR SUPPORT 96+ HOURS,520089,MERITER HSPTL,202 S PARK ST,MADISON,WI,53715,WI - Madison,14,$242784.28,$61774.00,$60664.35
207 - RESPIRATORY SYSTEM DIAGNOSIS W VENTILATOR SUPPORT 96+ HOURS,520098,UNIVERSITY OF WI  HOSPITALS & CLINICS AUTHORITY,600 HIGHLAND AVENUE,MADISON,WI,53792,WI - Madison,24,$149099.87,$61118.29,$60465.62
207 - RESPIRATORY SYSTEM DIAGNOSIS W VENTILATOR SUPPORT 96+ HOURS,520138,AURORA ST LUKES MEDICAL CENTER,2900 W OKLAHOMA AVE,MILWAUKEE,WI,53215,WI - Milwaukee,55,$135757.58,$38199.80,$35247.80
208 - RESPIRATORY SYSTEM DIAGNOSIS W VENTILATOR SUPPORT <96 HOURS,520004,"MAYO CLINIC HLTH SYSTEM- FRANCISCAN MED CTR, INC",700 WEST AVE S,LA CROSSE,WI,54601,WI - La Crosse,32,$34106.31,$16270.00,$13235.18
208 - RESPIRATORY SYSTEM DIAGNOSIS W VENTILATOR SUPPORT <96 HOURS,520008,WAUKESHA MEMORIAL HOSPITAL,725 AMERICAN AVE,WAUKESHA,WI,53188,WI - Milwaukee,15,$52389.33,$15221.80,$14381.33
208 - RESPIRATORY SYSTEM DIAGNOSIS W VENTILATOR SUPPORT <96 HOURS,520009,ST ELIZABETH HSPTL,1506 S ONEIDA ST,APPLETON,WI,54915,WI - Appleton,13,$35660.46,$13534.46,$12758.15
208 - RESPIRATORY SYSTEM DIAGNOSIS W VENTILATOR SUPPORT <96 HOURS,520013,SACRED HEART HSPTL,900 W CLAIREMONT AVE,EAU CLAIRE,WI,54701,MN - Minneapolis,24,$56323.12,$17707.37,$17144.04
208 - RESPIRATORY SYSTEM DIAGNOSIS W VENTILATOR SUPPORT <96 HOURS,520021,UNITED HSPTL SYS,6308 EIGHTH AVE,KENOSHA,WI,53143,WI - Milwaukee,21,$42366.52,$13625.66,$12699.23
208 - RESPIRATORY SYSTEM DIAGNOSIS W VENTILATOR SUPPORT <96 HOURS,520030,ASPIRUS WAUSAU HOSPITAL,333 PINE RIDGE BLVD,WAUSAU,WI,54401,WI - Wausau,13,$29511.84,$13160.69,$12055.15
208 - RESPIRATORY SYSTEM DIAGNOSIS W VENTILATOR SUPPORT <96 HOURS,520037,MINISTRY SAINT JOSEPH'S HOSPITAL,611 ST JOSEPH AVE,MARSHFIELD,WI,54449,WI - Marshfield,46,$58107.63,$24345.10,$23443.60
208 - RESPIRATORY SYSTEM DIAGNOSIS W VENTILATOR SUPPORT <96 HOURS,520049,BELLIN MEMORIAL HSPTL,744 S WEBSTER AVE,GREEN BAY,WI,54305,WI - Green Bay,14,$34534.07,$12736.57,$12415.42
208 - RESPIRATORY SYSTEM DIAGNOSIS W VENTILATOR SUPPORT <96 HOURS,520051,COLUMBIA ST MARYS HSPTL  MILW (COL & MILW CAMPUS),2323 N LAKE DR,MILWAUKEE,WI,53211,WI - Milwaukee,18,$52304.88,$17716.16,$17027.94
208 - RESPIRATORY SYSTEM DIAGNOSIS W VENTILATOR SUPPORT <96 HOURS,520063,ST JOSEPHS COM HSPTL WEST BEND,3200 PLEASANT VALLEY ROAD,WEST BEND,WI,53095,WI - Milwaukee,19,$48462.21,$16468.15,$14162.47
208 - RESPIRATORY SYSTEM DIAGNOSIS W VENTILATOR SUPPORT <96 HOURS,520066,MERCY HLTH SYS CORP,1000 MINERAL POINT AVE,JANESVILLE,WI,53548,WI - Madison,23,$45544.60,$14004.52,$13345.65
208 - RESPIRATORY SYSTEM DIAGNOSIS W VENTILATOR SUPPORT <96 HOURS,520070,MAYO CLINIC HEALTH SYSTEM EAU CLAIRE HOSPITAL,1221 WHIPPLE ST,EAU CLAIRE,WI,54703,MN - Minneapolis,17,$67959.88,$15372.17,$14576.88
208 - RESPIRATORY SYSTEM DIAGNOSIS W VENTILATOR SUPPORT <96 HOURS,520075,ST VINCENT HSPTL,835 S VAN BUREN ST,GREEN BAY,WI,54301,WI - Green Bay,16,$37512.81,$13607.37,$12432.00
208 - RESPIRATORY SYSTEM DIAGNOSIS W VENTILATOR SUPPORT <96 HOURS,520083,ST MARY'S HOSPITAL,700 SOUTH PARK ST,MADISON,WI,53715,WI - Madison,49,$49650.20,$15805.55,$14460.38
208 - RESPIRATORY SYSTEM DIAGNOSIS W VENTILATOR SUPPORT <96 HOURS,520087,GUNDERSEN LUTH MED CTR,1910 SOUTH AVE,LA CROSSE,WI,54601,WI - La Crosse,20,$37830.35,$15318.60,$14361.15
208 - RESPIRATORY SYSTEM DIAGNOSIS W VENTILATOR SUPPORT <96 HOURS,520089,MERITER HSPTL,202 S PARK ST,MADISON,WI,53715,WI - Madison,11,$82249.09,$17537.54,$17023.00
208 - RESPIRATORY SYSTEM DIAGNOSIS W VENTILATOR SUPPORT <96 HOURS,520096,WHEATON FRANCISCAN HEALTHCARE- ALL SAINTS,3801 SPRING ST,RACINE,WI,53405,WI - Milwaukee,34,$43877.97,$15814.20,$14243.14
208 - RESPIRATORY SYSTEM DIAGNOSIS W VENTILATOR SUPPORT <96 HOURS,520098,UNIVERSITY OF WI  HOSPITALS & CLINICS AUTHORITY,600 HIGHLAND AVENUE,MADISON,WI,53792,WI - Madison,41,$50655.26,$23817.24,$19337.39
208 - RESPIRATORY SYSTEM DIAGNOSIS W VENTILATOR SUPPORT <96 HOURS,520100,BELOIT MEM HSPTL,1969 W HART RD,BELOIT,WI,53511,WI - Madison,13,$69307.92,$17952.92,$15253.69
208 - RESPIRATORY SYSTEM DIAGNOSIS W VENTILATOR SUPPORT <96 HOURS,520103,COMMUNITY MEM HSPTL,W180 N8085 TOWN HALL RD,MENOMONEE FALLS,WI,53051,WI - Milwaukee,12,$47476.33,$16028.66,$14294.16
208 - RESPIRATORY SYSTEM DIAGNOSIS W VENTILATOR SUPPORT <96 HOURS,520113,BAY AREA MED CTR,3100 SHORE DR,MARINETTE,WI,54143,WI - Green Bay,15,$46490.20,$14280.20,$13680.73
208 - RESPIRATORY SYSTEM DIAGNOSIS W VENTILATOR SUPPORT <96 HOURS,520136,"WHEATON FRANCISCAN, INC- ST JOSEPH",5000 W CHAMBERS ST,MILWAUKEE,WI,53210,WI - Milwaukee,34,$40328.32,$18649.41,$17119.88
208 - RESPIRATORY SYSTEM DIAGNOSIS W VENTILATOR SUPPORT <96 HOURS,520138,AURORA ST LUKES MEDICAL CENTER,2900 W OKLAHOMA AVE,MILWAUKEE,WI,53215,WI - Milwaukee,82,$66007.23,$17786.43,$17123.84
208 - RESPIRATORY SYSTEM DIAGNOSIS W VENTILATOR SUPPORT <96 HOURS,520139,AURORA WEST ALLIS MEDICAL CENTER,8901 W LINCOLN AVE,WEST ALLIS,WI,53227,WI - Milwaukee,16,$34802.31,$13010.81,$12309.31
208 - RESPIRATORY SYSTEM DIAGNOSIS W VENTILATOR SUPPORT <96 HOURS,520160,APPLETON MED CTR,1818 N MEADE ST,APPLETON,WI,54911,WI - Appleton,14,$28749.35,$12762.64,$12077.64
208 - RESPIRATORY SYSTEM DIAGNOSIS W VENTILATOR SUPPORT <96 HOURS,520177,FROEDTERT MEM LUTHERAN HSPTL,9200 W WISCONSIN AVE,MILWAUKEE,WI,53226,WI - Milwaukee,40,$52273.57,$23142.62,$21396.45
208 - RESPIRATORY SYSTEM DIAGNOSIS W VENTILATOR SUPPORT <96 HOURS,520193,AURORA BAYCARE MED CTR,2845 GREENBRIER RD PO BOX 8900,GREEN BAY,WI,54311,WI - Green Bay,13,$50444.23,$18498.53,$11627.30
208 - RESPIRATORY SYSTEM DIAGNOSIS W VENTILATOR SUPPORT <96 HOURS,520202,ST CLARE'S HOSPITAL OF WESTON INC,3400 MINISTRY PARKWAY,WESTON,WI,54476,WI - Wausau,14,$21459.00,$11834.64,$9351.42
238 - MAJOR CARDIOVASC PROCEDURES W/O MCC,520008,WAUKESHA MEMORIAL HOSPITAL,725 AMERICAN AVE,WAUKESHA,WI,53188,WI - Milwaukee,18,$76082.72,$22201.61,$16454.27
238 - MAJOR CARDIOVASC PROCEDURES W/O MCC,520013,SACRED HEART HSPTL,900 W CLAIREMONT AVE,EAU CLAIRE,WI,54701,MN - Minneapolis,17,$78623.88,$20757.29,$19893.52
238 - MAJOR CARDIOVASC PROCEDURES W/O MCC,520021,UNITED HSPTL SYS,6308 EIGHTH AVE,KENOSHA,WI,53143,WI - Milwaukee,32,$63508.12,$19251.25,$17275.03
238 - MAJOR CARDIOVASC PROCEDURES W/O MCC,520030,ASPIRUS WAUSAU HOSPITAL,333 PINE RIDGE BLVD,WAUSAU,WI,54401,WI - Wausau,39,$46707.10,$18402.30,$16941.66
238 - MAJOR CARDIOVASC PROCEDURES W/O MCC,520037,MINISTRY SAINT JOSEPH'S HOSPITAL,611 ST JOSEPH AVE,MARSHFIELD,WI,54449,WI - Marshfield,27,$66593.96,$23913.55,$22999.51
238 - MAJOR CARDIOVASC PROCEDURES W/O MCC,520049,BELLIN MEMORIAL HSPTL,744 S WEBSTER AVE,GREEN BAY,WI,54305,WI - Green Bay,15,$60472.00,$18747.73,$17999.46
238 - MAJOR CARDIOVASC PROCEDURES W/O MCC,520051,COLUMBIA ST MARYS HSPTL  MILW (COL & MILW CAMPUS),2323 N LAKE DR,MILWAUKEE,WI,53211,WI - Milwaukee,12,$66960.08,$22273.58,$21243.91
238 - MAJOR CARDIOVASC PROCEDURES W/O MCC,520059,AURORA MEMORIAL HSPTL BURLINGTON,252 MCHENRY ST,BURLINGTON,WI,53105,WI - Milwaukee,12,$54473.00,$17507.50,$16569.50
238 - MAJOR CARDIOVASC PROCEDURES W/O MCC,520066,MERCY HLTH SYS CORP,1000 MINERAL POINT AVE,JANESVILLE,WI,53548,WI - Madison,14,$77887.78,$19048.78,$18087.64
238 - MAJOR CARDIOVASC PROCEDURES W/O MCC,520070,MAYO CLINIC HEALTH SYSTEM EAU CLAIRE HOSPITAL,1221 WHIPPLE ST,EAU CLAIRE,WI,54703,MN - Minneapolis,13,$59979.76,$18253.53,$17215.92
238 - MAJOR CARDIOVASC PROCEDURES W/O MCC,520075,ST VINCENT HSPTL,835 S VAN BUREN ST,GREEN BAY,WI,54301,WI - Green Bay,17,$58858.70,$21461.23,$15646.00
238 - MAJOR CARDIOVASC PROCEDURES W/O MCC,520078,WHEATON FRANCISCAN HEALTHCARE- ST FRANCIS,3237 S 16TH ST,MILWAUKEE,WI,53215,WI - Milwaukee,13,$64158.23,$23618.61,$17989.07
238 - MAJOR CARDIOVASC PROCEDURES W/O MCC,520083,ST MARY'S HOSPITAL,700 SOUTH PARK ST,MADISON,WI,53715,WI - Madison,55,$64849.50,$21976.12,$17971.20
238 - MAJOR CARDIOVASC PROCEDURES W/O MCC,520087,GUNDERSEN LUTH MED CTR,1910 SOUTH AVE,LA CROSSE,WI,54601,WI - La Crosse,21,$51019.19,$21353.61,$20441.80
238 - MAJOR CARDIOVASC PROCEDURES W/O MCC,520088,ST AGNES HSPTL,430 E DIVISON ST,FOND DU LAC,WI,54935,WI - Milwaukee,12,$67313.00,$18588.50,$17650.50
238 - MAJOR CARDIOVASC PROCEDURES W/O MCC,520089,MERITER HSPTL,202 S PARK ST,MADISON,WI,53715,WI - Madison,13,$59038.15,$21710.76,$20844.92
238 - MAJOR CARDIOVASC PROCEDURES W/O MCC,520096,WHEATON FRANCISCAN HEALTHCARE- ALL SAINTS,3801 SPRING ST,RACINE,WI,53405,WI - Milwaukee,12,$35837.66,$20728.00,$19612.00
238 - MAJOR CARDIOVASC PROCEDURES W/O MCC,520098,UNIVERSITY OF WI  HOSPITALS & CLINICS AUTHORITY,600 HIGHLAND AVENUE,MADISON,WI,53792,WI - Madison,89,$88052.78,$31203.69,$28782.61
238 - MAJOR CARDIOVASC PROCEDURES W/O MCC,520136,"WHEATON FRANCISCAN, INC- ST JOSEPH",5000 W CHAMBERS ST,MILWAUKEE,WI,53210,WI - Milwaukee,21,$76345.23,$25111.66,$22570.52
238 - MAJOR CARDIOVASC PROCEDURES W/O MCC,520138,AURORA ST LUKES MEDICAL CENTER,2900 W OKLAHOMA AVE,MILWAUKEE,WI,53215,WI - Milwaukee,85,$101760.10,$23704.71,$19869.98
238 - MAJOR CARDIOVASC PROCEDURES W/O MCC,520139,AURORA WEST ALLIS MEDICAL CENTER,8901 W LINCOLN AVE,WEST ALLIS,WI,53227,WI - Milwaukee,12,$78977.58,$18431.08,$17584.75
238 - MAJOR CARDIOVASC PROCEDURES W/O MCC,520160,APPLETON MED CTR,1818 N MEADE ST,APPLETON,WI,54911,WI - Appleton,29,$45365.75,$18509.24,$16663.13
238 - MAJOR CARDIOVASC PROCEDURES W/O MCC,520177,FROEDTERT MEM LUTHERAN HSPTL,9200 W WISCONSIN AVE,MILWAUKEE,WI,53226,WI - Milwaukee,26,$70306.03,$28565.26,$26018.19
243 - PERMANENT CARDIAC PACEMAKER IMPLANT W CC,520008,WAUKESHA MEMORIAL HOSPITAL,725 AMERICAN AVE,WAUKESHA,WI,53188,WI - Milwaukee,23,$51328.47,$19955.52,$13321.39
243 - PERMANENT CARDIAC PACEMAKER IMPLANT W CC,520009,ST ELIZABETH HSPTL,1506 S ONEIDA ST,APPLETON,WI,54915,WI - Appleton,11,$41506.54,$20903.00,$13931.36
243 - PERMANENT CARDIAC PACEMAKER IMPLANT W CC,520013,SACRED HEART HSPTL,900 W CLAIREMONT AVE,EAU CLAIRE,WI,54701,MN - Minneapolis,18,$43159.00,$17532.61,$16788.55
243 - PERMANENT CARDIAC PACEMAKER IMPLANT W CC,520027,"COLUMBIA ST MARY'S HOSPITAL OZAUKEE, INC",13111 N PORT WASHINGTON RD,MEQUON,WI,53097,WI - Milwaukee,12,$43219.33,$15004.66,$14072.00
243 - PERMANENT CARDIAC PACEMAKER IMPLANT W CC,520030,ASPIRUS WAUSAU HOSPITAL,333 PINE RIDGE BLVD,WAUSAU,WI,54401,WI - Wausau,31,$33179.48,$14767.32,$13831.19
243 - PERMANENT CARDIAC PACEMAKER IMPLANT W CC,520037,MINISTRY SAINT JOSEPH'S HOSPITAL,611 ST JOSEPH AVE,MARSHFIELD,WI,54449,WI - Marshfield,26,$60442.84,$22603.26,$19264.30
243 - PERMANENT CARDIAC PACEMAKER IMPLANT W CC,520049,BELLIN MEMORIAL HSPTL,744 S WEBSTER AVE,GREEN BAY,WI,54305,WI - Green Bay,20,$27684.70,$14153.25,$13420.65
243 - PERMANENT CARDIAC PACEMAKER IMPLANT W CC,520051,COLUMBIA ST MARYS HSPTL  MILW (COL & MILW CAMPUS),2323 N LAKE DR,MILWAUKEE,WI,53211,WI - Milwaukee,16,$50473.12,$18437.81,$17596.81
243 - PERMANENT CARDIAC PACEMAKER IMPLANT W CC,520070,MAYO CLINIC HEALTH SYSTEM EAU CLAIRE HOSPITAL,1221 WHIPPLE ST,EAU CLAIRE,WI,54703,MN - Minneapolis,28,$34911.03,$15989.64,$13414.75
243 - PERMANENT CARDIAC PACEMAKER IMPLANT W CC,520083,ST MARY'S HOSPITAL,700 SOUTH PARK ST,MADISON,WI,53715,WI - Madison,31,$49878.25,$17468.38,$16263.19
243 - PERMANENT CARDIAC PACEMAKER IMPLANT W CC,520087,GUNDERSEN LUTH MED CTR,1910 SOUTH AVE,LA CROSSE,WI,54601,WI - La Crosse,15,$28949.73,$17085.06,$16188.00
243 - PERMANENT CARDIAC PACEMAKER IMPLANT W CC,520089,MERITER HSPTL,202 S PARK ST,MADISON,WI,53715,WI - Madison,29,$57549.44,$18102.27,$17326.00
243 - PERMANENT CARDIAC PACEMAKER IMPLANT W CC,520096,WHEATON FRANCISCAN HEALTHCARE- ALL SAINTS,3801 SPRING ST,RACINE,WI,53405,WI - Milwaukee,19,$47849.21,$19576.15,$15061.52
243 - PERMANENT CARDIAC PACEMAKER IMPLANT W CC,520098,UNIVERSITY OF WI  HOSPITALS & CLINICS AUTHORITY,600 HIGHLAND AVENUE,MADISON,WI,53792,WI - Madison,24,$50457.54,$23207.00,$22273.00
243 - PERMANENT CARDIAC PACEMAKER IMPLANT W CC,520103,COMMUNITY MEM HSPTL,W180 N8085 TOWN HALL RD,MENOMONEE FALLS,WI,53051,WI - Milwaukee,11,$34453.09,$15001.18,$14183.72
243 - PERMANENT CARDIAC PACEMAKER IMPLANT W CC,520136,"WHEATON FRANCISCAN, INC- ST JOSEPH",5000 W CHAMBERS ST,MILWAUKEE,WI,53210,WI - Milwaukee,22,$49158.54,$21416.36,$18944.95
243 - PERMANENT CARDIAC PACEMAKER IMPLANT W CC,520138,AURORA ST LUKES MEDICAL CENTER,2900 W OKLAHOMA AVE,MILWAUKEE,WI,53215,WI - Milwaukee,98,$87348.07,$18733.29,$17987.04
243 - PERMANENT CARDIAC PACEMAKER IMPLANT W CC,520160,APPLETON MED CTR,1818 N MEADE ST,APPLETON,WI,54911,WI - Appleton,17,$26505.94,$14657.76,$13668.35
243 - PERMANENT CARDIAC PACEMAKER IMPLANT W CC,520177,FROEDTERT MEM LUTHERAN HSPTL,9200 W WISCONSIN AVE,MILWAUKEE,WI,53226,WI - Milwaukee,32,$65757.87,$23561.78,$22683.43
243 - PERMANENT CARDIAC PACEMAKER IMPLANT W CC,520193,AURORA BAYCARE MED CTR,2845 GREENBRIER RD PO BOX 8900,GREEN BAY,WI,54311,WI - Green Bay,13,$48073.00,$20000.92,$12457.23
243 - PERMANENT CARDIAC PACEMAKER IMPLANT W CC,520202,ST CLARE'S HOSPITAL OF WESTON INC,3400 MINISTRY PARKWAY,WESTON,WI,54476,WI - Wausau,11,$31152.00,$14561.27,$13543.81
244 - PERMANENT CARDIAC PACEMAKER IMPLANT W/O CC/MCC,520004,"MAYO CLINIC HLTH SYSTEM- FRANCISCAN MED CTR, INC",700 WEST AVE S,LA CROSSE,WI,54601,WI - La Crosse,11,$31461.90,$13444.00,$12420.72
244 - PERMANENT CARDIAC PACEMAKER IMPLANT W/O CC/MCC,520008,WAUKESHA MEMORIAL HOSPITAL,725 AMERICAN AVE,WAUKESHA,WI,53188,WI - Milwaukee,19,$32263.05,$13308.52,$10582.94
244 - PERMANENT CARDIAC PACEMAKER IMPLANT W/O CC/MCC,520021,UNITED HSPTL SYS,6308 EIGHTH AVE,KENOSHA,WI,53143,WI - Milwaukee,12,$32719.83,$12228.00,$11573.00
244 - PERMANENT CARDIAC PACEMAKER IMPLANT W/O CC/MCC,520027,"COLUMBIA ST MARY'S HOSPITAL OZAUKEE, INC",13111 N PORT WASHINGTON RD,MEQUON,WI,53097,WI - Milwaukee,12,$28862.25,$11545.83,$10518.83
244 - PERMANENT CARDIAC PACEMAKER IMPLANT W/O CC/MCC,520030,ASPIRUS WAUSAU HOSPITAL,333 PINE RIDGE BLVD,WAUSAU,WI,54401,WI - Wausau,25,$27731.96,$11977.00,$11077.80
244 - PERMANENT CARDIAC PACEMAKER IMPLANT W/O CC/MCC,520037,MINISTRY SAINT JOSEPH'S HOSPITAL,611 ST JOSEPH AVE,MARSHFIELD,WI,54449,WI - Marshfield,17,$48566.64,$15133.94,$14078.11
244 - PERMANENT CARDIAC PACEMAKER IMPLANT W/O CC/MCC,520049,BELLIN MEMORIAL HSPTL,744 S WEBSTER AVE,GREEN BAY,WI,54305,WI - Green Bay,11,$24848.36,$11434.81,$10311.54
244 - PERMANENT CARDIAC PACEMAKER IMPLANT W/O CC/MCC,520070,MAYO CLINIC HEALTH SYSTEM EAU CLAIRE HOSPITAL,1221 WHIPPLE ST,EAU CLAIRE,WI,54703,MN - Minneapolis,25,$31791.20,$11482.76,$10459.48
244 - PERMANENT CARDIAC PACEMAKER IMPLANT W/O CC/MCC,520083,ST MARY'S HOSPITAL,700 SOUTH PARK ST,MADISON,WI,53715,WI - Madison,29,$42595.27,$13552.75,$12419.62
244 - PERMANENT CARDIAC PACEMAKER IMPLANT W/O CC/MCC,520089,MERITER HSPTL,202 S PARK ST,MADISON,WI,53715,WI - Madison,28,$51562.78,$14517.53,$13678.82
244 - PERMANENT CARDIAC PACEMAKER IMPLANT W/O CC/MCC,520096,WHEATON FRANCISCAN HEALTHCARE- ALL SAINTS,3801 SPRING ST,RACINE,WI,53405,WI - Milwaukee,13,$35349.84,$13694.38,$12918.07
244 - PERMANENT CARDIAC PACEMAKER IMPLANT W/O CC/MCC,520098,UNIVERSITY OF WI  HOSPITALS & CLINICS AUTHORITY,600 HIGHLAND AVENUE,MADISON,WI,53792,WI - Madison,16,$40494.62,$18445.31,$17533.56
244 - PERMANENT CARDIAC PACEMAKER IMPLANT W/O CC/MCC,520136,"WHEATON FRANCISCAN, INC- ST JOSEPH",5000 W CHAMBERS ST,MILWAUKEE,WI,53210,WI - Milwaukee,22,$43487.18,$16320.81,$15499.00
244 - PERMANENT CARDIAC PACEMAKER IMPLANT W/O CC/MCC,520138,AURORA ST LUKES MEDICAL CENTER,2900 W OKLAHOMA AVE,MILWAUKEE,WI,53215,WI - Milwaukee,42,$69599.52,$14690.38,$13248.23
244 - PERMANENT CARDIAC PACEMAKER IMPLANT W/O CC/MCC,520160,APPLETON MED CTR,1818 N MEADE ST,APPLETON,WI,54911,WI - Appleton,22,$21706.81,$11550.50,$9982.50
244 - PERMANENT CARDIAC PACEMAKER IMPLANT W/O CC/MCC,520177,FROEDTERT MEM LUTHERAN HSPTL,9200 W WISCONSIN AVE,MILWAUKEE,WI,53226,WI - Milwaukee,22,$52126.72,$17146.31,$16384.68
244 - PERMANENT CARDIAC PACEMAKER IMPLANT W/O CC/MCC,520202,ST CLARE'S HOSPITAL OF WESTON INC,3400 MINISTRY PARKWAY,WESTON,WI,54476,WI - Wausau,12,$29416.25,$15182.16,$9751.50
246 - PERC CARDIOVASC PROC W DRUG-ELUTING STENT W MCC OR 4+ VESSELS/STENTS,520008,WAUKESHA MEMORIAL HOSPITAL,725 AMERICAN AVE,WAUKESHA,WI,53188,WI - Milwaukee,22,$72449.72,$19837.36,$18869.90
246 - PERC CARDIOVASC PROC W DRUG-ELUTING STENT W MCC OR 4+ VESSELS/STENTS,520013,SACRED HEART HSPTL,900 W CLAIREMONT AVE,EAU CLAIRE,WI,54701,MN - Minneapolis,13,$73203.23,$22399.46,$21533.61
246 - PERC CARDIOVASC PROC W DRUG-ELUTING STENT W MCC OR 4+ VESSELS/STENTS,520030,ASPIRUS WAUSAU HOSPITAL,333 PINE RIDGE BLVD,WAUSAU,WI,54401,WI - Wausau,20,$48962.95,$19402.20,$17177.45
246 - PERC CARDIOVASC PROC W DRUG-ELUTING STENT W MCC OR 4+ VESSELS/STENTS,520049,BELLIN MEMORIAL HSPTL,744 S WEBSTER AVE,GREEN BAY,WI,54305,WI - Green Bay,17,$49621.29,$17815.23,$16825.82
246 - PERC CARDIOVASC PROC W DRUG-ELUTING STENT W MCC OR 4+ VESSELS/STENTS,520075,ST VINCENT HSPTL,835 S VAN BUREN ST,GREEN BAY,WI,54301,WI - Green Bay,15,$65872.33,$19009.66,$17959.53
246 - PERC CARDIOVASC PROC W DRUG-ELUTING STENT W MCC OR 4+ VESSELS/STENTS,520078,WHEATON FRANCISCAN HEALTHCARE- ST FRANCIS,3237 S 16TH ST,MILWAUKEE,WI,53215,WI - Milwaukee,13,$83754.92,$22402.15,$21712.92
246 - PERC CARDIOVASC PROC W DRUG-ELUTING STENT W MCC OR 4+ VESSELS/STENTS,520083,ST MARY'S HOSPITAL,700 SOUTH PARK ST,MADISON,WI,53715,WI - Madison,54,$64509.33,$22490.51,$19722.16
246 - PERC CARDIOVASC PROC W DRUG-ELUTING STENT W MCC OR 4+ VESSELS/STENTS,520088,ST AGNES HSPTL,430 E DIVISON ST,FOND DU LAC,WI,54935,WI - Milwaukee,22,$66863.95,$19727.40,$18649.81
246 - PERC CARDIOVASC PROC W DRUG-ELUTING STENT W MCC OR 4+ VESSELS/STENTS,520089,MERITER HSPTL,202 S PARK ST,MADISON,WI,53715,WI - Madison,25,$81425.52,$22507.04,$21743.68
246 - PERC CARDIOVASC PROC W DRUG-ELUTING STENT W MCC OR 4+ VESSELS/STENTS,520096,WHEATON FRANCISCAN HEALTHCARE- ALL SAINTS,3801 SPRING ST,RACINE,WI,53405,WI - Milwaukee,30,$66302.56,$23040.13,$20659.83
246 - PERC CARDIOVASC PROC W DRUG-ELUTING STENT W MCC OR 4+ VESSELS/STENTS,520098,UNIVERSITY OF WI  HOSPITALS & CLINICS AUTHORITY,600 HIGHLAND AVENUE,MADISON,WI,53792,WI - Madison,37,$65998.62,$29895.91,$25405.02
246 - PERC CARDIOVASC PROC W DRUG-ELUTING STENT W MCC OR 4+ VESSELS/STENTS,520136,"WHEATON FRANCISCAN, INC- ST JOSEPH",5000 W CHAMBERS ST,MILWAUKEE,WI,53210,WI - Milwaukee,28,$69015.10,$26529.75,$22809.17
246 - PERC CARDIOVASC PROC W DRUG-ELUTING STENT W MCC OR 4+ VESSELS/STENTS,520138,AURORA ST LUKES MEDICAL CENTER,2900 W OKLAHOMA AVE,MILWAUKEE,WI,53215,WI - Milwaukee,91,$102480.72,$23928.85,$21806.70
246 - PERC CARDIOVASC PROC W DRUG-ELUTING STENT W MCC OR 4+ VESSELS/STENTS,520160,APPLETON MED CTR,1818 N MEADE ST,APPLETON,WI,54911,WI - Appleton,15,$38353.13,$19121.40,$18148.86
246 - PERC CARDIOVASC PROC W DRUG-ELUTING STENT W MCC OR 4+ VESSELS/STENTS,520202,ST CLARE'S HOSPITAL OF WESTON INC,3400 MINISTRY PARKWAY,WESTON,WI,54476,WI - Wausau,23,$49926.21,$18355.73,$17233.52
247 - PERC CARDIOVASC PROC W DRUG-ELUTING STENT W/O MCC,520004,"MAYO CLINIC HLTH SYSTEM- FRANCISCAN MED CTR, INC",700 WEST AVE S,LA CROSSE,WI,54601,WI - La Crosse,36,$36507.61,$14059.80,$11196.19
247 - PERC CARDIOVASC PROC W DRUG-ELUTING STENT W/O MCC,520008,WAUKESHA MEMORIAL HOSPITAL,725 AMERICAN AVE,WAUKESHA,WI,53188,WI - Milwaukee,78,$47262.93,$13020.57,$10292.17
247 - PERC CARDIOVASC PROC W DRUG-ELUTING STENT W/O MCC,520009,ST ELIZABETH HSPTL,1506 S ONEIDA ST,APPLETON,WI,54915,WI - Appleton,16,$42098.18,$11792.25,$10807.75
247 - PERC CARDIOVASC PROC W DRUG-ELUTING STENT W/O MCC,520013,SACRED HEART HSPTL,900 W CLAIREMONT AVE,EAU CLAIRE,WI,54701,MN - Minneapolis,39,$54592.84,$13764.74,$11571.25
247 - PERC CARDIOVASC PROC W DRUG-ELUTING STENT W/O MCC,520021,UNITED HSPTL SYS,6308 EIGHTH AVE,KENOSHA,WI,53143,WI - Milwaukee,18,$63097.55,$11943.33,$11068.22
247 - PERC CARDIOVASC PROC W DRUG-ELUTING STENT W/O MCC,520027,"COLUMBIA ST MARY'S HOSPITAL OZAUKEE, INC",13111 N PORT WASHINGTON RD,MEQUON,WI,53097,WI - Milwaukee,35,$53533.48,$11433.82,$9769.14
247 - PERC CARDIOVASC PROC W DRUG-ELUTING STENT W/O MCC,520030,ASPIRUS WAUSAU HOSPITAL,333 PINE RIDGE BLVD,WAUSAU,WI,54401,WI - Wausau,81,$38004.90,$12452.17,$10191.41
247 - PERC CARDIOVASC PROC W DRUG-ELUTING STENT W/O MCC,520037,MINISTRY SAINT JOSEPH'S HOSPITAL,611 ST JOSEPH AVE,MARSHFIELD,WI,54449,WI - Marshfield,37,$51399.75,$16052.32,$12488.72
247 - PERC CARDIOVASC PROC W DRUG-ELUTING STENT W/O MCC,520045,THEDA CLARK MED CTR,130 2ND ST,NEENAH,WI,54956,WI - Neenah,18,$28642.00,$11794.88,$9867.50
247 - PERC CARDIOVASC PROC W DRUG-ELUTING STENT W/O MCC,520048,MERCY MED CTR OF OSHKOSH,500 S OAKWOOD RD,OSHKOSH,WI,54904,WI - Neenah,18,$40663.94,$13999.33,$9195.11
247 - PERC CARDIOVASC PROC W DRUG-ELUTING STENT W/O MCC,520049,BELLIN MEMORIAL HSPTL,744 S WEBSTER AVE,GREEN BAY,WI,54305,WI - Green Bay,33,$32766.30,$11046.42,$10158.42
247 - PERC CARDIOVASC PROC W DRUG-ELUTING STENT W/O MCC,520051,COLUMBIA ST MARYS HSPTL  MILW (COL & MILW CAMPUS),2323 N LAKE DR,MILWAUKEE,WI,53211,WI - Milwaukee,22,$64503.50,$15411.31,$12658.04
247 - PERC CARDIOVASC PROC W DRUG-ELUTING STENT W/O MCC,520062,OCONOMOWOC MEM HSPTL,791 E SUMMIT AVE,OCONOMOWOC,WI,53066,WI - Milwaukee,15,$44635.46,$11213.53,$10238.86
247 - PERC CARDIOVASC PROC W DRUG-ELUTING STENT W/O MCC,520066,MERCY HLTH SYS CORP,1000 MINERAL POINT AVE,JANESVILLE,WI,53548,WI - Madison,44,$54106.75,$12113.52,$11141.70
247 - PERC CARDIOVASC PROC W DRUG-ELUTING STENT W/O MCC,520070,MAYO CLINIC HEALTH SYSTEM EAU CLAIRE HOSPITAL,1221 WHIPPLE ST,EAU CLAIRE,WI,54703,MN - Minneapolis,66,$45867.63,$12582.16,$9560.80
247 - PERC CARDIOVASC PROC W DRUG-ELUTING STENT W/O MCC,520075,ST VINCENT HSPTL,835 S VAN BUREN ST,GREEN BAY,WI,54301,WI - Green Bay,27,$50509.40,$14379.96,$10028.88
247 - PERC CARDIOVASC PROC W DRUG-ELUTING STENT W/O MCC,520078,WHEATON FRANCISCAN HEALTHCARE- ST FRANCIS,3237 S 16TH ST,MILWAUKEE,WI,53215,WI - Milwaukee,49,$49290.04,$13806.26,$11604.38
247 - PERC CARDIOVASC PROC W DRUG-ELUTING STENT W/O MCC,520083,ST MARY'S HOSPITAL,700 SOUTH PARK ST,MADISON,WI,53715,WI - Madison,140,$46868.47,$13315.89,$11813.51
247 - PERC CARDIOVASC PROC W DRUG-ELUTING STENT W/O MCC,520088,ST AGNES HSPTL,430 E DIVISON ST,FOND DU LAC,WI,54935,WI - Milwaukee,36,$44098.91,$12365.61,$10581.91
247 - PERC CARDIOVASC PROC W DRUG-ELUTING STENT W/O MCC,520089,MERITER HSPTL,202 S PARK ST,MADISON,WI,53715,WI - Madison,124,$63792.97,$14740.25,$12936.82
247 - PERC CARDIOVASC PROC W DRUG-ELUTING STENT W/O MCC,520096,WHEATON FRANCISCAN HEALTHCARE- ALL SAINTS,3801 SPRING ST,RACINE,WI,53405,WI - Milwaukee,84,$46525.53,$14286.27,$11400.32
247 - PERC CARDIOVASC PROC W DRUG-ELUTING STENT W/O MCC,520097,ST MARYS HSPTL MED CTR,1726 SHAWANO AVE,GREEN BAY,WI,54303,WI - Green Bay,16,$49152.75,$13568.93,$9374.06
247 - PERC CARDIOVASC PROC W DRUG-ELUTING STENT W/O MCC,520098,UNIVERSITY OF WI  HOSPITALS & CLINICS AUTHORITY,600 HIGHLAND AVENUE,MADISON,WI,53792,WI - Madison,85,$52900.41,$18806.69,$16037.32
247 - PERC CARDIOVASC PROC W DRUG-ELUTING STENT W/O MCC,520100,BELOIT MEM HSPTL,1969 W HART RD,BELOIT,WI,53511,WI - Madison,11,$66171.36,$17170.63,$10179.81
247 - PERC CARDIOVASC PROC W DRUG-ELUTING STENT W/O MCC,520103,COMMUNITY MEM HSPTL,W180 N8085 TOWN HALL RD,MENOMONEE FALLS,WI,53051,WI - Milwaukee,21,$49111.19,$12854.28,$9395.90
247 - PERC CARDIOVASC PROC W DRUG-ELUTING STENT W/O MCC,520136,"WHEATON FRANCISCAN, INC- ST JOSEPH",5000 W CHAMBERS ST,MILWAUKEE,WI,53210,WI - Milwaukee,76,$50347.19,$15760.90,$14268.52
247 - PERC CARDIOVASC PROC W DRUG-ELUTING STENT W/O MCC,520138,AURORA ST LUKES MEDICAL CENTER,2900 W OKLAHOMA AVE,MILWAUKEE,WI,53215,WI - Milwaukee,247,$71711.57,$15230.72,$12109.00
247 - PERC CARDIOVASC PROC W DRUG-ELUTING STENT W/O MCC,520160,APPLETON MED CTR,1818 N MEADE ST,APPLETON,WI,54911,WI - Appleton,58,$26348.13,$11439.75,$9945.87
247 - PERC CARDIOVASC PROC W DRUG-ELUTING STENT W/O MCC,520177,FROEDTERT MEM LUTHERAN HSPTL,9200 W WISCONSIN AVE,MILWAUKEE,WI,53226,WI - Milwaukee,18,$42363.66,$16667.16,$15664.50
247 - PERC CARDIOVASC PROC W DRUG-ELUTING STENT W/O MCC,520193,AURORA BAYCARE MED CTR,2845 GREENBRIER RD PO BOX 8900,GREEN BAY,WI,54311,WI - Green Bay,24,$39019.58,$14027.29,$9872.83
247 - PERC CARDIOVASC PROC W DRUG-ELUTING STENT W/O MCC,520202,ST CLARE'S HOSPITAL OF WESTON INC,3400 MINISTRY PARKWAY,WESTON,WI,54476,WI - Wausau,51,$42652.41,$14323.82,$10159.58
247 - PERC CARDIOVASC PROC W DRUG-ELUTING STENT W/O MCC,520207,AURORA MEDICAL CENTER,975 PORT WASHINGTON ROAD,GRAFTON,WI,53024,WI - Milwaukee,17,$47907.64,$10297.00,$9300.05
249 - PERC CARDIOVASC PROC W NON-DRUG-ELUTING STENT W/O MCC,520008,WAUKESHA MEMORIAL HOSPITAL,725 AMERICAN AVE,WAUKESHA,WI,53188,WI - Milwaukee,13,$59034.00,$16879.84,$9350.15
249 - PERC CARDIOVASC PROC W NON-DRUG-ELUTING STENT W/O MCC,520013,SACRED HEART HSPTL,900 W CLAIREMONT AVE,EAU CLAIRE,WI,54701,MN - Minneapolis,31,$48157.90,$12343.25,$10561.58
249 - PERC CARDIOVASC PROC W NON-DRUG-ELUTING STENT W/O MCC,520030,ASPIRUS WAUSAU HOSPITAL,333 PINE RIDGE BLVD,WAUSAU,WI,54401,WI - Wausau,30,$32765.13,$10833.60,$9150.46
249 - PERC CARDIOVASC PROC W NON-DRUG-ELUTING STENT W/O MCC,520037,MINISTRY SAINT JOSEPH'S HOSPITAL,611 ST JOSEPH AVE,MARSHFIELD,WI,54449,WI - Marshfield,73,$43792.89,$13998.13,$11199.71
249 - PERC CARDIOVASC PROC W NON-DRUG-ELUTING STENT W/O MCC,520049,BELLIN MEMORIAL HSPTL,744 S WEBSTER AVE,GREEN BAY,WI,54305,WI - Green Bay,14,$34722.14,$9944.35,$8978.64
249 - PERC CARDIOVASC PROC W NON-DRUG-ELUTING STENT W/O MCC,520066,MERCY HLTH SYS CORP,1000 MINERAL POINT AVE,JANESVILLE,WI,53548,WI - Madison,14,$66551.57,$11261.28,$10374.14
249 - PERC CARDIOVASC PROC W NON-DRUG-ELUTING STENT W/O MCC,520070,MAYO CLINIC HEALTH SYSTEM EAU CLAIRE HOSPITAL,1221 WHIPPLE ST,EAU CLAIRE,WI,54703,MN - Minneapolis,26,$45316.73,$9947.80,$8958.69
249 - PERC CARDIOVASC PROC W NON-DRUG-ELUTING STENT W/O MCC,520075,ST VINCENT HSPTL,835 S VAN BUREN ST,GREEN BAY,WI,54301,WI - Green Bay,12,$46235.25,$20192.08,$7898.91
249 - PERC CARDIOVASC PROC W NON-DRUG-ELUTING STENT W/O MCC,520078,WHEATON FRANCISCAN HEALTHCARE- ST FRANCIS,3237 S 16TH ST,MILWAUKEE,WI,53215,WI - Milwaukee,12,$40586.08,$12096.25,$11160.91
249 - PERC CARDIOVASC PROC W NON-DRUG-ELUTING STENT W/O MCC,520083,ST MARY'S HOSPITAL,700 SOUTH PARK ST,MADISON,WI,53715,WI - Madison,47,$41763.17,$12983.40,$10221.97
249 - PERC CARDIOVASC PROC W NON-DRUG-ELUTING STENT W/O MCC,520087,GUNDERSEN LUTH MED CTR,1910 SOUTH AVE,LA CROSSE,WI,54601,WI - La Crosse,19,$31980.36,$11608.63,$10782.94
249 - PERC CARDIOVASC PROC W NON-DRUG-ELUTING STENT W/O MCC,520089,MERITER HSPTL,202 S PARK ST,MADISON,WI,53715,WI - Madison,35,$56187.68,$15021.00,$11007.45
249 - PERC CARDIOVASC PROC W NON-DRUG-ELUTING STENT W/O MCC,520097,ST MARYS HSPTL MED CTR,1726 SHAWANO AVE,GREEN BAY,WI,54303,WI - Green Bay,16,$40091.12,$11015.93,$7864.62
249 - PERC CARDIOVASC PROC W NON-DRUG-ELUTING STENT W/O MCC,520098,UNIVERSITY OF WI  HOSPITALS & CLINICS AUTHORITY,600 HIGHLAND AVENUE,MADISON,WI,53792,WI - Madison,12,$46780.50,$15890.66,$14950.00
249 - PERC CARDIOVASC PROC W NON-DRUG-ELUTING STENT W/O MCC,520103,COMMUNITY MEM HSPTL,W180 N8085 TOWN HALL RD,MENOMONEE FALLS,WI,53051,WI - Milwaukee,15,$41140.40,$10788.46,$8394.80
249 - PERC CARDIOVASC PROC W NON-DRUG-ELUTING STENT W/O MCC,520136,"WHEATON FRANCISCAN, INC- ST JOSEPH",5000 W CHAMBERS ST,MILWAUKEE,WI,53210,WI - Milwaukee,30,$47047.00,$14520.80,$13140.13
249 - PERC CARDIOVASC PROC W NON-DRUG-ELUTING STENT W/O MCC,520138,AURORA ST LUKES MEDICAL CENTER,2900 W OKLAHOMA AVE,MILWAUKEE,WI,53215,WI - Milwaukee,58,$69621.13,$12850.15,$11980.17
249 - PERC CARDIOVASC PROC W NON-DRUG-ELUTING STENT W/O MCC,520177,FROEDTERT MEM LUTHERAN HSPTL,9200 W WISCONSIN AVE,MILWAUKEE,WI,53226,WI - Milwaukee,26,$47244.50,$16675.80,$12511.00
249 - PERC CARDIOVASC PROC W NON-DRUG-ELUTING STENT W/O MCC,520193,AURORA BAYCARE MED CTR,2845 GREENBRIER RD PO BOX 8900,GREEN BAY,WI,54311,WI - Green Bay,14,$39720.92,$15590.00,$8558.85
249 - PERC CARDIOVASC PROC W NON-DRUG-ELUTING STENT W/O MCC,520202,ST CLARE'S HOSPITAL OF WESTON INC,3400 MINISTRY PARKWAY,WESTON,WI,54476,WI - Wausau,26,$31502.92,$11099.00,$8829.00
251 - PERC CARDIOVASC PROC W/O CORONARY ARTERY STENT W/O MCC,520008,WAUKESHA MEMORIAL HOSPITAL,725 AMERICAN AVE,WAUKESHA,WI,53188,WI - Milwaukee,13,$62588.69,$14043.92,$11179.38
251 - PERC CARDIOVASC PROC W/O CORONARY ARTERY STENT W/O MCC,520021,UNITED HSPTL SYS,6308 EIGHTH AVE,KENOSHA,WI,53143,WI - Milwaukee,16,$44098.81,$10786.00,$9876.25
251 - PERC CARDIOVASC PROC W/O CORONARY ARTERY STENT W/O MCC,520030,ASPIRUS WAUSAU HOSPITAL,333 PINE RIDGE BLVD,WAUSAU,WI,54401,WI - Wausau,32,$46916.31,$11207.18,$9611.87
251 - PERC CARDIOVASC PROC W/O CORONARY ARTERY STENT W/O MCC,520037,MINISTRY SAINT JOSEPH'S HOSPITAL,611 ST JOSEPH AVE,MARSHFIELD,WI,54449,WI - Marshfield,37,$58946.00,$16467.18,$14536.70
251 - PERC CARDIOVASC PROC W/O CORONARY ARTERY STENT W/O MCC,520051,COLUMBIA ST MARYS HSPTL  MILW (COL & MILW CAMPUS),2323 N LAKE DR,MILWAUKEE,WI,53211,WI - Milwaukee,19,$66454.10,$16437.63,$12555.00
251 - PERC CARDIOVASC PROC W/O CORONARY ARTERY STENT W/O MCC,520070,MAYO CLINIC HEALTH SYSTEM EAU CLAIRE HOSPITAL,1221 WHIPPLE ST,EAU CLAIRE,WI,54703,MN - Minneapolis,13,$33856.00,$14565.00,$7836.76
251 - PERC CARDIOVASC PROC W/O CORONARY ARTERY STENT W/O MCC,520078,WHEATON FRANCISCAN HEALTHCARE- ST FRANCIS,3237 S 16TH ST,MILWAUKEE,WI,53215,WI - Milwaukee,11,$45002.09,$12204.54,$11281.27
251 - PERC CARDIOVASC PROC W/O CORONARY ARTERY STENT W/O MCC,520083,ST MARY'S HOSPITAL,700 SOUTH PARK ST,MADISON,WI,53715,WI - Madison,33,$42426.30,$12202.87,$11024.39
251 - PERC CARDIOVASC PROC W/O CORONARY ARTERY STENT W/O MCC,520089,MERITER HSPTL,202 S PARK ST,MADISON,WI,53715,WI - Madison,30,$48323.90,$13557.03,$12767.80
251 - PERC CARDIOVASC PROC W/O CORONARY ARTERY STENT W/O MCC,520096,WHEATON FRANCISCAN HEALTHCARE- ALL SAINTS,3801 SPRING ST,RACINE,WI,53405,WI - Milwaukee,11,$33756.45,$12055.54,$11238.09
251 - PERC CARDIOVASC PROC W/O CORONARY ARTERY STENT W/O MCC,520098,UNIVERSITY OF WI  HOSPITALS & CLINICS AUTHORITY,600 HIGHLAND AVENUE,MADISON,WI,53792,WI - Madison,20,$48562.65,$17145.85,$15195.55
251 - PERC CARDIOVASC PROC W/O CORONARY ARTERY STENT W/O MCC,520136,"WHEATON FRANCISCAN, INC- ST JOSEPH",5000 W CHAMBERS ST,MILWAUKEE,WI,53210,WI - Milwaukee,48,$53778.08,$14852.20,$12702.52
251 - PERC CARDIOVASC PROC W/O CORONARY ARTERY STENT W/O MCC,520138,AURORA ST LUKES MEDICAL CENTER,2900 W OKLAHOMA AVE,MILWAUKEE,WI,53215,WI - Milwaukee,110,$73314.91,$16206.97,$10434.70
251 - PERC CARDIOVASC PROC W/O CORONARY ARTERY STENT W/O MCC,520177,FROEDTERT MEM LUTHERAN HSPTL,9200 W WISCONSIN AVE,MILWAUKEE,WI,53226,WI - Milwaukee,24,$44398.16,$15166.04,$14370.87
252 - OTHER VASCULAR PROCEDURES W MCC,520008,WAUKESHA MEMORIAL HOSPITAL,725 AMERICAN AVE,WAUKESHA,WI,53188,WI - Milwaukee,13,$67918.76,$20211.69,$19343.38
252 - OTHER VASCULAR PROCEDURES W MCC,520030,ASPIRUS WAUSAU HOSPITAL,333 PINE RIDGE BLVD,WAUSAU,WI,54401,WI - Wausau,21,$59055.28,$17803.28,$17213.38
252 - OTHER VASCULAR PROCEDURES W MCC,520037,MINISTRY SAINT JOSEPH'S HOSPITAL,611 ST JOSEPH AVE,MARSHFIELD,WI,54449,WI - Marshfield,20,$64343.75,$28321.55,$27589.00
252 - OTHER VASCULAR PROCEDURES W MCC,520051,COLUMBIA ST MARYS HSPTL  MILW (COL & MILW CAMPUS),2323 N LAKE DR,MILWAUKEE,WI,53211,WI - Milwaukee,13,$95022.92,$28708.23,$27852.07
252 - OTHER VASCULAR PROCEDURES W MCC,520059,AURORA MEMORIAL HSPTL BURLINGTON,252 MCHENRY ST,BURLINGTON,WI,53105,WI - Milwaukee,11,$75449.63,$18451.18,$17736.63
252 - OTHER VASCULAR PROCEDURES W MCC,520070,MAYO CLINIC HEALTH SYSTEM EAU CLAIRE HOSPITAL,1221 WHIPPLE ST,EAU CLAIRE,WI,54703,MN - Minneapolis,11,$70770.72,$18772.27,$17952.00
252 - OTHER VASCULAR PROCEDURES W MCC,520075,ST VINCENT HSPTL,835 S VAN BUREN ST,GREEN BAY,WI,54301,WI - Green Bay,18,$59354.33,$17797.22,$16923.88
252 - OTHER VASCULAR PROCEDURES W MCC,520078,WHEATON FRANCISCAN HEALTHCARE- ST FRANCIS,3237 S 16TH ST,MILWAUKEE,WI,53215,WI - Milwaukee,18,$79333.72,$20610.66,$18952.88
252 - OTHER VASCULAR PROCEDURES W MCC,520083,ST MARY'S HOSPITAL,700 SOUTH PARK ST,MADISON,WI,53715,WI - Madison,20,$55868.80,$20667.15,$20110.70
252 - OTHER VASCULAR PROCEDURES W MCC,520089,MERITER HSPTL,202 S PARK ST,MADISON,WI,53715,WI - Madison,13,$90604.53,$22657.69,$22050.61
252 - OTHER VASCULAR PROCEDURES W MCC,520096,WHEATON FRANCISCAN HEALTHCARE- ALL SAINTS,3801 SPRING ST,RACINE,WI,53405,WI - Milwaukee,12,$38078.33,$20658.25,$17664.58
252 - OTHER VASCULAR PROCEDURES W MCC,520098,UNIVERSITY OF WI  HOSPITALS & CLINICS AUTHORITY,600 HIGHLAND AVENUE,MADISON,WI,53792,WI - Madison,29,$100837.24,$49091.89,$37376.44
252 - OTHER VASCULAR PROCEDURES W MCC,520136,"WHEATON FRANCISCAN, INC- ST JOSEPH",5000 W CHAMBERS ST,MILWAUKEE,WI,53210,WI - Milwaukee,20,$57776.75,$24288.75,$23559.35
252 - OTHER VASCULAR PROCEDURES W MCC,520138,AURORA ST LUKES MEDICAL CENTER,2900 W OKLAHOMA AVE,MILWAUKEE,WI,53215,WI - Milwaukee,62,$99784.67,$25550.35,$20272.33
252 - OTHER VASCULAR PROCEDURES W MCC,520160,APPLETON MED CTR,1818 N MEADE ST,APPLETON,WI,54911,WI - Appleton,16,$37796.56,$20369.50,$19664.12
252 - OTHER VASCULAR PROCEDURES W MCC,520177,FROEDTERT MEM LUTHERAN HSPTL,9200 W WISCONSIN AVE,MILWAUKEE,WI,53226,WI - Milwaukee,53,$55391.39,$27474.50,$26837.98
253 - OTHER VASCULAR PROCEDURES W CC,520008,WAUKESHA MEMORIAL HOSPITAL,725 AMERICAN AVE,WAUKESHA,WI,53188,WI - Milwaukee,23,$70528.91,$17753.60,$16878.65
253 - OTHER VASCULAR PROCEDURES W CC,520013,SACRED HEART HSPTL,900 W CLAIREMONT AVE,EAU CLAIRE,WI,54701,MN - Minneapolis,13,$70843.30,$18490.92,$16355.38
253 - OTHER VASCULAR PROCEDURES W CC,520021,UNITED HSPTL SYS,6308 EIGHTH AVE,KENOSHA,WI,53143,WI - Milwaukee,15,$73978.53,$16299.80,$15704.60
253 - OTHER VASCULAR PROCEDURES W CC,520030,ASPIRUS WAUSAU HOSPITAL,333 PINE RIDGE BLVD,WAUSAU,WI,54401,WI - Wausau,33,$45789.51,$14742.36,$13923.96
253 - OTHER VASCULAR PROCEDURES W CC,520037,MINISTRY SAINT JOSEPH'S HOSPITAL,611 ST JOSEPH AVE,MARSHFIELD,WI,54449,WI - Marshfield,29,$54682.03,$19476.03,$18601.17
253 - OTHER VASCULAR PROCEDURES W CC,520049,BELLIN MEMORIAL HSPTL,744 S WEBSTER AVE,GREEN BAY,WI,54305,WI - Green Bay,25,$90344.12,$23500.76,$19442.88
253 - OTHER VASCULAR PROCEDURES W CC,520051,COLUMBIA ST MARYS HSPTL  MILW (COL & MILW CAMPUS),2323 N LAKE DR,MILWAUKEE,WI,53211,WI - Milwaukee,18,$70141.72,$18157.66,$17537.66
253 - OTHER VASCULAR PROCEDURES W CC,520059,AURORA MEMORIAL HSPTL BURLINGTON,252 MCHENRY ST,BURLINGTON,WI,53105,WI - Milwaukee,12,$50158.00,$14046.58,$13299.91
253 - OTHER VASCULAR PROCEDURES W CC,520066,MERCY HLTH SYS CORP,1000 MINERAL POINT AVE,JANESVILLE,WI,53548,WI - Madison,13,$72928.15,$15027.23,$14250.92
253 - OTHER VASCULAR PROCEDURES W CC,520070,MAYO CLINIC HEALTH SYSTEM EAU CLAIRE HOSPITAL,1221 WHIPPLE ST,EAU CLAIRE,WI,54703,MN - Minneapolis,17,$43673.47,$13824.58,$11848.17
253 - OTHER VASCULAR PROCEDURES W CC,520075,ST VINCENT HSPTL,835 S VAN BUREN ST,GREEN BAY,WI,54301,WI - Green Bay,28,$63153.32,$14995.67,$14111.96
253 - OTHER VASCULAR PROCEDURES W CC,520078,WHEATON FRANCISCAN HEALTHCARE- ST FRANCIS,3237 S 16TH ST,MILWAUKEE,WI,53215,WI - Milwaukee,26,$49447.80,$18106.11,$13254.19
253 - OTHER VASCULAR PROCEDURES W CC,520083,ST MARY'S HOSPITAL,700 SOUTH PARK ST,MADISON,WI,53715,WI - Madison,28,$47992.78,$16219.60,$15064.96
253 - OTHER VASCULAR PROCEDURES W CC,520087,GUNDERSEN LUTH MED CTR,1910 SOUTH AVE,LA CROSSE,WI,54601,WI - La Crosse,12,$42498.16,$15858.41,$15106.41
253 - OTHER VASCULAR PROCEDURES W CC,520089,MERITER HSPTL,202 S PARK ST,MADISON,WI,53715,WI - Madison,29,$68625.93,$17502.75,$16728.65
253 - OTHER VASCULAR PROCEDURES W CC,520096,WHEATON FRANCISCAN HEALTHCARE- ALL SAINTS,3801 SPRING ST,RACINE,WI,53405,WI - Milwaukee,16,$43284.93,$17226.93,$14185.06
253 - OTHER VASCULAR PROCEDURES W CC,520098,UNIVERSITY OF WI  HOSPITALS & CLINICS AUTHORITY,600 HIGHLAND AVENUE,MADISON,WI,53792,WI - Madison,50,$67094.16,$25114.82,$22627.04
253 - OTHER VASCULAR PROCEDURES W CC,520136,"WHEATON FRANCISCAN, INC- ST JOSEPH",5000 W CHAMBERS ST,MILWAUKEE,WI,53210,WI - Milwaukee,16,$54111.25,$19438.12,$18424.25
253 - OTHER VASCULAR PROCEDURES W CC,520138,AURORA ST LUKES MEDICAL CENTER,2900 W OKLAHOMA AVE,MILWAUKEE,WI,53215,WI - Milwaukee,99,$78630.73,$19115.70,$15814.09
253 - OTHER VASCULAR PROCEDURES W CC,520139,AURORA WEST ALLIS MEDICAL CENTER,8901 W LINCOLN AVE,WEST ALLIS,WI,53227,WI - Milwaukee,20,$61403.65,$14437.25,$13649.65
253 - OTHER VASCULAR PROCEDURES W CC,520160,APPLETON MED CTR,1818 N MEADE ST,APPLETON,WI,54911,WI - Appleton,32,$28963.34,$13879.59,$12545.84
253 - OTHER VASCULAR PROCEDURES W CC,520177,FROEDTERT MEM LUTHERAN HSPTL,9200 W WISCONSIN AVE,MILWAUKEE,WI,53226,WI - Milwaukee,33,$65297.51,$22131.60,$21346.51
253 - OTHER VASCULAR PROCEDURES W CC,520193,AURORA BAYCARE MED CTR,2845 GREENBRIER RD PO BOX 8900,GREEN BAY,WI,54311,WI - Green Bay,11,$65625.45,$17235.45,$16518.09
254 - OTHER VASCULAR PROCEDURES W/O CC/MCC,520008,WAUKESHA MEMORIAL HOSPITAL,725 AMERICAN AVE,WAUKESHA,WI,53188,WI - Milwaukee,18,$55856.44,$11307.11,$10308.05
254 - OTHER VASCULAR PROCEDURES W/O CC/MCC,520021,UNITED HSPTL SYS,6308 EIGHTH AVE,KENOSHA,WI,53143,WI - Milwaukee,22,$36735.00,$11017.40,$7930.90
254 - OTHER VASCULAR PROCEDURES W/O CC/MCC,520030,ASPIRUS WAUSAU HOSPITAL,333 PINE RIDGE BLVD,WAUSAU,WI,54401,WI - Wausau,15,$40794.26,$9590.26,$8844.13
254 - OTHER VASCULAR PROCEDURES W/O CC/MCC,520059,AURORA MEMORIAL HSPTL BURLINGTON,252 MCHENRY ST,BURLINGTON,WI,53105,WI - Milwaukee,14,$37967.42,$9166.85,$8208.00
254 - OTHER VASCULAR PROCEDURES W/O CC/MCC,520075,ST VINCENT HSPTL,835 S VAN BUREN ST,GREEN BAY,WI,54301,WI - Green Bay,14,$46609.50,$9645.00,$8686.14
254 - OTHER VASCULAR PROCEDURES W/O CC/MCC,520083,ST MARY'S HOSPITAL,700 SOUTH PARK ST,MADISON,WI,53715,WI - Madison,23,$29765.08,$10641.30,$9598.13
254 - OTHER VASCULAR PROCEDURES W/O CC/MCC,520089,MERITER HSPTL,202 S PARK ST,MADISON,WI,53715,WI - Madison,31,$51354.70,$12068.90,$11123.61
254 - OTHER VASCULAR PROCEDURES W/O CC/MCC,520096,WHEATON FRANCISCAN HEALTHCARE- ALL SAINTS,3801 SPRING ST,RACINE,WI,53405,WI - Milwaukee,11,$35551.45,$10762.54,$9839.27
254 - OTHER VASCULAR PROCEDURES W/O CC/MCC,520098,UNIVERSITY OF WI  HOSPITALS & CLINICS AUTHORITY,600 HIGHLAND AVENUE,MADISON,WI,53792,WI - Madison,29,$40760.41,$15805.58,$12459.58
254 - OTHER VASCULAR PROCEDURES W/O CC/MCC,520136,"WHEATON FRANCISCAN, INC- ST JOSEPH",5000 W CHAMBERS ST,MILWAUKEE,WI,53210,WI - Milwaukee,12,$37799.83,$13405.91,$10863.25
254 - OTHER VASCULAR PROCEDURES W/O CC/MCC,520138,AURORA ST LUKES MEDICAL CENTER,2900 W OKLAHOMA AVE,MILWAUKEE,WI,53215,WI - Milwaukee,26,$55485.50,$11123.61,$10216.69
254 - OTHER VASCULAR PROCEDURES W/O CC/MCC,520160,APPLETON MED CTR,1818 N MEADE ST,APPLETON,WI,54911,WI - Appleton,22,$20711.45,$9975.86,$7012.36
254 - OTHER VASCULAR PROCEDURES W/O CC/MCC,520177,FROEDTERT MEM LUTHERAN HSPTL,9200 W WISCONSIN AVE,MILWAUKEE,WI,53226,WI - Milwaukee,12,$39060.75,$14193.83,$13449.83
291 - HEART FAILURE & SHOCK W MCC,520028,THE MONROE CLINIC,2005 5TH STREET,MONROE,WI,53566,WI - Madison,11,$22615.90,$9180.18,$8162.72
291 - HEART FAILURE & SHOCK W MCC,520030,ASPIRUS WAUSAU HOSPITAL,333 PINE RIDGE BLVD,WAUSAU,WI,54401,WI - Wausau,69,$26791.63,$8432.15,$7748.68
291 - HEART FAILURE & SHOCK W MCC,520113,BAY AREA MED CTR,3100 SHORE DR,MARINETTE,WI,54143,WI - Green Bay,33,$30563.69,$10617.36,$9996.21
"280 - ACUTE MYOCARDIAL INFARCTION, DISCHARGED ALIVE W MCC",520002,MINISTRY ST MICHAELS HOSPITAL OF STEVENS POINT,900 ILLINOIS AVE,STEVENS POINT,WI,54481,WI - Marshfield,13,$20225.07,$9206.30,$8427.53
"280 - ACUTE MYOCARDIAL INFARCTION, DISCHARGED ALIVE W MCC",520008,WAUKESHA MEMORIAL HOSPITAL,725 AMERICAN AVE,WAUKESHA,WI,53188,WI - Milwaukee,29,$38493.89,$13494.86,$10688.58
"280 - ACUTE MYOCARDIAL INFARCTION, DISCHARGED ALIVE W MCC",520009,ST ELIZABETH HSPTL,1506 S ONEIDA ST,APPLETON,WI,54915,WI - Appleton,12,$20494.58,$11007.25,$10166.25
"280 - ACUTE MYOCARDIAL INFARCTION, DISCHARGED ALIVE W MCC",520013,SACRED HEART HSPTL,900 W CLAIREMONT AVE,EAU CLAIRE,WI,54701,MN - Minneapolis,27,$29582.92,$11978.88,$11142.74
"280 - ACUTE MYOCARDIAL INFARCTION, DISCHARGED ALIVE W MCC",520027,"COLUMBIA ST MARY'S HOSPITAL OZAUKEE, INC",13111 N PORT WASHINGTON RD,MEQUON,WI,53097,WI - Milwaukee,28,$27599.35,$10358.67,$9677.10
"280 - ACUTE MYOCARDIAL INFARCTION, DISCHARGED ALIVE W MCC",520030,ASPIRUS WAUSAU HOSPITAL,333 PINE RIDGE BLVD,WAUSAU,WI,54401,WI - Wausau,29,$23403.27,$10372.72,$9752.58
"280 - ACUTE MYOCARDIAL INFARCTION, DISCHARGED ALIVE W MCC",520034,AURORA MED CTR MANITOWOC CTY,5000 MEMORIAL DR,TWO RIVERS,WI,54241,WI - Green Bay,14,$18219.07,$11085.14,$10119.42
"280 - ACUTE MYOCARDIAL INFARCTION, DISCHARGED ALIVE W MCC",520035,AURORA SHEBOYGAN MEM MED CTR,2629 N 7TH ST,SHEBOYGAN,WI,53083,WI - Milwaukee,15,$21890.40,$9953.00,$9055.93
"280 - ACUTE MYOCARDIAL INFARCTION, DISCHARGED ALIVE W MCC",520037,MINISTRY SAINT JOSEPH'S HOSPITAL,611 ST JOSEPH AVE,MARSHFIELD,WI,54449,WI - Marshfield,37,$33005.35,$13561.02,$12654.43
"280 - ACUTE MYOCARDIAL INFARCTION, DISCHARGED ALIVE W MCC",520038,AURORA MED CENTER-WASHINGTON COUNTY,1032 E SUMNER ST,HARTFORD,WI,53027,WI - Milwaukee,12,$21814.33,$7947.16,$7483.50
"280 - ACUTE MYOCARDIAL INFARCTION, DISCHARGED ALIVE W MCC",520044,ST NICHOLAS HOSPITAL,3100 SUPERIOR AVE,SHEBOYGAN,WI,53081,WI - Milwaukee,12,$19167.91,$8204.66,$7169.66
"280 - ACUTE MYOCARDIAL INFARCTION, DISCHARGED ALIVE W MCC",520049,BELLIN MEMORIAL HSPTL,744 S WEBSTER AVE,GREEN BAY,WI,54305,WI - Green Bay,27,$14124.14,$9750.88,$8834.44
"280 - ACUTE MYOCARDIAL INFARCTION, DISCHARGED ALIVE W MCC",520051,COLUMBIA ST MARYS HSPTL  MILW (COL & MILW CAMPUS),2323 N LAKE DR,MILWAUKEE,WI,53211,WI - Milwaukee,14,$51159.85,$15173.42,$14212.35
"280 - ACUTE MYOCARDIAL INFARCTION, DISCHARGED ALIVE W MCC",520066,MERCY HLTH SYS CORP,1000 MINERAL POINT AVE,JANESVILLE,WI,53548,WI - Madison,14,$31634.35,$10386.64,$9382.78
"280 - ACUTE MYOCARDIAL INFARCTION, DISCHARGED ALIVE W MCC",520070,MAYO CLINIC HEALTH SYSTEM EAU CLAIRE HOSPITAL,1221 WHIPPLE ST,EAU CLAIRE,WI,54703,MN - Minneapolis,29,$39693.96,$11671.96,$10783.00
"280 - ACUTE MYOCARDIAL INFARCTION, DISCHARGED ALIVE W MCC",520075,ST VINCENT HSPTL,835 S VAN BUREN ST,GREEN BAY,WI,54301,WI - Green Bay,44,$21162.95,$10853.11,$9934.93
"280 - ACUTE MYOCARDIAL INFARCTION, DISCHARGED ALIVE W MCC",520078,WHEATON FRANCISCAN HEALTHCARE- ST FRANCIS,3237 S 16TH ST,MILWAUKEE,WI,53215,WI - Milwaukee,28,$27066.78,$12544.82,$11865.53
"280 - ACUTE MYOCARDIAL INFARCTION, DISCHARGED ALIVE W MCC",520083,ST MARY'S HOSPITAL,700 SOUTH PARK ST,MADISON,WI,53715,WI - Madison,66,$32921.59,$12102.06,$11030.09
"280 - ACUTE MYOCARDIAL INFARCTION, DISCHARGED ALIVE W MCC",520087,GUNDERSEN LUTH MED CTR,1910 SOUTH AVE,LA CROSSE,WI,54601,WI - La Crosse,37,$28420.62,$12410.27,$10961.81
"280 - ACUTE MYOCARDIAL INFARCTION, DISCHARGED ALIVE W MCC",520088,ST AGNES HSPTL,430 E DIVISON ST,FOND DU LAC,WI,54935,WI - Milwaukee,15,$26026.06,$9365.20,$8386.26
"280 - ACUTE MYOCARDIAL INFARCTION, DISCHARGED ALIVE W MCC",520089,MERITER HSPTL,202 S PARK ST,MADISON,WI,53715,WI - Madison,23,$42181.13,$12923.91,$11997.13
"280 - ACUTE MYOCARDIAL INFARCTION, DISCHARGED ALIVE W MCC",520091,HOWARD YOUNG MED CTR,240 MAPLE ST PO BOX 470,WOODRUFF,WI,54568,WI - Marshfield,14,$15359.28,$10727.42,$10246.85
"280 - ACUTE MYOCARDIAL INFARCTION, DISCHARGED ALIVE W MCC",520096,WHEATON FRANCISCAN HEALTHCARE- ALL SAINTS,3801 SPRING ST,RACINE,WI,53405,WI - Milwaukee,26,$24831.53,$12054.11,$11145.96
"280 - ACUTE MYOCARDIAL INFARCTION, DISCHARGED ALIVE W MCC",520097,ST MARYS HSPTL MED CTR,1726 SHAWANO AVE,GREEN BAY,WI,54303,WI - Green Bay,17,$20793.52,$9935.11,$9077.00
"280 - ACUTE MYOCARDIAL INFARCTION, DISCHARGED ALIVE W MCC",520098,UNIVERSITY OF WI  HOSPITALS & CLINICS AUTHORITY,600 HIGHLAND AVENUE,MADISON,WI,53792,WI - Madison,36,$33411.00,$18250.02,$16456.38
"280 - ACUTE MYOCARDIAL INFARCTION, DISCHARGED ALIVE W MCC",520100,BELOIT MEM HSPTL,1969 W HART RD,BELOIT,WI,53511,WI - Madison,17,$49481.05,$12202.52,$11275.88
"280 - ACUTE MYOCARDIAL INFARCTION, DISCHARGED ALIVE W MCC",520113,BAY AREA MED CTR,3100 SHORE DR,MARINETTE,WI,54143,WI - Green Bay,49,$30271.63,$10371.73,$9714.73
"280 - ACUTE MYOCARDIAL INFARCTION, DISCHARGED ALIVE W MCC",520136,"WHEATON FRANCISCAN, INC- ST JOSEPH",5000 W CHAMBERS ST,MILWAUKEE,WI,53210,WI - Milwaukee,23,$34725.65,$14235.82,$13600.17
"280 - ACUTE MYOCARDIAL INFARCTION, DISCHARGED ALIVE W MCC",520138,AURORA ST LUKES MEDICAL CENTER,2900 W OKLAHOMA AVE,MILWAUKEE,WI,53215,WI - Milwaukee,79,$53306.17,$14032.73,$13449.30
"280 - ACUTE MYOCARDIAL INFARCTION, DISCHARGED ALIVE W MCC",520139,AURORA WEST ALLIS MEDICAL CENTER,8901 W LINCOLN AVE,WEST ALLIS,WI,53227,WI - Milwaukee,44,$28539.63,$9676.90,$8986.63
"280 - ACUTE MYOCARDIAL INFARCTION, DISCHARGED ALIVE W MCC",520160,APPLETON MED CTR,1818 N MEADE ST,APPLETON,WI,54911,WI - Appleton,11,$13254.00,$9741.90,$8612.81
"280 - ACUTE MYOCARDIAL INFARCTION, DISCHARGED ALIVE W MCC",520193,AURORA BAYCARE MED CTR,2845 GREENBRIER RD PO BOX 8900,GREEN BAY,WI,54311,WI - Green Bay,14,$28435.28,$10388.21,$9822.21
"280 - ACUTE MYOCARDIAL INFARCTION, DISCHARGED ALIVE W MCC",520202,ST CLARE'S HOSPITAL OF WESTON INC,3400 MINISTRY PARKWAY,WESTON,WI,54476,WI - Wausau,23,$23726.39,$10590.60,$9857.91
"281 - ACUTE MYOCARDIAL INFARCTION, DISCHARGED ALIVE W CC",520004,"MAYO CLINIC HLTH SYSTEM- FRANCISCAN MED CTR, INC",700 WEST AVE S,LA CROSSE,WI,54601,WI - La Crosse,11,$20887.54,$7952.18,$7028.90
"281 - ACUTE MYOCARDIAL INFARCTION, DISCHARGED ALIVE W CC",520021,UNITED HSPTL SYS,6308 EIGHTH AVE,KENOSHA,WI,53143,WI - Milwaukee,13,$31935.07,$7924.61,$7153.23
"281 - ACUTE MYOCARDIAL INFARCTION, DISCHARGED ALIVE W CC",520027,"COLUMBIA ST MARY'S HOSPITAL OZAUKEE, INC",13111 N PORT WASHINGTON RD,MEQUON,WI,53097,WI - Milwaukee,12,$21136.66,$6492.50,$5651.50
"281 - ACUTE MYOCARDIAL INFARCTION, DISCHARGED ALIVE W CC",520030,ASPIRUS WAUSAU HOSPITAL,333 PINE RIDGE BLVD,WAUSAU,WI,54401,WI - Wausau,23,$18812.82,$7885.78,$5445.00
"281 - ACUTE MYOCARDIAL INFARCTION, DISCHARGED ALIVE W CC",520034,AURORA MED CTR MANITOWOC CTY,5000 MEMORIAL DR,TWO RIVERS,WI,54241,WI - Green Bay,13,$15941.23,$7932.46,$6896.69
"281 - ACUTE MYOCARDIAL INFARCTION, DISCHARGED ALIVE W CC",520037,MINISTRY SAINT JOSEPH'S HOSPITAL,611 ST JOSEPH AVE,MARSHFIELD,WI,54449,WI - Marshfield,23,$22394.47,$8440.60,$7609.47
"281 - ACUTE MYOCARDIAL INFARCTION, DISCHARGED ALIVE W CC",520038,AURORA MED CENTER-WASHINGTON COUNTY,1032 E SUMNER ST,HARTFORD,WI,53027,WI - Milwaukee,15,$18989.06,$5987.46,$5161.60
"281 - ACUTE MYOCARDIAL INFARCTION, DISCHARGED ALIVE W CC",520049,BELLIN MEMORIAL HSPTL,744 S WEBSTER AVE,GREEN BAY,WI,54305,WI - Green Bay,28,$13043.89,$6589.35,$5789.92
"281 - ACUTE MYOCARDIAL INFARCTION, DISCHARGED ALIVE W CC",520051,COLUMBIA ST MARYS HSPTL  MILW (COL & MILW CAMPUS),2323 N LAKE DR,MILWAUKEE,WI,53211,WI - Milwaukee,13,$22006.69,$8686.76,$8000.00
"281 - ACUTE MYOCARDIAL INFARCTION, DISCHARGED ALIVE W CC",520066,MERCY HLTH SYS CORP,1000 MINERAL POINT AVE,JANESVILLE,WI,53548,WI - Madison,16,$21173.87,$7389.12,$6408.62
"281 - ACUTE MYOCARDIAL INFARCTION, DISCHARGED ALIVE W CC",520070,MAYO CLINIC HEALTH SYSTEM EAU CLAIRE HOSPITAL,1221 WHIPPLE ST,EAU CLAIRE,WI,54703,MN - Minneapolis,21,$21726.09,$6520.00,$5503.42
"281 - ACUTE MYOCARDIAL INFARCTION, DISCHARGED ALIVE W CC",520078,WHEATON FRANCISCAN HEALTHCARE- ST FRANCIS,3237 S 16TH ST,MILWAUKEE,WI,53215,WI - Milwaukee,15,$21939.53,$8131.13,$7087.40
"281 - ACUTE MYOCARDIAL INFARCTION, DISCHARGED ALIVE W CC",520083,ST MARY'S HOSPITAL,700 SOUTH PARK ST,MADISON,WI,53715,WI - Madison,35,$22075.48,$7924.80,$6929.28
"281 - ACUTE MYOCARDIAL INFARCTION, DISCHARGED ALIVE W CC",520087,GUNDERSEN LUTH MED CTR,1910 SOUTH AVE,LA CROSSE,WI,54601,WI - La Crosse,28,$19608.17,$8238.10,$6933.60
"281 - ACUTE MYOCARDIAL INFARCTION, DISCHARGED ALIVE W CC",520089,MERITER HSPTL,202 S PARK ST,MADISON,WI,53715,WI - Madison,13,$31797.46,$8484.30,$7533.84
"281 - ACUTE MYOCARDIAL INFARCTION, DISCHARGED ALIVE W CC",520098,UNIVERSITY OF WI  HOSPITALS & CLINICS AUTHORITY,600 HIGHLAND AVENUE,MADISON,WI,53792,WI - Madison,35,$20689.05,$11555.74,$10049.11
"281 - ACUTE MYOCARDIAL INFARCTION, DISCHARGED ALIVE W CC",520100,BELOIT MEM HSPTL,1969 W HART RD,BELOIT,WI,53511,WI - Madison,23,$27512.00,$6978.91,$6149.17
"281 - ACUTE MYOCARDIAL INFARCTION, DISCHARGED ALIVE W CC",520113,BAY AREA MED CTR,3100 SHORE DR,MARINETTE,WI,54143,WI - Green Bay,41,$20809.97,$6748.14,$6007.36
"281 - ACUTE MYOCARDIAL INFARCTION, DISCHARGED ALIVE W CC",520136,"WHEATON FRANCISCAN, INC- ST JOSEPH",5000 W CHAMBERS ST,MILWAUKEE,WI,53210,WI - Milwaukee,15,$23673.13,$9493.00,$8751.13
"281 - ACUTE MYOCARDIAL INFARCTION, DISCHARGED ALIVE W CC",520138,AURORA ST LUKES MEDICAL CENTER,2900 W OKLAHOMA AVE,MILWAUKEE,WI,53215,WI - Milwaukee,76,$36574.39,$8367.01,$7628.17
"281 - ACUTE MYOCARDIAL INFARCTION, DISCHARGED ALIVE W CC",520139,AURORA WEST ALLIS MEDICAL CENTER,8901 W LINCOLN AVE,WEST ALLIS,WI,53227,WI - Milwaukee,19,$18968.26,$6038.00,$5266.84
"281 - ACUTE MYOCARDIAL INFARCTION, DISCHARGED ALIVE W CC",520177,FROEDTERT MEM LUTHERAN HSPTL,9200 W WISCONSIN AVE,MILWAUKEE,WI,53226,WI - Milwaukee,13,$23945.00,$10643.00,$9866.69
"281 - ACUTE MYOCARDIAL INFARCTION, DISCHARGED ALIVE W CC",520193,AURORA BAYCARE MED CTR,2845 GREENBRIER RD PO BOX 8900,GREEN BAY,WI,54311,WI - Green Bay,16,$23273.18,$6884.56,$5902.06
"282 - ACUTE MYOCARDIAL INFARCTION, DISCHARGED ALIVE W/O CC/MCC",520021,UNITED HSPTL SYS,6308 EIGHTH AVE,KENOSHA,WI,53143,WI - Milwaukee,12,$19851.75,$4834.00,$3990.33
"282 - ACUTE MYOCARDIAL INFARCTION, DISCHARGED ALIVE W/O CC/MCC",520027,"COLUMBIA ST MARY'S HOSPITAL OZAUKEE, INC",13111 N PORT WASHINGTON RD,MEQUON,WI,53097,WI - Milwaukee,15,$18166.00,$4536.80,$3417.60
"282 - ACUTE MYOCARDIAL INFARCTION, DISCHARGED ALIVE W/O CC/MCC",520037,MINISTRY SAINT JOSEPH'S HOSPITAL,611 ST JOSEPH AVE,MARSHFIELD,WI,54449,WI - Marshfield,14,$16770.42,$5680.00,$4631.14
"282 - ACUTE MYOCARDIAL INFARCTION, DISCHARGED ALIVE W/O CC/MCC",520070,MAYO CLINIC HEALTH SYSTEM EAU CLAIRE HOSPITAL,1221 WHIPPLE ST,EAU CLAIRE,WI,54703,MN - Minneapolis,12,$19682.66,$5328.41,$3129.00
"282 - ACUTE MYOCARDIAL INFARCTION, DISCHARGED ALIVE W/O CC/MCC",520083,ST MARY'S HOSPITAL,700 SOUTH PARK ST,MADISON,WI,53715,WI - Madison,15,$17252.13,$5436.26,$4459.46
"282 - ACUTE MYOCARDIAL INFARCTION, DISCHARGED ALIVE W/O CC/MCC",520087,GUNDERSEN LUTH MED CTR,1910 SOUTH AVE,LA CROSSE,WI,54601,WI - La Crosse,15,$17802.00,$5369.73,$4392.93
"282 - ACUTE MYOCARDIAL INFARCTION, DISCHARGED ALIVE W/O CC/MCC",520089,MERITER HSPTL,202 S PARK ST,MADISON,WI,53715,WI - Madison,18,$25822.83,$6565.44,$4562.50
"282 - ACUTE MYOCARDIAL INFARCTION, DISCHARGED ALIVE W/O CC/MCC",520098,UNIVERSITY OF WI  HOSPITALS & CLINICS AUTHORITY,600 HIGHLAND AVENUE,MADISON,WI,53792,WI - Madison,24,$16777.62,$7582.91,$6646.25
"282 - ACUTE MYOCARDIAL INFARCTION, DISCHARGED ALIVE W/O CC/MCC",520100,BELOIT MEM HSPTL,1969 W HART RD,BELOIT,WI,53511,WI - Madison,16,$22254.31,$4793.50,$3746.25
"282 - ACUTE MYOCARDIAL INFARCTION, DISCHARGED ALIVE W/O CC/MCC",520113,BAY AREA MED CTR,3100 SHORE DR,MARINETTE,WI,54143,WI - Green Bay,22,$17819.36,$4704.09,$3941.00
"282 - ACUTE MYOCARDIAL INFARCTION, DISCHARGED ALIVE W/O CC/MCC",520136,"WHEATON FRANCISCAN, INC- ST JOSEPH",5000 W CHAMBERS ST,MILWAUKEE,WI,53210,WI - Milwaukee,14,$16886.00,$6525.78,$5721.78
"282 - ACUTE MYOCARDIAL INFARCTION, DISCHARGED ALIVE W/O CC/MCC",520138,AURORA ST LUKES MEDICAL CENTER,2900 W OKLAHOMA AVE,MILWAUKEE,WI,53215,WI - Milwaukee,19,$31263.84,$6739.84,$4386.89
"286 - CIRCULATORY DISORDERS EXCEPT AMI, W CARD CATH W MCC",520008,WAUKESHA MEMORIAL HOSPITAL,725 AMERICAN AVE,WAUKESHA,WI,53188,WI - Milwaukee,16,$37862.37,$11719.12,$10736.62
"286 - CIRCULATORY DISORDERS EXCEPT AMI, W CARD CATH W MCC",520013,SACRED HEART HSPTL,900 W CLAIREMONT AVE,EAU CLAIRE,WI,54701,MN - Minneapolis,15,$40061.53,$15299.93,$14696.20
"286 - CIRCULATORY DISORDERS EXCEPT AMI, W CARD CATH W MCC",520030,ASPIRUS WAUSAU HOSPITAL,333 PINE RIDGE BLVD,WAUSAU,WI,54401,WI - Wausau,22,$30993.40,$13440.63,$10100.22
"286 - CIRCULATORY DISORDERS EXCEPT AMI, W CARD CATH W MCC",520037,MINISTRY SAINT JOSEPH'S HOSPITAL,611 ST JOSEPH AVE,MARSHFIELD,WI,54449,WI - Marshfield,13,$38854.15,$16537.53,$11134.07
"286 - CIRCULATORY DISORDERS EXCEPT AMI, W CARD CATH W MCC",520062,OCONOMOWOC MEM HSPTL,791 E SUMMIT AVE,OCONOMOWOC,WI,53066,WI - Milwaukee,13,$45600.92,$13610.30,$12831.53
"286 - CIRCULATORY DISORDERS EXCEPT AMI, W CARD CATH W MCC",520075,ST VINCENT HSPTL,835 S VAN BUREN ST,GREEN BAY,WI,54301,WI - Green Bay,18,$30420.83,$11959.00,$11209.66
"286 - CIRCULATORY DISORDERS EXCEPT AMI, W CARD CATH W MCC",520083,ST MARY'S HOSPITAL,700 SOUTH PARK ST,MADISON,WI,53715,WI - Madison,30,$37364.63,$13517.30,$12618.10
"286 - CIRCULATORY DISORDERS EXCEPT AMI, W CARD CATH W MCC",520089,MERITER HSPTL,202 S PARK ST,MADISON,WI,53715,WI - Madison,18,$56069.66,$17887.38,$14839.50
"286 - CIRCULATORY DISORDERS EXCEPT AMI, W CARD CATH W MCC",520096,WHEATON FRANCISCAN HEALTHCARE- ALL SAINTS,3801 SPRING ST,RACINE,WI,53405,WI - Milwaukee,28,$29449.50,$13980.64,$12381.46
"286 - CIRCULATORY DISORDERS EXCEPT AMI, W CARD CATH W MCC",520098,UNIVERSITY OF WI  HOSPITALS & CLINICS AUTHORITY,600 HIGHLAND AVENUE,MADISON,WI,53792,WI - Madison,15,$95642.86,$35918.20,$33821.40
"286 - CIRCULATORY DISORDERS EXCEPT AMI, W CARD CATH W MCC",520100,BELOIT MEM HSPTL,1969 W HART RD,BELOIT,WI,53511,WI - Madison,11,$40772.81,$11897.90,$11074.63
"286 - CIRCULATORY DISORDERS EXCEPT AMI, W CARD CATH W MCC",520136,"WHEATON FRANCISCAN, INC- ST JOSEPH",5000 W CHAMBERS ST,MILWAUKEE,WI,53210,WI - Milwaukee,17,$30202.23,$16488.17,$14372.52
"286 - CIRCULATORY DISORDERS EXCEPT AMI, W CARD CATH W MCC",520138,AURORA ST LUKES MEDICAL CENTER,2900 W OKLAHOMA AVE,MILWAUKEE,WI,53215,WI - Milwaukee,78,$72738.67,$16724.24,$14387.66
"286 - CIRCULATORY DISORDERS EXCEPT AMI, W CARD CATH W MCC",520177,FROEDTERT MEM LUTHERAN HSPTL,9200 W WISCONSIN AVE,MILWAUKEE,WI,53226,WI - Milwaukee,19,$53314.68,$20064.73,$19296.89
"287 - CIRCULATORY DISORDERS EXCEPT AMI, W CARD CATH W/O MCC",520004,"MAYO CLINIC HLTH SYSTEM- FRANCISCAN MED CTR, INC",700 WEST AVE S,LA CROSSE,WI,54601,WI - La Crosse,28,$22722.89,$7146.85,$6345.14
"287 - CIRCULATORY DISORDERS EXCEPT AMI, W CARD CATH W/O MCC",520008,WAUKESHA MEMORIAL HOSPITAL,725 AMERICAN AVE,WAUKESHA,WI,53188,WI - Milwaukee,62,$33258.58,$6975.85,$5471.56
"287 - CIRCULATORY DISORDERS EXCEPT AMI, W CARD CATH W/O MCC",520013,SACRED HEART HSPTL,900 W CLAIREMONT AVE,EAU CLAIRE,WI,54701,MN - Minneapolis,73,$22091.84,$7471.80,$6291.12
"287 - CIRCULATORY DISORDERS EXCEPT AMI, W CARD CATH W/O MCC",520021,UNITED HSPTL SYS,6308 EIGHTH AVE,KENOSHA,WI,53143,WI - Milwaukee,42,$21316.80,$6522.00,$5531.61
"287 - CIRCULATORY DISORDERS EXCEPT AMI, W CARD CATH W/O MCC",520027,"COLUMBIA ST MARY'S HOSPITAL OZAUKEE, INC",13111 N PORT WASHINGTON RD,MEQUON,WI,53097,WI - Milwaukee,11,$30217.36,$6158.45,$5041.00
"287 - CIRCULATORY DISORDERS EXCEPT AMI, W CARD CATH W/O MCC",520030,ASPIRUS WAUSAU HOSPITAL,333 PINE RIDGE BLVD,WAUSAU,WI,54401,WI - Wausau,91,$18843.71,$6623.09,$5453.20
"287 - CIRCULATORY DISORDERS EXCEPT AMI, W CARD CATH W/O MCC",520037,MINISTRY SAINT JOSEPH'S HOSPITAL,611 ST JOSEPH AVE,MARSHFIELD,WI,54449,WI - Marshfield,71,$28109.98,$9382.19,$7083.32
"287 - CIRCULATORY DISORDERS EXCEPT AMI, W CARD CATH W/O MCC",520049,BELLIN MEMORIAL HSPTL,744 S WEBSTER AVE,GREEN BAY,WI,54305,WI - Green Bay,29,$16566.31,$6282.24,$5039.06
"287 - CIRCULATORY DISORDERS EXCEPT AMI, W CARD CATH W/O MCC",520051,COLUMBIA ST MARYS HSPTL  MILW (COL & MILW CAMPUS),2323 N LAKE DR,MILWAUKEE,WI,53211,WI - Milwaukee,19,$36768.94,$8909.63,$6654.26
"287 - CIRCULATORY DISORDERS EXCEPT AMI, W CARD CATH W/O MCC",520062,OCONOMOWOC MEM HSPTL,791 E SUMMIT AVE,OCONOMOWOC,WI,53066,WI - Milwaukee,20,$31355.60,$7764.00,$4858.35
"287 - CIRCULATORY DISORDERS EXCEPT AMI, W CARD CATH W/O MCC",520066,MERCY HLTH SYS CORP,1000 MINERAL POINT AVE,JANESVILLE,WI,53548,WI - Madison,35,$27437.17,$7471.37,$5623.28
"287 - CIRCULATORY DISORDERS EXCEPT AMI, W CARD CATH W/O MCC",520070,MAYO CLINIC HEALTH SYSTEM EAU CLAIRE HOSPITAL,1221 WHIPPLE ST,EAU CLAIRE,WI,54703,MN - Minneapolis,67,$23696.53,$6101.52,$5214.17
"287 - CIRCULATORY DISORDERS EXCEPT AMI, W CARD CATH W/O MCC",520075,ST VINCENT HSPTL,835 S VAN BUREN ST,GREEN BAY,WI,54301,WI - Green Bay,29,$19270.44,$7114.68,$4863.27
"287 - CIRCULATORY DISORDERS EXCEPT AMI, W CARD CATH W/O MCC",520078,WHEATON FRANCISCAN HEALTHCARE- ST FRANCIS,3237 S 16TH ST,MILWAUKEE,WI,53215,WI - Milwaukee,27,$27339.70,$7402.07,$6361.03
"287 - CIRCULATORY DISORDERS EXCEPT AMI, W CARD CATH W/O MCC",520083,ST MARY'S HOSPITAL,700 SOUTH PARK ST,MADISON,WI,53715,WI - Madison,166,$22465.68,$7530.16,$6073.71
"287 - CIRCULATORY DISORDERS EXCEPT AMI, W CARD CATH W/O MCC",520087,GUNDERSEN LUTH MED CTR,1910 SOUTH AVE,LA CROSSE,WI,54601,WI - La Crosse,26,$23073.03,$8038.03,$5782.53
"287 - CIRCULATORY DISORDERS EXCEPT AMI, W CARD CATH W/O MCC",520088,ST AGNES HSPTL,430 E DIVISON ST,FOND DU LAC,WI,54935,WI - Milwaukee,11,$26850.81,$6448.27,$5530.81
"287 - CIRCULATORY DISORDERS EXCEPT AMI, W CARD CATH W/O MCC",520089,MERITER HSPTL,202 S PARK ST,MADISON,WI,53715,WI - Madison,96,$33908.58,$7725.87,$6754.16
"287 - CIRCULATORY DISORDERS EXCEPT AMI, W CARD CATH W/O MCC",520096,WHEATON FRANCISCAN HEALTHCARE- ALL SAINTS,3801 SPRING ST,RACINE,WI,53405,WI - Milwaukee,74,$21902.64,$7751.18,$6207.48
"287 - CIRCULATORY DISORDERS EXCEPT AMI, W CARD CATH W/O MCC",520097,ST MARYS HSPTL MED CTR,1726 SHAWANO AVE,GREEN BAY,WI,54303,WI - Green Bay,22,$24243.72,$7461.90,$4621.45
"287 - CIRCULATORY DISORDERS EXCEPT AMI, W CARD CATH W/O MCC",520098,UNIVERSITY OF WI  HOSPITALS & CLINICS AUTHORITY,600 HIGHLAND AVENUE,MADISON,WI,53792,WI - Madison,60,$27801.63,$11232.05,$9757.21
"287 - CIRCULATORY DISORDERS EXCEPT AMI, W CARD CATH W/O MCC",520100,BELOIT MEM HSPTL,1969 W HART RD,BELOIT,WI,53511,WI - Madison,21,$29982.52,$6467.47,$5407.66
"287 - CIRCULATORY DISORDERS EXCEPT AMI, W CARD CATH W/O MCC",520103,COMMUNITY MEM HSPTL,W180 N8085 TOWN HALL RD,MENOMONEE FALLS,WI,53051,WI - Milwaukee,27,$17823.85,$6578.44,$5012.18
"287 - CIRCULATORY DISORDERS EXCEPT AMI, W CARD CATH W/O MCC",520107,HOLY FAMILY MEMORIAL INC,2300 WESTERN AVE PO BOX 1450,MANITOWOC,WI,54221,WI - Green Bay,14,$30274.64,$6165.21,$5361.21
"287 - CIRCULATORY DISORDERS EXCEPT AMI, W CARD CATH W/O MCC",520113,BAY AREA MED CTR,3100 SHORE DR,MARINETTE,WI,54143,WI - Green Bay,12,$27854.75,$6519.00,$5678.00
"287 - CIRCULATORY DISORDERS EXCEPT AMI, W CARD CATH W/O MCC",520136,"WHEATON FRANCISCAN, INC- ST JOSEPH",5000 W CHAMBERS ST,MILWAUKEE,WI,53210,WI - Milwaukee,48,$23457.47,$8825.27,$7605.95
"287 - CIRCULATORY DISORDERS EXCEPT AMI, W CARD CATH W/O MCC",520138,AURORA ST LUKES MEDICAL CENTER,2900 W OKLAHOMA AVE,MILWAUKEE,WI,53215,WI - Milwaukee,233,$41871.06,$8314.62,$6620.52
"287 - CIRCULATORY DISORDERS EXCEPT AMI, W CARD CATH W/O MCC",520160,APPLETON MED CTR,1818 N MEADE ST,APPLETON,WI,54911,WI - Appleton,28,$13567.92,$6290.17,$5099.32
"287 - CIRCULATORY DISORDERS EXCEPT AMI, W CARD CATH W/O MCC",520177,FROEDTERT MEM LUTHERAN HSPTL,9200 W WISCONSIN AVE,MILWAUKEE,WI,53226,WI - Milwaukee,67,$25795.53,$10260.40,$8768.32
"287 - CIRCULATORY DISORDERS EXCEPT AMI, W CARD CATH W/O MCC",520193,AURORA BAYCARE MED CTR,2845 GREENBRIER RD PO BOX 8900,GREEN BAY,WI,54311,WI - Green Bay,20,$23466.75,$6976.50,$5470.40
"287 - CIRCULATORY DISORDERS EXCEPT AMI, W CARD CATH W/O MCC",520202,ST CLARE'S HOSPITAL OF WESTON INC,3400 MINISTRY PARKWAY,WESTON,WI,54476,WI - Wausau,41,$16661.75,$6634.73,$5174.63
291 - HEART FAILURE & SHOCK W MCC,520002,MINISTRY ST MICHAELS HOSPITAL OF STEVENS POINT,900 ILLINOIS AVE,STEVENS POINT,WI,54481,WI - Marshfield,24,$15490.58,$8214.41,$7603.91
291 - HEART FAILURE & SHOCK W MCC,520004,"MAYO CLINIC HLTH SYSTEM- FRANCISCAN MED CTR, INC",700 WEST AVE S,LA CROSSE,WI,54601,WI - La Crosse,25,$23110.16,$9078.20,$8425.48
291 - HEART FAILURE & SHOCK W MCC,520008,WAUKESHA MEMORIAL HOSPITAL,725 AMERICAN AVE,WAUKESHA,WI,53188,WI - Milwaukee,131,$26966.29,$8964.52,$8294.57
291 - HEART FAILURE & SHOCK W MCC,520009,ST ELIZABETH HSPTL,1506 S ONEIDA ST,APPLETON,WI,54915,WI - Appleton,23,$17721.04,$9175.21,$7676.86
291 - HEART FAILURE & SHOCK W MCC,520011,LAKEVIEW MED CENTER,1700 WEST STOUT STREET,RICE LAKE,WI,54868,WI - Marshfield,11,$13110.54,$8457.45,$7634.18
291 - HEART FAILURE & SHOCK W MCC,520013,SACRED HEART HSPTL,900 W CLAIREMONT AVE,EAU CLAIRE,WI,54701,MN - Minneapolis,49,$23613.69,$9796.95,$9136.69
291 - HEART FAILURE & SHOCK W MCC,520017,ST JOSEPHS HSPTL,2661 CTY HWY I,CHIPPEWA FALLS,WI,54729,WI - Marshfield,14,$23036.92,$9564.21,$8760.21
291 - HEART FAILURE & SHOCK W MCC,520019,MINISTRY ST MARYS HOSPITAL,2251 NORTH SHORE DR,RHINELANDER,WI,54501,WI - Wausau,29,$28709.44,$9481.41,$8787.65
291 - HEART FAILURE & SHOCK W MCC,520021,UNITED HSPTL SYS,6308 EIGHTH AVE,KENOSHA,WI,53143,WI - Milwaukee,59,$25239.37,$9215.32,$8604.59
291 - HEART FAILURE & SHOCK W MCC,520027,"COLUMBIA ST MARY'S HOSPITAL OZAUKEE, INC",13111 N PORT WASHINGTON RD,MEQUON,WI,53097,WI - Milwaukee,30,$32484.43,$8458.40,$7559.20
291 - HEART FAILURE & SHOCK W MCC,520033,RIVERVIEW HSPTL ASSOC,410 DEWEY ST PO BOX 8080,WISCONSIN RAPID,WI,54495,WI - Marshfield,24,$15353.75,$9252.54,$8434.50
291 - HEART FAILURE & SHOCK W MCC,520034,AURORA MED CTR MANITOWOC CTY,5000 MEMORIAL DR,TWO RIVERS,WI,54241,WI - Green Bay,13,$16750.53,$9712.15,$9284.15
291 - HEART FAILURE & SHOCK W MCC,520035,AURORA SHEBOYGAN MEM MED CTR,2629 N 7TH ST,SHEBOYGAN,WI,53083,WI - Milwaukee,18,$15346.55,$8155.16,$7152.50
291 - HEART FAILURE & SHOCK W MCC,520037,MINISTRY SAINT JOSEPH'S HOSPITAL,611 ST JOSEPH AVE,MARSHFIELD,WI,54449,WI - Marshfield,68,$28399.88,$11408.64,$10066.45
291 - HEART FAILURE & SHOCK W MCC,520038,AURORA MED CENTER-WASHINGTON COUNTY,1032 E SUMNER ST,HARTFORD,WI,53027,WI - Milwaukee,18,$23868.72,$8018.77,$7580.33
291 - HEART FAILURE & SHOCK W MCC,520041,DIVINE SAVIOR HLTHCARE,"2817 NEW PINERY RD, P O BOX 387",PORTAGE,WI,53901,WI - Madison,25,$22078.68,$10939.56,$9541.44
291 - HEART FAILURE & SHOCK W MCC,520044,ST NICHOLAS HOSPITAL,3100 SUPERIOR AVE,SHEBOYGAN,WI,53081,WI - Milwaukee,22,$24292.04,$8913.09,$6676.18
291 - HEART FAILURE & SHOCK W MCC,520048,MERCY MED CTR OF OSHKOSH,500 S OAKWOOD RD,OSHKOSH,WI,54904,WI - Neenah,26,$15132.19,$8707.19,$7482.80
291 - HEART FAILURE & SHOCK W MCC,520049,BELLIN MEMORIAL HSPTL,744 S WEBSTER AVE,GREEN BAY,WI,54305,WI - Green Bay,31,$15063.35,$7947.09,$7219.87
291 - HEART FAILURE & SHOCK W MCC,520051,COLUMBIA ST MARYS HSPTL  MILW (COL & MILW CAMPUS),2323 N LAKE DR,MILWAUKEE,WI,53211,WI - Milwaukee,36,$36878.30,$11712.50,$10986.97
291 - HEART FAILURE & SHOCK W MCC,520057,ST CLARE HSPTL HLTH SVCS,707 14TH ST,BARABOO,WI,53913,WI - Madison,20,$23438.05,$9502.10,$7744.35
291 - HEART FAILURE & SHOCK W MCC,520062,OCONOMOWOC MEM HSPTL,791 E SUMMIT AVE,OCONOMOWOC,WI,53066,WI - Milwaukee,36,$23050.11,$8028.55,$7356.05
291 - HEART FAILURE & SHOCK W MCC,520063,ST JOSEPHS COM HSPTL WEST BEND,3200 PLEASANT VALLEY ROAD,WEST BEND,WI,53095,WI - Milwaukee,11,$15193.54,$8193.00,$7575.54
291 - HEART FAILURE & SHOCK W MCC,520066,MERCY HLTH SYS CORP,1000 MINERAL POINT AVE,JANESVILLE,WI,53548,WI - Madison,57,$21354.35,$9153.35,$8520.64
291 - HEART FAILURE & SHOCK W MCC,520070,MAYO CLINIC HEALTH SYSTEM EAU CLAIRE HOSPITAL,1221 WHIPPLE ST,EAU CLAIRE,WI,54703,MN - Minneapolis,78,$25517.47,$8638.37,$7673.19
291 - HEART FAILURE & SHOCK W MCC,520071,FORT HEALTHCARE,611 SHERMAN AVE E,FORT ATKINSON,WI,53538,WI - Madison,27,$25318.74,$9191.85,$8429.18
291 - HEART FAILURE & SHOCK W MCC,520075,ST VINCENT HSPTL,835 S VAN BUREN ST,GREEN BAY,WI,54301,WI - Green Bay,44,$15238.75,$8598.77,$7884.95
291 - HEART FAILURE & SHOCK W MCC,520076,BEAVER DAM COM HSPTL,707 S UNIVERSITY AVE,BEAVER DAM,WI,53916,WI - Madison,11,$27623.81,$8636.18,$8121.63
291 - HEART FAILURE & SHOCK W MCC,520078,WHEATON FRANCISCAN HEALTHCARE- ST FRANCIS,3237 S 16TH ST,MILWAUKEE,WI,53215,WI - Milwaukee,64,$31323.93,$10157.06,$9384.31
291 - HEART FAILURE & SHOCK W MCC,520083,ST MARY'S HOSPITAL,700 SOUTH PARK ST,MADISON,WI,53715,WI - Madison,113,$32476.81,$10727.89,$9011.87
291 - HEART FAILURE & SHOCK W MCC,520087,GUNDERSEN LUTH MED CTR,1910 SOUTH AVE,LA CROSSE,WI,54601,WI - La Crosse,51,$19397.01,$9858.43,$8920.33
291 - HEART FAILURE & SHOCK W MCC,520089,MERITER HSPTL,202 S PARK ST,MADISON,WI,53715,WI - Madison,62,$39430.24,$10685.82,$9925.19
291 - HEART FAILURE & SHOCK W MCC,520091,HOWARD YOUNG MED CTR,240 MAPLE ST PO BOX 470,WOODRUFF,WI,54568,WI - Marshfield,30,$22456.56,$10391.50,$9583.43
291 - HEART FAILURE & SHOCK W MCC,520096,WHEATON FRANCISCAN HEALTHCARE- ALL SAINTS,3801 SPRING ST,RACINE,WI,53405,WI - Milwaukee,129,$20639.31,$9943.29,$9346.65
291 - HEART FAILURE & SHOCK W MCC,520097,ST MARYS HSPTL MED CTR,1726 SHAWANO AVE,GREEN BAY,WI,54303,WI - Green Bay,34,$19874.05,$8300.32,$7441.26
291 - HEART FAILURE & SHOCK W MCC,520098,UNIVERSITY OF WI  HOSPITALS & CLINICS AUTHORITY,600 HIGHLAND AVENUE,MADISON,WI,53792,WI - Madison,53,$30263.28,$16378.45,$13505.54
291 - HEART FAILURE & SHOCK W MCC,520100,BELOIT MEM HSPTL,1969 W HART RD,BELOIT,WI,53511,WI - Madison,32,$40841.96,$10615.00,$10054.00
291 - HEART FAILURE & SHOCK W MCC,520102,AURORA LAKELAND MED CTR,W3985 CTY RD NN,ELKHORN,WI,53121,WI - Milwaukee,14,$25199.85,$9003.71,$8278.28
291 - HEART FAILURE & SHOCK W MCC,520103,COMMUNITY MEM HSPTL,W180 N8085 TOWN HALL RD,MENOMONEE FALLS,WI,53051,WI - Milwaukee,49,$19830.77,$8321.79,$7565.42
291 - HEART FAILURE & SHOCK W MCC,520107,HOLY FAMILY MEMORIAL INC,2300 WESTERN AVE PO BOX 1450,MANITOWOC,WI,54221,WI - Green Bay,14,$21156.28,$8115.00,$7391.85
291 - HEART FAILURE & SHOCK W MCC,520136,"WHEATON FRANCISCAN, INC- ST JOSEPH",5000 W CHAMBERS ST,MILWAUKEE,WI,53210,WI - Milwaukee,114,$23062.28,$12015.46,$10988.50
291 - HEART FAILURE & SHOCK W MCC,520138,AURORA ST LUKES MEDICAL CENTER,2900 W OKLAHOMA AVE,MILWAUKEE,WI,53215,WI - Milwaukee,236,$37556.17,$11202.72,$10408.38
291 - HEART FAILURE & SHOCK W MCC,520139,AURORA WEST ALLIS MEDICAL CENTER,8901 W LINCOLN AVE,WEST ALLIS,WI,53227,WI - Milwaukee,49,$30564.75,$8743.14,$8203.51
291 - HEART FAILURE & SHOCK W MCC,520160,APPLETON MED CTR,1818 N MEADE ST,APPLETON,WI,54911,WI - Appleton,50,$11836.80,$8530.02,$7153.24
291 - HEART FAILURE & SHOCK W MCC,520170,WHEATON FRANCISCAN INC - ELMBROOK MEMORIAL,19333 W NORTH AVE,BROOKFIELD,WI,53045,WI - Milwaukee,30,$21539.50,$8623.03,$7147.56
291 - HEART FAILURE & SHOCK W MCC,520177,FROEDTERT MEM LUTHERAN HSPTL,9200 W WISCONSIN AVE,MILWAUKEE,WI,53226,WI - Milwaukee,71,$31492.19,$13833.22,$13129.97
291 - HEART FAILURE & SHOCK W MCC,520189,AURORA MED CTR KENOSHA,10400 75TH ST,KENOSHA,WI,53142,WI - Milwaukee,14,$34269.14,$9473.78,$8757.50
291 - HEART FAILURE & SHOCK W MCC,520193,AURORA BAYCARE MED CTR,2845 GREENBRIER RD PO BOX 8900,GREEN BAY,WI,54311,WI - Green Bay,22,$28009.59,$8725.90,$7905.54
291 - HEART FAILURE & SHOCK W MCC,520198,AURORA MED CTR OSHKOSH,855 N WESTHAVEN DRIVE,OSHKOSH,WI,54904,WI - Neenah,20,$24907.80,$8425.80,$7751.40
291 - HEART FAILURE & SHOCK W MCC,520202,ST CLARE'S HOSPITAL OF WESTON INC,3400 MINISTRY PARKWAY,WESTON,WI,54476,WI - Wausau,48,$13993.37,$8455.22,$7314.29
291 - HEART FAILURE & SHOCK W MCC,520204,"WHEATON FRANCISCAN HEALTHCARE- FRANKLIN, INC",10101 SOUTH 27TH STREET,FRANKLIN,WI,53132,WI - Milwaukee,14,$34486.07,$9722.85,$8921.14
291 - HEART FAILURE & SHOCK W MCC,520206,AURORA MEDICAL CENTER,36500 AURORA DRIVE,SUMMIT,WI,53066,WI - Milwaukee,11,$17039.36,$7192.54,$6475.09
292 - HEART FAILURE & SHOCK W CC,520002,MINISTRY ST MICHAELS HOSPITAL OF STEVENS POINT,900 ILLINOIS AVE,STEVENS POINT,WI,54481,WI - Marshfield,37,$15994.56,$5888.67,$5065.86
292 - HEART FAILURE & SHOCK W CC,520004,"MAYO CLINIC HLTH SYSTEM- FRANCISCAN MED CTR, INC",700 WEST AVE S,LA CROSSE,WI,54601,WI - La Crosse,40,$18404.92,$6792.82,$6068.90
292 - HEART FAILURE & SHOCK W CC,520008,WAUKESHA MEMORIAL HOSPITAL,725 AMERICAN AVE,WAUKESHA,WI,53188,WI - Milwaukee,120,$17596.02,$6301.17,$5269.65
292 - HEART FAILURE & SHOCK W CC,520009,ST ELIZABETH HSPTL,1506 S ONEIDA ST,APPLETON,WI,54915,WI - Appleton,27,$12231.55,$6030.88,$5407.92
292 - HEART FAILURE & SHOCK W CC,520011,LAKEVIEW MED CENTER,1700 WEST STOUT STREET,RICE LAKE,WI,54868,WI - Marshfield,38,$11582.84,$6073.52,$5308.26
292 - HEART FAILURE & SHOCK W CC,520013,SACRED HEART HSPTL,900 W CLAIREMONT AVE,EAU CLAIRE,WI,54701,MN - Minneapolis,50,$16618.38,$6790.98,$6048.98
292 - HEART FAILURE & SHOCK W CC,520017,ST JOSEPHS HSPTL,2661 CTY HWY I,CHIPPEWA FALLS,WI,54729,WI - Marshfield,20,$12796.50,$6808.45,$6244.05
292 - HEART FAILURE & SHOCK W CC,520019,MINISTRY ST MARYS HOSPITAL,2251 NORTH SHORE DR,RHINELANDER,WI,54501,WI - Wausau,23,$18279.26,$6498.91,$5718.39
292 - HEART FAILURE & SHOCK W CC,520021,UNITED HSPTL SYS,6308 EIGHTH AVE,KENOSHA,WI,53143,WI - Milwaukee,81,$18272.20,$6246.96,$5171.33
292 - HEART FAILURE & SHOCK W CC,520027,"COLUMBIA ST MARY'S HOSPITAL OZAUKEE, INC",13111 N PORT WASHINGTON RD,MEQUON,WI,53097,WI - Milwaukee,76,$18916.67,$5776.82,$4892.35
292 - HEART FAILURE & SHOCK W CC,520028,THE MONROE CLINIC,2005 5TH STREET,MONROE,WI,53566,WI - Madison,36,$16328.88,$6249.58,$5533.47
292 - HEART FAILURE & SHOCK W CC,520030,ASPIRUS WAUSAU HOSPITAL,333 PINE RIDGE BLVD,WAUSAU,WI,54401,WI - Wausau,171,$17834.22,$6329.25,$5111.40
292 - HEART FAILURE & SHOCK W CC,520033,RIVERVIEW HSPTL ASSOC,410 DEWEY ST PO BOX 8080,WISCONSIN RAPID,WI,54495,WI - Marshfield,25,$12072.04,$6696.60,$5846.52
292 - HEART FAILURE & SHOCK W CC,520034,AURORA MED CTR MANITOWOC CTY,5000 MEMORIAL DR,TWO RIVERS,WI,54241,WI - Green Bay,24,$13864.37,$6834.95,$6136.79
292 - HEART FAILURE & SHOCK W CC,520035,AURORA SHEBOYGAN MEM MED CTR,2629 N 7TH ST,SHEBOYGAN,WI,53083,WI - Milwaukee,45,$13548.55,$5660.42,$4810.82
292 - HEART FAILURE & SHOCK W CC,520037,MINISTRY SAINT JOSEPH'S HOSPITAL,611 ST JOSEPH AVE,MARSHFIELD,WI,54449,WI - Marshfield,112,$15861.90,$7428.16,$6524.73
292 - HEART FAILURE & SHOCK W CC,520038,AURORA MED CENTER-WASHINGTON COUNTY,1032 E SUMNER ST,HARTFORD,WI,53027,WI - Milwaukee,37,$21166.35,$6023.78,$4827.75
292 - HEART FAILURE & SHOCK W CC,520041,DIVINE SAVIOR HLTHCARE,"2817 NEW PINERY RD, P O BOX 387",PORTAGE,WI,53901,WI - Madison,26,$16282.50,$7067.53,$6179.30
292 - HEART FAILURE & SHOCK W CC,520044,ST NICHOLAS HOSPITAL,3100 SUPERIOR AVE,SHEBOYGAN,WI,53081,WI - Milwaukee,24,$11618.20,$5178.75,$4244.75
292 - HEART FAILURE & SHOCK W CC,520045,THEDA CLARK MED CTR,130 2ND ST,NEENAH,WI,54956,WI - Neenah,40,$8935.20,$5929.85,$5200.45
292 - HEART FAILURE & SHOCK W CC,520048,MERCY MED CTR OF OSHKOSH,500 S OAKWOOD RD,OSHKOSH,WI,54904,WI - Neenah,25,$10510.44,$5918.56,$5018.08
292 - HEART FAILURE & SHOCK W CC,520049,BELLIN MEMORIAL HSPTL,744 S WEBSTER AVE,GREEN BAY,WI,54305,WI - Green Bay,70,$12285.20,$6003.87,$4859.72
292 - HEART FAILURE & SHOCK W CC,520051,COLUMBIA ST MARYS HSPTL  MILW (COL & MILW CAMPUS),2323 N LAKE DR,MILWAUKEE,WI,53211,WI - Milwaukee,82,$22409.23,$7513.97,$6668.93
292 - HEART FAILURE & SHOCK W CC,520057,ST CLARE HSPTL HLTH SVCS,707 14TH ST,BARABOO,WI,53913,WI - Madison,41,$21452.90,$6605.78,$5949.39
292 - HEART FAILURE & SHOCK W CC,520059,AURORA MEMORIAL HSPTL BURLINGTON,252 MCHENRY ST,BURLINGTON,WI,53105,WI - Milwaukee,42,$17132.97,$5712.52,$5017.85
292 - HEART FAILURE & SHOCK W CC,520062,OCONOMOWOC MEM HSPTL,791 E SUMMIT AVE,OCONOMOWOC,WI,53066,WI - Milwaukee,21,$13905.95,$5755.66,$4899.28
292 - HEART FAILURE & SHOCK W CC,520063,ST JOSEPHS COM HSPTL WEST BEND,3200 PLEASANT VALLEY ROAD,WEST BEND,WI,53095,WI - Milwaukee,31,$16030.00,$5763.96,$5185.90
292 - HEART FAILURE & SHOCK W CC,520066,MERCY HLTH SYS CORP,1000 MINERAL POINT AVE,JANESVILLE,WI,53548,WI - Madison,80,$17691.25,$6347.15,$5684.90
292 - HEART FAILURE & SHOCK W CC,520070,MAYO CLINIC HEALTH SYSTEM EAU CLAIRE HOSPITAL,1221 WHIPPLE ST,EAU CLAIRE,WI,54703,MN - Minneapolis,96,$17687.89,$5907.02,$5029.88
292 - HEART FAILURE & SHOCK W CC,520071,FORT HEALTHCARE,611 SHERMAN AVE E,FORT ATKINSON,WI,53538,WI - Madison,31,$20474.29,$5921.67,$5091.77
292 - HEART FAILURE & SHOCK W CC,520075,ST VINCENT HSPTL,835 S VAN BUREN ST,GREEN BAY,WI,54301,WI - Green Bay,34,$12393.23,$5884.76,$5157.00
292 - HEART FAILURE & SHOCK W CC,520076,BEAVER DAM COM HSPTL,707 S UNIVERSITY AVE,BEAVER DAM,WI,53916,WI - Madison,30,$16900.40,$6161.56,$5521.16
292 - HEART FAILURE & SHOCK W CC,520078,WHEATON FRANCISCAN HEALTHCARE- ST FRANCIS,3237 S 16TH ST,MILWAUKEE,WI,53215,WI - Milwaukee,54,$21027.53,$6917.88,$5926.38
292 - HEART FAILURE & SHOCK W CC,520083,ST MARY'S HOSPITAL,700 SOUTH PARK ST,MADISON,WI,53715,WI - Madison,209,$21310.33,$6944.56,$6026.56
292 - HEART FAILURE & SHOCK W CC,520087,GUNDERSEN LUTH MED CTR,1910 SOUTH AVE,LA CROSSE,WI,54601,WI - La Crosse,54,$17861.53,$6778.00,$6046.66
292 - HEART FAILURE & SHOCK W CC,520088,ST AGNES HSPTL,430 E DIVISON ST,FOND DU LAC,WI,54935,WI - Milwaukee,40,$19013.60,$5952.60,$5070.45
292 - HEART FAILURE & SHOCK W CC,520089,MERITER HSPTL,202 S PARK ST,MADISON,WI,53715,WI - Madison,125,$27683.49,$7739.11,$6565.07
292 - HEART FAILURE & SHOCK W CC,520091,HOWARD YOUNG MED CTR,240 MAPLE ST PO BOX 470,WOODRUFF,WI,54568,WI - Marshfield,26,$15232.61,$7163.30,$6383.30
292 - HEART FAILURE & SHOCK W CC,520095,SAUK PRAIRIE MEM HSPTL,80 FIRST ST,PRAIRIE DU SAC,WI,53578,WI - Madison,15,$14830.53,$6871.06,$6198.26
292 - HEART FAILURE & SHOCK W CC,520096,WHEATON FRANCISCAN HEALTHCARE- ALL SAINTS,3801 SPRING ST,RACINE,WI,53405,WI - Milwaukee,144,$13641.52,$6847.75,$6078.91
292 - HEART FAILURE & SHOCK W CC,520097,ST MARYS HSPTL MED CTR,1726 SHAWANO AVE,GREEN BAY,WI,54303,WI - Green Bay,22,$13332.77,$5633.00,$4646.90
292 - HEART FAILURE & SHOCK W CC,520098,UNIVERSITY OF WI  HOSPITALS & CLINICS AUTHORITY,600 HIGHLAND AVENUE,MADISON,WI,53792,WI - Madison,98,$19413.38,$10757.30,$9718.58
292 - HEART FAILURE & SHOCK W CC,520100,BELOIT MEM HSPTL,1969 W HART RD,BELOIT,WI,53511,WI - Madison,62,$25777.56,$6050.96,$5265.25
292 - HEART FAILURE & SHOCK W CC,520102,AURORA LAKELAND MED CTR,W3985 CTY RD NN,ELKHORN,WI,53121,WI - Milwaukee,30,$20707.80,$6217.10,$5617.63
292 - HEART FAILURE & SHOCK W CC,520103,COMMUNITY MEM HSPTL,W180 N8085 TOWN HALL RD,MENOMONEE FALLS,WI,53051,WI - Milwaukee,48,$11899.04,$5738.56,$5058.64
292 - HEART FAILURE & SHOCK W CC,520107,HOLY FAMILY MEMORIAL INC,2300 WESTERN AVE PO BOX 1450,MANITOWOC,WI,54221,WI - Green Bay,29,$14328.13,$5890.58,$5037.79
292 - HEART FAILURE & SHOCK W CC,520109,"MILE BLUFF MEDICAL CENTER, INC",1050 DIVISION ST,MAUSTON,WI,53948,WI - Madison,20,$18096.55,$6556.75,$5832.45
292 - HEART FAILURE & SHOCK W CC,520113,BAY AREA MED CTR,3100 SHORE DR,MARINETTE,WI,54143,WI - Green Bay,86,$18285.00,$6216.41,$5445.70
292 - HEART FAILURE & SHOCK W CC,520116,UW HLTH PARTNERS - WATERTOWN REGIONAL MEDICAL CTR,125 HOSPITAL DR,WATERTOWN,WI,53098,WI - Madison,19,$14221.26,$6671.05,$5785.78
292 - HEART FAILURE & SHOCK W CC,520136,"WHEATON FRANCISCAN, INC- ST JOSEPH",5000 W CHAMBERS ST,MILWAUKEE,WI,53210,WI - Milwaukee,111,$17429.60,$8342.30,$7539.00
292 - HEART FAILURE & SHOCK W CC,520138,AURORA ST LUKES MEDICAL CENTER,2900 W OKLAHOMA AVE,MILWAUKEE,WI,53215,WI - Milwaukee,320,$24540.41,$7492.41,$6690.29
292 - HEART FAILURE & SHOCK W CC,520139,AURORA WEST ALLIS MEDICAL CENTER,8901 W LINCOLN AVE,WEST ALLIS,WI,53227,WI - Milwaukee,67,$23881.10,$6132.46,$5332.10
292 - HEART FAILURE & SHOCK W CC,520160,APPLETON MED CTR,1818 N MEADE ST,APPLETON,WI,54911,WI - Appleton,45,$9128.00,$5581.37,$4754.80
292 - HEART FAILURE & SHOCK W CC,520170,WHEATON FRANCISCAN INC - ELMBROOK MEMORIAL,19333 W NORTH AVE,BROOKFIELD,WI,53045,WI - Milwaukee,36,$15833.16,$5547.22,$4766.44
292 - HEART FAILURE & SHOCK W CC,520177,FROEDTERT MEM LUTHERAN HSPTL,9200 W WISCONSIN AVE,MILWAUKEE,WI,53226,WI - Milwaukee,154,$16909.85,$9258.79,$8583.69
292 - HEART FAILURE & SHOCK W CC,520189,AURORA MED CTR KENOSHA,10400 75TH ST,KENOSHA,WI,53142,WI - Milwaukee,33,$18429.12,$7123.66,$5386.39
292 - HEART FAILURE & SHOCK W CC,520193,AURORA BAYCARE MED CTR,2845 GREENBRIER RD PO BOX 8900,GREEN BAY,WI,54311,WI - Green Bay,29,$15038.68,$6135.24,$5437.03
292 - HEART FAILURE & SHOCK W CC,520198,AURORA MED CTR OSHKOSH,855 N WESTHAVEN DRIVE,OSHKOSH,WI,54904,WI - Neenah,32,$21423.59,$6214.53,$5404.90
292 - HEART FAILURE & SHOCK W CC,520202,ST CLARE'S HOSPITAL OF WESTON INC,3400 MINISTRY PARKWAY,WESTON,WI,54476,WI - Wausau,27,$10730.55,$5764.37,$5056.37
292 - HEART FAILURE & SHOCK W CC,520204,"WHEATON FRANCISCAN HEALTHCARE- FRANKLIN, INC",10101 SOUTH 27TH STREET,FRANKLIN,WI,53132,WI - Milwaukee,19,$14151.42,$5213.00,$4501.42
292 - HEART FAILURE & SHOCK W CC,520206,AURORA MEDICAL CENTER,36500 AURORA DRIVE,SUMMIT,WI,53066,WI - Milwaukee,16,$12292.25,$5134.43,$4503.68
292 - HEART FAILURE & SHOCK W CC,520207,AURORA MEDICAL CENTER,975 PORT WASHINGTON ROAD,GRAFTON,WI,53024,WI - Milwaukee,24,$18388.87,$5274.75,$4567.25
293 - HEART FAILURE & SHOCK W/O CC/MCC,520002,MINISTRY ST MICHAELS HOSPITAL OF STEVENS POINT,900 ILLINOIS AVE,STEVENS POINT,WI,54481,WI - Marshfield,14,$8578.50,$3890.07,$3088.35
293 - HEART FAILURE & SHOCK W/O CC/MCC,520004,"MAYO CLINIC HLTH SYSTEM- FRANCISCAN MED CTR, INC",700 WEST AVE S,LA CROSSE,WI,54601,WI - La Crosse,20,$13050.30,$4631.20,$4013.40
293 - HEART FAILURE & SHOCK W/O CC/MCC,520008,WAUKESHA MEMORIAL HOSPITAL,725 AMERICAN AVE,WAUKESHA,WI,53188,WI - Milwaukee,39,$13660.74,$4232.23,$3178.82
293 - HEART FAILURE & SHOCK W/O CC/MCC,520009,ST ELIZABETH HSPTL,1506 S ONEIDA ST,APPLETON,WI,54915,WI - Appleton,11,$9286.90,$4089.90,$3269.54
293 - HEART FAILURE & SHOCK W/O CC/MCC,520011,LAKEVIEW MED CENTER,1700 WEST STOUT STREET,RICE LAKE,WI,54868,WI - Marshfield,15,$7331.53,$4078.00,$3252.13
293 - HEART FAILURE & SHOCK W/O CC/MCC,520013,SACRED HEART HSPTL,900 W CLAIREMONT AVE,EAU CLAIRE,WI,54701,MN - Minneapolis,24,$13541.45,$4545.87,$3753.37
293 - HEART FAILURE & SHOCK W/O CC/MCC,520019,MINISTRY ST MARYS HOSPITAL,2251 NORTH SHORE DR,RHINELANDER,WI,54501,WI - Wausau,12,$13582.00,$4455.00,$3611.33
293 - HEART FAILURE & SHOCK W/O CC/MCC,520021,UNITED HSPTL SYS,6308 EIGHTH AVE,KENOSHA,WI,53143,WI - Milwaukee,76,$12944.90,$4079.61,$3351.44
293 - HEART FAILURE & SHOCK W/O CC/MCC,520027,"COLUMBIA ST MARY'S HOSPITAL OZAUKEE, INC",13111 N PORT WASHINGTON RD,MEQUON,WI,53097,WI - Milwaukee,24,$12368.62,$4229.54,$2880.45
293 - HEART FAILURE & SHOCK W/O CC/MCC,520028,THE MONROE CLINIC,2005 5TH STREET,MONROE,WI,53566,WI - Madison,19,$11412.68,$4276.47,$3272.05
293 - HEART FAILURE & SHOCK W/O CC/MCC,520030,ASPIRUS WAUSAU HOSPITAL,333 PINE RIDGE BLVD,WAUSAU,WI,54401,WI - Wausau,33,$11318.72,$4197.81,$3190.36
293 - HEART FAILURE & SHOCK W/O CC/MCC,520033,RIVERVIEW HSPTL ASSOC,410 DEWEY ST PO BOX 8080,WISCONSIN RAPID,WI,54495,WI - Marshfield,12,$10531.41,$4389.91,$3729.58
293 - HEART FAILURE & SHOCK W/O CC/MCC,520037,MINISTRY SAINT JOSEPH'S HOSPITAL,611 ST JOSEPH AVE,MARSHFIELD,WI,54449,WI - Marshfield,30,$13052.96,$4834.03,$3982.03
293 - HEART FAILURE & SHOCK W/O CC/MCC,520041,DIVINE SAVIOR HLTHCARE,"2817 NEW PINERY RD, P O BOX 387",PORTAGE,WI,53901,WI - Madison,20,$12487.90,$4771.45,$3980.65
293 - HEART FAILURE & SHOCK W/O CC/MCC,520045,THEDA CLARK MED CTR,130 2ND ST,NEENAH,WI,54956,WI - Neenah,12,$8405.33,$3926.33,$3182.33
293 - HEART FAILURE & SHOCK W/O CC/MCC,520048,MERCY MED CTR OF OSHKOSH,500 S OAKWOOD RD,OSHKOSH,WI,54904,WI - Neenah,20,$7834.85,$3974.55,$2905.55
293 - HEART FAILURE & SHOCK W/O CC/MCC,520049,BELLIN MEMORIAL HSPTL,744 S WEBSTER AVE,GREEN BAY,WI,54305,WI - Green Bay,23,$10329.65,$3851.65,$2923.47
293 - HEART FAILURE & SHOCK W/O CC/MCC,520051,COLUMBIA ST MARYS HSPTL  MILW (COL & MILW CAMPUS),2323 N LAKE DR,MILWAUKEE,WI,53211,WI - Milwaukee,28,$15137.17,$4909.60,$4277.42
293 - HEART FAILURE & SHOCK W/O CC/MCC,520057,ST CLARE HSPTL HLTH SVCS,707 14TH ST,BARABOO,WI,53913,WI - Madison,17,$17417.88,$4623.70,$3565.82
293 - HEART FAILURE & SHOCK W/O CC/MCC,520059,AURORA MEMORIAL HSPTL BURLINGTON,252 MCHENRY ST,BURLINGTON,WI,53105,WI - Milwaukee,17,$10590.35,$4814.29,$2944.00
293 - HEART FAILURE & SHOCK W/O CC/MCC,520063,ST JOSEPHS COM HSPTL WEST BEND,3200 PLEASANT VALLEY ROAD,WEST BEND,WI,53095,WI - Milwaukee,22,$12708.00,$3774.36,$2905.45
293 - HEART FAILURE & SHOCK W/O CC/MCC,520066,MERCY HLTH SYS CORP,1000 MINERAL POINT AVE,JANESVILLE,WI,53548,WI - Madison,43,$12640.11,$4450.97,$3541.67
293 - HEART FAILURE & SHOCK W/O CC/MCC,520070,MAYO CLINIC HEALTH SYSTEM EAU CLAIRE HOSPITAL,1221 WHIPPLE ST,EAU CLAIRE,WI,54703,MN - Minneapolis,49,$11291.77,$4033.63,$3087.44
293 - HEART FAILURE & SHOCK W/O CC/MCC,520071,FORT HEALTHCARE,611 SHERMAN AVE E,FORT ATKINSON,WI,53538,WI - Madison,21,$13811.71,$4075.85,$3222.52
293 - HEART FAILURE & SHOCK W/O CC/MCC,520075,ST VINCENT HSPTL,835 S VAN BUREN ST,GREEN BAY,WI,54301,WI - Green Bay,11,$8765.54,$4091.36,$3482.63
293 - HEART FAILURE & SHOCK W/O CC/MCC,520076,BEAVER DAM COM HSPTL,707 S UNIVERSITY AVE,BEAVER DAM,WI,53916,WI - Madison,20,$18762.10,$4545.30,$3757.65
293 - HEART FAILURE & SHOCK W/O CC/MCC,520078,WHEATON FRANCISCAN HEALTHCARE- ST FRANCIS,3237 S 16TH ST,MILWAUKEE,WI,53215,WI - Milwaukee,15,$12265.26,$4860.60,$3607.00
293 - HEART FAILURE & SHOCK W/O CC/MCC,520083,ST MARY'S HOSPITAL,700 SOUTH PARK ST,MADISON,WI,53715,WI - Madison,68,$16107.79,$4853.66,$3891.36
293 - HEART FAILURE & SHOCK W/O CC/MCC,520088,ST AGNES HSPTL,430 E DIVISON ST,FOND DU LAC,WI,54935,WI - Milwaukee,19,$13609.21,$4077.63,$3425.63
293 - HEART FAILURE & SHOCK W/O CC/MCC,520089,MERITER HSPTL,202 S PARK ST,MADISON,WI,53715,WI - Madison,69,$20786.89,$4956.53,$4191.49
293 - HEART FAILURE & SHOCK W/O CC/MCC,520091,HOWARD YOUNG MED CTR,240 MAPLE ST PO BOX 470,WOODRUFF,WI,54568,WI - Marshfield,13,$13003.15,$4824.69,$4135.46
293 - HEART FAILURE & SHOCK W/O CC/MCC,520095,SAUK PRAIRIE MEM HSPTL,80 FIRST ST,PRAIRIE DU SAC,WI,53578,WI - Madison,13,$11297.23,$4652.76,$3789.38
293 - HEART FAILURE & SHOCK W/O CC/MCC,520096,WHEATON FRANCISCAN HEALTHCARE- ALL SAINTS,3801 SPRING ST,RACINE,WI,53405,WI - Milwaukee,40,$10740.50,$4534.02,$3840.00
293 - HEART FAILURE & SHOCK W/O CC/MCC,520097,ST MARYS HSPTL MED CTR,1726 SHAWANO AVE,GREEN BAY,WI,54303,WI - Green Bay,18,$10957.22,$3783.05,$2969.05
293 - HEART FAILURE & SHOCK W/O CC/MCC,520098,UNIVERSITY OF WI  HOSPITALS & CLINICS AUTHORITY,600 HIGHLAND AVENUE,MADISON,WI,53792,WI - Madison,36,$11581.58,$6976.72,$6182.86
293 - HEART FAILURE & SHOCK W/O CC/MCC,520100,BELOIT MEM HSPTL,1969 W HART RD,BELOIT,WI,53511,WI - Madison,40,$19392.77,$4150.05,$3362.45
293 - HEART FAILURE & SHOCK W/O CC/MCC,520102,AURORA LAKELAND MED CTR,W3985 CTY RD NN,ELKHORN,WI,53121,WI - Milwaukee,17,$12252.70,$4249.41,$3299.23
293 - HEART FAILURE & SHOCK W/O CC/MCC,520103,COMMUNITY MEM HSPTL,W180 N8085 TOWN HALL RD,MENOMONEE FALLS,WI,53051,WI - Milwaukee,28,$10307.78,$3878.00,$3037.00
293 - HEART FAILURE & SHOCK W/O CC/MCC,520107,HOLY FAMILY MEMORIAL INC,2300 WESTERN AVE PO BOX 1450,MANITOWOC,WI,54221,WI - Green Bay,18,$10224.11,$3874.88,$3066.22
293 - HEART FAILURE & SHOCK W/O CC/MCC,520113,BAY AREA MED CTR,3100 SHORE DR,MARINETTE,WI,54143,WI - Green Bay,25,$12806.96,$4106.00,$3118.80
293 - HEART FAILURE & SHOCK W/O CC/MCC,520116,UW HLTH PARTNERS - WATERTOWN REGIONAL MEDICAL CTR,125 HOSPITAL DR,WATERTOWN,WI,53098,WI - Madison,13,$9947.07,$4505.76,$3816.53
293 - HEART FAILURE & SHOCK W/O CC/MCC,520136,"WHEATON FRANCISCAN, INC- ST JOSEPH",5000 W CHAMBERS ST,MILWAUKEE,WI,53210,WI - Milwaukee,37,$12024.27,$5573.29,$4658.91
293 - HEART FAILURE & SHOCK W/O CC/MCC,520138,AURORA ST LUKES MEDICAL CENTER,2900 W OKLAHOMA AVE,MILWAUKEE,WI,53215,WI - Milwaukee,73,$17181.84,$4966.04,$4307.57
293 - HEART FAILURE & SHOCK W/O CC/MCC,520139,AURORA WEST ALLIS MEDICAL CENTER,8901 W LINCOLN AVE,WEST ALLIS,WI,53227,WI - Milwaukee,20,$18416.45,$4038.55,$3477.35
293 - HEART FAILURE & SHOCK W/O CC/MCC,520160,APPLETON MED CTR,1818 N MEADE ST,APPLETON,WI,54911,WI - Appleton,22,$6969.13,$3767.95,$3101.95
293 - HEART FAILURE & SHOCK W/O CC/MCC,520177,FROEDTERT MEM LUTHERAN HSPTL,9200 W WISCONSIN AVE,MILWAUKEE,WI,53226,WI - Milwaukee,45,$11990.31,$6189.26,$5453.93
293 - HEART FAILURE & SHOCK W/O CC/MCC,520189,AURORA MED CTR KENOSHA,10400 75TH ST,KENOSHA,WI,53142,WI - Milwaukee,19,$12835.47,$4357.57,$3281.57
293 - HEART FAILURE & SHOCK W/O CC/MCC,520202,ST CLARE'S HOSPITAL OF WESTON INC,3400 MINISTRY PARKWAY,WESTON,WI,54476,WI - Wausau,11,$6202.00,$4153.81,$2749.81
300 - PERIPHERAL VASCULAR DISORDERS W CC,520013,SACRED HEART HSPTL,900 W CLAIREMONT AVE,EAU CLAIRE,WI,54701,MN - Minneapolis,15,$16265.40,$6359.20,$5387.60
300 - PERIPHERAL VASCULAR DISORDERS W CC,520021,UNITED HSPTL SYS,6308 EIGHTH AVE,KENOSHA,WI,53143,WI - Milwaukee,13,$16778.53,$5861.00,$5176.69
300 - PERIPHERAL VASCULAR DISORDERS W CC,520027,"COLUMBIA ST MARY'S HOSPITAL OZAUKEE, INC",13111 N PORT WASHINGTON RD,MEQUON,WI,53097,WI - Milwaukee,15,$15282.53,$5448.20,$4699.93
300 - PERIPHERAL VASCULAR DISORDERS W CC,520030,ASPIRUS WAUSAU HOSPITAL,333 PINE RIDGE BLVD,WAUSAU,WI,54401,WI - Wausau,17,$16863.82,$5523.11,$4668.76
300 - PERIPHERAL VASCULAR DISORDERS W CC,520037,MINISTRY SAINT JOSEPH'S HOSPITAL,611 ST JOSEPH AVE,MARSHFIELD,WI,54449,WI - Marshfield,21,$14389.04,$8206.42,$5764.47
300 - PERIPHERAL VASCULAR DISORDERS W CC,520051,COLUMBIA ST MARYS HSPTL  MILW (COL & MILW CAMPUS),2323 N LAKE DR,MILWAUKEE,WI,53211,WI - Milwaukee,15,$17570.20,$6861.93,$6111.53
300 - PERIPHERAL VASCULAR DISORDERS W CC,520066,MERCY HLTH SYS CORP,1000 MINERAL POINT AVE,JANESVILLE,WI,53548,WI - Madison,15,$14321.33,$6102.26,$5354.00
300 - PERIPHERAL VASCULAR DISORDERS W CC,520070,MAYO CLINIC HEALTH SYSTEM EAU CLAIRE HOSPITAL,1221 WHIPPLE ST,EAU CLAIRE,WI,54703,MN - Minneapolis,12,$15461.08,$5510.25,$4574.91
300 - PERIPHERAL VASCULAR DISORDERS W CC,520078,WHEATON FRANCISCAN HEALTHCARE- ST FRANCIS,3237 S 16TH ST,MILWAUKEE,WI,53215,WI - Milwaukee,13,$17163.53,$6655.15,$6137.61
300 - PERIPHERAL VASCULAR DISORDERS W CC,520083,ST MARY'S HOSPITAL,700 SOUTH PARK ST,MADISON,WI,53715,WI - Madison,34,$16687.20,$6346.05,$5581.64
300 - PERIPHERAL VASCULAR DISORDERS W CC,520089,MERITER HSPTL,202 S PARK ST,MADISON,WI,53715,WI - Madison,17,$17671.23,$6891.64,$6425.52
300 - PERIPHERAL VASCULAR DISORDERS W CC,520096,WHEATON FRANCISCAN HEALTHCARE- ALL SAINTS,3801 SPRING ST,RACINE,WI,53405,WI - Milwaukee,22,$10688.27,$6374.77,$5607.31
300 - PERIPHERAL VASCULAR DISORDERS W CC,520098,UNIVERSITY OF WI  HOSPITALS & CLINICS AUTHORITY,600 HIGHLAND AVENUE,MADISON,WI,53792,WI - Madison,20,$22312.00,$9718.60,$9075.70
300 - PERIPHERAL VASCULAR DISORDERS W CC,520103,COMMUNITY MEM HSPTL,W180 N8085 TOWN HALL RD,MENOMONEE FALLS,WI,53051,WI - Milwaukee,11,$14303.81,$5287.54,$4467.18
300 - PERIPHERAL VASCULAR DISORDERS W CC,520138,AURORA ST LUKES MEDICAL CENTER,2900 W OKLAHOMA AVE,MILWAUKEE,WI,53215,WI - Milwaukee,65,$27945.72,$7252.67,$6525.16
300 - PERIPHERAL VASCULAR DISORDERS W CC,520139,AURORA WEST ALLIS MEDICAL CENTER,8901 W LINCOLN AVE,WEST ALLIS,WI,53227,WI - Milwaukee,27,$22900.14,$6049.55,$4836.74
300 - PERIPHERAL VASCULAR DISORDERS W CC,520177,FROEDTERT MEM LUTHERAN HSPTL,9200 W WISCONSIN AVE,MILWAUKEE,WI,53226,WI - Milwaukee,27,$15103.77,$8177.70,$7679.33
301 - PERIPHERAL VASCULAR DISORDERS W/O CC/MCC,520096,WHEATON FRANCISCAN HEALTHCARE- ALL SAINTS,3801 SPRING ST,RACINE,WI,53405,WI - Milwaukee,11,$6408.18,$4199.54,$3279.18
301 - PERIPHERAL VASCULAR DISORDERS W/O CC/MCC,520138,AURORA ST LUKES MEDICAL CENTER,2900 W OKLAHOMA AVE,MILWAUKEE,WI,53215,WI - Milwaukee,27,$22216.77,$4999.51,$3704.92
301 - PERIPHERAL VASCULAR DISORDERS W/O CC/MCC,520139,AURORA WEST ALLIS MEDICAL CENTER,8901 W LINCOLN AVE,WEST ALLIS,WI,53227,WI - Milwaukee,15,$13440.00,$4226.26,$2940.53
303 - ATHEROSCLEROSIS W/O MCC,520008,WAUKESHA MEMORIAL HOSPITAL,725 AMERICAN AVE,WAUKESHA,WI,53188,WI - Milwaukee,12,$15884.50,$3437.41,$2968.41
303 - ATHEROSCLEROSIS W/O MCC,520021,UNITED HSPTL SYS,6308 EIGHTH AVE,KENOSHA,WI,53143,WI - Milwaukee,20,$15847.60,$3715.50,$2874.50
303 - ATHEROSCLEROSIS W/O MCC,520030,ASPIRUS WAUSAU HOSPITAL,333 PINE RIDGE BLVD,WAUSAU,WI,54401,WI - Wausau,16,$9553.12,$3476.68,$2779.18
303 - ATHEROSCLEROSIS W/O MCC,520037,MINISTRY SAINT JOSEPH'S HOSPITAL,611 ST JOSEPH AVE,MARSHFIELD,WI,54449,WI - Marshfield,19,$10626.73,$4121.78,$3203.36
303 - ATHEROSCLEROSIS W/O MCC,520066,MERCY HLTH SYS CORP,1000 MINERAL POINT AVE,JANESVILLE,WI,53548,WI - Madison,11,$13635.45,$3905.00,$2831.63
303 - ATHEROSCLEROSIS W/O MCC,520070,MAYO CLINIC HEALTH SYSTEM EAU CLAIRE HOSPITAL,1221 WHIPPLE ST,EAU CLAIRE,WI,54703,MN - Minneapolis,18,$12480.66,$3280.94,$2465.16
303 - ATHEROSCLEROSIS W/O MCC,520083,ST MARY'S HOSPITAL,700 SOUTH PARK ST,MADISON,WI,53715,WI - Madison,20,$10730.75,$4256.40,$3027.60
303 - ATHEROSCLEROSIS W/O MCC,520087,GUNDERSEN LUTH MED CTR,1910 SOUTH AVE,LA CROSSE,WI,54601,WI - La Crosse,11,$12693.90,$3881.09,$2957.81
303 - ATHEROSCLEROSIS W/O MCC,520113,BAY AREA MED CTR,3100 SHORE DR,MARINETTE,WI,54143,WI - Green Bay,35,$13196.11,$3493.00,$2755.51
303 - ATHEROSCLEROSIS W/O MCC,520136,"WHEATON FRANCISCAN, INC- ST JOSEPH",5000 W CHAMBERS ST,MILWAUKEE,WI,53210,WI - Milwaukee,13,$10345.92,$4640.00,$3771.69
303 - ATHEROSCLEROSIS W/O MCC,520177,FROEDTERT MEM LUTHERAN HSPTL,9200 W WISCONSIN AVE,MILWAUKEE,WI,53226,WI - Milwaukee,14,$13860.07,$5150.85,$4266.00
305 - HYPERTENSION W/O MCC,520008,WAUKESHA MEMORIAL HOSPITAL,725 AMERICAN AVE,WAUKESHA,WI,53188,WI - Milwaukee,14,$14529.71,$3619.00,$2734.14
305 - HYPERTENSION W/O MCC,520021,UNITED HSPTL SYS,6308 EIGHTH AVE,KENOSHA,WI,53143,WI - Milwaukee,20,$10141.90,$3686.60,$2708.40
305 - HYPERTENSION W/O MCC,520070,MAYO CLINIC HEALTH SYSTEM EAU CLAIRE HOSPITAL,1221 WHIPPLE ST,EAU CLAIRE,WI,54703,MN - Minneapolis,17,$12795.82,$3458.64,$2532.05
305 - HYPERTENSION W/O MCC,520083,ST MARY'S HOSPITAL,700 SOUTH PARK ST,MADISON,WI,53715,WI - Madison,23,$13682.69,$4177.95,$3200.56
305 - HYPERTENSION W/O MCC,520089,MERITER HSPTL,202 S PARK ST,MADISON,WI,53715,WI - Madison,11,$19041.00,$4417.63,$3597.27
305 - HYPERTENSION W/O MCC,520096,WHEATON FRANCISCAN HEALTHCARE- ALL SAINTS,3801 SPRING ST,RACINE,WI,53405,WI - Milwaukee,15,$12927.13,$4135.00,$3087.00
305 - HYPERTENSION W/O MCC,520113,BAY AREA MED CTR,3100 SHORE DR,MARINETTE,WI,54143,WI - Green Bay,11,$11652.54,$3678.00,$2660.54
305 - HYPERTENSION W/O MCC,520138,AURORA ST LUKES MEDICAL CENTER,2900 W OKLAHOMA AVE,MILWAUKEE,WI,53215,WI - Milwaukee,16,$21469.25,$4517.56,$3369.68
305 - HYPERTENSION W/O MCC,520177,FROEDTERT MEM LUTHERAN HSPTL,9200 W WISCONSIN AVE,MILWAUKEE,WI,53226,WI - Milwaukee,19,$14480.21,$5838.15,$4411.78
308 - CARDIAC ARRHYTHMIA & CONDUCTION DISORDERS W MCC,520004,"MAYO CLINIC HLTH SYSTEM- FRANCISCAN MED CTR, INC",700 WEST AVE S,LA CROSSE,WI,54601,WI - La Crosse,12,$24845.83,$9770.50,$8905.91
308 - CARDIAC ARRHYTHMIA & CONDUCTION DISORDERS W MCC,520008,WAUKESHA MEMORIAL HOSPITAL,725 AMERICAN AVE,WAUKESHA,WI,53188,WI - Milwaukee,48,$20034.12,$7527.89,$6219.39
308 - CARDIAC ARRHYTHMIA & CONDUCTION DISORDERS W MCC,520009,ST ELIZABETH HSPTL,1506 S ONEIDA ST,APPLETON,WI,54915,WI - Appleton,16,$14198.81,$7483.56,$6148.81
308 - CARDIAC ARRHYTHMIA & CONDUCTION DISORDERS W MCC,520011,LAKEVIEW MED CENTER,1700 WEST STOUT STREET,RICE LAKE,WI,54868,WI - Marshfield,17,$12921.05,$7343.00,$6621.82
308 - CARDIAC ARRHYTHMIA & CONDUCTION DISORDERS W MCC,520013,SACRED HEART HSPTL,900 W CLAIREMONT AVE,EAU CLAIRE,WI,54701,MN - Minneapolis,39,$19247.00,$8128.41,$7349.64
308 - CARDIAC ARRHYTHMIA & CONDUCTION DISORDERS W MCC,520019,MINISTRY ST MARYS HOSPITAL,2251 NORTH SHORE DR,RHINELANDER,WI,54501,WI - Wausau,14,$19441.71,$7746.57,$7023.42
308 - CARDIAC ARRHYTHMIA & CONDUCTION DISORDERS W MCC,520021,UNITED HSPTL SYS,6308 EIGHTH AVE,KENOSHA,WI,53143,WI - Milwaukee,22,$26358.54,$7657.54,$6192.86
308 - CARDIAC ARRHYTHMIA & CONDUCTION DISORDERS W MCC,520027,"COLUMBIA ST MARY'S HOSPITAL OZAUKEE, INC",13111 N PORT WASHINGTON RD,MEQUON,WI,53097,WI - Milwaukee,23,$37727.08,$8707.04,$8048.82
308 - CARDIAC ARRHYTHMIA & CONDUCTION DISORDERS W MCC,520030,ASPIRUS WAUSAU HOSPITAL,333 PINE RIDGE BLVD,WAUSAU,WI,54401,WI - Wausau,50,$18876.64,$7361.24,$6606.00
308 - CARDIAC ARRHYTHMIA & CONDUCTION DISORDERS W MCC,520033,RIVERVIEW HSPTL ASSOC,410 DEWEY ST PO BOX 8080,WISCONSIN RAPID,WI,54495,WI - Marshfield,12,$16476.50,$8104.00,$7446.33
308 - CARDIAC ARRHYTHMIA & CONDUCTION DISORDERS W MCC,520037,MINISTRY SAINT JOSEPH'S HOSPITAL,611 ST JOSEPH AVE,MARSHFIELD,WI,54449,WI - Marshfield,34,$18578.85,$10113.52,$8143.38
308 - CARDIAC ARRHYTHMIA & CONDUCTION DISORDERS W MCC,520049,BELLIN MEMORIAL HSPTL,744 S WEBSTER AVE,GREEN BAY,WI,54305,WI - Green Bay,12,$15248.08,$6938.50,$6183.83
308 - CARDIAC ARRHYTHMIA & CONDUCTION DISORDERS W MCC,520051,COLUMBIA ST MARYS HSPTL  MILW (COL & MILW CAMPUS),2323 N LAKE DR,MILWAUKEE,WI,53211,WI - Milwaukee,11,$26578.00,$8953.36,$8238.81
308 - CARDIAC ARRHYTHMIA & CONDUCTION DISORDERS W MCC,520059,AURORA MEMORIAL HSPTL BURLINGTON,252 MCHENRY ST,BURLINGTON,WI,53105,WI - Milwaukee,15,$19087.00,$6989.06,$6318.40
308 - CARDIAC ARRHYTHMIA & CONDUCTION DISORDERS W MCC,520062,OCONOMOWOC MEM HSPTL,791 E SUMMIT AVE,OCONOMOWOC,WI,53066,WI - Milwaukee,14,$18924.57,$7141.42,$6344.28
308 - CARDIAC ARRHYTHMIA & CONDUCTION DISORDERS W MCC,520066,MERCY HLTH SYS CORP,1000 MINERAL POINT AVE,JANESVILLE,WI,53548,WI - Madison,17,$21088.70,$7667.11,$6742.41
308 - CARDIAC ARRHYTHMIA & CONDUCTION DISORDERS W MCC,520070,MAYO CLINIC HEALTH SYSTEM EAU CLAIRE HOSPITAL,1221 WHIPPLE ST,EAU CLAIRE,WI,54703,MN - Minneapolis,36,$19812.83,$7603.44,$6068.97
308 - CARDIAC ARRHYTHMIA & CONDUCTION DISORDERS W MCC,520071,FORT HEALTHCARE,611 SHERMAN AVE E,FORT ATKINSON,WI,53538,WI - Madison,12,$21631.91,$6746.66,$6089.00
308 - CARDIAC ARRHYTHMIA & CONDUCTION DISORDERS W MCC,520075,ST VINCENT HSPTL,835 S VAN BUREN ST,GREEN BAY,WI,54301,WI - Green Bay,16,$20568.43,$7625.43,$6366.25
308 - CARDIAC ARRHYTHMIA & CONDUCTION DISORDERS W MCC,520078,WHEATON FRANCISCAN HEALTHCARE- ST FRANCIS,3237 S 16TH ST,MILWAUKEE,WI,53215,WI - Milwaukee,24,$33790.04,$9053.58,$8447.08
308 - CARDIAC ARRHYTHMIA & CONDUCTION DISORDERS W MCC,520083,ST MARY'S HOSPITAL,700 SOUTH PARK ST,MADISON,WI,53715,WI - Madison,63,$23269.47,$8469.30,$7735.65
308 - CARDIAC ARRHYTHMIA & CONDUCTION DISORDERS W MCC,520087,GUNDERSEN LUTH MED CTR,1910 SOUTH AVE,LA CROSSE,WI,54601,WI - La Crosse,29,$17241.93,$9136.10,$7212.44
308 - CARDIAC ARRHYTHMIA & CONDUCTION DISORDERS W MCC,520088,ST AGNES HSPTL,430 E DIVISON ST,FOND DU LAC,WI,54935,WI - Milwaukee,17,$24745.29,$7438.64,$6521.47
308 - CARDIAC ARRHYTHMIA & CONDUCTION DISORDERS W MCC,520089,MERITER HSPTL,202 S PARK ST,MADISON,WI,53715,WI - Madison,48,$32885.39,$9469.60,$8195.02
308 - CARDIAC ARRHYTHMIA & CONDUCTION DISORDERS W MCC,520091,HOWARD YOUNG MED CTR,240 MAPLE ST PO BOX 470,WOODRUFF,WI,54568,WI - Marshfield,17,$19759.82,$8758.58,$7698.82
308 - CARDIAC ARRHYTHMIA & CONDUCTION DISORDERS W MCC,520096,WHEATON FRANCISCAN HEALTHCARE- ALL SAINTS,3801 SPRING ST,RACINE,WI,53405,WI - Milwaukee,42,$23309.88,$9017.47,$8076.54
308 - CARDIAC ARRHYTHMIA & CONDUCTION DISORDERS W MCC,520098,UNIVERSITY OF WI  HOSPITALS & CLINICS AUTHORITY,600 HIGHLAND AVENUE,MADISON,WI,53792,WI - Madison,29,$22587.89,$12188.06,$11411.79
308 - CARDIAC ARRHYTHMIA & CONDUCTION DISORDERS W MCC,520100,BELOIT MEM HSPTL,1969 W HART RD,BELOIT,WI,53511,WI - Madison,17,$27761.82,$7335.70,$6614.52
308 - CARDIAC ARRHYTHMIA & CONDUCTION DISORDERS W MCC,520107,HOLY FAMILY MEMORIAL INC,2300 WESTERN AVE PO BOX 1450,MANITOWOC,WI,54221,WI - Green Bay,12,$18952.08,$6899.33,$6053.00
308 - CARDIAC ARRHYTHMIA & CONDUCTION DISORDERS W MCC,520113,BAY AREA MED CTR,3100 SHORE DR,MARINETTE,WI,54143,WI - Green Bay,22,$20595.13,$7009.22,$6037.40
308 - CARDIAC ARRHYTHMIA & CONDUCTION DISORDERS W MCC,520136,"WHEATON FRANCISCAN, INC- ST JOSEPH",5000 W CHAMBERS ST,MILWAUKEE,WI,53210,WI - Milwaukee,38,$22521.44,$10194.94,$9070.13
308 - CARDIAC ARRHYTHMIA & CONDUCTION DISORDERS W MCC,520138,AURORA ST LUKES MEDICAL CENTER,2900 W OKLAHOMA AVE,MILWAUKEE,WI,53215,WI - Milwaukee,77,$33996.67,$9587.49,$8567.87
308 - CARDIAC ARRHYTHMIA & CONDUCTION DISORDERS W MCC,520139,AURORA WEST ALLIS MEDICAL CENTER,8901 W LINCOLN AVE,WEST ALLIS,WI,53227,WI - Milwaukee,22,$25882.00,$7569.18,$5431.77
308 - CARDIAC ARRHYTHMIA & CONDUCTION DISORDERS W MCC,520160,APPLETON MED CTR,1818 N MEADE ST,APPLETON,WI,54911,WI - Appleton,17,$11931.05,$6962.11,$6499.76
308 - CARDIAC ARRHYTHMIA & CONDUCTION DISORDERS W MCC,520177,FROEDTERT MEM LUTHERAN HSPTL,9200 W WISCONSIN AVE,MILWAUKEE,WI,53226,WI - Milwaukee,35,$27520.28,$11389.77,$10689.97
308 - CARDIAC ARRHYTHMIA & CONDUCTION DISORDERS W MCC,520202,ST CLARE'S HOSPITAL OF WESTON INC,3400 MINISTRY PARKWAY,WESTON,WI,54476,WI - Wausau,19,$10119.21,$7069.52,$6541.73
309 - CARDIAC ARRHYTHMIA & CONDUCTION DISORDERS W CC,520002,MINISTRY ST MICHAELS HOSPITAL OF STEVENS POINT,900 ILLINOIS AVE,STEVENS POINT,WI,54481,WI - Marshfield,17,$9680.47,$4679.47,$4083.94
309 - CARDIAC ARRHYTHMIA & CONDUCTION DISORDERS W CC,520004,"MAYO CLINIC HLTH SYSTEM- FRANCISCAN MED CTR, INC",700 WEST AVE S,LA CROSSE,WI,54601,WI - La Crosse,26,$17443.03,$5654.34,$4701.42
309 - CARDIAC ARRHYTHMIA & CONDUCTION DISORDERS W CC,520008,WAUKESHA MEMORIAL HOSPITAL,725 AMERICAN AVE,WAUKESHA,WI,53188,WI - Milwaukee,68,$16272.64,$5402.19,$4064.33
309 - CARDIAC ARRHYTHMIA & CONDUCTION DISORDERS W CC,520009,ST ELIZABETH HSPTL,1506 S ONEIDA ST,APPLETON,WI,54915,WI - Appleton,14,$11031.42,$5322.71,$4078.92
309 - CARDIAC ARRHYTHMIA & CONDUCTION DISORDERS W CC,520011,LAKEVIEW MED CENTER,1700 WEST STOUT STREET,RICE LAKE,WI,54868,WI - Marshfield,23,$7752.60,$4991.00,$4256.91
309 - CARDIAC ARRHYTHMIA & CONDUCTION DISORDERS W CC,520013,SACRED HEART HSPTL,900 W CLAIREMONT AVE,EAU CLAIRE,WI,54701,MN - Minneapolis,42,$16290.50,$5494.38,$4718.09
309 - CARDIAC ARRHYTHMIA & CONDUCTION DISORDERS W CC,520021,UNITED HSPTL SYS,6308 EIGHTH AVE,KENOSHA,WI,53143,WI - Milwaukee,57,$18820.75,$4989.98,$4024.66
309 - CARDIAC ARRHYTHMIA & CONDUCTION DISORDERS W CC,520027,"COLUMBIA ST MARY'S HOSPITAL OZAUKEE, INC",13111 N PORT WASHINGTON RD,MEQUON,WI,53097,WI - Milwaukee,30,$15193.86,$4976.30,$3647.13
309 - CARDIAC ARRHYTHMIA & CONDUCTION DISORDERS W CC,520030,ASPIRUS WAUSAU HOSPITAL,333 PINE RIDGE BLVD,WAUSAU,WI,54401,WI - Wausau,44,$11603.88,$5236.68,$3806.77
309 - CARDIAC ARRHYTHMIA & CONDUCTION DISORDERS W CC,520037,MINISTRY SAINT JOSEPH'S HOSPITAL,611 ST JOSEPH AVE,MARSHFIELD,WI,54449,WI - Marshfield,56,$12916.73,$6684.75,$4579.32
309 - CARDIAC ARRHYTHMIA & CONDUCTION DISORDERS W CC,520038,AURORA MED CENTER-WASHINGTON COUNTY,1032 E SUMNER ST,HARTFORD,WI,53027,WI - Milwaukee,13,$19502.23,$4498.92,$3802.30
309 - CARDIAC ARRHYTHMIA & CONDUCTION DISORDERS W CC,520041,DIVINE SAVIOR HLTHCARE,"2817 NEW PINERY RD, P O BOX 387",PORTAGE,WI,53901,WI - Madison,13,$13083.00,$5771.30,$4823.30
309 - CARDIAC ARRHYTHMIA & CONDUCTION DISORDERS W CC,520049,BELLIN MEMORIAL HSPTL,744 S WEBSTER AVE,GREEN BAY,WI,54305,WI - Green Bay,15,$10092.86,$5004.80,$3578.40
309 - CARDIAC ARRHYTHMIA & CONDUCTION DISORDERS W CC,520051,COLUMBIA ST MARYS HSPTL  MILW (COL & MILW CAMPUS),2323 N LAKE DR,MILWAUKEE,WI,53211,WI - Milwaukee,31,$18674.16,$6165.19,$5259.51
309 - CARDIAC ARRHYTHMIA & CONDUCTION DISORDERS W CC,520057,ST CLARE HSPTL HLTH SVCS,707 14TH ST,BARABOO,WI,53913,WI - Madison,18,$16424.88,$5314.94,$4567.38
309 - CARDIAC ARRHYTHMIA & CONDUCTION DISORDERS W CC,520059,AURORA MEMORIAL HSPTL BURLINGTON,252 MCHENRY ST,BURLINGTON,WI,53105,WI - Milwaukee,20,$14308.35,$4766.80,$3870.80
309 - CARDIAC ARRHYTHMIA & CONDUCTION DISORDERS W CC,520062,OCONOMOWOC MEM HSPTL,791 E SUMMIT AVE,OCONOMOWOC,WI,53066,WI - Milwaukee,12,$16931.25,$4742.00,$3987.33
309 - CARDIAC ARRHYTHMIA & CONDUCTION DISORDERS W CC,520063,ST JOSEPHS COM HSPTL WEST BEND,3200 PLEASANT VALLEY ROAD,WEST BEND,WI,53095,WI - Milwaukee,12,$18937.66,$4610.33,$3489.00
309 - CARDIAC ARRHYTHMIA & CONDUCTION DISORDERS W CC,520066,MERCY HLTH SYS CORP,1000 MINERAL POINT AVE,JANESVILLE,WI,53548,WI - Madison,43,$15645.20,$5193.44,$4427.32
309 - CARDIAC ARRHYTHMIA & CONDUCTION DISORDERS W CC,520070,MAYO CLINIC HEALTH SYSTEM EAU CLAIRE HOSPITAL,1221 WHIPPLE ST,EAU CLAIRE,WI,54703,MN - Minneapolis,58,$14456.96,$4773.12,$3880.60
309 - CARDIAC ARRHYTHMIA & CONDUCTION DISORDERS W CC,520071,FORT HEALTHCARE,611 SHERMAN AVE E,FORT ATKINSON,WI,53538,WI - Madison,19,$14115.47,$4813.31,$3923.00
309 - CARDIAC ARRHYTHMIA & CONDUCTION DISORDERS W CC,520075,ST VINCENT HSPTL,835 S VAN BUREN ST,GREEN BAY,WI,54301,WI - Green Bay,16,$15219.56,$5011.75,$4102.00
309 - CARDIAC ARRHYTHMIA & CONDUCTION DISORDERS W CC,520076,BEAVER DAM COM HSPTL,707 S UNIVERSITY AVE,BEAVER DAM,WI,53916,WI - Madison,15,$18906.40,$5073.73,$4247.86
309 - CARDIAC ARRHYTHMIA & CONDUCTION DISORDERS W CC,520078,WHEATON FRANCISCAN HEALTHCARE- ST FRANCIS,3237 S 16TH ST,MILWAUKEE,WI,53215,WI - Milwaukee,26,$14740.19,$5716.50,$4941.42
309 - CARDIAC ARRHYTHMIA & CONDUCTION DISORDERS W CC,520083,ST MARY'S HOSPITAL,700 SOUTH PARK ST,MADISON,WI,53715,WI - Madison,107,$14757.02,$5772.32,$4761.87
309 - CARDIAC ARRHYTHMIA & CONDUCTION DISORDERS W CC,520087,GUNDERSEN LUTH MED CTR,1910 SOUTH AVE,LA CROSSE,WI,54601,WI - La Crosse,32,$12227.21,$5527.12,$4597.75
309 - CARDIAC ARRHYTHMIA & CONDUCTION DISORDERS W CC,520088,ST AGNES HSPTL,430 E DIVISON ST,FOND DU LAC,WI,54935,WI - Milwaukee,14,$11070.50,$5057.14,$4574.28
309 - CARDIAC ARRHYTHMIA & CONDUCTION DISORDERS W CC,520089,MERITER HSPTL,202 S PARK ST,MADISON,WI,53715,WI - Madison,52,$19549.38,$6001.48,$5242.01
309 - CARDIAC ARRHYTHMIA & CONDUCTION DISORDERS W CC,520096,WHEATON FRANCISCAN HEALTHCARE- ALL SAINTS,3801 SPRING ST,RACINE,WI,53405,WI - Milwaukee,60,$16174.26,$5819.60,$4589.91
309 - CARDIAC ARRHYTHMIA & CONDUCTION DISORDERS W CC,520097,ST MARYS HSPTL MED CTR,1726 SHAWANO AVE,GREEN BAY,WI,54303,WI - Green Bay,11,$13711.90,$4563.63,$3846.18
309 - CARDIAC ARRHYTHMIA & CONDUCTION DISORDERS W CC,520098,UNIVERSITY OF WI  HOSPITALS & CLINICS AUTHORITY,600 HIGHLAND AVENUE,MADISON,WI,53792,WI - Madison,48,$13411.00,$8443.97,$6804.47
309 - CARDIAC ARRHYTHMIA & CONDUCTION DISORDERS W CC,520100,BELOIT MEM HSPTL,1969 W HART RD,BELOIT,WI,53511,WI - Madison,25,$21912.20,$5009.08,$3894.48
309 - CARDIAC ARRHYTHMIA & CONDUCTION DISORDERS W CC,520102,AURORA LAKELAND MED CTR,W3985 CTY RD NN,ELKHORN,WI,53121,WI - Milwaukee,18,$19389.77,$5165.00,$4173.00
309 - CARDIAC ARRHYTHMIA & CONDUCTION DISORDERS W CC,520103,COMMUNITY MEM HSPTL,W180 N8085 TOWN HALL RD,MENOMONEE FALLS,WI,53051,WI - Milwaukee,28,$13852.85,$4746.67,$3884.28
309 - CARDIAC ARRHYTHMIA & CONDUCTION DISORDERS W CC,520107,HOLY FAMILY MEMORIAL INC,2300 WESTERN AVE PO BOX 1450,MANITOWOC,WI,54221,WI - Green Bay,18,$16907.77,$4881.66,$4074.77
309 - CARDIAC ARRHYTHMIA & CONDUCTION DISORDERS W CC,520113,BAY AREA MED CTR,3100 SHORE DR,MARINETTE,WI,54143,WI - Green Bay,32,$13885.84,$5026.00,$4043.50
309 - CARDIAC ARRHYTHMIA & CONDUCTION DISORDERS W CC,520116,UW HLTH PARTNERS - WATERTOWN REGIONAL MEDICAL CTR,125 HOSPITAL DR,WATERTOWN,WI,53098,WI - Madison,11,$14552.36,$5474.27,$4659.72
309 - CARDIAC ARRHYTHMIA & CONDUCTION DISORDERS W CC,520136,"WHEATON FRANCISCAN, INC- ST JOSEPH",5000 W CHAMBERS ST,MILWAUKEE,WI,53210,WI - Milwaukee,40,$15364.32,$6837.22,$5819.95
309 - CARDIAC ARRHYTHMIA & CONDUCTION DISORDERS W CC,520138,AURORA ST LUKES MEDICAL CENTER,2900 W OKLAHOMA AVE,MILWAUKEE,WI,53215,WI - Milwaukee,156,$22898.94,$6139.77,$5235.49
309 - CARDIAC ARRHYTHMIA & CONDUCTION DISORDERS W CC,520139,AURORA WEST ALLIS MEDICAL CENTER,8901 W LINCOLN AVE,WEST ALLIS,WI,53227,WI - Milwaukee,46,$22516.28,$5353.04,$3919.00
309 - CARDIAC ARRHYTHMIA & CONDUCTION DISORDERS W CC,520160,APPLETON MED CTR,1818 N MEADE ST,APPLETON,WI,54911,WI - Appleton,31,$6630.19,$4922.48,$3668.22
309 - CARDIAC ARRHYTHMIA & CONDUCTION DISORDERS W CC,520170,WHEATON FRANCISCAN INC - ELMBROOK MEMORIAL,19333 W NORTH AVE,BROOKFIELD,WI,53045,WI - Milwaukee,16,$12966.81,$4969.12,$3647.93
309 - CARDIAC ARRHYTHMIA & CONDUCTION DISORDERS W CC,520177,FROEDTERT MEM LUTHERAN HSPTL,9200 W WISCONSIN AVE,MILWAUKEE,WI,53226,WI - Milwaukee,83,$18421.01,$7761.79,$7033.40
309 - CARDIAC ARRHYTHMIA & CONDUCTION DISORDERS W CC,520189,AURORA MED CTR KENOSHA,10400 75TH ST,KENOSHA,WI,53142,WI - Milwaukee,19,$15753.52,$5385.21,$3857.94
309 - CARDIAC ARRHYTHMIA & CONDUCTION DISORDERS W CC,520193,AURORA BAYCARE MED CTR,2845 GREENBRIER RD PO BOX 8900,GREEN BAY,WI,54311,WI - Green Bay,19,$16891.36,$5045.78,$4160.52
309 - CARDIAC ARRHYTHMIA & CONDUCTION DISORDERS W CC,520202,ST CLARE'S HOSPITAL OF WESTON INC,3400 MINISTRY PARKWAY,WESTON,WI,54476,WI - Wausau,22,$10687.63,$5059.18,$3926.40
309 - CARDIAC ARRHYTHMIA & CONDUCTION DISORDERS W CC,520207,AURORA MEDICAL CENTER,975 PORT WASHINGTON ROAD,GRAFTON,WI,53024,WI - Milwaukee,17,$12967.76,$4739.11,$3328.94
310 - CARDIAC ARRHYTHMIA & CONDUCTION DISORDERS W/O CC/MCC,520004,"MAYO CLINIC HLTH SYSTEM- FRANCISCAN MED CTR, INC",700 WEST AVE S,LA CROSSE,WI,54601,WI - La Crosse,26,$10682.07,$3814.30,$2820.30
310 - CARDIAC ARRHYTHMIA & CONDUCTION DISORDERS W/O CC/MCC,520008,WAUKESHA MEMORIAL HOSPITAL,725 AMERICAN AVE,WAUKESHA,WI,53188,WI - Milwaukee,66,$11938.19,$3758.95,$2138.77
310 - CARDIAC ARRHYTHMIA & CONDUCTION DISORDERS W/O CC/MCC,520011,LAKEVIEW MED CENTER,1700 WEST STOUT STREET,RICE LAKE,WI,54868,WI - Marshfield,32,$5098.06,$3560.43,$2409.46
310 - CARDIAC ARRHYTHMIA & CONDUCTION DISORDERS W/O CC/MCC,520013,SACRED HEART HSPTL,900 W CLAIREMONT AVE,EAU CLAIRE,WI,54701,MN - Minneapolis,36,$10761.25,$3775.80,$2809.02
310 - CARDIAC ARRHYTHMIA & CONDUCTION DISORDERS W/O CC/MCC,520021,UNITED HSPTL SYS,6308 EIGHTH AVE,KENOSHA,WI,53143,WI - Milwaukee,88,$12311.51,$3435.17,$2442.29
310 - CARDIAC ARRHYTHMIA & CONDUCTION DISORDERS W/O CC/MCC,520027,"COLUMBIA ST MARY'S HOSPITAL OZAUKEE, INC",13111 N PORT WASHINGTON RD,MEQUON,WI,53097,WI - Milwaukee,32,$11495.06,$3231.25,$2246.75
310 - CARDIAC ARRHYTHMIA & CONDUCTION DISORDERS W/O CC/MCC,520028,THE MONROE CLINIC,2005 5TH STREET,MONROE,WI,53566,WI - Madison,18,$11595.50,$3532.77,$2842.77
310 - CARDIAC ARRHYTHMIA & CONDUCTION DISORDERS W/O CC/MCC,520030,ASPIRUS WAUSAU HOSPITAL,333 PINE RIDGE BLVD,WAUSAU,WI,54401,WI - Wausau,38,$10516.68,$3540.15,$2428.26
310 - CARDIAC ARRHYTHMIA & CONDUCTION DISORDERS W/O CC/MCC,520033,RIVERVIEW HSPTL ASSOC,410 DEWEY ST PO BOX 8080,WISCONSIN RAPID,WI,54495,WI - Marshfield,12,$9451.16,$3731.91,$2801.91
310 - CARDIAC ARRHYTHMIA & CONDUCTION DISORDERS W/O CC/MCC,520034,AURORA MED CTR MANITOWOC CTY,5000 MEMORIAL DR,TWO RIVERS,WI,54241,WI - Green Bay,12,$9575.33,$3966.66,$3220.00
310 - CARDIAC ARRHYTHMIA & CONDUCTION DISORDERS W/O CC/MCC,520037,MINISTRY SAINT JOSEPH'S HOSPITAL,611 ST JOSEPH AVE,MARSHFIELD,WI,54449,WI - Marshfield,42,$9327.23,$4050.23,$3220.04
310 - CARDIAC ARRHYTHMIA & CONDUCTION DISORDERS W/O CC/MCC,520038,AURORA MED CENTER-WASHINGTON COUNTY,1032 E SUMNER ST,HARTFORD,WI,53027,WI - Milwaukee,12,$12238.16,$3202.33,$2455.66
310 - CARDIAC ARRHYTHMIA & CONDUCTION DISORDERS W/O CC/MCC,520041,DIVINE SAVIOR HLTHCARE,"2817 NEW PINERY RD, P O BOX 387",PORTAGE,WI,53901,WI - Madison,19,$11860.00,$4022.31,$3251.15
310 - CARDIAC ARRHYTHMIA & CONDUCTION DISORDERS W/O CC/MCC,520044,ST NICHOLAS HOSPITAL,3100 SUPERIOR AVE,SHEBOYGAN,WI,53081,WI - Milwaukee,20,$13991.85,$3039.25,$2085.05
310 - CARDIAC ARRHYTHMIA & CONDUCTION DISORDERS W/O CC/MCC,520049,BELLIN MEMORIAL HSPTL,744 S WEBSTER AVE,GREEN BAY,WI,54305,WI - Green Bay,17,$7497.05,$3205.11,$2282.29
310 - CARDIAC ARRHYTHMIA & CONDUCTION DISORDERS W/O CC/MCC,520051,COLUMBIA ST MARYS HSPTL  MILW (COL & MILW CAMPUS),2323 N LAKE DR,MILWAUKEE,WI,53211,WI - Milwaukee,25,$13379.00,$4190.60,$3242.28
310 - CARDIAC ARRHYTHMIA & CONDUCTION DISORDERS W/O CC/MCC,520059,AURORA MEMORIAL HSPTL BURLINGTON,252 MCHENRY ST,BURLINGTON,WI,53105,WI - Milwaukee,32,$9958.50,$3540.15,$1981.81
310 - CARDIAC ARRHYTHMIA & CONDUCTION DISORDERS W/O CC/MCC,520063,ST JOSEPHS COM HSPTL WEST BEND,3200 PLEASANT VALLEY ROAD,WEST BEND,WI,53095,WI - Milwaukee,22,$11724.50,$3214.00,$2346.54
310 - CARDIAC ARRHYTHMIA & CONDUCTION DISORDERS W/O CC/MCC,520066,MERCY HLTH SYS CORP,1000 MINERAL POINT AVE,JANESVILLE,WI,53548,WI - Madison,51,$9308.17,$3544.84,$2618.88
310 - CARDIAC ARRHYTHMIA & CONDUCTION DISORDERS W/O CC/MCC,520070,MAYO CLINIC HEALTH SYSTEM EAU CLAIRE HOSPITAL,1221 WHIPPLE ST,EAU CLAIRE,WI,54703,MN - Minneapolis,49,$9599.36,$3535.77,$2063.83
310 - CARDIAC ARRHYTHMIA & CONDUCTION DISORDERS W/O CC/MCC,520071,FORT HEALTHCARE,611 SHERMAN AVE E,FORT ATKINSON,WI,53538,WI - Madison,20,$11280.00,$3393.05,$2437.25
310 - CARDIAC ARRHYTHMIA & CONDUCTION DISORDERS W/O CC/MCC,520076,BEAVER DAM COM HSPTL,707 S UNIVERSITY AVE,BEAVER DAM,WI,53916,WI - Madison,16,$12613.31,$3511.00,$2451.75
310 - CARDIAC ARRHYTHMIA & CONDUCTION DISORDERS W/O CC/MCC,520078,WHEATON FRANCISCAN HEALTHCARE- ST FRANCIS,3237 S 16TH ST,MILWAUKEE,WI,53215,WI - Milwaukee,21,$13152.14,$3999.14,$2745.42
310 - CARDIAC ARRHYTHMIA & CONDUCTION DISORDERS W/O CC/MCC,520083,ST MARY'S HOSPITAL,700 SOUTH PARK ST,MADISON,WI,53715,WI - Madison,113,$11553.86,$3932.96,$2821.59
310 - CARDIAC ARRHYTHMIA & CONDUCTION DISORDERS W/O CC/MCC,520087,GUNDERSEN LUTH MED CTR,1910 SOUTH AVE,LA CROSSE,WI,54601,WI - La Crosse,22,$9680.90,$4092.40,$2452.77
310 - CARDIAC ARRHYTHMIA & CONDUCTION DISORDERS W/O CC/MCC,520089,MERITER HSPTL,202 S PARK ST,MADISON,WI,53715,WI - Madison,77,$13312.61,$4308.32,$3112.59
310 - CARDIAC ARRHYTHMIA & CONDUCTION DISORDERS W/O CC/MCC,520096,WHEATON FRANCISCAN HEALTHCARE- ALL SAINTS,3801 SPRING ST,RACINE,WI,53405,WI - Milwaukee,66,$11396.51,$4035.62,$2867.90
310 - CARDIAC ARRHYTHMIA & CONDUCTION DISORDERS W/O CC/MCC,520098,UNIVERSITY OF WI  HOSPITALS & CLINICS AUTHORITY,600 HIGHLAND AVENUE,MADISON,WI,53792,WI - Madison,33,$9655.57,$5656.87,$4474.81
310 - CARDIAC ARRHYTHMIA & CONDUCTION DISORDERS W/O CC/MCC,520100,BELOIT MEM HSPTL,1969 W HART RD,BELOIT,WI,53511,WI - Madison,33,$16197.33,$3394.30,$2473.93
310 - CARDIAC ARRHYTHMIA & CONDUCTION DISORDERS W/O CC/MCC,520102,AURORA LAKELAND MED CTR,W3985 CTY RD NN,ELKHORN,WI,53121,WI - Milwaukee,21,$14469.47,$3591.19,$2517.66
310 - CARDIAC ARRHYTHMIA & CONDUCTION DISORDERS W/O CC/MCC,520103,COMMUNITY MEM HSPTL,W180 N8085 TOWN HALL RD,MENOMONEE FALLS,WI,53051,WI - Milwaukee,36,$9482.02,$3230.77,$2402.83
310 - CARDIAC ARRHYTHMIA & CONDUCTION DISORDERS W/O CC/MCC,520107,HOLY FAMILY MEMORIAL INC,2300 WESTERN AVE PO BOX 1450,MANITOWOC,WI,54221,WI - Green Bay,15,$10441.26,$4718.33,$1971.60
310 - CARDIAC ARRHYTHMIA & CONDUCTION DISORDERS W/O CC/MCC,520109,"MILE BLUFF MEDICAL CENTER, INC",1050 DIVISION ST,MAUSTON,WI,53948,WI - Madison,13,$15860.30,$3828.23,$2875.30
310 - CARDIAC ARRHYTHMIA & CONDUCTION DISORDERS W/O CC/MCC,520113,BAY AREA MED CTR,3100 SHORE DR,MARINETTE,WI,54143,WI - Green Bay,18,$12839.05,$3582.83,$2170.72
310 - CARDIAC ARRHYTHMIA & CONDUCTION DISORDERS W/O CC/MCC,520136,"WHEATON FRANCISCAN, INC- ST JOSEPH",5000 W CHAMBERS ST,MILWAUKEE,WI,53210,WI - Milwaukee,88,$10835.26,$4693.78,$3535.09
310 - CARDIAC ARRHYTHMIA & CONDUCTION DISORDERS W/O CC/MCC,520138,AURORA ST LUKES MEDICAL CENTER,2900 W OKLAHOMA AVE,MILWAUKEE,WI,53215,WI - Milwaukee,85,$13463.69,$4071.85,$3145.11
310 - CARDIAC ARRHYTHMIA & CONDUCTION DISORDERS W/O CC/MCC,520139,AURORA WEST ALLIS MEDICAL CENTER,8901 W LINCOLN AVE,WEST ALLIS,WI,53227,WI - Milwaukee,30,$17457.13,$3567.56,$2359.90
310 - CARDIAC ARRHYTHMIA & CONDUCTION DISORDERS W/O CC/MCC,520160,APPLETON MED CTR,1818 N MEADE ST,APPLETON,WI,54911,WI - Appleton,47,$5539.74,$3393.82,$2069.72
310 - CARDIAC ARRHYTHMIA & CONDUCTION DISORDERS W/O CC/MCC,520170,WHEATON FRANCISCAN INC - ELMBROOK MEMORIAL,19333 W NORTH AVE,BROOKFIELD,WI,53045,WI - Milwaukee,15,$11003.26,$3200.60,$2456.60
310 - CARDIAC ARRHYTHMIA & CONDUCTION DISORDERS W/O CC/MCC,520177,FROEDTERT MEM LUTHERAN HSPTL,9200 W WISCONSIN AVE,MILWAUKEE,WI,53226,WI - Milwaukee,58,$11014.24,$5206.53,$4332.12
310 - CARDIAC ARRHYTHMIA & CONDUCTION DISORDERS W/O CC/MCC,520189,AURORA MED CTR KENOSHA,10400 75TH ST,KENOSHA,WI,53142,WI - Milwaukee,22,$11520.40,$3615.63,$2640.90
310 - CARDIAC ARRHYTHMIA & CONDUCTION DISORDERS W/O CC/MCC,520193,AURORA BAYCARE MED CTR,2845 GREENBRIER RD PO BOX 8900,GREEN BAY,WI,54311,WI - Green Bay,15,$13062.40,$3430.80,$2309.46
310 - CARDIAC ARRHYTHMIA & CONDUCTION DISORDERS W/O CC/MCC,520202,ST CLARE'S HOSPITAL OF WESTON INC,3400 MINISTRY PARKWAY,WESTON,WI,54476,WI - Wausau,16,$7068.56,$3749.50,$2153.75
310 - CARDIAC ARRHYTHMIA & CONDUCTION DISORDERS W/O CC/MCC,520207,AURORA MEDICAL CENTER,975 PORT WASHINGTON ROAD,GRAFTON,WI,53024,WI - Milwaukee,13,$11965.84,$3240.38,$1797.53
312 - SYNCOPE & COLLAPSE,520004,"MAYO CLINIC HLTH SYSTEM- FRANCISCAN MED CTR, INC",700 WEST AVE S,LA CROSSE,WI,54601,WI - La Crosse,15,$16151.86,$4792.53,$4044.26
312 - SYNCOPE & COLLAPSE,520008,WAUKESHA MEMORIAL HOSPITAL,725 AMERICAN AVE,WAUKESHA,WI,53188,WI - Milwaukee,78,$14876.76,$4732.70,$3342.80
312 - SYNCOPE & COLLAPSE,520013,SACRED HEART HSPTL,900 W CLAIREMONT AVE,EAU CLAIRE,WI,54701,MN - Minneapolis,24,$12195.25,$5011.79,$3894.29
312 - SYNCOPE & COLLAPSE,520021,UNITED HSPTL SYS,6308 EIGHTH AVE,KENOSHA,WI,53143,WI - Milwaukee,69,$14531.37,$4405.81,$3287.27
312 - SYNCOPE & COLLAPSE,520027,"COLUMBIA ST MARY'S HOSPITAL OZAUKEE, INC",13111 N PORT WASHINGTON RD,MEQUON,WI,53097,WI - Milwaukee,35,$14367.40,$4059.48,$3130.68
312 - SYNCOPE & COLLAPSE,520030,ASPIRUS WAUSAU HOSPITAL,333 PINE RIDGE BLVD,WAUSAU,WI,54401,WI - Wausau,31,$15808.45,$4281.38,$3450.80
312 - SYNCOPE & COLLAPSE,520037,MINISTRY SAINT JOSEPH'S HOSPITAL,611 ST JOSEPH AVE,MARSHFIELD,WI,54449,WI - Marshfield,60,$12383.73,$5092.60,$4362.66
312 - SYNCOPE & COLLAPSE,520041,DIVINE SAVIOR HLTHCARE,"2817 NEW PINERY RD, P O BOX 387",PORTAGE,WI,53901,WI - Madison,19,$12671.63,$5065.15,$4295.68
312 - SYNCOPE & COLLAPSE,520049,BELLIN MEMORIAL HSPTL,744 S WEBSTER AVE,GREEN BAY,WI,54305,WI - Green Bay,11,$9964.45,$4025.36,$3105.00
312 - SYNCOPE & COLLAPSE,520051,COLUMBIA ST MARYS HSPTL  MILW (COL & MILW CAMPUS),2323 N LAKE DR,MILWAUKEE,WI,53211,WI - Milwaukee,26,$15223.38,$5236.92,$4201.84
312 - SYNCOPE & COLLAPSE,520063,ST JOSEPHS COM HSPTL WEST BEND,3200 PLEASANT VALLEY ROAD,WEST BEND,WI,53095,WI - Milwaukee,21,$11863.23,$4022.80,$3382.04
312 - SYNCOPE & COLLAPSE,520066,MERCY HLTH SYS CORP,1000 MINERAL POINT AVE,JANESVILLE,WI,53548,WI - Madison,66,$15064.39,$4490.83,$3573.03
312 - SYNCOPE & COLLAPSE,520070,MAYO CLINIC HEALTH SYSTEM EAU CLAIRE HOSPITAL,1221 WHIPPLE ST,EAU CLAIRE,WI,54703,MN - Minneapolis,33,$12111.00,$4151.66,$3125.81
312 - SYNCOPE & COLLAPSE,520071,FORT HEALTHCARE,611 SHERMAN AVE E,FORT ATKINSON,WI,53538,WI - Madison,18,$15055.66,$4209.44,$3460.11
312 - SYNCOPE & COLLAPSE,520075,ST VINCENT HSPTL,835 S VAN BUREN ST,GREEN BAY,WI,54301,WI - Green Bay,12,$14804.16,$4285.16,$3235.25
312 - SYNCOPE & COLLAPSE,520076,BEAVER DAM COM HSPTL,707 S UNIVERSITY AVE,BEAVER DAM,WI,53916,WI - Madison,11,$12939.90,$4438.00,$3826.36
312 - SYNCOPE & COLLAPSE,520078,WHEATON FRANCISCAN HEALTHCARE- ST FRANCIS,3237 S 16TH ST,MILWAUKEE,WI,53215,WI - Milwaukee,36,$16023.00,$4994.33,$3923.61
312 - SYNCOPE & COLLAPSE,520083,ST MARY'S HOSPITAL,700 SOUTH PARK ST,MADISON,WI,53715,WI - Madison,101,$16466.38,$4902.01,$4016.37
312 - SYNCOPE & COLLAPSE,520087,GUNDERSEN LUTH MED CTR,1910 SOUTH AVE,LA CROSSE,WI,54601,WI - La Crosse,18,$9000.33,$4739.38,$4052.94
312 - SYNCOPE & COLLAPSE,520088,ST AGNES HSPTL,430 E DIVISON ST,FOND DU LAC,WI,54935,WI - Milwaukee,14,$14810.85,$4324.00,$3362.85
312 - SYNCOPE & COLLAPSE,520089,MERITER HSPTL,202 S PARK ST,MADISON,WI,53715,WI - Madison,59,$17423.94,$5131.03,$4246.45
312 - SYNCOPE & COLLAPSE,520096,WHEATON FRANCISCAN HEALTHCARE- ALL SAINTS,3801 SPRING ST,RACINE,WI,53405,WI - Milwaukee,66,$14737.12,$4983.33,$3825.07
312 - SYNCOPE & COLLAPSE,520097,ST MARYS HSPTL MED CTR,1726 SHAWANO AVE,GREEN BAY,WI,54303,WI - Green Bay,15,$12608.80,$4896.00,$2393.06
312 - SYNCOPE & COLLAPSE,520098,UNIVERSITY OF WI  HOSPITALS & CLINICS AUTHORITY,600 HIGHLAND AVENUE,MADISON,WI,53792,WI - Madison,23,$13087.78,$7219.60,$6062.43
312 - SYNCOPE & COLLAPSE,520100,BELOIT MEM HSPTL,1969 W HART RD,BELOIT,WI,53511,WI - Madison,17,$21876.76,$4581.88,$3019.05
312 - SYNCOPE & COLLAPSE,520102,AURORA LAKELAND MED CTR,W3985 CTY RD NN,ELKHORN,WI,53121,WI - Milwaukee,12,$19122.91,$4433.75,$3312.41
312 - SYNCOPE & COLLAPSE,520103,COMMUNITY MEM HSPTL,W180 N8085 TOWN HALL RD,MENOMONEE FALLS,WI,53051,WI - Milwaukee,34,$14498.20,$4058.73,$3167.32
312 - SYNCOPE & COLLAPSE,520113,BAY AREA MED CTR,3100 SHORE DR,MARINETTE,WI,54143,WI - Green Bay,28,$14070.64,$4298.00,$3455.85
312 - SYNCOPE & COLLAPSE,520136,"WHEATON FRANCISCAN, INC- ST JOSEPH",5000 W CHAMBERS ST,MILWAUKEE,WI,53210,WI - Milwaukee,41,$15023.19,$5874.46,$4788.48
312 - SYNCOPE & COLLAPSE,520138,AURORA ST LUKES MEDICAL CENTER,2900 W OKLAHOMA AVE,MILWAUKEE,WI,53215,WI - Milwaukee,142,$22034.29,$5207.13,$4278.86
312 - SYNCOPE & COLLAPSE,520139,AURORA WEST ALLIS MEDICAL CENTER,8901 W LINCOLN AVE,WEST ALLIS,WI,53227,WI - Milwaukee,45,$20459.77,$4426.35,$3277.42
312 - SYNCOPE & COLLAPSE,520160,APPLETON MED CTR,1818 N MEADE ST,APPLETON,WI,54911,WI - Appleton,12,$7172.75,$4044.25,$3014.58
312 - SYNCOPE & COLLAPSE,520170,WHEATON FRANCISCAN INC - ELMBROOK MEMORIAL,19333 W NORTH AVE,BROOKFIELD,WI,53045,WI - Milwaukee,25,$15148.64,$4032.56,$3137.20
312 - SYNCOPE & COLLAPSE,520177,FROEDTERT MEM LUTHERAN HSPTL,9200 W WISCONSIN AVE,MILWAUKEE,WI,53226,WI - Milwaukee,98,$12650.82,$6469.19,$5546.68
312 - SYNCOPE & COLLAPSE,520189,AURORA MED CTR KENOSHA,10400 75TH ST,KENOSHA,WI,53142,WI - Milwaukee,24,$22468.16,$5621.00,$3460.00
312 - SYNCOPE & COLLAPSE,520198,AURORA MED CTR OSHKOSH,855 N WESTHAVEN DRIVE,OSHKOSH,WI,54904,WI - Neenah,15,$14957.93,$4022.66,$3423.20
312 - SYNCOPE & COLLAPSE,520202,ST CLARE'S HOSPITAL OF WESTON INC,3400 MINISTRY PARKWAY,WESTON,WI,54476,WI - Wausau,16,$11798.12,$4124.00,$3141.50
313 - CHEST PAIN,520004,"MAYO CLINIC HLTH SYSTEM- FRANCISCAN MED CTR, INC",700 WEST AVE S,LA CROSSE,WI,54601,WI - La Crosse,19,$10813.57,$3653.68,$2645.89
313 - CHEST PAIN,520008,WAUKESHA MEMORIAL HOSPITAL,725 AMERICAN AVE,WAUKESHA,WI,53188,WI - Milwaukee,27,$16705.14,$3743.18,$2244.51
313 - CHEST PAIN,520013,SACRED HEART HSPTL,900 W CLAIREMONT AVE,EAU CLAIRE,WI,54701,MN - Minneapolis,35,$14274.62,$3673.11,$2744.31
313 - CHEST PAIN,520021,UNITED HSPTL SYS,6308 EIGHTH AVE,KENOSHA,WI,53143,WI - Milwaukee,121,$11006.11,$3402.63,$2388.42
313 - CHEST PAIN,520027,"COLUMBIA ST MARY'S HOSPITAL OZAUKEE, INC",13111 N PORT WASHINGTON RD,MEQUON,WI,53097,WI - Milwaukee,16,$13651.37,$3112.25,$2123.75
313 - CHEST PAIN,520030,ASPIRUS WAUSAU HOSPITAL,333 PINE RIDGE BLVD,WAUSAU,WI,54401,WI - Wausau,33,$11903.93,$3872.09,$2068.57
313 - CHEST PAIN,520037,MINISTRY SAINT JOSEPH'S HOSPITAL,611 ST JOSEPH AVE,MARSHFIELD,WI,54449,WI - Marshfield,119,$9837.95,$3931.27,$2937.19
313 - CHEST PAIN,520041,DIVINE SAVIOR HLTHCARE,"2817 NEW PINERY RD, P O BOX 387",PORTAGE,WI,53901,WI - Madison,19,$8678.47,$3882.78,$2939.63
313 - CHEST PAIN,520048,MERCY MED CTR OF OSHKOSH,500 S OAKWOOD RD,OSHKOSH,WI,54904,WI - Neenah,18,$7146.11,$3579.55,$2268.00
313 - CHEST PAIN,520051,COLUMBIA ST MARYS HSPTL  MILW (COL & MILW CAMPUS),2323 N LAKE DR,MILWAUKEE,WI,53211,WI - Milwaukee,30,$13982.13,$4069.40,$2988.93
313 - CHEST PAIN,520057,ST CLARE HSPTL HLTH SVCS,707 14TH ST,BARABOO,WI,53913,WI - Madison,11,$15325.18,$3702.36,$2887.81
313 - CHEST PAIN,520059,AURORA MEMORIAL HSPTL BURLINGTON,252 MCHENRY ST,BURLINGTON,WI,53105,WI - Milwaukee,18,$13464.00,$3118.00,$2311.11
313 - CHEST PAIN,520062,OCONOMOWOC MEM HSPTL,791 E SUMMIT AVE,OCONOMOWOC,WI,53066,WI - Milwaukee,13,$15290.46,$3109.00,$2248.07
313 - CHEST PAIN,520063,ST JOSEPHS COM HSPTL WEST BEND,3200 PLEASANT VALLEY ROAD,WEST BEND,WI,53095,WI - Milwaukee,16,$13082.87,$3109.00,$2272.00
313 - CHEST PAIN,520066,MERCY HLTH SYS CORP,1000 MINERAL POINT AVE,JANESVILLE,WI,53548,WI - Madison,59,$13292.96,$3564.74,$2450.16
313 - CHEST PAIN,520070,MAYO CLINIC HEALTH SYSTEM EAU CLAIRE HOSPITAL,1221 WHIPPLE ST,EAU CLAIRE,WI,54703,MN - Minneapolis,41,$12687.02,$3093.09,$2104.60
313 - CHEST PAIN,520078,WHEATON FRANCISCAN HEALTHCARE- ST FRANCIS,3237 S 16TH ST,MILWAUKEE,WI,53215,WI - Milwaukee,21,$12874.04,$3877.76,$2704.09
313 - CHEST PAIN,520083,ST MARY'S HOSPITAL,700 SOUTH PARK ST,MADISON,WI,53715,WI - Madison,154,$12133.83,$3730.26,$2782.64
313 - CHEST PAIN,520087,GUNDERSEN LUTH MED CTR,1910 SOUTH AVE,LA CROSSE,WI,54601,WI - La Crosse,21,$12463.52,$3664.95,$2807.04
313 - CHEST PAIN,520088,ST AGNES HSPTL,430 E DIVISON ST,FOND DU LAC,WI,54935,WI - Milwaukee,14,$13952.14,$3316.71,$2427.28
313 - CHEST PAIN,520089,MERITER HSPTL,202 S PARK ST,MADISON,WI,53715,WI - Madison,56,$14687.16,$3915.66,$3031.94
313 - CHEST PAIN,520096,WHEATON FRANCISCAN HEALTHCARE- ALL SAINTS,3801 SPRING ST,RACINE,WI,53405,WI - Milwaukee,54,$11592.38,$3941.33,$2708.57
313 - CHEST PAIN,520098,UNIVERSITY OF WI  HOSPITALS & CLINICS AUTHORITY,600 HIGHLAND AVENUE,MADISON,WI,53792,WI - Madison,11,$12361.00,$5435.00,$4511.72
313 - CHEST PAIN,520100,BELOIT MEM HSPTL,1969 W HART RD,BELOIT,WI,53511,WI - Madison,19,$11763.94,$3269.52,$2615.84
313 - CHEST PAIN,520113,BAY AREA MED CTR,3100 SHORE DR,MARINETTE,WI,54143,WI - Green Bay,25,$11662.44,$3295.00,$2395.80
313 - CHEST PAIN,520136,"WHEATON FRANCISCAN, INC- ST JOSEPH",5000 W CHAMBERS ST,MILWAUKEE,WI,53210,WI - Milwaukee,48,$13059.04,$4454.45,$3509.22
313 - CHEST PAIN,520138,AURORA ST LUKES MEDICAL CENTER,2900 W OKLAHOMA AVE,MILWAUKEE,WI,53215,WI - Milwaukee,49,$18144.36,$4386.18,$2851.95
313 - CHEST PAIN,520139,AURORA WEST ALLIS MEDICAL CENTER,8901 W LINCOLN AVE,WEST ALLIS,WI,53227,WI - Milwaukee,22,$21183.90,$3961.40,$2181.68
313 - CHEST PAIN,520170,WHEATON FRANCISCAN INC - ELMBROOK MEMORIAL,19333 W NORTH AVE,BROOKFIELD,WI,53045,WI - Milwaukee,11,$13298.63,$3112.63,$2195.18
313 - CHEST PAIN,520177,FROEDTERT MEM LUTHERAN HSPTL,9200 W WISCONSIN AVE,MILWAUKEE,WI,53226,WI - Milwaukee,110,$11013.65,$4880.47,$3907.47
313 - CHEST PAIN,520189,AURORA MED CTR KENOSHA,10400 75TH ST,KENOSHA,WI,53142,WI - Milwaukee,15,$20590.26,$3482.60,$2661.00
313 - CHEST PAIN,520202,ST CLARE'S HOSPITAL OF WESTON INC,3400 MINISTRY PARKWAY,WESTON,WI,54476,WI - Wausau,26,$7621.19,$3272.65,$2101.73
315 - OTHER CIRCULATORY SYSTEM DIAGNOSES W CC,520021,UNITED HSPTL SYS,6308 EIGHTH AVE,KENOSHA,WI,53143,WI - Milwaukee,11,$19702.90,$5756.00,$4938.54
314 - OTHER CIRCULATORY SYSTEM DIAGNOSES W MCC,520008,WAUKESHA MEMORIAL HOSPITAL,725 AMERICAN AVE,WAUKESHA,WI,53188,WI - Milwaukee,29,$33606.44,$11784.00,$10047.96
314 - OTHER CIRCULATORY SYSTEM DIAGNOSES W MCC,520013,SACRED HEART HSPTL,900 W CLAIREMONT AVE,EAU CLAIRE,WI,54701,MN - Minneapolis,13,$26626.23,$11883.84,$11276.76
314 - OTHER CIRCULATORY SYSTEM DIAGNOSES W MCC,520030,ASPIRUS WAUSAU HOSPITAL,333 PINE RIDGE BLVD,WAUSAU,WI,54401,WI - Wausau,13,$26459.23,$10001.76,$9653.46
314 - OTHER CIRCULATORY SYSTEM DIAGNOSES W MCC,520035,AURORA SHEBOYGAN MEM MED CTR,2629 N 7TH ST,SHEBOYGAN,WI,53083,WI - Milwaukee,12,$21377.83,$12519.50,$5865.58
314 - OTHER CIRCULATORY SYSTEM DIAGNOSES W MCC,520037,MINISTRY SAINT JOSEPH'S HOSPITAL,611 ST JOSEPH AVE,MARSHFIELD,WI,54449,WI - Marshfield,23,$27927.69,$12904.73,$10939.56
314 - OTHER CIRCULATORY SYSTEM DIAGNOSES W MCC,520045,THEDA CLARK MED CTR,130 2ND ST,NEENAH,WI,54956,WI - Neenah,11,$13180.09,$8682.09,$8073.36
314 - OTHER CIRCULATORY SYSTEM DIAGNOSES W MCC,520051,COLUMBIA ST MARYS HSPTL  MILW (COL & MILW CAMPUS),2323 N LAKE DR,MILWAUKEE,WI,53211,WI - Milwaukee,29,$33395.13,$12957.44,$12262.55
314 - OTHER CIRCULATORY SYSTEM DIAGNOSES W MCC,520062,OCONOMOWOC MEM HSPTL,791 E SUMMIT AVE,OCONOMOWOC,WI,53066,WI - Milwaukee,11,$33483.81,$11490.36,$10784.45
314 - OTHER CIRCULATORY SYSTEM DIAGNOSES W MCC,520066,MERCY HLTH SYS CORP,1000 MINERAL POINT AVE,JANESVILLE,WI,53548,WI - Madison,13,$33189.61,$16020.76,$9902.92
314 - OTHER CIRCULATORY SYSTEM DIAGNOSES W MCC,520070,MAYO CLINIC HEALTH SYSTEM EAU CLAIRE HOSPITAL,1221 WHIPPLE ST,EAU CLAIRE,WI,54703,MN - Minneapolis,24,$42925.33,$10733.58,$9999.70
314 - OTHER CIRCULATORY SYSTEM DIAGNOSES W MCC,520075,ST VINCENT HSPTL,835 S VAN BUREN ST,GREEN BAY,WI,54301,WI - Green Bay,29,$27292.55,$10702.13,$9971.34
314 - OTHER CIRCULATORY SYSTEM DIAGNOSES W MCC,520078,WHEATON FRANCISCAN HEALTHCARE- ST FRANCIS,3237 S 16TH ST,MILWAUKEE,WI,53215,WI - Milwaukee,23,$32321.86,$11823.39,$11077.00
314 - OTHER CIRCULATORY SYSTEM DIAGNOSES W MCC,520083,ST MARY'S HOSPITAL,700 SOUTH PARK ST,MADISON,WI,53715,WI - Madison,36,$37554.88,$12169.41,$10884.66
314 - OTHER CIRCULATORY SYSTEM DIAGNOSES W MCC,520087,GUNDERSEN LUTH MED CTR,1910 SOUTH AVE,LA CROSSE,WI,54601,WI - La Crosse,15,$34117.66,$14555.60,$9993.13
314 - OTHER CIRCULATORY SYSTEM DIAGNOSES W MCC,520089,MERITER HSPTL,202 S PARK ST,MADISON,WI,53715,WI - Madison,25,$38005.36,$12835.32,$12294.52
314 - OTHER CIRCULATORY SYSTEM DIAGNOSES W MCC,520096,WHEATON FRANCISCAN HEALTHCARE- ALL SAINTS,3801 SPRING ST,RACINE,WI,53405,WI - Milwaukee,40,$25372.65,$11720.32,$11093.85
314 - OTHER CIRCULATORY SYSTEM DIAGNOSES W MCC,520098,UNIVERSITY OF WI  HOSPITALS & CLINICS AUTHORITY,600 HIGHLAND AVENUE,MADISON,WI,53792,WI - Madison,43,$41478.11,$20598.37,$16712.88
314 - OTHER CIRCULATORY SYSTEM DIAGNOSES W MCC,520103,COMMUNITY MEM HSPTL,W180 N8085 TOWN HALL RD,MENOMONEE FALLS,WI,53051,WI - Milwaukee,12,$23681.00,$10268.33,$9587.08
314 - OTHER CIRCULATORY SYSTEM DIAGNOSES W MCC,520113,BAY AREA MED CTR,3100 SHORE DR,MARINETTE,WI,54143,WI - Green Bay,12,$30873.58,$10288.83,$9914.16
314 - OTHER CIRCULATORY SYSTEM DIAGNOSES W MCC,520136,"WHEATON FRANCISCAN, INC- ST JOSEPH",5000 W CHAMBERS ST,MILWAUKEE,WI,53210,WI - Milwaukee,42,$46852.88,$16488.16,$15267.07
314 - OTHER CIRCULATORY SYSTEM DIAGNOSES W MCC,520138,AURORA ST LUKES MEDICAL CENTER,2900 W OKLAHOMA AVE,MILWAUKEE,WI,53215,WI - Milwaukee,93,$64858.00,$17016.73,$15453.20
314 - OTHER CIRCULATORY SYSTEM DIAGNOSES W MCC,520160,APPLETON MED CTR,1818 N MEADE ST,APPLETON,WI,54911,WI - Appleton,20,$12000.25,$9744.20,$8845.20
314 - OTHER CIRCULATORY SYSTEM DIAGNOSES W MCC,520177,FROEDTERT MEM LUTHERAN HSPTL,9200 W WISCONSIN AVE,MILWAUKEE,WI,53226,WI - Milwaukee,81,$35228.93,$16937.59,$16318.43
315 - OTHER CIRCULATORY SYSTEM DIAGNOSES W CC,520008,WAUKESHA MEMORIAL HOSPITAL,725 AMERICAN AVE,WAUKESHA,WI,53188,WI - Milwaukee,12,$21400.58,$7817.16,$4098.50
315 - OTHER CIRCULATORY SYSTEM DIAGNOSES W CC,520037,MINISTRY SAINT JOSEPH'S HOSPITAL,611 ST JOSEPH AVE,MARSHFIELD,WI,54449,WI - Marshfield,19,$18268.73,$8133.57,$5918.84
315 - OTHER CIRCULATORY SYSTEM DIAGNOSES W CC,520070,MAYO CLINIC HEALTH SYSTEM EAU CLAIRE HOSPITAL,1221 WHIPPLE ST,EAU CLAIRE,WI,54703,MN - Minneapolis,16,$15165.87,$6893.56,$4481.06
315 - OTHER CIRCULATORY SYSTEM DIAGNOSES W CC,520083,ST MARY'S HOSPITAL,700 SOUTH PARK ST,MADISON,WI,53715,WI - Madison,18,$20121.66,$7264.72,$5663.61
315 - OTHER CIRCULATORY SYSTEM DIAGNOSES W CC,520089,MERITER HSPTL,202 S PARK ST,MADISON,WI,53715,WI - Madison,15,$27139.06,$6961.80,$6217.80
315 - OTHER CIRCULATORY SYSTEM DIAGNOSES W CC,520098,UNIVERSITY OF WI  HOSPITALS & CLINICS AUTHORITY,600 HIGHLAND AVENUE,MADISON,WI,53792,WI - Madison,20,$21022.00,$11220.55,$6979.85
315 - OTHER CIRCULATORY SYSTEM DIAGNOSES W CC,520138,AURORA ST LUKES MEDICAL CENTER,2900 W OKLAHOMA AVE,MILWAUKEE,WI,53215,WI - Milwaukee,47,$28817.12,$7120.04,$6125.21
315 - OTHER CIRCULATORY SYSTEM DIAGNOSES W CC,520139,AURORA WEST ALLIS MEDICAL CENTER,8901 W LINCOLN AVE,WEST ALLIS,WI,53227,WI - Milwaukee,16,$18292.56,$5690.87,$5060.12
315 - OTHER CIRCULATORY SYSTEM DIAGNOSES W CC,520177,FROEDTERT MEM LUTHERAN HSPTL,9200 W WISCONSIN AVE,MILWAUKEE,WI,53226,WI - Milwaukee,37,$21909.10,$9570.78,$8687.02
329 - MAJOR SMALL & LARGE BOWEL PROCEDURES W MCC,520004,"MAYO CLINIC HLTH SYSTEM- FRANCISCAN MED CTR, INC",700 WEST AVE S,LA CROSSE,WI,54601,WI - La Crosse,15,$123566.80,$47244.66,$46347.66
329 - MAJOR SMALL & LARGE BOWEL PROCEDURES W MCC,520008,WAUKESHA MEMORIAL HOSPITAL,725 AMERICAN AVE,WAUKESHA,WI,53188,WI - Milwaukee,29,$96780.17,$34291.37,$29387.65
329 - MAJOR SMALL & LARGE BOWEL PROCEDURES W MCC,520013,SACRED HEART HSPTL,900 W CLAIREMONT AVE,EAU CLAIRE,WI,54701,MN - Minneapolis,16,$124937.31,$42036.06,$41261.81
329 - MAJOR SMALL & LARGE BOWEL PROCEDURES W MCC,520019,MINISTRY ST MARYS HOSPITAL,2251 NORTH SHORE DR,RHINELANDER,WI,54501,WI - Wausau,15,$104795.06,$35666.06,$34915.60
329 - MAJOR SMALL & LARGE BOWEL PROCEDURES W MCC,520021,UNITED HSPTL SYS,6308 EIGHTH AVE,KENOSHA,WI,53143,WI - Milwaukee,11,$129077.00,$40963.09,$40045.54
329 - MAJOR SMALL & LARGE BOWEL PROCEDURES W MCC,520027,"COLUMBIA ST MARY'S HOSPITAL OZAUKEE, INC",13111 N PORT WASHINGTON RD,MEQUON,WI,53097,WI - Milwaukee,12,$114552.50,$34953.58,$29426.25
329 - MAJOR SMALL & LARGE BOWEL PROCEDURES W MCC,520030,ASPIRUS WAUSAU HOSPITAL,333 PINE RIDGE BLVD,WAUSAU,WI,54401,WI - Wausau,31,$92143.54,$31970.96,$30939.51
329 - MAJOR SMALL & LARGE BOWEL PROCEDURES W MCC,520037,MINISTRY SAINT JOSEPH'S HOSPITAL,611 ST JOSEPH AVE,MARSHFIELD,WI,54449,WI - Marshfield,16,$61728.50,$43396.18,$25770.81
329 - MAJOR SMALL & LARGE BOWEL PROCEDURES W MCC,520051,COLUMBIA ST MARYS HSPTL  MILW (COL & MILW CAMPUS),2323 N LAKE DR,MILWAUKEE,WI,53211,WI - Milwaukee,15,$90693.66,$37823.53,$37075.26
329 - MAJOR SMALL & LARGE BOWEL PROCEDURES W MCC,520066,MERCY HLTH SYS CORP,1000 MINERAL POINT AVE,JANESVILLE,WI,53548,WI - Madison,21,$105245.23,$34198.71,$33501.04
329 - MAJOR SMALL & LARGE BOWEL PROCEDURES W MCC,520070,MAYO CLINIC HEALTH SYSTEM EAU CLAIRE HOSPITAL,1221 WHIPPLE ST,EAU CLAIRE,WI,54703,MN - Minneapolis,22,$90437.18,$34263.45,$30888.40
329 - MAJOR SMALL & LARGE BOWEL PROCEDURES W MCC,520075,ST VINCENT HSPTL,835 S VAN BUREN ST,GREEN BAY,WI,54301,WI - Green Bay,19,$90691.00,$31691.26,$28118.68
329 - MAJOR SMALL & LARGE BOWEL PROCEDURES W MCC,520076,BEAVER DAM COM HSPTL,707 S UNIVERSITY AVE,BEAVER DAM,WI,53916,WI - Madison,11,$147179.36,$47959.45,$47148.09
329 - MAJOR SMALL & LARGE BOWEL PROCEDURES W MCC,520078,WHEATON FRANCISCAN HEALTHCARE- ST FRANCIS,3237 S 16TH ST,MILWAUKEE,WI,53215,WI - Milwaukee,11,$73685.90,$34258.63,$33335.36
329 - MAJOR SMALL & LARGE BOWEL PROCEDURES W MCC,520083,ST MARY'S HOSPITAL,700 SOUTH PARK ST,MADISON,WI,53715,WI - Madison,47,$122004.48,$40394.72,$39094.53
329 - MAJOR SMALL & LARGE BOWEL PROCEDURES W MCC,520087,GUNDERSEN LUTH MED CTR,1910 SOUTH AVE,LA CROSSE,WI,54601,WI - La Crosse,11,$64620.90,$33345.63,$32525.27
329 - MAJOR SMALL & LARGE BOWEL PROCEDURES W MCC,520089,MERITER HSPTL,202 S PARK ST,MADISON,WI,53715,WI - Madison,22,$115182.22,$38406.04,$37537.09
329 - MAJOR SMALL & LARGE BOWEL PROCEDURES W MCC,520096,WHEATON FRANCISCAN HEALTHCARE- ALL SAINTS,3801 SPRING ST,RACINE,WI,53405,WI - Milwaukee,24,$83684.70,$38116.29,$37275.29
329 - MAJOR SMALL & LARGE BOWEL PROCEDURES W MCC,520098,UNIVERSITY OF WI  HOSPITALS & CLINICS AUTHORITY,600 HIGHLAND AVENUE,MADISON,WI,53792,WI - Madison,43,$106086.81,$52536.58,$49081.09
329 - MAJOR SMALL & LARGE BOWEL PROCEDURES W MCC,520100,BELOIT MEM HSPTL,1969 W HART RD,BELOIT,WI,53511,WI - Madison,11,$170243.09,$49441.81,$48683.18
329 - MAJOR SMALL & LARGE BOWEL PROCEDURES W MCC,520102,AURORA LAKELAND MED CTR,W3985 CTY RD NN,ELKHORN,WI,53121,WI - Milwaukee,11,$88611.36,$32529.09,$31617.36
329 - MAJOR SMALL & LARGE BOWEL PROCEDURES W MCC,520103,COMMUNITY MEM HSPTL,W180 N8085 TOWN HALL RD,MENOMONEE FALLS,WI,53051,WI - Milwaukee,17,$92555.64,$32071.41,$31019.17
329 - MAJOR SMALL & LARGE BOWEL PROCEDURES W MCC,520136,"WHEATON FRANCISCAN, INC- ST JOSEPH",5000 W CHAMBERS ST,MILWAUKEE,WI,53210,WI - Milwaukee,15,$114692.00,$42751.60,$41628.13
329 - MAJOR SMALL & LARGE BOWEL PROCEDURES W MCC,520138,AURORA ST LUKES MEDICAL CENTER,2900 W OKLAHOMA AVE,MILWAUKEE,WI,53215,WI - Milwaukee,59,$144262.15,$41135.42,$39924.00
329 - MAJOR SMALL & LARGE BOWEL PROCEDURES W MCC,520139,AURORA WEST ALLIS MEDICAL CENTER,8901 W LINCOLN AVE,WEST ALLIS,WI,53227,WI - Milwaukee,21,$100764.23,$30847.33,$29208.28
329 - MAJOR SMALL & LARGE BOWEL PROCEDURES W MCC,520160,APPLETON MED CTR,1818 N MEADE ST,APPLETON,WI,54911,WI - Appleton,15,$39206.73,$27676.20,$27072.46
329 - MAJOR SMALL & LARGE BOWEL PROCEDURES W MCC,520170,WHEATON FRANCISCAN INC - ELMBROOK MEMORIAL,19333 W NORTH AVE,BROOKFIELD,WI,53045,WI - Milwaukee,15,$93262.86,$30049.80,$29301.40
329 - MAJOR SMALL & LARGE BOWEL PROCEDURES W MCC,520177,FROEDTERT MEM LUTHERAN HSPTL,9200 W WISCONSIN AVE,MILWAUKEE,WI,53226,WI - Milwaukee,25,$88181.08,$44271.72,$43507.12
330 - MAJOR SMALL & LARGE BOWEL PROCEDURES W CC,520004,"MAYO CLINIC HLTH SYSTEM- FRANCISCAN MED CTR, INC",700 WEST AVE S,LA CROSSE,WI,54601,WI - La Crosse,22,$64218.13,$18162.00,$17240.18
330 - MAJOR SMALL & LARGE BOWEL PROCEDURES W CC,520008,WAUKESHA MEMORIAL HOSPITAL,725 AMERICAN AVE,WAUKESHA,WI,53188,WI - Milwaukee,33,$59251.33,$20142.54,$14878.84
330 - MAJOR SMALL & LARGE BOWEL PROCEDURES W CC,520009,ST ELIZABETH HSPTL,1506 S ONEIDA ST,APPLETON,WI,54915,WI - Appleton,11,$22604.36,$15097.54,$14177.18
330 - MAJOR SMALL & LARGE BOWEL PROCEDURES W CC,520013,SACRED HEART HSPTL,900 W CLAIREMONT AVE,EAU CLAIRE,WI,54701,MN - Minneapolis,20,$43263.95,$18501.40,$15437.40
330 - MAJOR SMALL & LARGE BOWEL PROCEDURES W CC,520019,MINISTRY ST MARYS HOSPITAL,2251 NORTH SHORE DR,RHINELANDER,WI,54501,WI - Wausau,13,$42496.38,$16170.46,$15132.92
330 - MAJOR SMALL & LARGE BOWEL PROCEDURES W CC,520021,UNITED HSPTL SYS,6308 EIGHTH AVE,KENOSHA,WI,53143,WI - Milwaukee,12,$73278.16,$18525.75,$15671.50
330 - MAJOR SMALL & LARGE BOWEL PROCEDURES W CC,520027,"COLUMBIA ST MARY'S HOSPITAL OZAUKEE, INC",13111 N PORT WASHINGTON RD,MEQUON,WI,53097,WI - Milwaukee,16,$42164.25,$13848.68,$13013.68
330 - MAJOR SMALL & LARGE BOWEL PROCEDURES W CC,520028,THE MONROE CLINIC,2005 5TH STREET,MONROE,WI,53566,WI - Madison,13,$48645.07,$15662.15,$14793.84
330 - MAJOR SMALL & LARGE BOWEL PROCEDURES W CC,520030,ASPIRUS WAUSAU HOSPITAL,333 PINE RIDGE BLVD,WAUSAU,WI,54401,WI - Wausau,26,$49157.84,$15462.96,$13503.46
330 - MAJOR SMALL & LARGE BOWEL PROCEDURES W CC,520035,AURORA SHEBOYGAN MEM MED CTR,2629 N 7TH ST,SHEBOYGAN,WI,53083,WI - Milwaukee,19,$38256.47,$14701.63,$13756.78
330 - MAJOR SMALL & LARGE BOWEL PROCEDURES W CC,520037,MINISTRY SAINT JOSEPH'S HOSPITAL,611 ST JOSEPH AVE,MARSHFIELD,WI,54449,WI - Marshfield,34,$43595.61,$18974.70,$17545.61
330 - MAJOR SMALL & LARGE BOWEL PROCEDURES W CC,520044,ST NICHOLAS HOSPITAL,3100 SUPERIOR AVE,SHEBOYGAN,WI,53081,WI - Milwaukee,16,$37909.37,$13967.31,$11724.68
330 - MAJOR SMALL & LARGE BOWEL PROCEDURES W CC,520045,THEDA CLARK MED CTR,130 2ND ST,NEENAH,WI,54956,WI - Neenah,16,$27029.18,$15171.18,$14404.87
330 - MAJOR SMALL & LARGE BOWEL PROCEDURES W CC,520049,BELLIN MEMORIAL HSPTL,744 S WEBSTER AVE,GREEN BAY,WI,54305,WI - Green Bay,21,$42378.71,$14355.80,$13497.90
330 - MAJOR SMALL & LARGE BOWEL PROCEDURES W CC,520051,COLUMBIA ST MARYS HSPTL  MILW (COL & MILW CAMPUS),2323 N LAKE DR,MILWAUKEE,WI,53211,WI - Milwaukee,27,$63800.55,$21075.70,$19450.14
330 - MAJOR SMALL & LARGE BOWEL PROCEDURES W CC,520059,AURORA MEMORIAL HSPTL BURLINGTON,252 MCHENRY ST,BURLINGTON,WI,53105,WI - Milwaukee,12,$49067.83,$14447.08,$13792.08
330 - MAJOR SMALL & LARGE BOWEL PROCEDURES W CC,520063,ST JOSEPHS COM HSPTL WEST BEND,3200 PLEASANT VALLEY ROAD,WEST BEND,WI,53095,WI - Milwaukee,16,$55225.62,$19066.37,$18292.12
330 - MAJOR SMALL & LARGE BOWEL PROCEDURES W CC,520066,MERCY HLTH SYS CORP,1000 MINERAL POINT AVE,JANESVILLE,WI,53548,WI - Madison,38,$47565.50,$15763.00,$14852.02
330 - MAJOR SMALL & LARGE BOWEL PROCEDURES W CC,520070,MAYO CLINIC HEALTH SYSTEM EAU CLAIRE HOSPITAL,1221 WHIPPLE ST,EAU CLAIRE,WI,54703,MN - Minneapolis,31,$50196.54,$15803.03,$14857.70
330 - MAJOR SMALL & LARGE BOWEL PROCEDURES W CC,520071,FORT HEALTHCARE,611 SHERMAN AVE E,FORT ATKINSON,WI,53538,WI - Madison,14,$37177.64,$14959.28,$14074.42
330 - MAJOR SMALL & LARGE BOWEL PROCEDURES W CC,520075,ST VINCENT HSPTL,835 S VAN BUREN ST,GREEN BAY,WI,54301,WI - Green Bay,17,$55310.58,$15404.47,$14474.05
330 - MAJOR SMALL & LARGE BOWEL PROCEDURES W CC,520076,BEAVER DAM COM HSPTL,707 S UNIVERSITY AVE,BEAVER DAM,WI,53916,WI - Madison,15,$76741.26,$20348.73,$19451.53
330 - MAJOR SMALL & LARGE BOWEL PROCEDURES W CC,520083,ST MARY'S HOSPITAL,700 SOUTH PARK ST,MADISON,WI,53715,WI - Madison,68,$53253.64,$18395.51,$15659.22
330 - MAJOR SMALL & LARGE BOWEL PROCEDURES W CC,520087,GUNDERSEN LUTH MED CTR,1910 SOUTH AVE,LA CROSSE,WI,54601,WI - La Crosse,27,$52254.18,$17488.18,$16445.96
330 - MAJOR SMALL & LARGE BOWEL PROCEDURES W CC,520088,ST AGNES HSPTL,430 E DIVISON ST,FOND DU LAC,WI,54935,WI - Milwaukee,17,$50504.52,$16316.05,$13213.70
330 - MAJOR SMALL & LARGE BOWEL PROCEDURES W CC,520089,MERITER HSPTL,202 S PARK ST,MADISON,WI,53715,WI - Madison,21,$60409.38,$18124.90,$17160.66
330 - MAJOR SMALL & LARGE BOWEL PROCEDURES W CC,520091,HOWARD YOUNG MED CTR,240 MAPLE ST PO BOX 470,WOODRUFF,WI,54568,WI - Marshfield,15,$39930.13,$18057.86,$17236.20
330 - MAJOR SMALL & LARGE BOWEL PROCEDURES W CC,520095,SAUK PRAIRIE MEM HSPTL,80 FIRST ST,PRAIRIE DU SAC,WI,53578,WI - Madison,12,$29579.16,$17504.75,$16755.41
330 - MAJOR SMALL & LARGE BOWEL PROCEDURES W CC,520096,WHEATON FRANCISCAN HEALTHCARE- ALL SAINTS,3801 SPRING ST,RACINE,WI,53405,WI - Milwaukee,21,$40446.47,$18970.95,$14570.95
330 - MAJOR SMALL & LARGE BOWEL PROCEDURES W CC,520097,ST MARYS HSPTL MED CTR,1726 SHAWANO AVE,GREEN BAY,WI,54303,WI - Green Bay,11,$48982.90,$14994.72,$12358.18
330 - MAJOR SMALL & LARGE BOWEL PROCEDURES W CC,520098,UNIVERSITY OF WI  HOSPITALS & CLINICS AUTHORITY,600 HIGHLAND AVENUE,MADISON,WI,53792,WI - Madison,60,$58602.88,$28175.85,$22726.86
330 - MAJOR SMALL & LARGE BOWEL PROCEDURES W CC,520100,BELOIT MEM HSPTL,1969 W HART RD,BELOIT,WI,53511,WI - Madison,12,$83239.33,$18577.83,$17831.16
330 - MAJOR SMALL & LARGE BOWEL PROCEDURES W CC,520102,AURORA LAKELAND MED CTR,W3985 CTY RD NN,ELKHORN,WI,53121,WI - Milwaukee,19,$52167.94,$15485.63,$14598.68
330 - MAJOR SMALL & LARGE BOWEL PROCEDURES W CC,520103,COMMUNITY MEM HSPTL,W180 N8085 TOWN HALL RD,MENOMONEE FALLS,WI,53051,WI - Milwaukee,26,$60392.92,$15949.73,$14497.69
330 - MAJOR SMALL & LARGE BOWEL PROCEDURES W CC,520113,BAY AREA MED CTR,3100 SHORE DR,MARINETTE,WI,54143,WI - Green Bay,15,$41094.66,$15478.00,$14652.13
330 - MAJOR SMALL & LARGE BOWEL PROCEDURES W CC,520136,"WHEATON FRANCISCAN, INC- ST JOSEPH",5000 W CHAMBERS ST,MILWAUKEE,WI,53210,WI - Milwaukee,29,$53265.44,$22099.82,$17515.55
330 - MAJOR SMALL & LARGE BOWEL PROCEDURES W CC,520138,AURORA ST LUKES MEDICAL CENTER,2900 W OKLAHOMA AVE,MILWAUKEE,WI,53215,WI - Milwaukee,88,$68225.20,$19836.44,$16384.10
330 - MAJOR SMALL & LARGE BOWEL PROCEDURES W CC,520139,AURORA WEST ALLIS MEDICAL CENTER,8901 W LINCOLN AVE,WEST ALLIS,WI,53227,WI - Milwaukee,22,$62232.72,$15045.77,$13978.31
330 - MAJOR SMALL & LARGE BOWEL PROCEDURES W CC,520160,APPLETON MED CTR,1818 N MEADE ST,APPLETON,WI,54911,WI - Appleton,26,$26404.96,$14563.11,$13110.38
330 - MAJOR SMALL & LARGE BOWEL PROCEDURES W CC,520170,WHEATON FRANCISCAN INC - ELMBROOK MEMORIAL,19333 W NORTH AVE,BROOKFIELD,WI,53045,WI - Milwaukee,22,$53569.04,$13908.95,$13043.00
330 - MAJOR SMALL & LARGE BOWEL PROCEDURES W CC,520177,FROEDTERT MEM LUTHERAN HSPTL,9200 W WISCONSIN AVE,MILWAUKEE,WI,53226,WI - Milwaukee,57,$54349.03,$24600.78,$21591.21
330 - MAJOR SMALL & LARGE BOWEL PROCEDURES W CC,520189,AURORA MED CTR KENOSHA,10400 75TH ST,KENOSHA,WI,53142,WI - Milwaukee,13,$58160.00,$18348.69,$14078.30
330 - MAJOR SMALL & LARGE BOWEL PROCEDURES W CC,520193,AURORA BAYCARE MED CTR,2845 GREENBRIER RD PO BOX 8900,GREEN BAY,WI,54311,WI - Green Bay,14,$47044.28,$15395.07,$14512.50
372 - MAJOR GASTROINTESTINAL DISORDERS & PERITONEAL INFECTIONS W CC,520008,WAUKESHA MEMORIAL HOSPITAL,725 AMERICAN AVE,WAUKESHA,WI,53188,WI - Milwaukee,25,$18128.56,$7273.12,$6646.88
372 - MAJOR GASTROINTESTINAL DISORDERS & PERITONEAL INFECTIONS W CC,520027,"COLUMBIA ST MARY'S HOSPITAL OZAUKEE, INC",13111 N PORT WASHINGTON RD,MEQUON,WI,53097,WI - Milwaukee,14,$20562.71,$6750.00,$6354.85
372 - MAJOR GASTROINTESTINAL DISORDERS & PERITONEAL INFECTIONS W CC,520030,ASPIRUS WAUSAU HOSPITAL,333 PINE RIDGE BLVD,WAUSAU,WI,54401,WI - Wausau,12,$16544.91,$7633.75,$6245.83
372 - MAJOR GASTROINTESTINAL DISORDERS & PERITONEAL INFECTIONS W CC,520037,MINISTRY SAINT JOSEPH'S HOSPITAL,611 ST JOSEPH AVE,MARSHFIELD,WI,54449,WI - Marshfield,16,$20887.81,$8688.18,$7533.37
372 - MAJOR GASTROINTESTINAL DISORDERS & PERITONEAL INFECTIONS W CC,520066,MERCY HLTH SYS CORP,1000 MINERAL POINT AVE,JANESVILLE,WI,53548,WI - Madison,15,$21036.20,$7962.06,$7211.66
372 - MAJOR GASTROINTESTINAL DISORDERS & PERITONEAL INFECTIONS W CC,520070,MAYO CLINIC HEALTH SYSTEM EAU CLAIRE HOSPITAL,1221 WHIPPLE ST,EAU CLAIRE,WI,54703,MN - Minneapolis,15,$13831.06,$7123.13,$6601.26
372 - MAJOR GASTROINTESTINAL DISORDERS & PERITONEAL INFECTIONS W CC,520078,WHEATON FRANCISCAN HEALTHCARE- ST FRANCIS,3237 S 16TH ST,MILWAUKEE,WI,53215,WI - Milwaukee,19,$16628.15,$8835.89,$7246.00
372 - MAJOR GASTROINTESTINAL DISORDERS & PERITONEAL INFECTIONS W CC,520083,ST MARY'S HOSPITAL,700 SOUTH PARK ST,MADISON,WI,53715,WI - Madison,27,$20821.25,$8656.25,$7824.48
372 - MAJOR GASTROINTESTINAL DISORDERS & PERITONEAL INFECTIONS W CC,520096,WHEATON FRANCISCAN HEALTHCARE- ALL SAINTS,3801 SPRING ST,RACINE,WI,53405,WI - Milwaukee,14,$19067.50,$8411.35,$7930.78
372 - MAJOR GASTROINTESTINAL DISORDERS & PERITONEAL INFECTIONS W CC,520098,UNIVERSITY OF WI  HOSPITALS & CLINICS AUTHORITY,600 HIGHLAND AVENUE,MADISON,WI,53792,WI - Madison,29,$20847.34,$12696.37,$12195.55
372 - MAJOR GASTROINTESTINAL DISORDERS & PERITONEAL INFECTIONS W CC,520103,COMMUNITY MEM HSPTL,W180 N8085 TOWN HALL RD,MENOMONEE FALLS,WI,53051,WI - Milwaukee,18,$17882.72,$7320.55,$6880.33
372 - MAJOR GASTROINTESTINAL DISORDERS & PERITONEAL INFECTIONS W CC,520113,BAY AREA MED CTR,3100 SHORE DR,MARINETTE,WI,54143,WI - Green Bay,12,$16399.00,$7572.33,$6817.66
372 - MAJOR GASTROINTESTINAL DISORDERS & PERITONEAL INFECTIONS W CC,520138,AURORA ST LUKES MEDICAL CENTER,2900 W OKLAHOMA AVE,MILWAUKEE,WI,53215,WI - Milwaukee,68,$30199.50,$9077.67,$8489.01
372 - MAJOR GASTROINTESTINAL DISORDERS & PERITONEAL INFECTIONS W CC,520139,AURORA WEST ALLIS MEDICAL CENTER,8901 W LINCOLN AVE,WEST ALLIS,WI,53227,WI - Milwaukee,26,$24774.69,$7481.26,$7091.88
372 - MAJOR GASTROINTESTINAL DISORDERS & PERITONEAL INFECTIONS W CC,520170,WHEATON FRANCISCAN INC - ELMBROOK MEMORIAL,19333 W NORTH AVE,BROOKFIELD,WI,53045,WI - Milwaukee,11,$16168.36,$7245.81,$6637.09
372 - MAJOR GASTROINTESTINAL DISORDERS & PERITONEAL INFECTIONS W CC,520177,FROEDTERT MEM LUTHERAN HSPTL,9200 W WISCONSIN AVE,MILWAUKEE,WI,53226,WI - Milwaukee,37,$16932.02,$11145.05,$10335.67
377 - G.I. HEMORRHAGE W MCC,520008,WAUKESHA MEMORIAL HOSPITAL,725 AMERICAN AVE,WAUKESHA,WI,53188,WI - Milwaukee,42,$34138.90,$15607.14,$8927.78
377 - G.I. HEMORRHAGE W MCC,520013,SACRED HEART HSPTL,900 W CLAIREMONT AVE,EAU CLAIRE,WI,54701,MN - Minneapolis,13,$33421.07,$12484.07,$10377.15
377 - G.I. HEMORRHAGE W MCC,520030,ASPIRUS WAUSAU HOSPITAL,333 PINE RIDGE BLVD,WAUSAU,WI,54401,WI - Wausau,24,$26753.50,$10637.25,$9175.12
377 - G.I. HEMORRHAGE W MCC,520035,AURORA SHEBOYGAN MEM MED CTR,2629 N 7TH ST,SHEBOYGAN,WI,53083,WI - Milwaukee,15,$25883.66,$10400.60,$9576.86
377 - G.I. HEMORRHAGE W MCC,520037,MINISTRY SAINT JOSEPH'S HOSPITAL,611 ST JOSEPH AVE,MARSHFIELD,WI,54449,WI - Marshfield,19,$45962.10,$16902.52,$15456.73
377 - G.I. HEMORRHAGE W MCC,520045,THEDA CLARK MED CTR,130 2ND ST,NEENAH,WI,54956,WI - Neenah,11,$15049.72,$10596.54,$8831.36
377 - G.I. HEMORRHAGE W MCC,520049,BELLIN MEMORIAL HSPTL,744 S WEBSTER AVE,GREEN BAY,WI,54305,WI - Green Bay,11,$26308.90,$8960.27,$8554.45
377 - G.I. HEMORRHAGE W MCC,520051,COLUMBIA ST MARYS HSPTL  MILW (COL & MILW CAMPUS),2323 N LAKE DR,MILWAUKEE,WI,53211,WI - Milwaukee,12,$34736.33,$12098.58,$11354.58
377 - G.I. HEMORRHAGE W MCC,520066,MERCY HLTH SYS CORP,1000 MINERAL POINT AVE,JANESVILLE,WI,53548,WI - Madison,18,$36715.00,$10701.11,$9885.33
377 - G.I. HEMORRHAGE W MCC,520070,MAYO CLINIC HEALTH SYSTEM EAU CLAIRE HOSPITAL,1221 WHIPPLE ST,EAU CLAIRE,WI,54703,MN - Minneapolis,30,$28276.50,$9801.36,$9162.06
377 - G.I. HEMORRHAGE W MCC,520075,ST VINCENT HSPTL,835 S VAN BUREN ST,GREEN BAY,WI,54301,WI - Green Bay,16,$20786.75,$10498.12,$9932.12
377 - G.I. HEMORRHAGE W MCC,520078,WHEATON FRANCISCAN HEALTHCARE- ST FRANCIS,3237 S 16TH ST,MILWAUKEE,WI,53215,WI - Milwaukee,23,$36210.30,$12092.30,$10915.30
377 - G.I. HEMORRHAGE W MCC,520083,ST MARY'S HOSPITAL,700 SOUTH PARK ST,MADISON,WI,53715,WI - Madison,34,$39367.85,$12397.26,$11538.20
377 - G.I. HEMORRHAGE W MCC,520087,GUNDERSEN LUTH MED CTR,1910 SOUTH AVE,LA CROSSE,WI,54601,WI - La Crosse,16,$28586.12,$11309.00,$10536.75
377 - G.I. HEMORRHAGE W MCC,520089,MERITER HSPTL,202 S PARK ST,MADISON,WI,53715,WI - Madison,16,$41496.87,$12850.25,$11637.12
377 - G.I. HEMORRHAGE W MCC,520096,WHEATON FRANCISCAN HEALTHCARE- ALL SAINTS,3801 SPRING ST,RACINE,WI,53405,WI - Milwaukee,34,$28110.85,$11462.85,$10711.97
377 - G.I. HEMORRHAGE W MCC,520097,ST MARYS HSPTL MED CTR,1726 SHAWANO AVE,GREEN BAY,WI,54303,WI - Green Bay,14,$25359.57,$11231.85,$8254.07
377 - G.I. HEMORRHAGE W MCC,520098,UNIVERSITY OF WI  HOSPITALS & CLINICS AUTHORITY,600 HIGHLAND AVENUE,MADISON,WI,53792,WI - Madison,33,$38263.54,$18724.69,$17397.87
377 - G.I. HEMORRHAGE W MCC,520103,COMMUNITY MEM HSPTL,W180 N8085 TOWN HALL RD,MENOMONEE FALLS,WI,53051,WI - Milwaukee,11,$20616.00,$9204.54,$8590.00
377 - G.I. HEMORRHAGE W MCC,520136,"WHEATON FRANCISCAN, INC- ST JOSEPH",5000 W CHAMBERS ST,MILWAUKEE,WI,53210,WI - Milwaukee,29,$30632.96,$14285.96,$12776.58
377 - G.I. HEMORRHAGE W MCC,520138,AURORA ST LUKES MEDICAL CENTER,2900 W OKLAHOMA AVE,MILWAUKEE,WI,53215,WI - Milwaukee,86,$43763.48,$13358.70,$11326.25
377 - G.I. HEMORRHAGE W MCC,520139,AURORA WEST ALLIS MEDICAL CENTER,8901 W LINCOLN AVE,WEST ALLIS,WI,53227,WI - Milwaukee,17,$40913.76,$10365.00,$9704.76
377 - G.I. HEMORRHAGE W MCC,520177,FROEDTERT MEM LUTHERAN HSPTL,9200 W WISCONSIN AVE,MILWAUKEE,WI,53226,WI - Milwaukee,32,$34540.18,$16292.06,$15661.34
377 - G.I. HEMORRHAGE W MCC,520202,ST CLARE'S HOSPITAL OF WESTON INC,3400 MINISTRY PARKWAY,WESTON,WI,54476,WI - Wausau,12,$22942.50,$9570.50,$9106.83
378 - G.I. HEMORRHAGE W CC,520002,MINISTRY ST MICHAELS HOSPITAL OF STEVENS POINT,900 ILLINOIS AVE,STEVENS POINT,WI,54481,WI - Marshfield,31,$12038.77,$5943.54,$5043.03
378 - G.I. HEMORRHAGE W CC,520004,"MAYO CLINIC HLTH SYSTEM- FRANCISCAN MED CTR, INC",700 WEST AVE S,LA CROSSE,WI,54601,WI - La Crosse,29,$21334.10,$6788.82,$5893.24
378 - G.I. HEMORRHAGE W CC,520008,WAUKESHA MEMORIAL HOSPITAL,725 AMERICAN AVE,WAUKESHA,WI,53188,WI - Milwaukee,128,$19650.14,$6262.46,$5085.08
378 - G.I. HEMORRHAGE W CC,520009,ST ELIZABETH HSPTL,1506 S ONEIDA ST,APPLETON,WI,54915,WI - Appleton,20,$11918.90,$6303.40,$5046.90
378 - G.I. HEMORRHAGE W CC,520011,LAKEVIEW MED CENTER,1700 WEST STOUT STREET,RICE LAKE,WI,54868,WI - Marshfield,19,$8956.47,$5796.78,$5023.94
378 - G.I. HEMORRHAGE W CC,520013,SACRED HEART HSPTL,900 W CLAIREMONT AVE,EAU CLAIRE,WI,54701,MN - Minneapolis,29,$21877.62,$7097.24,$6396.86
378 - G.I. HEMORRHAGE W CC,520017,ST JOSEPHS HSPTL,2661 CTY HWY I,CHIPPEWA FALLS,WI,54729,WI - Marshfield,13,$17701.92,$8741.84,$5021.07
378 - G.I. HEMORRHAGE W CC,520019,MINISTRY ST MARYS HOSPITAL,2251 NORTH SHORE DR,RHINELANDER,WI,54501,WI - Wausau,26,$21361.19,$6512.23,$5735.92
378 - G.I. HEMORRHAGE W CC,520021,UNITED HSPTL SYS,6308 EIGHTH AVE,KENOSHA,WI,53143,WI - Milwaukee,43,$22539.86,$6330.46,$5283.11
378 - G.I. HEMORRHAGE W CC,520027,"COLUMBIA ST MARY'S HOSPITAL OZAUKEE, INC",13111 N PORT WASHINGTON RD,MEQUON,WI,53097,WI - Milwaukee,57,$19603.77,$5800.71,$4873.49
378 - G.I. HEMORRHAGE W CC,520028,THE MONROE CLINIC,2005 5TH STREET,MONROE,WI,53566,WI - Madison,27,$15861.22,$6468.40,$5301.33
378 - G.I. HEMORRHAGE W CC,520030,ASPIRUS WAUSAU HOSPITAL,333 PINE RIDGE BLVD,WAUSAU,WI,54401,WI - Wausau,56,$17120.96,$6171.53,$5122.33
378 - G.I. HEMORRHAGE W CC,520033,RIVERVIEW HSPTL ASSOC,410 DEWEY ST PO BOX 8080,WISCONSIN RAPID,WI,54495,WI - Marshfield,22,$14227.31,$6484.27,$5771.18
378 - G.I. HEMORRHAGE W CC,520034,AURORA MED CTR MANITOWOC CTY,5000 MEMORIAL DR,TWO RIVERS,WI,54241,WI - Green Bay,19,$16852.21,$7529.52,$5734.31
378 - G.I. HEMORRHAGE W CC,520035,AURORA SHEBOYGAN MEM MED CTR,2629 N 7TH ST,SHEBOYGAN,WI,53083,WI - Milwaukee,24,$19945.20,$6294.00,$5358.66
378 - G.I. HEMORRHAGE W CC,520037,MINISTRY SAINT JOSEPH'S HOSPITAL,611 ST JOSEPH AVE,MARSHFIELD,WI,54449,WI - Marshfield,71,$19150.46,$7317.22,$6461.47
378 - G.I. HEMORRHAGE W CC,520038,AURORA MED CENTER-WASHINGTON COUNTY,1032 E SUMNER ST,HARTFORD,WI,53027,WI - Milwaukee,20,$20137.20,$5955.95,$4804.25
378 - G.I. HEMORRHAGE W CC,520041,DIVINE SAVIOR HLTHCARE,"2817 NEW PINERY RD, P O BOX 387",PORTAGE,WI,53901,WI - Madison,11,$19014.18,$7161.72,$6347.18
378 - G.I. HEMORRHAGE W CC,520044,ST NICHOLAS HOSPITAL,3100 SUPERIOR AVE,SHEBOYGAN,WI,53081,WI - Milwaukee,22,$19535.45,$5509.00,$4538.63
378 - G.I. HEMORRHAGE W CC,520045,THEDA CLARK MED CTR,130 2ND ST,NEENAH,WI,54956,WI - Neenah,31,$11353.51,$6292.12,$5350.96
378 - G.I. HEMORRHAGE W CC,520048,MERCY MED CTR OF OSHKOSH,500 S OAKWOOD RD,OSHKOSH,WI,54904,WI - Neenah,17,$9373.64,$5790.94,$4993.76
378 - G.I. HEMORRHAGE W CC,520049,BELLIN MEMORIAL HSPTL,744 S WEBSTER AVE,GREEN BAY,WI,54305,WI - Green Bay,40,$12598.65,$5679.15,$4637.95
378 - G.I. HEMORRHAGE W CC,520051,COLUMBIA ST MARYS HSPTL  MILW (COL & MILW CAMPUS),2323 N LAKE DR,MILWAUKEE,WI,53211,WI - Milwaukee,50,$21432.18,$7282.52,$6361.32
378 - G.I. HEMORRHAGE W CC,520057,ST CLARE HSPTL HLTH SVCS,707 14TH ST,BARABOO,WI,53913,WI - Madison,17,$17648.17,$6885.11,$5956.64
378 - G.I. HEMORRHAGE W CC,520059,AURORA MEMORIAL HSPTL BURLINGTON,252 MCHENRY ST,BURLINGTON,WI,53105,WI - Milwaukee,18,$22530.33,$5629.38,$5000.50
378 - G.I. HEMORRHAGE W CC,520062,OCONOMOWOC MEM HSPTL,791 E SUMMIT AVE,OCONOMOWOC,WI,53066,WI - Milwaukee,15,$20735.60,$6456.33,$4518.26
378 - G.I. HEMORRHAGE W CC,520063,ST JOSEPHS COM HSPTL WEST BEND,3200 PLEASANT VALLEY ROAD,WEST BEND,WI,53095,WI - Milwaukee,18,$18038.16,$5624.61,$5063.94
378 - G.I. HEMORRHAGE W CC,520066,MERCY HLTH SYS CORP,1000 MINERAL POINT AVE,JANESVILLE,WI,53548,WI - Madison,57,$19376.94,$6270.00,$5361.36
378 - G.I. HEMORRHAGE W CC,520070,MAYO CLINIC HEALTH SYSTEM EAU CLAIRE HOSPITAL,1221 WHIPPLE ST,EAU CLAIRE,WI,54703,MN - Minneapolis,82,$15325.23,$6575.15,$4691.89
378 - G.I. HEMORRHAGE W CC,520071,FORT HEALTHCARE,611 SHERMAN AVE E,FORT ATKINSON,WI,53538,WI - Madison,31,$12881.41,$6093.19,$5260.54
378 - G.I. HEMORRHAGE W CC,520075,ST VINCENT HSPTL,835 S VAN BUREN ST,GREEN BAY,WI,54301,WI - Green Bay,40,$17741.42,$6641.22,$5209.70
378 - G.I. HEMORRHAGE W CC,520076,BEAVER DAM COM HSPTL,707 S UNIVERSITY AVE,BEAVER DAM,WI,53916,WI - Madison,17,$22750.52,$6036.52,$5313.47
378 - G.I. HEMORRHAGE W CC,520078,WHEATON FRANCISCAN HEALTHCARE- ST FRANCIS,3237 S 16TH ST,MILWAUKEE,WI,53215,WI - Milwaukee,43,$20129.34,$6927.04,$6067.97
378 - G.I. HEMORRHAGE W CC,520083,ST MARY'S HOSPITAL,700 SOUTH PARK ST,MADISON,WI,53715,WI - Madison,79,$17242.12,$6887.54,$6006.64
378 - G.I. HEMORRHAGE W CC,520087,GUNDERSEN LUTH MED CTR,1910 SOUTH AVE,LA CROSSE,WI,54601,WI - La Crosse,57,$22441.59,$7055.05,$6147.68
378 - G.I. HEMORRHAGE W CC,520088,ST AGNES HSPTL,430 E DIVISON ST,FOND DU LAC,WI,54935,WI - Milwaukee,28,$21857.42,$6441.10,$4892.17
378 - G.I. HEMORRHAGE W CC,520089,MERITER HSPTL,202 S PARK ST,MADISON,WI,53715,WI - Madison,67,$23256.11,$7281.50,$6448.28
378 - G.I. HEMORRHAGE W CC,520091,HOWARD YOUNG MED CTR,240 MAPLE ST PO BOX 470,WOODRUFF,WI,54568,WI - Marshfield,30,$16092.90,$7257.53,$6021.70
378 - G.I. HEMORRHAGE W CC,520096,WHEATON FRANCISCAN HEALTHCARE- ALL SAINTS,3801 SPRING ST,RACINE,WI,53405,WI - Milwaukee,94,$17211.96,$6919.02,$5992.00
378 - G.I. HEMORRHAGE W CC,520097,ST MARYS HSPTL MED CTR,1726 SHAWANO AVE,GREEN BAY,WI,54303,WI - Green Bay,37,$14276.83,$6030.21,$4590.70
378 - G.I. HEMORRHAGE W CC,520098,UNIVERSITY OF WI  HOSPITALS & CLINICS AUTHORITY,600 HIGHLAND AVENUE,MADISON,WI,53792,WI - Madison,60,$17895.48,$10330.81,$8533.61
378 - G.I. HEMORRHAGE W CC,520100,BELOIT MEM HSPTL,1969 W HART RD,BELOIT,WI,53511,WI - Madison,38,$27106.50,$6088.47,$5230.47
378 - G.I. HEMORRHAGE W CC,520102,AURORA LAKELAND MED CTR,W3985 CTY RD NN,ELKHORN,WI,53121,WI - Milwaukee,27,$16287.37,$6289.40,$5376.51
378 - G.I. HEMORRHAGE W CC,520103,COMMUNITY MEM HSPTL,W180 N8085 TOWN HALL RD,MENOMONEE FALLS,WI,53051,WI - Milwaukee,45,$17142.88,$5777.60,$4928.00
378 - G.I. HEMORRHAGE W CC,520107,HOLY FAMILY MEMORIAL INC,2300 WESTERN AVE PO BOX 1450,MANITOWOC,WI,54221,WI - Green Bay,32,$14483.93,$5838.90,$4931.81
378 - G.I. HEMORRHAGE W CC,520113,BAY AREA MED CTR,3100 SHORE DR,MARINETTE,WI,54143,WI - Green Bay,27,$16906.48,$5977.03,$5269.03
378 - G.I. HEMORRHAGE W CC,520116,UW HLTH PARTNERS - WATERTOWN REGIONAL MEDICAL CTR,125 HOSPITAL DR,WATERTOWN,WI,53098,WI - Madison,18,$15028.33,$6882.00,$6068.00
378 - G.I. HEMORRHAGE W CC,520136,"WHEATON FRANCISCAN, INC- ST JOSEPH",5000 W CHAMBERS ST,MILWAUKEE,WI,53210,WI - Milwaukee,42,$20545.97,$8326.83,$7213.33
378 - G.I. HEMORRHAGE W CC,520138,AURORA ST LUKES MEDICAL CENTER,2900 W OKLAHOMA AVE,MILWAUKEE,WI,53215,WI - Milwaukee,159,$28441.81,$7805.78,$6451.00
378 - G.I. HEMORRHAGE W CC,520139,AURORA WEST ALLIS MEDICAL CENTER,8901 W LINCOLN AVE,WEST ALLIS,WI,53227,WI - Milwaukee,60,$21964.66,$6172.26,$5101.18
378 - G.I. HEMORRHAGE W CC,520160,APPLETON MED CTR,1818 N MEADE ST,APPLETON,WI,54911,WI - Appleton,42,$7901.04,$5725.35,$4675.59
378 - G.I. HEMORRHAGE W CC,520170,WHEATON FRANCISCAN INC - ELMBROOK MEMORIAL,19333 W NORTH AVE,BROOKFIELD,WI,53045,WI - Milwaukee,27,$20735.25,$5815.00,$5109.37
378 - G.I. HEMORRHAGE W CC,520177,FROEDTERT MEM LUTHERAN HSPTL,9200 W WISCONSIN AVE,MILWAUKEE,WI,53226,WI - Milwaukee,80,$23258.22,$9929.53,$8547.17
378 - G.I. HEMORRHAGE W CC,520189,AURORA MED CTR KENOSHA,10400 75TH ST,KENOSHA,WI,53142,WI - Milwaukee,15,$20430.00,$6510.33,$5537.80
378 - G.I. HEMORRHAGE W CC,520193,AURORA BAYCARE MED CTR,2845 GREENBRIER RD PO BOX 8900,GREEN BAY,WI,54311,WI - Green Bay,26,$19468.61,$7061.46,$4816.00
378 - G.I. HEMORRHAGE W CC,520198,AURORA MED CTR OSHKOSH,855 N WESTHAVEN DRIVE,OSHKOSH,WI,54904,WI - Neenah,15,$14910.73,$5765.13,$4865.93
378 - G.I. HEMORRHAGE W CC,520202,ST CLARE'S HOSPITAL OF WESTON INC,3400 MINISTRY PARKWAY,WESTON,WI,54476,WI - Wausau,31,$13089.58,$5814.70,$4846.51
378 - G.I. HEMORRHAGE W CC,520204,"WHEATON FRANCISCAN HEALTHCARE- FRANKLIN, INC",10101 SOUTH 27TH STREET,FRANKLIN,WI,53132,WI - Milwaukee,18,$18486.27,$6447.50,$4041.72
378 - G.I. HEMORRHAGE W CC,520206,AURORA MEDICAL CENTER,36500 AURORA DRIVE,SUMMIT,WI,53066,WI - Milwaukee,17,$16739.70,$5841.41,$3996.23
378 - G.I. HEMORRHAGE W CC,520207,AURORA MEDICAL CENTER,975 PORT WASHINGTON ROAD,GRAFTON,WI,53024,WI - Milwaukee,11,$19446.00,$5162.72,$4033.63
379 - G.I. HEMORRHAGE W/O CC/MCC,520004,"MAYO CLINIC HLTH SYSTEM- FRANCISCAN MED CTR, INC",700 WEST AVE S,LA CROSSE,WI,54601,WI - La Crosse,12,$13929.41,$4789.41,$3754.41
379 - G.I. HEMORRHAGE W/O CC/MCC,520008,WAUKESHA MEMORIAL HOSPITAL,725 AMERICAN AVE,WAUKESHA,WI,53188,WI - Milwaukee,21,$14455.09,$5600.09,$2835.42
379 - G.I. HEMORRHAGE W/O CC/MCC,520021,UNITED HSPTL SYS,6308 EIGHTH AVE,KENOSHA,WI,53143,WI - Milwaukee,30,$16465.96,$4284.00,$3500.13
379 - G.I. HEMORRHAGE W/O CC/MCC,520027,"COLUMBIA ST MARY'S HOSPITAL OZAUKEE, INC",13111 N PORT WASHINGTON RD,MEQUON,WI,53097,WI - Milwaukee,13,$13186.15,$4045.00,$3092.07
379 - G.I. HEMORRHAGE W/O CC/MCC,520030,ASPIRUS WAUSAU HOSPITAL,333 PINE RIDGE BLVD,WAUSAU,WI,54401,WI - Wausau,12,$10703.66,$4169.91,$3431.25
379 - G.I. HEMORRHAGE W/O CC/MCC,520037,MINISTRY SAINT JOSEPH'S HOSPITAL,611 ST JOSEPH AVE,MARSHFIELD,WI,54449,WI - Marshfield,13,$7685.07,$5113.61,$3726.07
379 - G.I. HEMORRHAGE W/O CC/MCC,520063,ST JOSEPHS COM HSPTL WEST BEND,3200 PLEASANT VALLEY ROAD,WEST BEND,WI,53095,WI - Milwaukee,12,$11471.66,$4041.00,$3200.00
379 - G.I. HEMORRHAGE W/O CC/MCC,520066,MERCY HLTH SYS CORP,1000 MINERAL POINT AVE,JANESVILLE,WI,53548,WI - Madison,17,$13452.17,$4477.23,$3482.17
379 - G.I. HEMORRHAGE W/O CC/MCC,520070,MAYO CLINIC HEALTH SYSTEM EAU CLAIRE HOSPITAL,1221 WHIPPLE ST,EAU CLAIRE,WI,54703,MN - Minneapolis,11,$11562.09,$4015.90,$3195.54
379 - G.I. HEMORRHAGE W/O CC/MCC,520083,ST MARY'S HOSPITAL,700 SOUTH PARK ST,MADISON,WI,53715,WI - Madison,52,$15980.92,$4849.15,$3928.55
379 - G.I. HEMORRHAGE W/O CC/MCC,520089,MERITER HSPTL,202 S PARK ST,MADISON,WI,53715,WI - Madison,13,$17185.15,$6277.76,$3848.00
379 - G.I. HEMORRHAGE W/O CC/MCC,520095,SAUK PRAIRIE MEM HSPTL,80 FIRST ST,PRAIRIE DU SAC,WI,53578,WI - Madison,12,$13336.83,$4760.83,$4197.50
379 - G.I. HEMORRHAGE W/O CC/MCC,520096,WHEATON FRANCISCAN HEALTHCARE- ALL SAINTS,3801 SPRING ST,RACINE,WI,53405,WI - Milwaukee,13,$13190.23,$4818.38,$3870.38
379 - G.I. HEMORRHAGE W/O CC/MCC,520097,ST MARYS HSPTL MED CTR,1726 SHAWANO AVE,GREEN BAY,WI,54303,WI - Green Bay,11,$8633.18,$4008.45,$3196.81
379 - G.I. HEMORRHAGE W/O CC/MCC,520098,UNIVERSITY OF WI  HOSPITALS & CLINICS AUTHORITY,600 HIGHLAND AVENUE,MADISON,WI,53792,WI - Madison,23,$12609.39,$7078.78,$6298.26
379 - G.I. HEMORRHAGE W/O CC/MCC,520100,BELOIT MEM HSPTL,1969 W HART RD,BELOIT,WI,53511,WI - Madison,16,$20872.31,$4187.31,$3489.81
379 - G.I. HEMORRHAGE W/O CC/MCC,520103,COMMUNITY MEM HSPTL,W180 N8085 TOWN HALL RD,MENOMONEE FALLS,WI,53051,WI - Milwaukee,12,$12977.08,$5220.75,$2620.41
379 - G.I. HEMORRHAGE W/O CC/MCC,520138,AURORA ST LUKES MEDICAL CENTER,2900 W OKLAHOMA AVE,MILWAUKEE,WI,53215,WI - Milwaukee,30,$19793.66,$5183.26,$4100.13
379 - G.I. HEMORRHAGE W/O CC/MCC,520139,AURORA WEST ALLIS MEDICAL CENTER,8901 W LINCOLN AVE,WEST ALLIS,WI,53227,WI - Milwaukee,20,$18061.75,$4436.55,$3108.75
379 - G.I. HEMORRHAGE W/O CC/MCC,520177,FROEDTERT MEM LUTHERAN HSPTL,9200 W WISCONSIN AVE,MILWAUKEE,WI,53226,WI - Milwaukee,17,$13743.47,$6589.00,$5860.29
379 - G.I. HEMORRHAGE W/O CC/MCC,520189,AURORA MED CTR KENOSHA,10400 75TH ST,KENOSHA,WI,53142,WI - Milwaukee,16,$18117.43,$4528.62,$3475.37
389 - G.I. OBSTRUCTION W CC,520008,WAUKESHA MEMORIAL HOSPITAL,725 AMERICAN AVE,WAUKESHA,WI,53188,WI - Milwaukee,31,$19943.58,$6987.09,$4496.58
389 - G.I. OBSTRUCTION W CC,520009,ST ELIZABETH HSPTL,1506 S ONEIDA ST,APPLETON,WI,54915,WI - Appleton,18,$9687.16,$5503.44,$4755.88
389 - G.I. OBSTRUCTION W CC,520013,SACRED HEART HSPTL,900 W CLAIREMONT AVE,EAU CLAIRE,WI,54701,MN - Minneapolis,21,$19744.52,$7493.42,$4874.76
389 - G.I. OBSTRUCTION W CC,520021,UNITED HSPTL SYS,6308 EIGHTH AVE,KENOSHA,WI,53143,WI - Milwaukee,19,$22712.05,$5602.00,$4895.47
389 - G.I. OBSTRUCTION W CC,520027,"COLUMBIA ST MARY'S HOSPITAL OZAUKEE, INC",13111 N PORT WASHINGTON RD,MEQUON,WI,53097,WI - Milwaukee,20,$14271.30,$5517.45,$4180.60
389 - G.I. OBSTRUCTION W CC,520028,THE MONROE CLINIC,2005 5TH STREET,MONROE,WI,53566,WI - Madison,17,$12966.41,$5748.17,$4962.29
389 - G.I. OBSTRUCTION W CC,520030,ASPIRUS WAUSAU HOSPITAL,333 PINE RIDGE BLVD,WAUSAU,WI,54401,WI - Wausau,21,$15311.38,$5521.23,$4614.00
389 - G.I. OBSTRUCTION W CC,520037,MINISTRY SAINT JOSEPH'S HOSPITAL,611 ST JOSEPH AVE,MARSHFIELD,WI,54449,WI - Marshfield,27,$19415.25,$7755.14,$5602.55
389 - G.I. OBSTRUCTION W CC,520045,THEDA CLARK MED CTR,130 2ND ST,NEENAH,WI,54956,WI - Neenah,12,$12891.08,$5745.58,$5085.33
389 - G.I. OBSTRUCTION W CC,520051,COLUMBIA ST MARYS HSPTL  MILW (COL & MILW CAMPUS),2323 N LAKE DR,MILWAUKEE,WI,53211,WI - Milwaukee,20,$15580.70,$6850.50,$6009.50
389 - G.I. OBSTRUCTION W CC,520059,AURORA MEMORIAL HSPTL BURLINGTON,252 MCHENRY ST,BURLINGTON,WI,53105,WI - Milwaukee,13,$16106.38,$5390.30,$4121.53
389 - G.I. OBSTRUCTION W CC,520063,ST JOSEPHS COM HSPTL WEST BEND,3200 PLEASANT VALLEY ROAD,WEST BEND,WI,53095,WI - Milwaukee,11,$20158.27,$5440.54,$4928.90
389 - G.I. OBSTRUCTION W CC,520066,MERCY HLTH SYS CORP,1000 MINERAL POINT AVE,JANESVILLE,WI,53548,WI - Madison,24,$14410.75,$5616.75,$4725.91
389 - G.I. OBSTRUCTION W CC,520070,MAYO CLINIC HEALTH SYSTEM EAU CLAIRE HOSPITAL,1221 WHIPPLE ST,EAU CLAIRE,WI,54703,MN - Minneapolis,26,$17737.61,$5172.30,$4393.53
389 - G.I. OBSTRUCTION W CC,520075,ST VINCENT HSPTL,835 S VAN BUREN ST,GREEN BAY,WI,54301,WI - Green Bay,13,$11389.92,$5586.53,$4633.61
389 - G.I. OBSTRUCTION W CC,520083,ST MARY'S HOSPITAL,700 SOUTH PARK ST,MADISON,WI,53715,WI - Madison,53,$20705.98,$6461.47,$5449.94
389 - G.I. OBSTRUCTION W CC,520087,GUNDERSEN LUTH MED CTR,1910 SOUTH AVE,LA CROSSE,WI,54601,WI - La Crosse,17,$18596.76,$6643.23,$6047.70
389 - G.I. OBSTRUCTION W CC,520088,ST AGNES HSPTL,430 E DIVISON ST,FOND DU LAC,WI,54935,WI - Milwaukee,12,$21060.16,$5633.00,$4983.33
389 - G.I. OBSTRUCTION W CC,520089,MERITER HSPTL,202 S PARK ST,MADISON,WI,53715,WI - Madison,16,$21659.62,$6718.81,$5877.81
389 - G.I. OBSTRUCTION W CC,520096,WHEATON FRANCISCAN HEALTHCARE- ALL SAINTS,3801 SPRING ST,RACINE,WI,53405,WI - Milwaukee,29,$14512.75,$6294.10,$5638.24
389 - G.I. OBSTRUCTION W CC,520098,UNIVERSITY OF WI  HOSPITALS & CLINICS AUTHORITY,600 HIGHLAND AVENUE,MADISON,WI,53792,WI - Madison,33,$20076.42,$9995.96,$8749.69
389 - G.I. OBSTRUCTION W CC,520100,BELOIT MEM HSPTL,1969 W HART RD,BELOIT,WI,53511,WI - Madison,18,$29110.50,$6739.38,$5988.27
389 - G.I. OBSTRUCTION W CC,520103,COMMUNITY MEM HSPTL,W180 N8085 TOWN HALL RD,MENOMONEE FALLS,WI,53051,WI - Milwaukee,15,$15664.13,$5206.46,$4231.80
389 - G.I. OBSTRUCTION W CC,520113,BAY AREA MED CTR,3100 SHORE DR,MARINETTE,WI,54143,WI - Green Bay,16,$13648.37,$5451.12,$4533.37
389 - G.I. OBSTRUCTION W CC,520136,"WHEATON FRANCISCAN, INC- ST JOSEPH",5000 W CHAMBERS ST,MILWAUKEE,WI,53210,WI - Milwaukee,12,$11368.58,$7034.08,$6198.66
389 - G.I. OBSTRUCTION W CC,520138,AURORA ST LUKES MEDICAL CENTER,2900 W OKLAHOMA AVE,MILWAUKEE,WI,53215,WI - Milwaukee,81,$26331.27,$6887.97,$5827.23
389 - G.I. OBSTRUCTION W CC,520139,AURORA WEST ALLIS MEDICAL CENTER,8901 W LINCOLN AVE,WEST ALLIS,WI,53227,WI - Milwaukee,29,$22070.82,$5448.27,$4941.93
389 - G.I. OBSTRUCTION W CC,520160,APPLETON MED CTR,1818 N MEADE ST,APPLETON,WI,54911,WI - Appleton,26,$6300.50,$5070.53,$4258.11
389 - G.I. OBSTRUCTION W CC,520177,FROEDTERT MEM LUTHERAN HSPTL,9200 W WISCONSIN AVE,MILWAUKEE,WI,53226,WI - Milwaukee,36,$16580.19,$8543.88,$7858.33
389 - G.I. OBSTRUCTION W CC,520189,AURORA MED CTR KENOSHA,10400 75TH ST,KENOSHA,WI,53142,WI - Milwaukee,13,$21360.38,$5815.69,$5213.53
389 - G.I. OBSTRUCTION W CC,520207,AURORA MEDICAL CENTER,975 PORT WASHINGTON ROAD,GRAFTON,WI,53024,WI - Milwaukee,11,$13450.54,$4886.00,$3962.72
390 - G.I. OBSTRUCTION W/O CC/MCC,520008,WAUKESHA MEMORIAL HOSPITAL,725 AMERICAN AVE,WAUKESHA,WI,53188,WI - Milwaukee,32,$13444.90,$4089.46,$2796.00
390 - G.I. OBSTRUCTION W/O CC/MCC,520013,SACRED HEART HSPTL,900 W CLAIREMONT AVE,EAU CLAIRE,WI,54701,MN - Minneapolis,13,$13130.61,$4812.84,$3246.30
390 - G.I. OBSTRUCTION W/O CC/MCC,520021,UNITED HSPTL SYS,6308 EIGHTH AVE,KENOSHA,WI,53143,WI - Milwaukee,13,$16398.23,$3818.00,$3039.23
390 - G.I. OBSTRUCTION W/O CC/MCC,520027,"COLUMBIA ST MARY'S HOSPITAL OZAUKEE, INC",13111 N PORT WASHINGTON RD,MEQUON,WI,53097,WI - Milwaukee,16,$14282.06,$3605.56,$2627.06
390 - G.I. OBSTRUCTION W/O CC/MCC,520030,ASPIRUS WAUSAU HOSPITAL,333 PINE RIDGE BLVD,WAUSAU,WI,54401,WI - Wausau,18,$8476.22,$4853.77,$2275.44
390 - G.I. OBSTRUCTION W/O CC/MCC,520049,BELLIN MEMORIAL HSPTL,744 S WEBSTER AVE,GREEN BAY,WI,54305,WI - Green Bay,11,$11305.54,$3584.00,$2569.45
390 - G.I. OBSTRUCTION W/O CC/MCC,520051,COLUMBIA ST MARYS HSPTL  MILW (COL & MILW CAMPUS),2323 N LAKE DR,MILWAUKEE,WI,53211,WI - Milwaukee,15,$15224.80,$4723.60,$3675.60
390 - G.I. OBSTRUCTION W/O CC/MCC,520063,ST JOSEPHS COM HSPTL WEST BEND,3200 PLEASANT VALLEY ROAD,WEST BEND,WI,53095,WI - Milwaukee,13,$9660.07,$3891.00,$2458.15
390 - G.I. OBSTRUCTION W/O CC/MCC,520066,MERCY HLTH SYS CORP,1000 MINERAL POINT AVE,JANESVILLE,WI,53548,WI - Madison,26,$10935.15,$3974.84,$2892.53
390 - G.I. OBSTRUCTION W/O CC/MCC,520070,MAYO CLINIC HEALTH SYSTEM EAU CLAIRE HOSPITAL,1221 WHIPPLE ST,EAU CLAIRE,WI,54703,MN - Minneapolis,17,$11887.23,$4156.41,$2684.11
390 - G.I. OBSTRUCTION W/O CC/MCC,520075,ST VINCENT HSPTL,835 S VAN BUREN ST,GREEN BAY,WI,54301,WI - Green Bay,12,$11943.33,$3809.25,$3154.25
390 - G.I. OBSTRUCTION W/O CC/MCC,520083,ST MARY'S HOSPITAL,700 SOUTH PARK ST,MADISON,WI,53715,WI - Madison,33,$14977.24,$4321.33,$3542.51
390 - G.I. OBSTRUCTION W/O CC/MCC,520087,GUNDERSEN LUTH MED CTR,1910 SOUTH AVE,LA CROSSE,WI,54601,WI - La Crosse,19,$11975.89,$4423.31,$3018.21
390 - G.I. OBSTRUCTION W/O CC/MCC,520088,ST AGNES HSPTL,430 E DIVISON ST,FOND DU LAC,WI,54935,WI - Milwaukee,11,$17092.90,$3839.81,$3331.09
390 - G.I. OBSTRUCTION W/O CC/MCC,520089,MERITER HSPTL,202 S PARK ST,MADISON,WI,53715,WI - Madison,20,$13875.10,$4829.65,$3385.90
390 - G.I. OBSTRUCTION W/O CC/MCC,520096,WHEATON FRANCISCAN HEALTHCARE- ALL SAINTS,3801 SPRING ST,RACINE,WI,53405,WI - Milwaukee,13,$11748.69,$4280.46,$3332.46
390 - G.I. OBSTRUCTION W/O CC/MCC,520098,UNIVERSITY OF WI  HOSPITALS & CLINICS AUTHORITY,600 HIGHLAND AVENUE,MADISON,WI,53792,WI - Madison,18,$14667.72,$6764.77,$5954.33
390 - G.I. OBSTRUCTION W/O CC/MCC,520100,BELOIT MEM HSPTL,1969 W HART RD,BELOIT,WI,53511,WI - Madison,11,$16910.18,$3786.54,$2760.36
390 - G.I. OBSTRUCTION W/O CC/MCC,520103,COMMUNITY MEM HSPTL,W180 N8085 TOWN HALL RD,MENOMONEE FALLS,WI,53051,WI - Milwaukee,16,$11692.12,$3604.75,$2618.25
390 - G.I. OBSTRUCTION W/O CC/MCC,520138,AURORA ST LUKES MEDICAL CENTER,2900 W OKLAHOMA AVE,MILWAUKEE,WI,53215,WI - Milwaukee,31,$20221.29,$4944.38,$3623.58
390 - G.I. OBSTRUCTION W/O CC/MCC,520139,AURORA WEST ALLIS MEDICAL CENTER,8901 W LINCOLN AVE,WEST ALLIS,WI,53227,WI - Milwaukee,16,$13737.87,$3808.00,$2827.50
390 - G.I. OBSTRUCTION W/O CC/MCC,520160,APPLETON MED CTR,1818 N MEADE ST,APPLETON,WI,54911,WI - Appleton,20,$5381.70,$3843.65,$2344.25
390 - G.I. OBSTRUCTION W/O CC/MCC,520177,FROEDTERT MEM LUTHERAN HSPTL,9200 W WISCONSIN AVE,MILWAUKEE,WI,53226,WI - Milwaukee,13,$16364.61,$6130.30,$5266.92
394 - OTHER DIGESTIVE SYSTEM DIAGNOSES W CC,520160,APPLETON MED CTR,1818 N MEADE ST,APPLETON,WI,54911,WI - Appleton,12,$8879.58,$5618.83,$4653.58
"391 - ESOPHAGITIS, GASTROENT & MISC DIGEST DISORDERS W MCC",520002,MINISTRY ST MICHAELS HOSPITAL OF STEVENS POINT,900 ILLINOIS AVE,STEVENS POINT,WI,54481,WI - Marshfield,11,$14727.54,$7997.00,$5497.63
"391 - ESOPHAGITIS, GASTROENT & MISC DIGEST DISORDERS W MCC",520008,WAUKESHA MEMORIAL HOSPITAL,725 AMERICAN AVE,WAUKESHA,WI,53188,WI - Milwaukee,35,$24878.82,$8469.25,$5768.42
"391 - ESOPHAGITIS, GASTROENT & MISC DIGEST DISORDERS W MCC",520013,SACRED HEART HSPTL,900 W CLAIREMONT AVE,EAU CLAIRE,WI,54701,MN - Minneapolis,14,$24037.57,$8824.21,$8262.85
"391 - ESOPHAGITIS, GASTROENT & MISC DIGEST DISORDERS W MCC",520021,UNITED HSPTL SYS,6308 EIGHTH AVE,KENOSHA,WI,53143,WI - Milwaukee,17,$27520.41,$7497.00,$6398.05
"391 - ESOPHAGITIS, GASTROENT & MISC DIGEST DISORDERS W MCC",520030,ASPIRUS WAUSAU HOSPITAL,333 PINE RIDGE BLVD,WAUSAU,WI,54401,WI - Wausau,20,$17716.85,$7048.95,$6486.20
"391 - ESOPHAGITIS, GASTROENT & MISC DIGEST DISORDERS W MCC",520037,MINISTRY SAINT JOSEPH'S HOSPITAL,611 ST JOSEPH AVE,MARSHFIELD,WI,54449,WI - Marshfield,21,$18612.47,$8464.76,$7862.95
"391 - ESOPHAGITIS, GASTROENT & MISC DIGEST DISORDERS W MCC",520051,COLUMBIA ST MARYS HSPTL  MILW (COL & MILW CAMPUS),2323 N LAKE DR,MILWAUKEE,WI,53211,WI - Milwaukee,21,$22494.33,$8445.04,$7871.66
"391 - ESOPHAGITIS, GASTROENT & MISC DIGEST DISORDERS W MCC",520066,MERCY HLTH SYS CORP,1000 MINERAL POINT AVE,JANESVILLE,WI,53548,WI - Madison,19,$23704.63,$7425.78,$6712.52
"391 - ESOPHAGITIS, GASTROENT & MISC DIGEST DISORDERS W MCC",520070,MAYO CLINIC HEALTH SYSTEM EAU CLAIRE HOSPITAL,1221 WHIPPLE ST,EAU CLAIRE,WI,54703,MN - Minneapolis,23,$18011.08,$6476.04,$5601.26
"391 - ESOPHAGITIS, GASTROENT & MISC DIGEST DISORDERS W MCC",520075,ST VINCENT HSPTL,835 S VAN BUREN ST,GREEN BAY,WI,54301,WI - Green Bay,16,$12511.25,$6904.87,$6276.12
"391 - ESOPHAGITIS, GASTROENT & MISC DIGEST DISORDERS W MCC",520078,WHEATON FRANCISCAN HEALTHCARE- ST FRANCIS,3237 S 16TH ST,MILWAUKEE,WI,53215,WI - Milwaukee,19,$23657.63,$8022.52,$7433.47
"391 - ESOPHAGITIS, GASTROENT & MISC DIGEST DISORDERS W MCC",520083,ST MARY'S HOSPITAL,700 SOUTH PARK ST,MADISON,WI,53715,WI - Madison,31,$22036.96,$7772.09,$6916.41
"391 - ESOPHAGITIS, GASTROENT & MISC DIGEST DISORDERS W MCC",520087,GUNDERSEN LUTH MED CTR,1910 SOUTH AVE,LA CROSSE,WI,54601,WI - La Crosse,15,$23342.00,$8230.26,$6527.33
"391 - ESOPHAGITIS, GASTROENT & MISC DIGEST DISORDERS W MCC",520089,MERITER HSPTL,202 S PARK ST,MADISON,WI,53715,WI - Madison,21,$27539.04,$8372.95,$6994.61
"391 - ESOPHAGITIS, GASTROENT & MISC DIGEST DISORDERS W MCC",520096,WHEATON FRANCISCAN HEALTHCARE- ALL SAINTS,3801 SPRING ST,RACINE,WI,53405,WI - Milwaukee,23,$14784.43,$7788.13,$7004.82
"391 - ESOPHAGITIS, GASTROENT & MISC DIGEST DISORDERS W MCC",520098,UNIVERSITY OF WI  HOSPITALS & CLINICS AUTHORITY,600 HIGHLAND AVENUE,MADISON,WI,53792,WI - Madison,41,$23247.02,$13493.51,$11427.00
"391 - ESOPHAGITIS, GASTROENT & MISC DIGEST DISORDERS W MCC",520103,COMMUNITY MEM HSPTL,W180 N8085 TOWN HALL RD,MENOMONEE FALLS,WI,53051,WI - Milwaukee,16,$38886.06,$8219.25,$7724.06
"391 - ESOPHAGITIS, GASTROENT & MISC DIGEST DISORDERS W MCC",520136,"WHEATON FRANCISCAN, INC- ST JOSEPH",5000 W CHAMBERS ST,MILWAUKEE,WI,53210,WI - Milwaukee,18,$24488.22,$9412.72,$8768.11
"391 - ESOPHAGITIS, GASTROENT & MISC DIGEST DISORDERS W MCC",520138,AURORA ST LUKES MEDICAL CENTER,2900 W OKLAHOMA AVE,MILWAUKEE,WI,53215,WI - Milwaukee,76,$32457.03,$9602.82,$7525.85
"391 - ESOPHAGITIS, GASTROENT & MISC DIGEST DISORDERS W MCC",520139,AURORA WEST ALLIS MEDICAL CENTER,8901 W LINCOLN AVE,WEST ALLIS,WI,53227,WI - Milwaukee,16,$31658.68,$7117.43,$6417.93
"391 - ESOPHAGITIS, GASTROENT & MISC DIGEST DISORDERS W MCC",520177,FROEDTERT MEM LUTHERAN HSPTL,9200 W WISCONSIN AVE,MILWAUKEE,WI,53226,WI - Milwaukee,69,$29172.69,$15675.15,$15235.89
"391 - ESOPHAGITIS, GASTROENT & MISC DIGEST DISORDERS W MCC",520193,AURORA BAYCARE MED CTR,2845 GREENBRIER RD PO BOX 8900,GREEN BAY,WI,54311,WI - Green Bay,13,$20731.07,$7709.53,$5977.23
"392 - ESOPHAGITIS, GASTROENT & MISC DIGEST DISORDERS W/O MCC",520002,MINISTRY ST MICHAELS HOSPITAL OF STEVENS POINT,900 ILLINOIS AVE,STEVENS POINT,WI,54481,WI - Marshfield,54,$11303.00,$4169.74,$3485.07
"392 - ESOPHAGITIS, GASTROENT & MISC DIGEST DISORDERS W/O MCC",520004,"MAYO CLINIC HLTH SYSTEM- FRANCISCAN MED CTR, INC",700 WEST AVE S,LA CROSSE,WI,54601,WI - La Crosse,32,$14939.12,$4909.12,$3795.81
"392 - ESOPHAGITIS, GASTROENT & MISC DIGEST DISORDERS W/O MCC",520008,WAUKESHA MEMORIAL HOSPITAL,725 AMERICAN AVE,WAUKESHA,WI,53188,WI - Milwaukee,139,$16587.82,$4981.94,$3150.23
"392 - ESOPHAGITIS, GASTROENT & MISC DIGEST DISORDERS W/O MCC",520009,ST ELIZABETH HSPTL,1506 S ONEIDA ST,APPLETON,WI,54915,WI - Appleton,23,$9949.17,$4290.08,$3363.30
"392 - ESOPHAGITIS, GASTROENT & MISC DIGEST DISORDERS W/O MCC",520011,LAKEVIEW MED CENTER,1700 WEST STOUT STREET,RICE LAKE,WI,54868,WI - Marshfield,17,$9792.88,$4197.41,$3470.58
"392 - ESOPHAGITIS, GASTROENT & MISC DIGEST DISORDERS W/O MCC",520013,SACRED HEART HSPTL,900 W CLAIREMONT AVE,EAU CLAIRE,WI,54701,MN - Minneapolis,66,$16078.83,$5286.89,$3989.93
"392 - ESOPHAGITIS, GASTROENT & MISC DIGEST DISORDERS W/O MCC",520017,ST JOSEPHS HSPTL,2661 CTY HWY I,CHIPPEWA FALLS,WI,54729,WI - Marshfield,13,$13820.69,$4789.69,$3839.23
"392 - ESOPHAGITIS, GASTROENT & MISC DIGEST DISORDERS W/O MCC",520019,MINISTRY ST MARYS HOSPITAL,2251 NORTH SHORE DR,RHINELANDER,WI,54501,WI - Wausau,21,$17660.19,$4662.14,$3859.66
"392 - ESOPHAGITIS, GASTROENT & MISC DIGEST DISORDERS W/O MCC",520021,UNITED HSPTL SYS,6308 EIGHTH AVE,KENOSHA,WI,53143,WI - Milwaukee,117,$14034.64,$4670.19,$3236.00
"392 - ESOPHAGITIS, GASTROENT & MISC DIGEST DISORDERS W/O MCC",520027,"COLUMBIA ST MARY'S HOSPITAL OZAUKEE, INC",13111 N PORT WASHINGTON RD,MEQUON,WI,53097,WI - Milwaukee,65,$15755.98,$4145.55,$3071.04
"392 - ESOPHAGITIS, GASTROENT & MISC DIGEST DISORDERS W/O MCC",520028,THE MONROE CLINIC,2005 5TH STREET,MONROE,WI,53566,WI - Madison,17,$14300.35,$4476.05,$3553.23
"392 - ESOPHAGITIS, GASTROENT & MISC DIGEST DISORDERS W/O MCC",520030,ASPIRUS WAUSAU HOSPITAL,333 PINE RIDGE BLVD,WAUSAU,WI,54401,WI - Wausau,73,$13370.20,$4605.61,$3297.65
"392 - ESOPHAGITIS, GASTROENT & MISC DIGEST DISORDERS W/O MCC",520034,AURORA MED CTR MANITOWOC CTY,5000 MEMORIAL DR,TWO RIVERS,WI,54241,WI - Green Bay,16,$11667.00,$4934.81,$4089.81
"392 - ESOPHAGITIS, GASTROENT & MISC DIGEST DISORDERS W/O MCC",520035,AURORA SHEBOYGAN MEM MED CTR,2629 N 7TH ST,SHEBOYGAN,WI,53083,WI - Milwaukee,19,$15546.78,$4907.52,$3089.31
"392 - ESOPHAGITIS, GASTROENT & MISC DIGEST DISORDERS W/O MCC",520037,MINISTRY SAINT JOSEPH'S HOSPITAL,611 ST JOSEPH AVE,MARSHFIELD,WI,54449,WI - Marshfield,129,$14280.79,$5187.79,$4272.44
"392 - ESOPHAGITIS, GASTROENT & MISC DIGEST DISORDERS W/O MCC",520038,AURORA MED CENTER-WASHINGTON COUNTY,1032 E SUMNER ST,HARTFORD,WI,53027,WI - Milwaukee,18,$15827.66,$4293.66,$2920.66
"392 - ESOPHAGITIS, GASTROENT & MISC DIGEST DISORDERS W/O MCC",520041,DIVINE SAVIOR HLTHCARE,"2817 NEW PINERY RD, P O BOX 387",PORTAGE,WI,53901,WI - Madison,39,$10969.46,$5065.12,$4173.53
"392 - ESOPHAGITIS, GASTROENT & MISC DIGEST DISORDERS W/O MCC",520044,ST NICHOLAS HOSPITAL,3100 SUPERIOR AVE,SHEBOYGAN,WI,53081,WI - Milwaukee,28,$16769.32,$3846.00,$3002.71
"392 - ESOPHAGITIS, GASTROENT & MISC DIGEST DISORDERS W/O MCC",520045,THEDA CLARK MED CTR,130 2ND ST,NEENAH,WI,54956,WI - Neenah,26,$9777.57,$4116.80,$3381.57
"392 - ESOPHAGITIS, GASTROENT & MISC DIGEST DISORDERS W/O MCC",520048,MERCY MED CTR OF OSHKOSH,500 S OAKWOOD RD,OSHKOSH,WI,54904,WI - Neenah,26,$7421.00,$4147.30,$3410.84
"392 - ESOPHAGITIS, GASTROENT & MISC DIGEST DISORDERS W/O MCC",520049,BELLIN MEMORIAL HSPTL,744 S WEBSTER AVE,GREEN BAY,WI,54305,WI - Green Bay,38,$11688.86,$4035.55,$3295.86
"392 - ESOPHAGITIS, GASTROENT & MISC DIGEST DISORDERS W/O MCC",520051,COLUMBIA ST MARYS HSPTL  MILW (COL & MILW CAMPUS),2323 N LAKE DR,MILWAUKEE,WI,53211,WI - Milwaukee,67,$20268.97,$5500.77,$4550.05
"392 - ESOPHAGITIS, GASTROENT & MISC DIGEST DISORDERS W/O MCC",520057,ST CLARE HSPTL HLTH SVCS,707 14TH ST,BARABOO,WI,53913,WI - Madison,18,$16172.50,$5025.72,$3533.05
"392 - ESOPHAGITIS, GASTROENT & MISC DIGEST DISORDERS W/O MCC",520059,AURORA MEMORIAL HSPTL BURLINGTON,252 MCHENRY ST,BURLINGTON,WI,53105,WI - Milwaukee,28,$18126.92,$4033.35,$3191.21
"392 - ESOPHAGITIS, GASTROENT & MISC DIGEST DISORDERS W/O MCC",520062,OCONOMOWOC MEM HSPTL,791 E SUMMIT AVE,OCONOMOWOC,WI,53066,WI - Milwaukee,26,$14097.07,$4995.46,$3008.76
"392 - ESOPHAGITIS, GASTROENT & MISC DIGEST DISORDERS W/O MCC",520063,ST JOSEPHS COM HSPTL WEST BEND,3200 PLEASANT VALLEY ROAD,WEST BEND,WI,53095,WI - Milwaukee,36,$11489.91,$4149.83,$3009.77
"392 - ESOPHAGITIS, GASTROENT & MISC DIGEST DISORDERS W/O MCC",520066,MERCY HLTH SYS CORP,1000 MINERAL POINT AVE,JANESVILLE,WI,53548,WI - Madison,69,$17677.17,$4514.26,$3685.91
"392 - ESOPHAGITIS, GASTROENT & MISC DIGEST DISORDERS W/O MCC",520070,MAYO CLINIC HEALTH SYSTEM EAU CLAIRE HOSPITAL,1221 WHIPPLE ST,EAU CLAIRE,WI,54703,MN - Minneapolis,90,$13978.82,$4316.18,$3130.75
"392 - ESOPHAGITIS, GASTROENT & MISC DIGEST DISORDERS W/O MCC",520071,FORT HEALTHCARE,611 SHERMAN AVE E,FORT ATKINSON,WI,53538,WI - Madison,24,$12890.66,$4278.50,$3344.50
"392 - ESOPHAGITIS, GASTROENT & MISC DIGEST DISORDERS W/O MCC",520075,ST VINCENT HSPTL,835 S VAN BUREN ST,GREEN BAY,WI,54301,WI - Green Bay,28,$14045.67,$4438.67,$3176.50
"392 - ESOPHAGITIS, GASTROENT & MISC DIGEST DISORDERS W/O MCC",520076,BEAVER DAM COM HSPTL,707 S UNIVERSITY AVE,BEAVER DAM,WI,53916,WI - Madison,30,$14617.86,$4438.00,$3462.26
"392 - ESOPHAGITIS, GASTROENT & MISC DIGEST DISORDERS W/O MCC",520078,WHEATON FRANCISCAN HEALTHCARE- ST FRANCIS,3237 S 16TH ST,MILWAUKEE,WI,53215,WI - Milwaukee,65,$14743.98,$4984.49,$3829.55
"392 - ESOPHAGITIS, GASTROENT & MISC DIGEST DISORDERS W/O MCC",520083,ST MARY'S HOSPITAL,700 SOUTH PARK ST,MADISON,WI,53715,WI - Madison,180,$17011.84,$4921.10,$4024.53
"392 - ESOPHAGITIS, GASTROENT & MISC DIGEST DISORDERS W/O MCC",520087,GUNDERSEN LUTH MED CTR,1910 SOUTH AVE,LA CROSSE,WI,54601,WI - La Crosse,44,$15111.00,$5101.68,$3675.43
"392 - ESOPHAGITIS, GASTROENT & MISC DIGEST DISORDERS W/O MCC",520088,ST AGNES HSPTL,430 E DIVISON ST,FOND DU LAC,WI,54935,WI - Milwaukee,40,$14702.15,$4440.85,$3289.05
"392 - ESOPHAGITIS, GASTROENT & MISC DIGEST DISORDERS W/O MCC",520089,MERITER HSPTL,202 S PARK ST,MADISON,WI,53715,WI - Madison,115,$18113.06,$5210.33,$4233.65
"392 - ESOPHAGITIS, GASTROENT & MISC DIGEST DISORDERS W/O MCC",520091,HOWARD YOUNG MED CTR,240 MAPLE ST PO BOX 470,WOODRUFF,WI,54568,WI - Marshfield,19,$12712.63,$5281.78,$3778.00
"392 - ESOPHAGITIS, GASTROENT & MISC DIGEST DISORDERS W/O MCC",520095,SAUK PRAIRIE MEM HSPTL,80 FIRST ST,PRAIRIE DU SAC,WI,53578,WI - Madison,17,$10675.94,$4781.23,$3786.17
"392 - ESOPHAGITIS, GASTROENT & MISC DIGEST DISORDERS W/O MCC",520096,WHEATON FRANCISCAN HEALTHCARE- ALL SAINTS,3801 SPRING ST,RACINE,WI,53405,WI - Milwaukee,82,$12808.03,$4943.30,$3795.58
"392 - ESOPHAGITIS, GASTROENT & MISC DIGEST DISORDERS W/O MCC",520097,ST MARYS HSPTL MED CTR,1726 SHAWANO AVE,GREEN BAY,WI,54303,WI - Green Bay,59,$13635.25,$4687.28,$2719.15
"392 - ESOPHAGITIS, GASTROENT & MISC DIGEST DISORDERS W/O MCC",520098,UNIVERSITY OF WI  HOSPITALS & CLINICS AUTHORITY,600 HIGHLAND AVENUE,MADISON,WI,53792,WI - Madison,103,$17330.10,$7435.90,$6319.46
"392 - ESOPHAGITIS, GASTROENT & MISC DIGEST DISORDERS W/O MCC",520100,BELOIT MEM HSPTL,1969 W HART RD,BELOIT,WI,53511,WI - Madison,44,$20366.79,$5515.43,$3270.04
"392 - ESOPHAGITIS, GASTROENT & MISC DIGEST DISORDERS W/O MCC",520102,AURORA LAKELAND MED CTR,W3985 CTY RD NN,ELKHORN,WI,53121,WI - Milwaukee,31,$15831.35,$4758.41,$3743.22
"392 - ESOPHAGITIS, GASTROENT & MISC DIGEST DISORDERS W/O MCC",520103,COMMUNITY MEM HSPTL,W180 N8085 TOWN HALL RD,MENOMONEE FALLS,WI,53051,WI - Milwaukee,94,$13283.21,$4229.14,$3118.23
"392 - ESOPHAGITIS, GASTROENT & MISC DIGEST DISORDERS W/O MCC",520107,HOLY FAMILY MEMORIAL INC,2300 WESTERN AVE PO BOX 1450,MANITOWOC,WI,54221,WI - Green Bay,57,$15169.05,$4175.92,$3081.43
"392 - ESOPHAGITIS, GASTROENT & MISC DIGEST DISORDERS W/O MCC",520109,"MILE BLUFF MEDICAL CENTER, INC",1050 DIVISION ST,MAUSTON,WI,53948,WI - Madison,29,$17917.03,$4733.55,$3877.00
"392 - ESOPHAGITIS, GASTROENT & MISC DIGEST DISORDERS W/O MCC",520113,BAY AREA MED CTR,3100 SHORE DR,MARINETTE,WI,54143,WI - Green Bay,64,$10696.64,$4399.96,$3300.90
"392 - ESOPHAGITIS, GASTROENT & MISC DIGEST DISORDERS W/O MCC",520116,UW HLTH PARTNERS - WATERTOWN REGIONAL MEDICAL CTR,125 HOSPITAL DR,WATERTOWN,WI,53098,WI - Madison,18,$17253.16,$4805.00,$4023.33
"392 - ESOPHAGITIS, GASTROENT & MISC DIGEST DISORDERS W/O MCC",520136,"WHEATON FRANCISCAN, INC- ST JOSEPH",5000 W CHAMBERS ST,MILWAUKEE,WI,53210,WI - Milwaukee,73,$16663.67,$5852.80,$5019.38
"392 - ESOPHAGITIS, GASTROENT & MISC DIGEST DISORDERS W/O MCC",520138,AURORA ST LUKES MEDICAL CENTER,2900 W OKLAHOMA AVE,MILWAUKEE,WI,53215,WI - Milwaukee,227,$25324.25,$5578.37,$4356.83
"392 - ESOPHAGITIS, GASTROENT & MISC DIGEST DISORDERS W/O MCC",520139,AURORA WEST ALLIS MEDICAL CENTER,8901 W LINCOLN AVE,WEST ALLIS,WI,53227,WI - Milwaukee,94,$19177.90,$4547.09,$3311.78
"392 - ESOPHAGITIS, GASTROENT & MISC DIGEST DISORDERS W/O MCC",520160,APPLETON MED CTR,1818 N MEADE ST,APPLETON,WI,54911,WI - Appleton,43,$8220.58,$4816.60,$3333.18
"392 - ESOPHAGITIS, GASTROENT & MISC DIGEST DISORDERS W/O MCC",520170,WHEATON FRANCISCAN INC - ELMBROOK MEMORIAL,19333 W NORTH AVE,BROOKFIELD,WI,53045,WI - Milwaukee,58,$13605.81,$4145.29,$3096.53
"392 - ESOPHAGITIS, GASTROENT & MISC DIGEST DISORDERS W/O MCC",520177,FROEDTERT MEM LUTHERAN HSPTL,9200 W WISCONSIN AVE,MILWAUKEE,WI,53226,WI - Milwaukee,224,$13334.20,$6599.79,$5697.15
"392 - ESOPHAGITIS, GASTROENT & MISC DIGEST DISORDERS W/O MCC",520189,AURORA MED CTR KENOSHA,10400 75TH ST,KENOSHA,WI,53142,WI - Milwaukee,41,$18385.09,$4853.48,$3549.31
"392 - ESOPHAGITIS, GASTROENT & MISC DIGEST DISORDERS W/O MCC",520193,AURORA BAYCARE MED CTR,2845 GREENBRIER RD PO BOX 8900,GREEN BAY,WI,54311,WI - Green Bay,37,$16848.18,$4788.91,$3196.05
"392 - ESOPHAGITIS, GASTROENT & MISC DIGEST DISORDERS W/O MCC",520198,AURORA MED CTR OSHKOSH,855 N WESTHAVEN DRIVE,OSHKOSH,WI,54904,WI - Neenah,26,$14674.53,$4025.61,$3118.69
"392 - ESOPHAGITIS, GASTROENT & MISC DIGEST DISORDERS W/O MCC",520202,ST CLARE'S HOSPITAL OF WESTON INC,3400 MINISTRY PARKWAY,WESTON,WI,54476,WI - Wausau,43,$10727.58,$4110.69,$3355.44
"392 - ESOPHAGITIS, GASTROENT & MISC DIGEST DISORDERS W/O MCC",520204,"WHEATON FRANCISCAN HEALTHCARE- FRANKLIN, INC",10101 SOUTH 27TH STREET,FRANKLIN,WI,53132,WI - Milwaukee,21,$16174.33,$4239.71,$2484.61
"392 - ESOPHAGITIS, GASTROENT & MISC DIGEST DISORDERS W/O MCC",520206,AURORA MEDICAL CENTER,36500 AURORA DRIVE,SUMMIT,WI,53066,WI - Milwaukee,12,$13364.25,$3751.00,$2912.66
"392 - ESOPHAGITIS, GASTROENT & MISC DIGEST DISORDERS W/O MCC",520207,AURORA MEDICAL CENTER,975 PORT WASHINGTON ROAD,GRAFTON,WI,53024,WI - Milwaukee,20,$16810.70,$3751.00,$2850.20
394 - OTHER DIGESTIVE SYSTEM DIAGNOSES W CC,520008,WAUKESHA MEMORIAL HOSPITAL,725 AMERICAN AVE,WAUKESHA,WI,53188,WI - Milwaukee,25,$22001.36,$6774.80,$4891.64
394 - OTHER DIGESTIVE SYSTEM DIAGNOSES W CC,520013,SACRED HEART HSPTL,900 W CLAIREMONT AVE,EAU CLAIRE,WI,54701,MN - Minneapolis,14,$22645.00,$7369.64,$5459.35
394 - OTHER DIGESTIVE SYSTEM DIAGNOSES W CC,520021,UNITED HSPTL SYS,6308 EIGHTH AVE,KENOSHA,WI,53143,WI - Milwaukee,13,$20659.53,$6466.00,$4897.53
394 - OTHER DIGESTIVE SYSTEM DIAGNOSES W CC,520027,"COLUMBIA ST MARY'S HOSPITAL OZAUKEE, INC",13111 N PORT WASHINGTON RD,MEQUON,WI,53097,WI - Milwaukee,14,$17291.14,$5625.42,$4659.71
394 - OTHER DIGESTIVE SYSTEM DIAGNOSES W CC,520030,ASPIRUS WAUSAU HOSPITAL,333 PINE RIDGE BLVD,WAUSAU,WI,54401,WI - Wausau,19,$19395.21,$5938.15,$5233.31
394 - OTHER DIGESTIVE SYSTEM DIAGNOSES W CC,520037,MINISTRY SAINT JOSEPH'S HOSPITAL,611 ST JOSEPH AVE,MARSHFIELD,WI,54449,WI - Marshfield,30,$18163.20,$7089.03,$6356.43
394 - OTHER DIGESTIVE SYSTEM DIAGNOSES W CC,520049,BELLIN MEMORIAL HSPTL,744 S WEBSTER AVE,GREEN BAY,WI,54305,WI - Green Bay,15,$11690.60,$5588.53,$4911.46
394 - OTHER DIGESTIVE SYSTEM DIAGNOSES W CC,520051,COLUMBIA ST MARYS HSPTL  MILW (COL & MILW CAMPUS),2323 N LAKE DR,MILWAUKEE,WI,53211,WI - Milwaukee,17,$18503.64,$7352.70,$6886.58
394 - OTHER DIGESTIVE SYSTEM DIAGNOSES W CC,520066,MERCY HLTH SYS CORP,1000 MINERAL POINT AVE,JANESVILLE,WI,53548,WI - Madison,18,$17385.55,$6208.72,$5709.16
394 - OTHER DIGESTIVE SYSTEM DIAGNOSES W CC,520070,MAYO CLINIC HEALTH SYSTEM EAU CLAIRE HOSPITAL,1221 WHIPPLE ST,EAU CLAIRE,WI,54703,MN - Minneapolis,28,$18965.67,$5778.85,$4727.42
394 - OTHER DIGESTIVE SYSTEM DIAGNOSES W CC,520083,ST MARY'S HOSPITAL,700 SOUTH PARK ST,MADISON,WI,53715,WI - Madison,58,$22098.58,$6852.67,$5919.56
394 - OTHER DIGESTIVE SYSTEM DIAGNOSES W CC,520087,GUNDERSEN LUTH MED CTR,1910 SOUTH AVE,LA CROSSE,WI,54601,WI - La Crosse,18,$24499.72,$6805.33,$5930.22
394 - OTHER DIGESTIVE SYSTEM DIAGNOSES W CC,520089,MERITER HSPTL,202 S PARK ST,MADISON,WI,53715,WI - Madison,27,$23785.51,$7112.48,$6526.70
394 - OTHER DIGESTIVE SYSTEM DIAGNOSES W CC,520096,WHEATON FRANCISCAN HEALTHCARE- ALL SAINTS,3801 SPRING ST,RACINE,WI,53405,WI - Milwaukee,20,$16301.55,$6679.80,$5945.60
394 - OTHER DIGESTIVE SYSTEM DIAGNOSES W CC,520097,ST MARYS HSPTL MED CTR,1726 SHAWANO AVE,GREEN BAY,WI,54303,WI - Green Bay,11,$19996.00,$5574.81,$4663.18
394 - OTHER DIGESTIVE SYSTEM DIAGNOSES W CC,520098,UNIVERSITY OF WI  HOSPITALS & CLINICS AUTHORITY,600 HIGHLAND AVENUE,MADISON,WI,53792,WI - Madison,33,$22060.39,$10825.90,$8541.54
394 - OTHER DIGESTIVE SYSTEM DIAGNOSES W CC,520103,COMMUNITY MEM HSPTL,W180 N8085 TOWN HALL RD,MENOMONEE FALLS,WI,53051,WI - Milwaukee,21,$13791.42,$5921.76,$4741.57
394 - OTHER DIGESTIVE SYSTEM DIAGNOSES W CC,520113,BAY AREA MED CTR,3100 SHORE DR,MARINETTE,WI,54143,WI - Green Bay,16,$13988.00,$5799.31,$5027.06
394 - OTHER DIGESTIVE SYSTEM DIAGNOSES W CC,520136,"WHEATON FRANCISCAN, INC- ST JOSEPH",5000 W CHAMBERS ST,MILWAUKEE,WI,53210,WI - Milwaukee,20,$25779.75,$8298.65,$7006.35
394 - OTHER DIGESTIVE SYSTEM DIAGNOSES W CC,520138,AURORA ST LUKES MEDICAL CENTER,2900 W OKLAHOMA AVE,MILWAUKEE,WI,53215,WI - Milwaukee,62,$29888.27,$7586.17,$6206.29
394 - OTHER DIGESTIVE SYSTEM DIAGNOSES W CC,520139,AURORA WEST ALLIS MEDICAL CENTER,8901 W LINCOLN AVE,WEST ALLIS,WI,53227,WI - Milwaukee,25,$23084.12,$5910.88,$5101.00
394 - OTHER DIGESTIVE SYSTEM DIAGNOSES W CC,520177,FROEDTERT MEM LUTHERAN HSPTL,9200 W WISCONSIN AVE,MILWAUKEE,WI,53226,WI - Milwaukee,34,$22764.32,$9377.14,$8745.17
418 - LAPAROSCOPIC CHOLECYSTECTOMY W/O C.D.E. W CC,520004,"MAYO CLINIC HLTH SYSTEM- FRANCISCAN MED CTR, INC",700 WEST AVE S,LA CROSSE,WI,54601,WI - La Crosse,12,$28145.75,$11231.08,$10209.41
418 - LAPAROSCOPIC CHOLECYSTECTOMY W/O C.D.E. W CC,520008,WAUKESHA MEMORIAL HOSPITAL,725 AMERICAN AVE,WAUKESHA,WI,53188,WI - Milwaukee,11,$43696.45,$9982.09,$9167.54
418 - LAPAROSCOPIC CHOLECYSTECTOMY W/O C.D.E. W CC,520021,UNITED HSPTL SYS,6308 EIGHTH AVE,KENOSHA,WI,53143,WI - Milwaukee,23,$31185.04,$10189.00,$9163.78
418 - LAPAROSCOPIC CHOLECYSTECTOMY W/O C.D.E. W CC,520027,"COLUMBIA ST MARY'S HOSPITAL OZAUKEE, INC",13111 N PORT WASHINGTON RD,MEQUON,WI,53097,WI - Milwaukee,11,$38858.36,$9620.90,$8912.18
418 - LAPAROSCOPIC CHOLECYSTECTOMY W/O C.D.E. W CC,520030,ASPIRUS WAUSAU HOSPITAL,333 PINE RIDGE BLVD,WAUSAU,WI,54401,WI - Wausau,17,$32035.94,$10579.41,$9005.35
418 - LAPAROSCOPIC CHOLECYSTECTOMY W/O C.D.E. W CC,520037,MINISTRY SAINT JOSEPH'S HOSPITAL,611 ST JOSEPH AVE,MARSHFIELD,WI,54449,WI - Marshfield,11,$25617.90,$12374.36,$10146.90
418 - LAPAROSCOPIC CHOLECYSTECTOMY W/O C.D.E. W CC,520066,MERCY HLTH SYS CORP,1000 MINERAL POINT AVE,JANESVILLE,WI,53548,WI - Madison,12,$32208.75,$10190.25,$9246.91
418 - LAPAROSCOPIC CHOLECYSTECTOMY W/O C.D.E. W CC,520070,MAYO CLINIC HEALTH SYSTEM EAU CLAIRE HOSPITAL,1221 WHIPPLE ST,EAU CLAIRE,WI,54703,MN - Minneapolis,14,$28099.85,$9614.57,$8889.14
418 - LAPAROSCOPIC CHOLECYSTECTOMY W/O C.D.E. W CC,520083,ST MARY'S HOSPITAL,700 SOUTH PARK ST,MADISON,WI,53715,WI - Madison,28,$27078.50,$11152.39,$10043.78
418 - LAPAROSCOPIC CHOLECYSTECTOMY W/O C.D.E. W CC,520087,GUNDERSEN LUTH MED CTR,1910 SOUTH AVE,LA CROSSE,WI,54601,WI - La Crosse,11,$38732.36,$11268.27,$10342.09
418 - LAPAROSCOPIC CHOLECYSTECTOMY W/O C.D.E. W CC,520098,UNIVERSITY OF WI  HOSPITALS & CLINICS AUTHORITY,600 HIGHLAND AVENUE,MADISON,WI,53792,WI - Madison,13,$36386.76,$17173.69,$13980.46
418 - LAPAROSCOPIC CHOLECYSTECTOMY W/O C.D.E. W CC,520103,COMMUNITY MEM HSPTL,W180 N8085 TOWN HALL RD,MENOMONEE FALLS,WI,53051,WI - Milwaukee,20,$29466.40,$9618.00,$8613.60
418 - LAPAROSCOPIC CHOLECYSTECTOMY W/O C.D.E. W CC,520138,AURORA ST LUKES MEDICAL CENTER,2900 W OKLAHOMA AVE,MILWAUKEE,WI,53215,WI - Milwaukee,21,$52193.04,$13022.71,$9721.04
418 - LAPAROSCOPIC CHOLECYSTECTOMY W/O C.D.E. W CC,520139,AURORA WEST ALLIS MEDICAL CENTER,8901 W LINCOLN AVE,WEST ALLIS,WI,53227,WI - Milwaukee,12,$43028.08,$10159.91,$9407.91
419 - LAPAROSCOPIC CHOLECYSTECTOMY W/O C.D.E. W/O CC/MCC,520021,UNITED HSPTL SYS,6308 EIGHTH AVE,KENOSHA,WI,53143,WI - Milwaukee,18,$25950.72,$7013.00,$6019.22
419 - LAPAROSCOPIC CHOLECYSTECTOMY W/O C.D.E. W/O CC/MCC,520030,ASPIRUS WAUSAU HOSPITAL,333 PINE RIDGE BLVD,WAUSAU,WI,54401,WI - Wausau,12,$22617.25,$7400.91,$5337.58
419 - LAPAROSCOPIC CHOLECYSTECTOMY W/O C.D.E. W/O CC/MCC,520066,MERCY HLTH SYS CORP,1000 MINERAL POINT AVE,JANESVILLE,WI,53548,WI - Madison,12,$29942.66,$7242.08,$6215.08
419 - LAPAROSCOPIC CHOLECYSTECTOMY W/O C.D.E. W/O CC/MCC,520070,MAYO CLINIC HEALTH SYSTEM EAU CLAIRE HOSPITAL,1221 WHIPPLE ST,EAU CLAIRE,WI,54703,MN - Minneapolis,14,$25783.57,$9478.71,$4687.00
419 - LAPAROSCOPIC CHOLECYSTECTOMY W/O C.D.E. W/O CC/MCC,520083,ST MARY'S HOSPITAL,700 SOUTH PARK ST,MADISON,WI,53715,WI - Madison,17,$24190.41,$7914.17,$6928.52
419 - LAPAROSCOPIC CHOLECYSTECTOMY W/O C.D.E. W/O CC/MCC,520089,MERITER HSPTL,202 S PARK ST,MADISON,WI,53715,WI - Madison,12,$26277.75,$8305.58,$7464.58
419 - LAPAROSCOPIC CHOLECYSTECTOMY W/O C.D.E. W/O CC/MCC,520097,ST MARYS HSPTL MED CTR,1726 SHAWANO AVE,GREEN BAY,WI,54303,WI - Green Bay,12,$26792.41,$6562.50,$5627.16
419 - LAPAROSCOPIC CHOLECYSTECTOMY W/O C.D.E. W/O CC/MCC,520103,COMMUNITY MEM HSPTL,W180 N8085 TOWN HALL RD,MENOMONEE FALLS,WI,53051,WI - Milwaukee,15,$29175.26,$7845.26,$5671.00
419 - LAPAROSCOPIC CHOLECYSTECTOMY W/O C.D.E. W/O CC/MCC,520139,AURORA WEST ALLIS MEDICAL CENTER,8901 W LINCOLN AVE,WEST ALLIS,WI,53227,WI - Milwaukee,12,$35840.91,$9665.83,$5472.91
439 - DISORDERS OF PANCREAS EXCEPT MALIGNANCY W CC,520021,UNITED HSPTL SYS,6308 EIGHTH AVE,KENOSHA,WI,53143,WI - Milwaukee,17,$31407.05,$6700.76,$5842.64
439 - DISORDERS OF PANCREAS EXCEPT MALIGNANCY W CC,520037,MINISTRY SAINT JOSEPH'S HOSPITAL,611 ST JOSEPH AVE,MARSHFIELD,WI,54449,WI - Marshfield,15,$16736.00,$7186.53,$6438.26
439 - DISORDERS OF PANCREAS EXCEPT MALIGNANCY W CC,520075,ST VINCENT HSPTL,835 S VAN BUREN ST,GREEN BAY,WI,54301,WI - Green Bay,11,$16138.00,$6032.90,$5012.54
439 - DISORDERS OF PANCREAS EXCEPT MALIGNANCY W CC,520083,ST MARY'S HOSPITAL,700 SOUTH PARK ST,MADISON,WI,53715,WI - Madison,28,$18423.21,$7237.71,$5550.28
439 - DISORDERS OF PANCREAS EXCEPT MALIGNANCY W CC,520087,GUNDERSEN LUTH MED CTR,1910 SOUTH AVE,LA CROSSE,WI,54601,WI - La Crosse,20,$26086.35,$7735.50,$5764.10
439 - DISORDERS OF PANCREAS EXCEPT MALIGNANCY W CC,520089,MERITER HSPTL,202 S PARK ST,MADISON,WI,53715,WI - Madison,12,$28728.41,$7965.33,$5926.33
439 - DISORDERS OF PANCREAS EXCEPT MALIGNANCY W CC,520098,UNIVERSITY OF WI  HOSPITALS & CLINICS AUTHORITY,600 HIGHLAND AVENUE,MADISON,WI,53792,WI - Madison,26,$27268.57,$13357.42,$8156.23
439 - DISORDERS OF PANCREAS EXCEPT MALIGNANCY W CC,520113,BAY AREA MED CTR,3100 SHORE DR,MARINETTE,WI,54143,WI - Green Bay,13,$12187.61,$5647.15,$4426.53
439 - DISORDERS OF PANCREAS EXCEPT MALIGNANCY W CC,520138,AURORA ST LUKES MEDICAL CENTER,2900 W OKLAHOMA AVE,MILWAUKEE,WI,53215,WI - Milwaukee,29,$24457.06,$7629.34,$5670.82
439 - DISORDERS OF PANCREAS EXCEPT MALIGNANCY W CC,520160,APPLETON MED CTR,1818 N MEADE ST,APPLETON,WI,54911,WI - Appleton,12,$7752.16,$5107.00,$3621.58
439 - DISORDERS OF PANCREAS EXCEPT MALIGNANCY W CC,520177,FROEDTERT MEM LUTHERAN HSPTL,9200 W WISCONSIN AVE,MILWAUKEE,WI,53226,WI - Milwaukee,32,$15176.93,$9121.25,$8391.37
460 - SPINAL FUSION EXCEPT CERVICAL W/O MCC,520004,"MAYO CLINIC HLTH SYSTEM- FRANCISCAN MED CTR, INC",700 WEST AVE S,LA CROSSE,WI,54601,WI - La Crosse,30,$74737.83,$26384.86,$24143.10
460 - SPINAL FUSION EXCEPT CERVICAL W/O MCC,520008,WAUKESHA MEMORIAL HOSPITAL,725 AMERICAN AVE,WAUKESHA,WI,53188,WI - Milwaukee,37,$107026.54,$32915.29,$27983.43
460 - SPINAL FUSION EXCEPT CERVICAL W/O MCC,520013,SACRED HEART HSPTL,900 W CLAIREMONT AVE,EAU CLAIRE,WI,54701,MN - Minneapolis,27,$75591.85,$29337.29,$25132.07
460 - SPINAL FUSION EXCEPT CERVICAL W/O MCC,520021,UNITED HSPTL SYS,6308 EIGHTH AVE,KENOSHA,WI,53143,WI - Milwaukee,24,$47464.83,$22903.08,$19321.04
460 - SPINAL FUSION EXCEPT CERVICAL W/O MCC,520030,ASPIRUS WAUSAU HOSPITAL,333 PINE RIDGE BLVD,WAUSAU,WI,54401,WI - Wausau,41,$71147.21,$24412.34,$20190.90
460 - SPINAL FUSION EXCEPT CERVICAL W/O MCC,520035,AURORA SHEBOYGAN MEM MED CTR,2629 N 7TH ST,SHEBOYGAN,WI,53083,WI - Milwaukee,14,$72433.07,$28112.64,$20421.07
460 - SPINAL FUSION EXCEPT CERVICAL W/O MCC,520037,MINISTRY SAINT JOSEPH'S HOSPITAL,611 ST JOSEPH AVE,MARSHFIELD,WI,54449,WI - Marshfield,44,$40499.61,$26741.75,$24617.95
460 - SPINAL FUSION EXCEPT CERVICAL W/O MCC,520045,THEDA CLARK MED CTR,130 2ND ST,NEENAH,WI,54956,WI - Neenah,51,$38268.00,$23863.43,$20267.03
460 - SPINAL FUSION EXCEPT CERVICAL W/O MCC,520049,BELLIN MEMORIAL HSPTL,744 S WEBSTER AVE,GREEN BAY,WI,54305,WI - Green Bay,13,$67446.53,$21502.30,$20385.07
460 - SPINAL FUSION EXCEPT CERVICAL W/O MCC,520051,COLUMBIA ST MARYS HSPTL  MILW (COL & MILW CAMPUS),2323 N LAKE DR,MILWAUKEE,WI,53211,WI - Milwaukee,11,$96967.45,$30919.18,$29901.72
460 - SPINAL FUSION EXCEPT CERVICAL W/O MCC,520070,MAYO CLINIC HEALTH SYSTEM EAU CLAIRE HOSPITAL,1221 WHIPPLE ST,EAU CLAIRE,WI,54703,MN - Minneapolis,11,$86096.18,$22077.45,$20954.18
460 - SPINAL FUSION EXCEPT CERVICAL W/O MCC,520078,WHEATON FRANCISCAN HEALTHCARE- ST FRANCIS,3237 S 16TH ST,MILWAUKEE,WI,53215,WI - Milwaukee,23,$134019.78,$36833.95,$28070.52
460 - SPINAL FUSION EXCEPT CERVICAL W/O MCC,520083,ST MARY'S HOSPITAL,700 SOUTH PARK ST,MADISON,WI,53715,WI - Madison,89,$57744.50,$26142.96,$21630.85
460 - SPINAL FUSION EXCEPT CERVICAL W/O MCC,520089,MERITER HSPTL,202 S PARK ST,MADISON,WI,53715,WI - Madison,22,$72691.09,$27274.63,$26254.27
460 - SPINAL FUSION EXCEPT CERVICAL W/O MCC,520097,ST MARYS HSPTL MED CTR,1726 SHAWANO AVE,GREEN BAY,WI,54303,WI - Green Bay,15,$63400.26,$29521.33,$16475.46
460 - SPINAL FUSION EXCEPT CERVICAL W/O MCC,520098,UNIVERSITY OF WI  HOSPITALS & CLINICS AUTHORITY,600 HIGHLAND AVENUE,MADISON,WI,53792,WI - Madison,77,$51977.72,$34881.92,$31151.72
460 - SPINAL FUSION EXCEPT CERVICAL W/O MCC,520103,COMMUNITY MEM HSPTL,W180 N8085 TOWN HALL RD,MENOMONEE FALLS,WI,53051,WI - Milwaukee,26,$59917.19,$24163.61,$19268.61
460 - SPINAL FUSION EXCEPT CERVICAL W/O MCC,520107,HOLY FAMILY MEMORIAL INC,2300 WESTERN AVE PO BOX 1450,MANITOWOC,WI,54221,WI - Green Bay,11,$66085.81,$22556.90,$21533.63
460 - SPINAL FUSION EXCEPT CERVICAL W/O MCC,520138,AURORA ST LUKES MEDICAL CENTER,2900 W OKLAHOMA AVE,MILWAUKEE,WI,53215,WI - Milwaukee,126,$123143.90,$34274.01,$23913.11
460 - SPINAL FUSION EXCEPT CERVICAL W/O MCC,520177,FROEDTERT MEM LUTHERAN HSPTL,9200 W WISCONSIN AVE,MILWAUKEE,WI,53226,WI - Milwaukee,43,$64907.90,$32094.16,$31076.39
460 - SPINAL FUSION EXCEPT CERVICAL W/O MCC,520193,AURORA BAYCARE MED CTR,2845 GREENBRIER RD PO BOX 8900,GREEN BAY,WI,54311,WI - Green Bay,41,$60711.29,$23736.12,$21555.92
460 - SPINAL FUSION EXCEPT CERVICAL W/O MCC,520194,ORTHOPAEDIC HSPTL OF WI,475 W RIVER WOODS PKWY,GLENDALE,WI,53212,WI - Milwaukee,18,$48586.11,$21890.00,$20768.66
460 - SPINAL FUSION EXCEPT CERVICAL W/O MCC,520198,AURORA MED CTR OSHKOSH,855 N WESTHAVEN DRIVE,OSHKOSH,WI,54904,WI - Neenah,11,$61421.90,$21899.09,$20778.72
469 - MAJOR JOINT REPLACEMENT OR REATTACHMENT OF LOWER EXTREMITY W MCC,520004,"MAYO CLINIC HLTH SYSTEM- FRANCISCAN MED CTR, INC",700 WEST AVE S,LA CROSSE,WI,54601,WI - La Crosse,11,$50328.09,$22485.54,$21462.27
469 - MAJOR JOINT REPLACEMENT OR REATTACHMENT OF LOWER EXTREMITY W MCC,520008,WAUKESHA MEMORIAL HOSPITAL,725 AMERICAN AVE,WAUKESHA,WI,53188,WI - Milwaukee,17,$53943.05,$17906.82,$17111.47
469 - MAJOR JOINT REPLACEMENT OR REATTACHMENT OF LOWER EXTREMITY W MCC,520013,SACRED HEART HSPTL,900 W CLAIREMONT AVE,EAU CLAIRE,WI,54701,MN - Minneapolis,15,$69523.46,$27115.26,$26144.86
469 - MAJOR JOINT REPLACEMENT OR REATTACHMENT OF LOWER EXTREMITY W MCC,520027,"COLUMBIA ST MARY'S HOSPITAL OZAUKEE, INC",13111 N PORT WASHINGTON RD,MEQUON,WI,53097,WI - Milwaukee,11,$65579.36,$18747.72,$17621.54
469 - MAJOR JOINT REPLACEMENT OR REATTACHMENT OF LOWER EXTREMITY W MCC,520030,ASPIRUS WAUSAU HOSPITAL,333 PINE RIDGE BLVD,WAUSAU,WI,54401,WI - Wausau,12,$52637.25,$19900.66,$19057.00
469 - MAJOR JOINT REPLACEMENT OR REATTACHMENT OF LOWER EXTREMITY W MCC,520066,MERCY HLTH SYS CORP,1000 MINERAL POINT AVE,JANESVILLE,WI,53548,WI - Madison,14,$88415.57,$21423.35,$20379.07
469 - MAJOR JOINT REPLACEMENT OR REATTACHMENT OF LOWER EXTREMITY W MCC,520070,MAYO CLINIC HEALTH SYSTEM EAU CLAIRE HOSPITAL,1221 WHIPPLE ST,EAU CLAIRE,WI,54703,MN - Minneapolis,13,$51007.30,$18677.92,$17722.53
469 - MAJOR JOINT REPLACEMENT OR REATTACHMENT OF LOWER EXTREMITY W MCC,520083,ST MARY'S HOSPITAL,700 SOUTH PARK ST,MADISON,WI,53715,WI - Madison,20,$46585.85,$21370.85,$20473.25
469 - MAJOR JOINT REPLACEMENT OR REATTACHMENT OF LOWER EXTREMITY W MCC,520087,GUNDERSEN LUTH MED CTR,1910 SOUTH AVE,LA CROSSE,WI,54601,WI - La Crosse,19,$49680.89,$22364.57,$19630.42
469 - MAJOR JOINT REPLACEMENT OR REATTACHMENT OF LOWER EXTREMITY W MCC,520089,MERITER HSPTL,202 S PARK ST,MADISON,WI,53715,WI - Madison,23,$91563.39,$26666.65,$25637.21
469 - MAJOR JOINT REPLACEMENT OR REATTACHMENT OF LOWER EXTREMITY W MCC,520096,WHEATON FRANCISCAN HEALTHCARE- ALL SAINTS,3801 SPRING ST,RACINE,WI,53405,WI - Milwaukee,19,$47571.73,$22657.31,$20359.47
469 - MAJOR JOINT REPLACEMENT OR REATTACHMENT OF LOWER EXTREMITY W MCC,520138,AURORA ST LUKES MEDICAL CENTER,2900 W OKLAHOMA AVE,MILWAUKEE,WI,53215,WI - Milwaukee,36,$87139.58,$24119.19,$21404.05
469 - MAJOR JOINT REPLACEMENT OR REATTACHMENT OF LOWER EXTREMITY W MCC,520139,AURORA WEST ALLIS MEDICAL CENTER,8901 W LINCOLN AVE,WEST ALLIS,WI,53227,WI - Milwaukee,16,$72999.25,$19382.12,$18250.12
469 - MAJOR JOINT REPLACEMENT OR REATTACHMENT OF LOWER EXTREMITY W MCC,520160,APPLETON MED CTR,1818 N MEADE ST,APPLETON,WI,54911,WI - Appleton,13,$31278.15,$18788.69,$17758.53
469 - MAJOR JOINT REPLACEMENT OR REATTACHMENT OF LOWER EXTREMITY W MCC,520177,FROEDTERT MEM LUTHERAN HSPTL,9200 W WISCONSIN AVE,MILWAUKEE,WI,53226,WI - Milwaukee,18,$63622.05,$28703.27,$27831.72
470 - MAJOR JOINT REPLACEMENT OR REATTACHMENT OF LOWER EXTREMITY W/O MCC,520002,MINISTRY ST MICHAELS HOSPITAL OF STEVENS POINT,900 ILLINOIS AVE,STEVENS POINT,WI,54481,WI - Marshfield,108,$25625.35,$12342.28,$11049.40
470 - MAJOR JOINT REPLACEMENT OR REATTACHMENT OF LOWER EXTREMITY W/O MCC,520004,"MAYO CLINIC HLTH SYSTEM- FRANCISCAN MED CTR, INC",700 WEST AVE S,LA CROSSE,WI,54601,WI - La Crosse,153,$31632.92,$14002.10,$12634.85
470 - MAJOR JOINT REPLACEMENT OR REATTACHMENT OF LOWER EXTREMITY W/O MCC,520008,WAUKESHA MEMORIAL HOSPITAL,725 AMERICAN AVE,WAUKESHA,WI,53188,WI - Milwaukee,234,$39545.52,$13539.84,$10646.48
470 - MAJOR JOINT REPLACEMENT OR REATTACHMENT OF LOWER EXTREMITY W/O MCC,520009,ST ELIZABETH HSPTL,1506 S ONEIDA ST,APPLETON,WI,54915,WI - Appleton,70,$26786.70,$13470.42,$10568.20
470 - MAJOR JOINT REPLACEMENT OR REATTACHMENT OF LOWER EXTREMITY W/O MCC,520011,LAKEVIEW MED CENTER,1700 WEST STOUT STREET,RICE LAKE,WI,54868,WI - Marshfield,154,$28310.98,$12613.24,$11330.77
470 - MAJOR JOINT REPLACEMENT OR REATTACHMENT OF LOWER EXTREMITY W/O MCC,520013,SACRED HEART HSPTL,900 W CLAIREMONT AVE,EAU CLAIRE,WI,54701,MN - Minneapolis,140,$35468.63,$14432.47,$12480.25
470 - MAJOR JOINT REPLACEMENT OR REATTACHMENT OF LOWER EXTREMITY W/O MCC,520017,ST JOSEPHS HSPTL,2661 CTY HWY I,CHIPPEWA FALLS,WI,54729,WI - Marshfield,42,$44188.26,$14725.85,$12707.50
470 - MAJOR JOINT REPLACEMENT OR REATTACHMENT OF LOWER EXTREMITY W/O MCC,520019,MINISTRY ST MARYS HOSPITAL,2251 NORTH SHORE DR,RHINELANDER,WI,54501,WI - Wausau,117,$25952.01,$13611.01,$12545.27
470 - MAJOR JOINT REPLACEMENT OR REATTACHMENT OF LOWER EXTREMITY W/O MCC,520021,UNITED HSPTL SYS,6308 EIGHTH AVE,KENOSHA,WI,53143,WI - Milwaukee,145,$45023.77,$13885.89,$10862.64
470 - MAJOR JOINT REPLACEMENT OR REATTACHMENT OF LOWER EXTREMITY W/O MCC,520027,"COLUMBIA ST MARY'S HOSPITAL OZAUKEE, INC",13111 N PORT WASHINGTON RD,MEQUON,WI,53097,WI - Milwaukee,105,$47390.59,$12608.52,$10389.84
470 - MAJOR JOINT REPLACEMENT OR REATTACHMENT OF LOWER EXTREMITY W/O MCC,520028,THE MONROE CLINIC,2005 5TH STREET,MONROE,WI,53566,WI - Madison,101,$40725.74,$13298.45,$11596.11
470 - MAJOR JOINT REPLACEMENT OR REATTACHMENT OF LOWER EXTREMITY W/O MCC,520030,ASPIRUS WAUSAU HOSPITAL,333 PINE RIDGE BLVD,WAUSAU,WI,54401,WI - Wausau,224,$33097.40,$12656.16,$10885.42
470 - MAJOR JOINT REPLACEMENT OR REATTACHMENT OF LOWER EXTREMITY W/O MCC,520033,RIVERVIEW HSPTL ASSOC,410 DEWEY ST PO BOX 8080,WISCONSIN RAPID,WI,54495,WI - Marshfield,144,$22885.13,$13838.40,$12652.12
470 - MAJOR JOINT REPLACEMENT OR REATTACHMENT OF LOWER EXTREMITY W/O MCC,520034,AURORA MED CTR MANITOWOC CTY,5000 MEMORIAL DR,TWO RIVERS,WI,54241,WI - Green Bay,49,$39392.93,$16189.16,$12652.02
470 - MAJOR JOINT REPLACEMENT OR REATTACHMENT OF LOWER EXTREMITY W/O MCC,520035,AURORA SHEBOYGAN MEM MED CTR,2629 N 7TH ST,SHEBOYGAN,WI,53083,WI - Milwaukee,136,$42771.59,$13499.11,$11040.61
470 - MAJOR JOINT REPLACEMENT OR REATTACHMENT OF LOWER EXTREMITY W/O MCC,520037,MINISTRY SAINT JOSEPH'S HOSPITAL,611 ST JOSEPH AVE,MARSHFIELD,WI,54449,WI - Marshfield,184,$47332.57,$16661.00,$12986.33
470 - MAJOR JOINT REPLACEMENT OR REATTACHMENT OF LOWER EXTREMITY W/O MCC,520038,AURORA MED CENTER-WASHINGTON COUNTY,1032 E SUMNER ST,HARTFORD,WI,53027,WI - Milwaukee,67,$46306.17,$12521.52,$10084.70
470 - MAJOR JOINT REPLACEMENT OR REATTACHMENT OF LOWER EXTREMITY W/O MCC,520041,DIVINE SAVIOR HLTHCARE,"2817 NEW PINERY RD, P O BOX 387",PORTAGE,WI,53901,WI - Madison,30,$45979.20,$14986.56,$13938.56
470 - MAJOR JOINT REPLACEMENT OR REATTACHMENT OF LOWER EXTREMITY W/O MCC,520044,ST NICHOLAS HOSPITAL,3100 SUPERIOR AVE,SHEBOYGAN,WI,53081,WI - Milwaukee,47,$41014.72,$11291.57,$10279.27
470 - MAJOR JOINT REPLACEMENT OR REATTACHMENT OF LOWER EXTREMITY W/O MCC,520045,THEDA CLARK MED CTR,130 2ND ST,NEENAH,WI,54956,WI - Neenah,97,$24069.77,$12402.98,$10377.24
470 - MAJOR JOINT REPLACEMENT OR REATTACHMENT OF LOWER EXTREMITY W/O MCC,520048,MERCY MED CTR OF OSHKOSH,500 S OAKWOOD RD,OSHKOSH,WI,54904,WI - Neenah,220,$26614.17,$13351.64,$10269.46
470 - MAJOR JOINT REPLACEMENT OR REATTACHMENT OF LOWER EXTREMITY W/O MCC,520049,BELLIN MEMORIAL HSPTL,744 S WEBSTER AVE,GREEN BAY,WI,54305,WI - Green Bay,373,$30974.17,$11938.46,$10368.91
470 - MAJOR JOINT REPLACEMENT OR REATTACHMENT OF LOWER EXTREMITY W/O MCC,520051,COLUMBIA ST MARYS HSPTL  MILW (COL & MILW CAMPUS),2323 N LAKE DR,MILWAUKEE,WI,53211,WI - Milwaukee,61,$47287.24,$15318.16,$13959.50
470 - MAJOR JOINT REPLACEMENT OR REATTACHMENT OF LOWER EXTREMITY W/O MCC,520057,ST CLARE HSPTL HLTH SVCS,707 14TH ST,BARABOO,WI,53913,WI - Madison,58,$31924.44,$14258.41,$12664.29
470 - MAJOR JOINT REPLACEMENT OR REATTACHMENT OF LOWER EXTREMITY W/O MCC,520059,AURORA MEMORIAL HSPTL BURLINGTON,252 MCHENRY ST,BURLINGTON,WI,53105,WI - Milwaukee,95,$48088.41,$12884.18,$10139.50
470 - MAJOR JOINT REPLACEMENT OR REATTACHMENT OF LOWER EXTREMITY W/O MCC,520062,OCONOMOWOC MEM HSPTL,791 E SUMMIT AVE,OCONOMOWOC,WI,53066,WI - Milwaukee,157,$41000.40,$12983.76,$10240.26
470 - MAJOR JOINT REPLACEMENT OR REATTACHMENT OF LOWER EXTREMITY W/O MCC,520063,ST JOSEPHS COM HSPTL WEST BEND,3200 PLEASANT VALLEY ROAD,WEST BEND,WI,53095,WI - Milwaukee,46,$33774.76,$11905.56,$10833.21
470 - MAJOR JOINT REPLACEMENT OR REATTACHMENT OF LOWER EXTREMITY W/O MCC,520066,MERCY HLTH SYS CORP,1000 MINERAL POINT AVE,JANESVILLE,WI,53548,WI - Madison,195,$52598.73,$14085.13,$11347.17
470 - MAJOR JOINT REPLACEMENT OR REATTACHMENT OF LOWER EXTREMITY W/O MCC,520070,MAYO CLINIC HEALTH SYSTEM EAU CLAIRE HOSPITAL,1221 WHIPPLE ST,EAU CLAIRE,WI,54703,MN - Minneapolis,225,$32604.38,$12477.39,$10360.53
470 - MAJOR JOINT REPLACEMENT OR REATTACHMENT OF LOWER EXTREMITY W/O MCC,520071,FORT HEALTHCARE,611 SHERMAN AVE E,FORT ATKINSON,WI,53538,WI - Madison,143,$31385.29,$12483.77,$11414.57
470 - MAJOR JOINT REPLACEMENT OR REATTACHMENT OF LOWER EXTREMITY W/O MCC,520075,ST VINCENT HSPTL,835 S VAN BUREN ST,GREEN BAY,WI,54301,WI - Green Bay,103,$37353.04,$13175.81,$10684.23
470 - MAJOR JOINT REPLACEMENT OR REATTACHMENT OF LOWER EXTREMITY W/O MCC,520076,BEAVER DAM COM HSPTL,707 S UNIVERSITY AVE,BEAVER DAM,WI,53916,WI - Madison,88,$45018.23,$13030.68,$11574.84
470 - MAJOR JOINT REPLACEMENT OR REATTACHMENT OF LOWER EXTREMITY W/O MCC,520078,WHEATON FRANCISCAN HEALTHCARE- ST FRANCIS,3237 S 16TH ST,MILWAUKEE,WI,53215,WI - Milwaukee,46,$45678.52,$14441.41,$13073.17
470 - MAJOR JOINT REPLACEMENT OR REATTACHMENT OF LOWER EXTREMITY W/O MCC,520083,ST MARY'S HOSPITAL,700 SOUTH PARK ST,MADISON,WI,53715,WI - Madison,472,$29435.52,$13859.18,$12300.61
470 - MAJOR JOINT REPLACEMENT OR REATTACHMENT OF LOWER EXTREMITY W/O MCC,520087,GUNDERSEN LUTH MED CTR,1910 SOUTH AVE,LA CROSSE,WI,54601,WI - La Crosse,215,$27008.18,$14048.79,$12352.05
470 - MAJOR JOINT REPLACEMENT OR REATTACHMENT OF LOWER EXTREMITY W/O MCC,520088,ST AGNES HSPTL,430 E DIVISON ST,FOND DU LAC,WI,54935,WI - Milwaukee,72,$38835.98,$12907.02,$11448.66
470 - MAJOR JOINT REPLACEMENT OR REATTACHMENT OF LOWER EXTREMITY W/O MCC,520089,MERITER HSPTL,202 S PARK ST,MADISON,WI,53715,WI - Madison,336,$43359.07,$15554.44,$13337.48
470 - MAJOR JOINT REPLACEMENT OR REATTACHMENT OF LOWER EXTREMITY W/O MCC,520091,HOWARD YOUNG MED CTR,240 MAPLE ST PO BOX 470,WOODRUFF,WI,54568,WI - Marshfield,93,$33763.91,$15093.67,$13643.03
470 - MAJOR JOINT REPLACEMENT OR REATTACHMENT OF LOWER EXTREMITY W/O MCC,520095,SAUK PRAIRIE MEM HSPTL,80 FIRST ST,PRAIRIE DU SAC,WI,53578,WI - Madison,248,$25058.15,$14547.02,$12703.64
470 - MAJOR JOINT REPLACEMENT OR REATTACHMENT OF LOWER EXTREMITY W/O MCC,520096,WHEATON FRANCISCAN HEALTHCARE- ALL SAINTS,3801 SPRING ST,RACINE,WI,53405,WI - Milwaukee,163,$27775.33,$14441.89,$12599.24
470 - MAJOR JOINT REPLACEMENT OR REATTACHMENT OF LOWER EXTREMITY W/O MCC,520097,ST MARYS HSPTL MED CTR,1726 SHAWANO AVE,GREEN BAY,WI,54303,WI - Green Bay,103,$40468.68,$13761.56,$9959.92
470 - MAJOR JOINT REPLACEMENT OR REATTACHMENT OF LOWER EXTREMITY W/O MCC,520098,UNIVERSITY OF WI  HOSPITALS & CLINICS AUTHORITY,600 HIGHLAND AVENUE,MADISON,WI,53792,WI - Madison,264,$35797.34,$19895.24,$16633.19
470 - MAJOR JOINT REPLACEMENT OR REATTACHMENT OF LOWER EXTREMITY W/O MCC,520100,BELOIT MEM HSPTL,1969 W HART RD,BELOIT,WI,53511,WI - Madison,85,$63728.94,$13228.22,$11383.97
470 - MAJOR JOINT REPLACEMENT OR REATTACHMENT OF LOWER EXTREMITY W/O MCC,520102,AURORA LAKELAND MED CTR,W3985 CTY RD NN,ELKHORN,WI,53121,WI - Milwaukee,45,$52427.35,$14607.82,$11211.71
470 - MAJOR JOINT REPLACEMENT OR REATTACHMENT OF LOWER EXTREMITY W/O MCC,520103,COMMUNITY MEM HSPTL,W180 N8085 TOWN HALL RD,MENOMONEE FALLS,WI,53051,WI - Milwaukee,226,$38515.92,$12436.81,$10395.03
470 - MAJOR JOINT REPLACEMENT OR REATTACHMENT OF LOWER EXTREMITY W/O MCC,520107,HOLY FAMILY MEMORIAL INC,2300 WESTERN AVE PO BOX 1450,MANITOWOC,WI,54221,WI - Green Bay,125,$39980.43,$13230.85,$10753.25
470 - MAJOR JOINT REPLACEMENT OR REATTACHMENT OF LOWER EXTREMITY W/O MCC,520113,BAY AREA MED CTR,3100 SHORE DR,MARINETTE,WI,54143,WI - Green Bay,57,$45301.94,$12583.15,$11537.33
470 - MAJOR JOINT REPLACEMENT OR REATTACHMENT OF LOWER EXTREMITY W/O MCC,520116,UW HLTH PARTNERS - WATERTOWN REGIONAL MEDICAL CTR,125 HOSPITAL DR,WATERTOWN,WI,53098,WI - Madison,59,$36254.91,$14568.61,$12530.86
470 - MAJOR JOINT REPLACEMENT OR REATTACHMENT OF LOWER EXTREMITY W/O MCC,520136,"WHEATON FRANCISCAN, INC- ST JOSEPH",5000 W CHAMBERS ST,MILWAUKEE,WI,53210,WI - Milwaukee,83,$46505.69,$17396.19,$14232.27
470 - MAJOR JOINT REPLACEMENT OR REATTACHMENT OF LOWER EXTREMITY W/O MCC,520138,AURORA ST LUKES MEDICAL CENTER,2900 W OKLAHOMA AVE,MILWAUKEE,WI,53215,WI - Milwaukee,450,$53857.52,$15196.85,$12581.61
470 - MAJOR JOINT REPLACEMENT OR REATTACHMENT OF LOWER EXTREMITY W/O MCC,520139,AURORA WEST ALLIS MEDICAL CENTER,8901 W LINCOLN AVE,WEST ALLIS,WI,53227,WI - Milwaukee,189,$56295.93,$13296.87,$11055.75
470 - MAJOR JOINT REPLACEMENT OR REATTACHMENT OF LOWER EXTREMITY W/O MCC,520160,APPLETON MED CTR,1818 N MEADE ST,APPLETON,WI,54911,WI - Appleton,172,$25659.65,$12072.49,$10341.74
470 - MAJOR JOINT REPLACEMENT OR REATTACHMENT OF LOWER EXTREMITY W/O MCC,520170,WHEATON FRANCISCAN INC - ELMBROOK MEMORIAL,19333 W NORTH AVE,BROOKFIELD,WI,53045,WI - Milwaukee,132,$43453.93,$12873.59,$10095.21
470 - MAJOR JOINT REPLACEMENT OR REATTACHMENT OF LOWER EXTREMITY W/O MCC,520177,FROEDTERT MEM LUTHERAN HSPTL,9200 W WISCONSIN AVE,MILWAUKEE,WI,53226,WI - Milwaukee,142,$45144.14,$17954.95,$16429.61
470 - MAJOR JOINT REPLACEMENT OR REATTACHMENT OF LOWER EXTREMITY W/O MCC,520189,AURORA MED CTR KENOSHA,10400 75TH ST,KENOSHA,WI,53142,WI - Milwaukee,127,$54639.97,$14907.70,$11324.63
470 - MAJOR JOINT REPLACEMENT OR REATTACHMENT OF LOWER EXTREMITY W/O MCC,520193,AURORA BAYCARE MED CTR,2845 GREENBRIER RD PO BOX 8900,GREEN BAY,WI,54311,WI - Green Bay,103,$36664.90,$14560.41,$9954.69
470 - MAJOR JOINT REPLACEMENT OR REATTACHMENT OF LOWER EXTREMITY W/O MCC,520194,ORTHOPAEDIC HSPTL OF WI,475 W RIVER WOODS PKWY,GLENDALE,WI,53212,WI - Milwaukee,215,$41884.15,$13219.26,$10275.47
470 - MAJOR JOINT REPLACEMENT OR REATTACHMENT OF LOWER EXTREMITY W/O MCC,520196,OAK LEAF SURGCL HSPTL,3802 OAKWOOD MALL DR,EAU CLAIRE,WI,54701,MN - Minneapolis,116,$29690.64,$11892.52,$10054.92
470 - MAJOR JOINT REPLACEMENT OR REATTACHMENT OF LOWER EXTREMITY W/O MCC,520198,AURORA MED CTR OSHKOSH,855 N WESTHAVEN DRIVE,OSHKOSH,WI,54904,WI - Neenah,71,$34284.90,$12077.54,$10481.76
470 - MAJOR JOINT REPLACEMENT OR REATTACHMENT OF LOWER EXTREMITY W/O MCC,520202,ST CLARE'S HOSPITAL OF WESTON INC,3400 MINISTRY PARKWAY,WESTON,WI,54476,WI - Wausau,114,$33143.27,$12349.45,$10845.20
470 - MAJOR JOINT REPLACEMENT OR REATTACHMENT OF LOWER EXTREMITY W/O MCC,520205,"MIDWEST ORTHOPEDIC SPECIALTY HOSPITAL, LLC","10101 SOUTH 27TH STREET,  2ND FLOOR",FRANKLIN,WI,53132,WI - Milwaukee,293,$41004.60,$11790.35,$9246.84
470 - MAJOR JOINT REPLACEMENT OR REATTACHMENT OF LOWER EXTREMITY W/O MCC,520206,AURORA MEDICAL CENTER,36500 AURORA DRIVE,SUMMIT,WI,53066,WI - Milwaukee,46,$39455.32,$12513.23,$8586.02
470 - MAJOR JOINT REPLACEMENT OR REATTACHMENT OF LOWER EXTREMITY W/O MCC,520207,AURORA MEDICAL CENTER,975 PORT WASHINGTON ROAD,GRAFTON,WI,53024,WI - Milwaukee,126,$48929.02,$11556.68,$9679.43
473 - CERVICAL SPINAL FUSION W/O CC/MCC,520008,WAUKESHA MEMORIAL HOSPITAL,725 AMERICAN AVE,WAUKESHA,WI,53188,WI - Milwaukee,20,$51391.25,$12849.55,$11838.85
473 - CERVICAL SPINAL FUSION W/O CC/MCC,520013,SACRED HEART HSPTL,900 W CLAIREMONT AVE,EAU CLAIRE,WI,54701,MN - Minneapolis,12,$73300.25,$21184.00,$12573.75
473 - CERVICAL SPINAL FUSION W/O CC/MCC,520030,ASPIRUS WAUSAU HOSPITAL,333 PINE RIDGE BLVD,WAUSAU,WI,54401,WI - Wausau,11,$44008.27,$12275.36,$11157.90
473 - CERVICAL SPINAL FUSION W/O CC/MCC,520037,MINISTRY SAINT JOSEPH'S HOSPITAL,611 ST JOSEPH AVE,MARSHFIELD,WI,54449,WI - Marshfield,12,$48478.00,$16590.91,$15461.58
473 - CERVICAL SPINAL FUSION W/O CC/MCC,520045,THEDA CLARK MED CTR,130 2ND ST,NEENAH,WI,54956,WI - Neenah,15,$29476.06,$12495.40,$10063.93
473 - CERVICAL SPINAL FUSION W/O CC/MCC,520051,COLUMBIA ST MARYS HSPTL  MILW (COL & MILW CAMPUS),2323 N LAKE DR,MILWAUKEE,WI,53211,WI - Milwaukee,11,$39243.63,$15673.27,$12685.54
473 - CERVICAL SPINAL FUSION W/O CC/MCC,520083,ST MARY'S HOSPITAL,700 SOUTH PARK ST,MADISON,WI,53715,WI - Madison,13,$31589.53,$13968.38,$13013.00
473 - CERVICAL SPINAL FUSION W/O CC/MCC,520098,UNIVERSITY OF WI  HOSPITALS & CLINICS AUTHORITY,600 HIGHLAND AVENUE,MADISON,WI,53792,WI - Madison,15,$36906.53,$18828.40,$14900.33
473 - CERVICAL SPINAL FUSION W/O CC/MCC,520138,AURORA ST LUKES MEDICAL CENTER,2900 W OKLAHOMA AVE,MILWAUKEE,WI,53215,WI - Milwaukee,32,$62193.56,$17420.18,$11842.00
473 - CERVICAL SPINAL FUSION W/O CC/MCC,520177,FROEDTERT MEM LUTHERAN HSPTL,9200 W WISCONSIN AVE,MILWAUKEE,WI,53226,WI - Milwaukee,25,$41321.04,$17386.24,$15988.12
473 - CERVICAL SPINAL FUSION W/O CC/MCC,520193,AURORA BAYCARE MED CTR,2845 GREENBRIER RD PO BOX 8900,GREEN BAY,WI,54311,WI - Green Bay,40,$35203.95,$13178.97,$11217.72
480 - HIP & FEMUR PROCEDURES EXCEPT MAJOR JOINT W MCC,520004,"MAYO CLINIC HLTH SYSTEM- FRANCISCAN MED CTR, INC",700 WEST AVE S,LA CROSSE,WI,54601,WI - La Crosse,12,$40728.50,$19610.33,$18766.66
480 - HIP & FEMUR PROCEDURES EXCEPT MAJOR JOINT W MCC,520008,WAUKESHA MEMORIAL HOSPITAL,725 AMERICAN AVE,WAUKESHA,WI,53188,WI - Milwaukee,21,$47001.90,$16726.33,$15814.52
480 - HIP & FEMUR PROCEDURES EXCEPT MAJOR JOINT W MCC,520013,SACRED HEART HSPTL,900 W CLAIREMONT AVE,EAU CLAIRE,WI,54701,MN - Minneapolis,16,$47171.06,$19831.81,$18916.06
480 - HIP & FEMUR PROCEDURES EXCEPT MAJOR JOINT W MCC,520030,ASPIRUS WAUSAU HOSPITAL,333 PINE RIDGE BLVD,WAUSAU,WI,54401,WI - Wausau,11,$38981.45,$16763.09,$15845.63
480 - HIP & FEMUR PROCEDURES EXCEPT MAJOR JOINT W MCC,520066,MERCY HLTH SYS CORP,1000 MINERAL POINT AVE,JANESVILLE,WI,53548,WI - Madison,12,$71011.83,$19601.08,$18760.08
480 - HIP & FEMUR PROCEDURES EXCEPT MAJOR JOINT W MCC,520070,MAYO CLINIC HEALTH SYSTEM EAU CLAIRE HOSPITAL,1221 WHIPPLE ST,EAU CLAIRE,WI,54703,MN - Minneapolis,16,$44082.18,$16705.18,$15789.43
480 - HIP & FEMUR PROCEDURES EXCEPT MAJOR JOINT W MCC,520075,ST VINCENT HSPTL,835 S VAN BUREN ST,GREEN BAY,WI,54301,WI - Green Bay,13,$53311.61,$18950.07,$17825.53
480 - HIP & FEMUR PROCEDURES EXCEPT MAJOR JOINT W MCC,520083,ST MARY'S HOSPITAL,700 SOUTH PARK ST,MADISON,WI,53715,WI - Madison,14,$48275.07,$20547.42,$19662.57
480 - HIP & FEMUR PROCEDURES EXCEPT MAJOR JOINT W MCC,520087,GUNDERSEN LUTH MED CTR,1910 SOUTH AVE,LA CROSSE,WI,54601,WI - La Crosse,11,$55930.63,$19504.09,$18689.54
480 - HIP & FEMUR PROCEDURES EXCEPT MAJOR JOINT W MCC,520096,WHEATON FRANCISCAN HEALTHCARE- ALL SAINTS,3801 SPRING ST,RACINE,WI,53405,WI - Milwaukee,17,$43768.88,$19845.11,$18988.88
480 - HIP & FEMUR PROCEDURES EXCEPT MAJOR JOINT W MCC,520098,UNIVERSITY OF WI  HOSPITALS & CLINICS AUTHORITY,600 HIGHLAND AVENUE,MADISON,WI,53792,WI - Madison,12,$57747.50,$28167.50,$27232.16
480 - HIP & FEMUR PROCEDURES EXCEPT MAJOR JOINT W MCC,520113,BAY AREA MED CTR,3100 SHORE DR,MARINETTE,WI,54143,WI - Green Bay,12,$62504.25,$18675.25,$17834.25
480 - HIP & FEMUR PROCEDURES EXCEPT MAJOR JOINT W MCC,520138,AURORA ST LUKES MEDICAL CENTER,2900 W OKLAHOMA AVE,MILWAUKEE,WI,53215,WI - Milwaukee,28,$90414.46,$22788.35,$22070.89
480 - HIP & FEMUR PROCEDURES EXCEPT MAJOR JOINT W MCC,520139,AURORA WEST ALLIS MEDICAL CENTER,8901 W LINCOLN AVE,WEST ALLIS,WI,53227,WI - Milwaukee,15,$67076.73,$18383.73,$17562.13
480 - HIP & FEMUR PROCEDURES EXCEPT MAJOR JOINT W MCC,520160,APPLETON MED CTR,1818 N MEADE ST,APPLETON,WI,54911,WI - Appleton,14,$29093.00,$15291.78,$14728.07
480 - HIP & FEMUR PROCEDURES EXCEPT MAJOR JOINT W MCC,520177,FROEDTERT MEM LUTHERAN HSPTL,9200 W WISCONSIN AVE,MILWAUKEE,WI,53226,WI - Milwaukee,17,$72091.05,$29242.05,$28650.29
481 - HIP & FEMUR PROCEDURES EXCEPT MAJOR JOINT W CC,520002,MINISTRY ST MICHAELS HOSPITAL OF STEVENS POINT,900 ILLINOIS AVE,STEVENS POINT,WI,54481,WI - Marshfield,36,$22551.50,$10462.83,$9467.27
481 - HIP & FEMUR PROCEDURES EXCEPT MAJOR JOINT W CC,520004,"MAYO CLINIC HLTH SYSTEM- FRANCISCAN MED CTR, INC",700 WEST AVE S,LA CROSSE,WI,54601,WI - La Crosse,29,$35556.62,$12328.68,$11361.65
481 - HIP & FEMUR PROCEDURES EXCEPT MAJOR JOINT W CC,520008,WAUKESHA MEMORIAL HOSPITAL,725 AMERICAN AVE,WAUKESHA,WI,53188,WI - Milwaukee,43,$35795.74,$11505.97,$9487.34
481 - HIP & FEMUR PROCEDURES EXCEPT MAJOR JOINT W CC,520009,ST ELIZABETH HSPTL,1506 S ONEIDA ST,APPLETON,WI,54915,WI - Appleton,14,$23010.14,$10947.50,$10222.07
481 - HIP & FEMUR PROCEDURES EXCEPT MAJOR JOINT W CC,520011,LAKEVIEW MED CENTER,1700 WEST STOUT STREET,RICE LAKE,WI,54868,WI - Marshfield,34,$22060.85,$10879.38,$9919.50
481 - HIP & FEMUR PROCEDURES EXCEPT MAJOR JOINT W CC,520013,SACRED HEART HSPTL,900 W CLAIREMONT AVE,EAU CLAIRE,WI,54701,MN - Minneapolis,25,$39127.36,$12343.24,$11423.88
481 - HIP & FEMUR PROCEDURES EXCEPT MAJOR JOINT W CC,520017,ST JOSEPHS HSPTL,2661 CTY HWY I,CHIPPEWA FALLS,WI,54729,WI - Marshfield,11,$40468.81,$12587.18,$11563.90
481 - HIP & FEMUR PROCEDURES EXCEPT MAJOR JOINT W CC,520019,MINISTRY ST MARYS HOSPITAL,2251 NORTH SHORE DR,RHINELANDER,WI,54501,WI - Wausau,27,$29922.51,$11976.18,$10983.00
481 - HIP & FEMUR PROCEDURES EXCEPT MAJOR JOINT W CC,520021,UNITED HSPTL SYS,6308 EIGHTH AVE,KENOSHA,WI,53143,WI - Milwaukee,19,$36861.78,$12298.10,$10102.68
481 - HIP & FEMUR PROCEDURES EXCEPT MAJOR JOINT W CC,520027,"COLUMBIA ST MARY'S HOSPITAL OZAUKEE, INC",13111 N PORT WASHINGTON RD,MEQUON,WI,53097,WI - Milwaukee,26,$39576.61,$10444.15,$9540.92
481 - HIP & FEMUR PROCEDURES EXCEPT MAJOR JOINT W CC,520030,ASPIRUS WAUSAU HOSPITAL,333 PINE RIDGE BLVD,WAUSAU,WI,54401,WI - Wausau,45,$33669.26,$11600.42,$10133.93
481 - HIP & FEMUR PROCEDURES EXCEPT MAJOR JOINT W CC,520033,RIVERVIEW HSPTL ASSOC,410 DEWEY ST PO BOX 8080,WISCONSIN RAPID,WI,54495,WI - Marshfield,13,$23834.38,$11858.30,$10990.00
481 - HIP & FEMUR PROCEDURES EXCEPT MAJOR JOINT W CC,520035,AURORA SHEBOYGAN MEM MED CTR,2629 N 7TH ST,SHEBOYGAN,WI,53083,WI - Milwaukee,19,$27928.26,$10582.78,$9520.47
481 - HIP & FEMUR PROCEDURES EXCEPT MAJOR JOINT W CC,520037,MINISTRY SAINT JOSEPH'S HOSPITAL,611 ST JOSEPH AVE,MARSHFIELD,WI,54449,WI - Marshfield,30,$45780.40,$14870.90,$12908.53
481 - HIP & FEMUR PROCEDURES EXCEPT MAJOR JOINT W CC,520038,AURORA MED CENTER-WASHINGTON COUNTY,1032 E SUMNER ST,HARTFORD,WI,53027,WI - Milwaukee,13,$36308.00,$10453.30,$9505.30
481 - HIP & FEMUR PROCEDURES EXCEPT MAJOR JOINT W CC,520041,DIVINE SAVIOR HLTHCARE,"2817 NEW PINERY RD, P O BOX 387",PORTAGE,WI,53901,WI - Madison,11,$40673.90,$13819.18,$12895.81
481 - HIP & FEMUR PROCEDURES EXCEPT MAJOR JOINT W CC,520044,ST NICHOLAS HOSPITAL,3100 SUPERIOR AVE,SHEBOYGAN,WI,53081,WI - Milwaukee,22,$32708.18,$9871.77,$8728.50
481 - HIP & FEMUR PROCEDURES EXCEPT MAJOR JOINT W CC,520045,THEDA CLARK MED CTR,130 2ND ST,NEENAH,WI,54956,WI - Neenah,17,$16712.29,$10314.11,$9263.76
481 - HIP & FEMUR PROCEDURES EXCEPT MAJOR JOINT W CC,520048,MERCY MED CTR OF OSHKOSH,500 S OAKWOOD RD,OSHKOSH,WI,54904,WI - Neenah,25,$22369.64,$10641.60,$9698.40
481 - HIP & FEMUR PROCEDURES EXCEPT MAJOR JOINT W CC,520049,BELLIN MEMORIAL HSPTL,744 S WEBSTER AVE,GREEN BAY,WI,54305,WI - Green Bay,19,$32798.52,$10142.21,$9256.94
481 - HIP & FEMUR PROCEDURES EXCEPT MAJOR JOINT W CC,520051,COLUMBIA ST MARYS HSPTL  MILW (COL & MILW CAMPUS),2323 N LAKE DR,MILWAUKEE,WI,53211,WI - Milwaukee,21,$40575.00,$13558.52,$12545.00
481 - HIP & FEMUR PROCEDURES EXCEPT MAJOR JOINT W CC,520057,ST CLARE HSPTL HLTH SVCS,707 14TH ST,BARABOO,WI,53913,WI - Madison,11,$36298.00,$12493.27,$11364.18
481 - HIP & FEMUR PROCEDURES EXCEPT MAJOR JOINT W CC,520059,AURORA MEMORIAL HSPTL BURLINGTON,252 MCHENRY ST,BURLINGTON,WI,53105,WI - Milwaukee,12,$38474.75,$10562.33,$9538.00
481 - HIP & FEMUR PROCEDURES EXCEPT MAJOR JOINT W CC,520062,OCONOMOWOC MEM HSPTL,791 E SUMMIT AVE,OCONOMOWOC,WI,53066,WI - Milwaukee,14,$35618.64,$10147.78,$9110.35
481 - HIP & FEMUR PROCEDURES EXCEPT MAJOR JOINT W CC,520063,ST JOSEPHS COM HSPTL WEST BEND,3200 PLEASANT VALLEY ROAD,WEST BEND,WI,53095,WI - Milwaukee,12,$31019.16,$10356.00,$9323.66
481 - HIP & FEMUR PROCEDURES EXCEPT MAJOR JOINT W CC,520066,MERCY HLTH SYS CORP,1000 MINERAL POINT AVE,JANESVILLE,WI,53548,WI - Madison,30,$42127.26,$12005.73,$10222.00
481 - HIP & FEMUR PROCEDURES EXCEPT MAJOR JOINT W CC,520070,MAYO CLINIC HEALTH SYSTEM EAU CLAIRE HOSPITAL,1221 WHIPPLE ST,EAU CLAIRE,WI,54703,MN - Minneapolis,35,$31157.45,$10313.48,$9287.65
481 - HIP & FEMUR PROCEDURES EXCEPT MAJOR JOINT W CC,520071,FORT HEALTHCARE,611 SHERMAN AVE E,FORT ATKINSON,WI,53538,WI - Madison,17,$29494.76,$10976.58,$9852.11
481 - HIP & FEMUR PROCEDURES EXCEPT MAJOR JOINT W CC,520075,ST VINCENT HSPTL,835 S VAN BUREN ST,GREEN BAY,WI,54301,WI - Green Bay,27,$28931.85,$11123.14,$8555.40
481 - HIP & FEMUR PROCEDURES EXCEPT MAJOR JOINT W CC,520076,BEAVER DAM COM HSPTL,707 S UNIVERSITY AVE,BEAVER DAM,WI,53916,WI - Madison,12,$38665.25,$11246.50,$10311.16
481 - HIP & FEMUR PROCEDURES EXCEPT MAJOR JOINT W CC,520078,WHEATON FRANCISCAN HEALTHCARE- ST FRANCIS,3237 S 16TH ST,MILWAUKEE,WI,53215,WI - Milwaukee,19,$45158.10,$12604.42,$11659.57
481 - HIP & FEMUR PROCEDURES EXCEPT MAJOR JOINT W CC,520083,ST MARY'S HOSPITAL,700 SOUTH PARK ST,MADISON,WI,53715,WI - Madison,72,$32476.31,$12566.55,$11547.38
481 - HIP & FEMUR PROCEDURES EXCEPT MAJOR JOINT W CC,520087,GUNDERSEN LUTH MED CTR,1910 SOUTH AVE,LA CROSSE,WI,54601,WI - La Crosse,47,$31914.53,$12091.57,$11091.57
481 - HIP & FEMUR PROCEDURES EXCEPT MAJOR JOINT W CC,520088,ST AGNES HSPTL,430 E DIVISON ST,FOND DU LAC,WI,54935,WI - Milwaukee,17,$35446.41,$11203.29,$10080.70
481 - HIP & FEMUR PROCEDURES EXCEPT MAJOR JOINT W CC,520089,MERITER HSPTL,202 S PARK ST,MADISON,WI,53715,WI - Madison,28,$50274.35,$13623.46,$12699.28
481 - HIP & FEMUR PROCEDURES EXCEPT MAJOR JOINT W CC,520091,HOWARD YOUNG MED CTR,240 MAPLE ST PO BOX 470,WOODRUFF,WI,54568,WI - Marshfield,19,$36444.42,$13222.26,$12158.26
481 - HIP & FEMUR PROCEDURES EXCEPT MAJOR JOINT W CC,520096,WHEATON FRANCISCAN HEALTHCARE- ALL SAINTS,3801 SPRING ST,RACINE,WI,53405,WI - Milwaukee,45,$29781.57,$12146.73,$11172.77
481 - HIP & FEMUR PROCEDURES EXCEPT MAJOR JOINT W CC,520097,ST MARYS HSPTL MED CTR,1726 SHAWANO AVE,GREEN BAY,WI,54303,WI - Green Bay,11,$35489.63,$10558.18,$9637.81
481 - HIP & FEMUR PROCEDURES EXCEPT MAJOR JOINT W CC,520098,UNIVERSITY OF WI  HOSPITALS & CLINICS AUTHORITY,600 HIGHLAND AVENUE,MADISON,WI,53792,WI - Madison,42,$48151.33,$18334.85,$16854.59
481 - HIP & FEMUR PROCEDURES EXCEPT MAJOR JOINT W CC,520100,BELOIT MEM HSPTL,1969 W HART RD,BELOIT,WI,53511,WI - Madison,13,$42860.92,$10719.61,$9853.76
481 - HIP & FEMUR PROCEDURES EXCEPT MAJOR JOINT W CC,520102,AURORA LAKELAND MED CTR,W3985 CTY RD NN,ELKHORN,WI,53121,WI - Milwaukee,21,$44432.47,$12025.38,$11065.76
481 - HIP & FEMUR PROCEDURES EXCEPT MAJOR JOINT W CC,520103,COMMUNITY MEM HSPTL,W180 N8085 TOWN HALL RD,MENOMONEE FALLS,WI,53051,WI - Milwaukee,17,$36075.11,$10385.64,$9460.94
481 - HIP & FEMUR PROCEDURES EXCEPT MAJOR JOINT W CC,520107,HOLY FAMILY MEMORIAL INC,2300 WESTERN AVE PO BOX 1450,MANITOWOC,WI,54221,WI - Green Bay,22,$39761.63,$10553.86,$9580.59
481 - HIP & FEMUR PROCEDURES EXCEPT MAJOR JOINT W CC,520113,BAY AREA MED CTR,3100 SHORE DR,MARINETTE,WI,54143,WI - Green Bay,21,$43109.90,$11892.23,$10977.38
481 - HIP & FEMUR PROCEDURES EXCEPT MAJOR JOINT W CC,520136,"WHEATON FRANCISCAN, INC- ST JOSEPH",5000 W CHAMBERS ST,MILWAUKEE,WI,53210,WI - Milwaukee,19,$40154.21,$15110.94,$13181.52
481 - HIP & FEMUR PROCEDURES EXCEPT MAJOR JOINT W CC,520138,AURORA ST LUKES MEDICAL CENTER,2900 W OKLAHOMA AVE,MILWAUKEE,WI,53215,WI - Milwaukee,84,$48686.19,$14422.17,$11747.02
481 - HIP & FEMUR PROCEDURES EXCEPT MAJOR JOINT W CC,520139,AURORA WEST ALLIS MEDICAL CENTER,8901 W LINCOLN AVE,WEST ALLIS,WI,53227,WI - Milwaukee,43,$42477.81,$11146.37,$10075.95
481 - HIP & FEMUR PROCEDURES EXCEPT MAJOR JOINT W CC,520160,APPLETON MED CTR,1818 N MEADE ST,APPLETON,WI,54911,WI - Appleton,44,$20395.22,$10542.86,$9118.18
481 - HIP & FEMUR PROCEDURES EXCEPT MAJOR JOINT W CC,520170,WHEATON FRANCISCAN INC - ELMBROOK MEMORIAL,19333 W NORTH AVE,BROOKFIELD,WI,53045,WI - Milwaukee,11,$43072.63,$10575.27,$9652.00
481 - HIP & FEMUR PROCEDURES EXCEPT MAJOR JOINT W CC,520177,FROEDTERT MEM LUTHERAN HSPTL,9200 W WISCONSIN AVE,MILWAUKEE,WI,53226,WI - Milwaukee,48,$44089.83,$16311.68,$15350.79
481 - HIP & FEMUR PROCEDURES EXCEPT MAJOR JOINT W CC,520189,AURORA MED CTR KENOSHA,10400 75TH ST,KENOSHA,WI,53142,WI - Milwaukee,13,$45397.84,$11838.23,$10887.76
481 - HIP & FEMUR PROCEDURES EXCEPT MAJOR JOINT W CC,520193,AURORA BAYCARE MED CTR,2845 GREENBRIER RD PO BOX 8900,GREEN BAY,WI,54311,WI - Green Bay,16,$37336.81,$10717.87,$9876.87
481 - HIP & FEMUR PROCEDURES EXCEPT MAJOR JOINT W CC,520198,AURORA MED CTR OSHKOSH,855 N WESTHAVEN DRIVE,OSHKOSH,WI,54904,WI - Neenah,11,$36262.63,$10468.72,$9557.09
481 - HIP & FEMUR PROCEDURES EXCEPT MAJOR JOINT W CC,520202,ST CLARE'S HOSPITAL OF WESTON INC,3400 MINISTRY PARKWAY,WESTON,WI,54476,WI - Wausau,12,$28583.41,$10380.16,$9533.83
482 - HIP & FEMUR PROCEDURES EXCEPT MAJOR JOINT W/O CC/MCC,520008,WAUKESHA MEMORIAL HOSPITAL,725 AMERICAN AVE,WAUKESHA,WI,53188,WI - Milwaukee,13,$37822.00,$9601.92,$8566.84
482 - HIP & FEMUR PROCEDURES EXCEPT MAJOR JOINT W/O CC/MCC,520011,LAKEVIEW MED CENTER,1700 WEST STOUT STREET,RICE LAKE,WI,54868,WI - Marshfield,14,$16261.78,$8950.92,$7825.78
482 - HIP & FEMUR PROCEDURES EXCEPT MAJOR JOINT W/O CC/MCC,520021,UNITED HSPTL SYS,6308 EIGHTH AVE,KENOSHA,WI,53143,WI - Milwaukee,21,$35244.09,$9209.66,$8086.80
482 - HIP & FEMUR PROCEDURES EXCEPT MAJOR JOINT W/O CC/MCC,520057,ST CLARE HSPTL HLTH SVCS,707 14TH ST,BARABOO,WI,53913,WI - Madison,11,$26087.72,$10255.63,$9232.36
482 - HIP & FEMUR PROCEDURES EXCEPT MAJOR JOINT W/O CC/MCC,520066,MERCY HLTH SYS CORP,1000 MINERAL POINT AVE,JANESVILLE,WI,53548,WI - Madison,14,$34839.92,$9535.92,$8489.35
482 - HIP & FEMUR PROCEDURES EXCEPT MAJOR JOINT W/O CC/MCC,520071,FORT HEALTHCARE,611 SHERMAN AVE E,FORT ATKINSON,WI,53538,WI - Madison,12,$27375.33,$9047.33,$7920.66
482 - HIP & FEMUR PROCEDURES EXCEPT MAJOR JOINT W/O CC/MCC,520083,ST MARY'S HOSPITAL,700 SOUTH PARK ST,MADISON,WI,53715,WI - Madison,20,$27507.25,$10366.00,$9297.00
482 - HIP & FEMUR PROCEDURES EXCEPT MAJOR JOINT W/O CC/MCC,520087,GUNDERSEN LUTH MED CTR,1910 SOUTH AVE,LA CROSSE,WI,54601,WI - La Crosse,12,$28438.91,$10042.91,$9296.25
482 - HIP & FEMUR PROCEDURES EXCEPT MAJOR JOINT W/O CC/MCC,520098,UNIVERSITY OF WI  HOSPITALS & CLINICS AUTHORITY,600 HIGHLAND AVENUE,MADISON,WI,53792,WI - Madison,20,$38467.75,$14685.35,$13229.55
482 - HIP & FEMUR PROCEDURES EXCEPT MAJOR JOINT W/O CC/MCC,520100,BELOIT MEM HSPTL,1969 W HART RD,BELOIT,WI,53511,WI - Madison,11,$39060.36,$8985.81,$7968.36
482 - HIP & FEMUR PROCEDURES EXCEPT MAJOR JOINT W/O CC/MCC,520102,AURORA LAKELAND MED CTR,W3985 CTY RD NN,ELKHORN,WI,53121,WI - Milwaukee,11,$30548.00,$9439.63,$8419.27
482 - HIP & FEMUR PROCEDURES EXCEPT MAJOR JOINT W/O CC/MCC,520103,COMMUNITY MEM HSPTL,W180 N8085 TOWN HALL RD,MENOMONEE FALLS,WI,53051,WI - Milwaukee,15,$34380.80,$8806.80,$7273.46
482 - HIP & FEMUR PROCEDURES EXCEPT MAJOR JOINT W/O CC/MCC,520138,AURORA ST LUKES MEDICAL CENTER,2900 W OKLAHOMA AVE,MILWAUKEE,WI,53215,WI - Milwaukee,13,$35875.07,$10829.30,$9889.00
482 - HIP & FEMUR PROCEDURES EXCEPT MAJOR JOINT W/O CC/MCC,520177,FROEDTERT MEM LUTHERAN HSPTL,9200 W WISCONSIN AVE,MILWAUKEE,WI,53226,WI - Milwaukee,16,$37197.18,$13427.81,$12441.31
491 - BACK & NECK PROC EXC SPINAL FUSION W/O CC/MCC,520004,"MAYO CLINIC HLTH SYSTEM- FRANCISCAN MED CTR, INC",700 WEST AVE S,LA CROSSE,WI,54601,WI - La Crosse,16,$21843.25,$6545.87,$5425.87
491 - BACK & NECK PROC EXC SPINAL FUSION W/O CC/MCC,520008,WAUKESHA MEMORIAL HOSPITAL,725 AMERICAN AVE,WAUKESHA,WI,53188,WI - Milwaukee,37,$25813.72,$5880.13,$4878.29
491 - BACK & NECK PROC EXC SPINAL FUSION W/O CC/MCC,520013,SACRED HEART HSPTL,900 W CLAIREMONT AVE,EAU CLAIRE,WI,54701,MN - Minneapolis,12,$33901.00,$6599.16,$5569.50
491 - BACK & NECK PROC EXC SPINAL FUSION W/O CC/MCC,520030,ASPIRUS WAUSAU HOSPITAL,333 PINE RIDGE BLVD,WAUSAU,WI,54401,WI - Wausau,27,$21123.48,$6101.22,$4634.81
491 - BACK & NECK PROC EXC SPINAL FUSION W/O CC/MCC,520037,MINISTRY SAINT JOSEPH'S HOSPITAL,611 ST JOSEPH AVE,MARSHFIELD,WI,54449,WI - Marshfield,36,$15379.05,$7179.52,$5671.22
491 - BACK & NECK PROC EXC SPINAL FUSION W/O CC/MCC,520045,THEDA CLARK MED CTR,130 2ND ST,NEENAH,WI,54956,WI - Neenah,30,$11039.96,$6303.36,$4366.80
491 - BACK & NECK PROC EXC SPINAL FUSION W/O CC/MCC,520049,BELLIN MEMORIAL HSPTL,744 S WEBSTER AVE,GREEN BAY,WI,54305,WI - Green Bay,16,$16514.87,$6212.43,$4027.50
491 - BACK & NECK PROC EXC SPINAL FUSION W/O CC/MCC,520066,MERCY HLTH SYS CORP,1000 MINERAL POINT AVE,JANESVILLE,WI,53548,WI - Madison,11,$28120.00,$6081.00,$4960.63
491 - BACK & NECK PROC EXC SPINAL FUSION W/O CC/MCC,520070,MAYO CLINIC HEALTH SYSTEM EAU CLAIRE HOSPITAL,1221 WHIPPLE ST,EAU CLAIRE,WI,54703,MN - Minneapolis,39,$17582.56,$5590.94,$4579.97
491 - BACK & NECK PROC EXC SPINAL FUSION W/O CC/MCC,520083,ST MARY'S HOSPITAL,700 SOUTH PARK ST,MADISON,WI,53715,WI - Madison,27,$19935.22,$6669.74,$5523.92
491 - BACK & NECK PROC EXC SPINAL FUSION W/O CC/MCC,520087,GUNDERSEN LUTH MED CTR,1910 SOUTH AVE,LA CROSSE,WI,54601,WI - La Crosse,13,$21202.00,$6543.84,$5503.84
491 - BACK & NECK PROC EXC SPINAL FUSION W/O CC/MCC,520089,MERITER HSPTL,202 S PARK ST,MADISON,WI,53715,WI - Madison,27,$25218.55,$7013.77,$5933.18
491 - BACK & NECK PROC EXC SPINAL FUSION W/O CC/MCC,520098,UNIVERSITY OF WI  HOSPITALS & CLINICS AUTHORITY,600 HIGHLAND AVENUE,MADISON,WI,53792,WI - Madison,35,$21927.45,$9432.42,$7972.00
491 - BACK & NECK PROC EXC SPINAL FUSION W/O CC/MCC,520102,AURORA LAKELAND MED CTR,W3985 CTY RD NN,ELKHORN,WI,53121,WI - Milwaukee,11,$31139.81,$6062.72,$4942.36
491 - BACK & NECK PROC EXC SPINAL FUSION W/O CC/MCC,520103,COMMUNITY MEM HSPTL,W180 N8085 TOWN HALL RD,MENOMONEE FALLS,WI,53051,WI - Milwaukee,22,$24823.86,$5610.72,$4537.45
491 - BACK & NECK PROC EXC SPINAL FUSION W/O CC/MCC,520138,AURORA ST LUKES MEDICAL CENTER,2900 W OKLAHOMA AVE,MILWAUKEE,WI,53215,WI - Milwaukee,62,$30656.62,$7450.46,$5499.96
491 - BACK & NECK PROC EXC SPINAL FUSION W/O CC/MCC,520193,AURORA BAYCARE MED CTR,2845 GREENBRIER RD PO BOX 8900,GREEN BAY,WI,54311,WI - Green Bay,68,$24317.72,$6523.51,$4707.61
536 - FRACTURES OF HIP & PELVIS W/O MCC,520008,WAUKESHA MEMORIAL HOSPITAL,725 AMERICAN AVE,WAUKESHA,WI,53188,WI - Milwaukee,18,$12708.83,$5103.16,$2675.55
536 - FRACTURES OF HIP & PELVIS W/O MCC,520021,UNITED HSPTL SYS,6308 EIGHTH AVE,KENOSHA,WI,53143,WI - Milwaukee,17,$12044.58,$4311.00,$3321.58
536 - FRACTURES OF HIP & PELVIS W/O MCC,520027,"COLUMBIA ST MARY'S HOSPITAL OZAUKEE, INC",13111 N PORT WASHINGTON RD,MEQUON,WI,53097,WI - Milwaukee,16,$12895.50,$4070.37,$3156.62
536 - FRACTURES OF HIP & PELVIS W/O MCC,520030,ASPIRUS WAUSAU HOSPITAL,333 PINE RIDGE BLVD,WAUSAU,WI,54401,WI - Wausau,14,$11959.50,$4151.28,$3194.71
536 - FRACTURES OF HIP & PELVIS W/O MCC,520051,COLUMBIA ST MARYS HSPTL  MILW (COL & MILW CAMPUS),2323 N LAKE DR,MILWAUKEE,WI,53211,WI - Milwaukee,11,$16920.09,$5343.18,$4322.81
536 - FRACTURES OF HIP & PELVIS W/O MCC,520066,MERCY HLTH SYS CORP,1000 MINERAL POINT AVE,JANESVILLE,WI,53548,WI - Madison,24,$12747.25,$4755.91,$3587.25
536 - FRACTURES OF HIP & PELVIS W/O MCC,520070,MAYO CLINIC HEALTH SYSTEM EAU CLAIRE HOSPITAL,1221 WHIPPLE ST,EAU CLAIRE,WI,54703,MN - Minneapolis,15,$9855.86,$4081.33,$3037.60
536 - FRACTURES OF HIP & PELVIS W/O MCC,520083,ST MARY'S HOSPITAL,700 SOUTH PARK ST,MADISON,WI,53715,WI - Madison,28,$11707.85,$4763.21,$3762.78
536 - FRACTURES OF HIP & PELVIS W/O MCC,520089,MERITER HSPTL,202 S PARK ST,MADISON,WI,53715,WI - Madison,18,$16107.11,$5211.27,$3804.05
536 - FRACTURES OF HIP & PELVIS W/O MCC,520096,WHEATON FRANCISCAN HEALTHCARE- ALL SAINTS,3801 SPRING ST,RACINE,WI,53405,WI - Milwaukee,17,$11986.52,$4714.47,$3723.17
536 - FRACTURES OF HIP & PELVIS W/O MCC,520098,UNIVERSITY OF WI  HOSPITALS & CLINICS AUTHORITY,600 HIGHLAND AVENUE,MADISON,WI,53792,WI - Madison,17,$15809.17,$7799.41,$6874.70
536 - FRACTURES OF HIP & PELVIS W/O MCC,520103,COMMUNITY MEM HSPTL,W180 N8085 TOWN HALL RD,MENOMONEE FALLS,WI,53051,WI - Milwaukee,20,$9178.30,$3908.55,$3009.35
536 - FRACTURES OF HIP & PELVIS W/O MCC,520138,AURORA ST LUKES MEDICAL CENTER,2900 W OKLAHOMA AVE,MILWAUKEE,WI,53215,WI - Milwaukee,32,$18062.06,$5667.90,$3900.43
536 - FRACTURES OF HIP & PELVIS W/O MCC,520139,AURORA WEST ALLIS MEDICAL CENTER,8901 W LINCOLN AVE,WEST ALLIS,WI,53227,WI - Milwaukee,33,$15591.84,$4502.48,$3129.51
536 - FRACTURES OF HIP & PELVIS W/O MCC,520170,WHEATON FRANCISCAN INC - ELMBROOK MEMORIAL,19333 W NORTH AVE,BROOKFIELD,WI,53045,WI - Milwaukee,13,$12596.61,$4030.76,$3177.23
536 - FRACTURES OF HIP & PELVIS W/O MCC,520177,FROEDTERT MEM LUTHERAN HSPTL,9200 W WISCONSIN AVE,MILWAUKEE,WI,53226,WI - Milwaukee,16,$16604.37,$6835.62,$5990.62
552 - MEDICAL BACK PROBLEMS W/O MCC,520008,WAUKESHA MEMORIAL HOSPITAL,725 AMERICAN AVE,WAUKESHA,WI,53188,WI - Milwaukee,58,$14740.36,$5120.24,$3711.70
552 - MEDICAL BACK PROBLEMS W/O MCC,520013,SACRED HEART HSPTL,900 W CLAIREMONT AVE,EAU CLAIRE,WI,54701,MN - Minneapolis,25,$17249.04,$5504.44,$4285.00
552 - MEDICAL BACK PROBLEMS W/O MCC,520021,UNITED HSPTL SYS,6308 EIGHTH AVE,KENOSHA,WI,53143,WI - Milwaukee,71,$13267.30,$5571.91,$3856.09
552 - MEDICAL BACK PROBLEMS W/O MCC,520027,"COLUMBIA ST MARY'S HOSPITAL OZAUKEE, INC",13111 N PORT WASHINGTON RD,MEQUON,WI,53097,WI - Milwaukee,36,$15368.97,$4557.30,$3589.63
552 - MEDICAL BACK PROBLEMS W/O MCC,520030,ASPIRUS WAUSAU HOSPITAL,333 PINE RIDGE BLVD,WAUSAU,WI,54401,WI - Wausau,34,$14812.94,$5051.02,$3953.67
552 - MEDICAL BACK PROBLEMS W/O MCC,520037,MINISTRY SAINT JOSEPH'S HOSPITAL,611 ST JOSEPH AVE,MARSHFIELD,WI,54449,WI - Marshfield,59,$15748.76,$7710.25,$4518.11
552 - MEDICAL BACK PROBLEMS W/O MCC,520041,DIVINE SAVIOR HLTHCARE,"2817 NEW PINERY RD, P O BOX 387",PORTAGE,WI,53901,WI - Madison,11,$11450.72,$5235.72,$4215.36
552 - MEDICAL BACK PROBLEMS W/O MCC,520045,THEDA CLARK MED CTR,130 2ND ST,NEENAH,WI,54956,WI - Neenah,20,$10364.15,$4706.70,$3862.50
552 - MEDICAL BACK PROBLEMS W/O MCC,520049,BELLIN MEMORIAL HSPTL,744 S WEBSTER AVE,GREEN BAY,WI,54305,WI - Green Bay,11,$14088.00,$4541.36,$3618.09
552 - MEDICAL BACK PROBLEMS W/O MCC,520051,COLUMBIA ST MARYS HSPTL  MILW (COL & MILW CAMPUS),2323 N LAKE DR,MILWAUKEE,WI,53211,WI - Milwaukee,30,$17352.16,$5940.46,$4929.13
552 - MEDICAL BACK PROBLEMS W/O MCC,520057,ST CLARE HSPTL HLTH SVCS,707 14TH ST,BARABOO,WI,53913,WI - Madison,13,$16824.84,$5496.76,$4538.92
552 - MEDICAL BACK PROBLEMS W/O MCC,520066,MERCY HLTH SYS CORP,1000 MINERAL POINT AVE,JANESVILLE,WI,53548,WI - Madison,21,$19700.19,$7094.23,$3228.80
552 - MEDICAL BACK PROBLEMS W/O MCC,520070,MAYO CLINIC HEALTH SYSTEM EAU CLAIRE HOSPITAL,1221 WHIPPLE ST,EAU CLAIRE,WI,54703,MN - Minneapolis,27,$13928.25,$5327.92,$3488.92
552 - MEDICAL BACK PROBLEMS W/O MCC,520075,ST VINCENT HSPTL,835 S VAN BUREN ST,GREEN BAY,WI,54301,WI - Green Bay,22,$16194.90,$5807.18,$3318.36
552 - MEDICAL BACK PROBLEMS W/O MCC,520078,WHEATON FRANCISCAN HEALTHCARE- ST FRANCIS,3237 S 16TH ST,MILWAUKEE,WI,53215,WI - Milwaukee,14,$18127.00,$5590.28,$4624.57
552 - MEDICAL BACK PROBLEMS W/O MCC,520083,ST MARY'S HOSPITAL,700 SOUTH PARK ST,MADISON,WI,53715,WI - Madison,44,$17441.90,$5549.43,$4556.22
552 - MEDICAL BACK PROBLEMS W/O MCC,520087,GUNDERSEN LUTH MED CTR,1910 SOUTH AVE,LA CROSSE,WI,54601,WI - La Crosse,15,$19358.66,$6999.33,$3478.53
552 - MEDICAL BACK PROBLEMS W/O MCC,520088,ST AGNES HSPTL,430 E DIVISON ST,FOND DU LAC,WI,54935,WI - Milwaukee,13,$15266.00,$4779.61,$3659.92
552 - MEDICAL BACK PROBLEMS W/O MCC,520089,MERITER HSPTL,202 S PARK ST,MADISON,WI,53715,WI - Madison,43,$16401.55,$5738.72,$4783.06
552 - MEDICAL BACK PROBLEMS W/O MCC,520096,WHEATON FRANCISCAN HEALTHCARE- ALL SAINTS,3801 SPRING ST,RACINE,WI,53405,WI - Milwaukee,29,$16026.65,$5512.58,$4543.34
552 - MEDICAL BACK PROBLEMS W/O MCC,520097,ST MARYS HSPTL MED CTR,1726 SHAWANO AVE,GREEN BAY,WI,54303,WI - Green Bay,18,$12450.38,$4602.00,$3606.44
552 - MEDICAL BACK PROBLEMS W/O MCC,520098,UNIVERSITY OF WI  HOSPITALS & CLINICS AUTHORITY,600 HIGHLAND AVENUE,MADISON,WI,53792,WI - Madison,41,$21104.14,$8966.53,$6936.80
552 - MEDICAL BACK PROBLEMS W/O MCC,520100,BELOIT MEM HSPTL,1969 W HART RD,BELOIT,WI,53511,WI - Madison,12,$21443.83,$4841.33,$3995.00
552 - MEDICAL BACK PROBLEMS W/O MCC,520103,COMMUNITY MEM HSPTL,W180 N8085 TOWN HALL RD,MENOMONEE FALLS,WI,53051,WI - Milwaukee,43,$12972.46,$4642.65,$3835.48
552 - MEDICAL BACK PROBLEMS W/O MCC,520107,HOLY FAMILY MEMORIAL INC,2300 WESTERN AVE PO BOX 1450,MANITOWOC,WI,54221,WI - Green Bay,11,$11714.27,$4777.63,$3751.45
552 - MEDICAL BACK PROBLEMS W/O MCC,520109,"MILE BLUFF MEDICAL CENTER, INC",1050 DIVISION ST,MAUSTON,WI,53948,WI - Madison,15,$15343.13,$5377.60,$4472.00
552 - MEDICAL BACK PROBLEMS W/O MCC,520113,BAY AREA MED CTR,3100 SHORE DR,MARINETTE,WI,54143,WI - Green Bay,20,$11926.20,$4697.70,$3976.30
552 - MEDICAL BACK PROBLEMS W/O MCC,520136,"WHEATON FRANCISCAN, INC- ST JOSEPH",5000 W CHAMBERS ST,MILWAUKEE,WI,53210,WI - Milwaukee,17,$21399.00,$6652.47,$5653.64
552 - MEDICAL BACK PROBLEMS W/O MCC,520138,AURORA ST LUKES MEDICAL CENTER,2900 W OKLAHOMA AVE,MILWAUKEE,WI,53215,WI - Milwaukee,116,$23069.25,$6300.33,$4748.38
552 - MEDICAL BACK PROBLEMS W/O MCC,520139,AURORA WEST ALLIS MEDICAL CENTER,8901 W LINCOLN AVE,WEST ALLIS,WI,53227,WI - Milwaukee,47,$18024.87,$5059.61,$3678.25
552 - MEDICAL BACK PROBLEMS W/O MCC,520160,APPLETON MED CTR,1818 N MEADE ST,APPLETON,WI,54911,WI - Appleton,16,$10119.18,$4359.06,$3384.56
552 - MEDICAL BACK PROBLEMS W/O MCC,520170,WHEATON FRANCISCAN INC - ELMBROOK MEMORIAL,19333 W NORTH AVE,BROOKFIELD,WI,53045,WI - Milwaukee,26,$13945.46,$4659.88,$3413.57
552 - MEDICAL BACK PROBLEMS W/O MCC,520177,FROEDTERT MEM LUTHERAN HSPTL,9200 W WISCONSIN AVE,MILWAUKEE,WI,53226,WI - Milwaukee,49,$16547.02,$7411.63,$6104.44
552 - MEDICAL BACK PROBLEMS W/O MCC,520198,AURORA MED CTR OSHKOSH,855 N WESTHAVEN DRIVE,OSHKOSH,WI,54904,WI - Neenah,11,$12263.00,$4604.00,$3483.63
"563 - FX, SPRN, STRN & DISL EXCEPT FEMUR, HIP, PELVIS & THIGH W/O MCC",520008,WAUKESHA MEMORIAL HOSPITAL,725 AMERICAN AVE,WAUKESHA,WI,53188,WI - Milwaukee,35,$11504.91,$4166.54,$3165.74
"563 - FX, SPRN, STRN & DISL EXCEPT FEMUR, HIP, PELVIS & THIGH W/O MCC",520021,UNITED HSPTL SYS,6308 EIGHTH AVE,KENOSHA,WI,53143,WI - Milwaukee,24,$13390.16,$4228.45,$3196.12
"563 - FX, SPRN, STRN & DISL EXCEPT FEMUR, HIP, PELVIS & THIGH W/O MCC",520027,"COLUMBIA ST MARY'S HOSPITAL OZAUKEE, INC",13111 N PORT WASHINGTON RD,MEQUON,WI,53097,WI - Milwaukee,14,$13119.42,$4049.00,$3009.28
"563 - FX, SPRN, STRN & DISL EXCEPT FEMUR, HIP, PELVIS & THIGH W/O MCC",520030,ASPIRUS WAUSAU HOSPITAL,333 PINE RIDGE BLVD,WAUSAU,WI,54401,WI - Wausau,11,$14455.09,$4300.54,$3171.45
"563 - FX, SPRN, STRN & DISL EXCEPT FEMUR, HIP, PELVIS & THIGH W/O MCC",520051,COLUMBIA ST MARYS HSPTL  MILW (COL & MILW CAMPUS),2323 N LAKE DR,MILWAUKEE,WI,53211,WI - Milwaukee,14,$13463.85,$5321.28,$4355.57
"563 - FX, SPRN, STRN & DISL EXCEPT FEMUR, HIP, PELVIS & THIGH W/O MCC",520066,MERCY HLTH SYS CORP,1000 MINERAL POINT AVE,JANESVILLE,WI,53548,WI - Madison,11,$13524.81,$4243.63,$3223.27
"563 - FX, SPRN, STRN & DISL EXCEPT FEMUR, HIP, PELVIS & THIGH W/O MCC",520070,MAYO CLINIC HEALTH SYSTEM EAU CLAIRE HOSPITAL,1221 WHIPPLE ST,EAU CLAIRE,WI,54703,MN - Minneapolis,16,$11843.50,$4017.75,$2700.62
"563 - FX, SPRN, STRN & DISL EXCEPT FEMUR, HIP, PELVIS & THIGH W/O MCC",520083,ST MARY'S HOSPITAL,700 SOUTH PARK ST,MADISON,WI,53715,WI - Madison,18,$14157.00,$5067.44,$3511.16
"563 - FX, SPRN, STRN & DISL EXCEPT FEMUR, HIP, PELVIS & THIGH W/O MCC",520088,ST AGNES HSPTL,430 E DIVISON ST,FOND DU LAC,WI,54935,WI - Milwaukee,11,$10200.81,$3948.90,$2928.54
"563 - FX, SPRN, STRN & DISL EXCEPT FEMUR, HIP, PELVIS & THIGH W/O MCC",520089,MERITER HSPTL,202 S PARK ST,MADISON,WI,53715,WI - Madison,15,$16745.46,$5032.20,$4130.86
"563 - FX, SPRN, STRN & DISL EXCEPT FEMUR, HIP, PELVIS & THIGH W/O MCC",520096,WHEATON FRANCISCAN HEALTHCARE- ALL SAINTS,3801 SPRING ST,RACINE,WI,53405,WI - Milwaukee,18,$11290.00,$4776.33,$3833.00
"563 - FX, SPRN, STRN & DISL EXCEPT FEMUR, HIP, PELVIS & THIGH W/O MCC",520098,UNIVERSITY OF WI  HOSPITALS & CLINICS AUTHORITY,600 HIGHLAND AVENUE,MADISON,WI,53792,WI - Madison,14,$17056.64,$8004.28,$6025.92
"563 - FX, SPRN, STRN & DISL EXCEPT FEMUR, HIP, PELVIS & THIGH W/O MCC",520103,COMMUNITY MEM HSPTL,W180 N8085 TOWN HALL RD,MENOMONEE FALLS,WI,53051,WI - Milwaukee,15,$13130.66,$4047.60,$3301.46
"563 - FX, SPRN, STRN & DISL EXCEPT FEMUR, HIP, PELVIS & THIGH W/O MCC",520138,AURORA ST LUKES MEDICAL CENTER,2900 W OKLAHOMA AVE,MILWAUKEE,WI,53215,WI - Milwaukee,34,$21718.91,$5985.61,$3986.61
"563 - FX, SPRN, STRN & DISL EXCEPT FEMUR, HIP, PELVIS & THIGH W/O MCC",520139,AURORA WEST ALLIS MEDICAL CENTER,8901 W LINCOLN AVE,WEST ALLIS,WI,53227,WI - Milwaukee,46,$17150.39,$4277.91,$3252.00
"563 - FX, SPRN, STRN & DISL EXCEPT FEMUR, HIP, PELVIS & THIGH W/O MCC",520177,FROEDTERT MEM LUTHERAN HSPTL,9200 W WISCONSIN AVE,MILWAUKEE,WI,53226,WI - Milwaukee,26,$16585.84,$6718.34,$5769.11
602 - CELLULITIS W MCC,520008,WAUKESHA MEMORIAL HOSPITAL,725 AMERICAN AVE,WAUKESHA,WI,53188,WI - Milwaukee,24,$23264.12,$8859.00,$7671.45
602 - CELLULITIS W MCC,520030,ASPIRUS WAUSAU HOSPITAL,333 PINE RIDGE BLVD,WAUSAU,WI,54401,WI - Wausau,18,$24881.11,$8846.77,$8095.66
602 - CELLULITIS W MCC,520037,MINISTRY SAINT JOSEPH'S HOSPITAL,611 ST JOSEPH AVE,MARSHFIELD,WI,54449,WI - Marshfield,19,$26175.21,$10847.47,$10284.84
602 - CELLULITIS W MCC,520070,MAYO CLINIC HEALTH SYSTEM EAU CLAIRE HOSPITAL,1221 WHIPPLE ST,EAU CLAIRE,WI,54703,MN - Minneapolis,11,$19872.18,$7742.45,$6816.27
602 - CELLULITIS W MCC,520075,ST VINCENT HSPTL,835 S VAN BUREN ST,GREEN BAY,WI,54301,WI - Green Bay,12,$21809.08,$8409.25,$7565.58
602 - CELLULITIS W MCC,520083,ST MARY'S HOSPITAL,700 SOUTH PARK ST,MADISON,WI,53715,WI - Madison,24,$34960.54,$11616.41,$7720.25
602 - CELLULITIS W MCC,520089,MERITER HSPTL,202 S PARK ST,MADISON,WI,53715,WI - Madison,17,$33080.11,$10323.88,$9536.11
602 - CELLULITIS W MCC,520096,WHEATON FRANCISCAN HEALTHCARE- ALL SAINTS,3801 SPRING ST,RACINE,WI,53405,WI - Milwaukee,21,$22727.04,$10378.19,$8605.38
602 - CELLULITIS W MCC,520098,UNIVERSITY OF WI  HOSPITALS & CLINICS AUTHORITY,600 HIGHLAND AVENUE,MADISON,WI,53792,WI - Madison,19,$46179.78,$21956.00,$20142.10
602 - CELLULITIS W MCC,520136,"WHEATON FRANCISCAN, INC- ST JOSEPH",5000 W CHAMBERS ST,MILWAUKEE,WI,53210,WI - Milwaukee,17,$22204.88,$11729.23,$11096.64
602 - CELLULITIS W MCC,520138,AURORA ST LUKES MEDICAL CENTER,2900 W OKLAHOMA AVE,MILWAUKEE,WI,53215,WI - Milwaukee,35,$38292.00,$11281.02,$9800.11
602 - CELLULITIS W MCC,520139,AURORA WEST ALLIS MEDICAL CENTER,8901 W LINCOLN AVE,WEST ALLIS,WI,53227,WI - Milwaukee,15,$36509.60,$8642.60,$7950.93
602 - CELLULITIS W MCC,520177,FROEDTERT MEM LUTHERAN HSPTL,9200 W WISCONSIN AVE,MILWAUKEE,WI,53226,WI - Milwaukee,18,$17344.50,$11833.88,$11145.66
603 - CELLULITIS W/O MCC,520002,MINISTRY ST MICHAELS HOSPITAL OF STEVENS POINT,900 ILLINOIS AVE,STEVENS POINT,WI,54481,WI - Marshfield,38,$9886.97,$4823.13,$3738.00
603 - CELLULITIS W/O MCC,520004,"MAYO CLINIC HLTH SYSTEM- FRANCISCAN MED CTR, INC",700 WEST AVE S,LA CROSSE,WI,54601,WI - La Crosse,25,$13306.56,$5741.36,$4243.84
603 - CELLULITIS W/O MCC,520008,WAUKESHA MEMORIAL HOSPITAL,725 AMERICAN AVE,WAUKESHA,WI,53188,WI - Milwaukee,75,$14458.69,$5218.76,$3829.33
603 - CELLULITIS W/O MCC,520009,ST ELIZABETH HSPTL,1506 S ONEIDA ST,APPLETON,WI,54915,WI - Appleton,16,$10296.43,$5060.87,$3812.18
603 - CELLULITIS W/O MCC,520011,LAKEVIEW MED CENTER,1700 WEST STOUT STREET,RICE LAKE,WI,54868,WI - Marshfield,12,$11246.58,$4789.66,$3859.66
603 - CELLULITIS W/O MCC,520013,SACRED HEART HSPTL,900 W CLAIREMONT AVE,EAU CLAIRE,WI,54701,MN - Minneapolis,22,$17204.09,$5500.04,$4260.00
603 - CELLULITIS W/O MCC,520017,ST JOSEPHS HSPTL,2661 CTY HWY I,CHIPPEWA FALLS,WI,54729,WI - Marshfield,17,$11314.64,$6046.64,$4335.41
603 - CELLULITIS W/O MCC,520019,MINISTRY ST MARYS HOSPITAL,2251 NORTH SHORE DR,RHINELANDER,WI,54501,WI - Wausau,23,$15230.39,$5393.21,$4418.60
603 - CELLULITIS W/O MCC,520021,UNITED HSPTL SYS,6308 EIGHTH AVE,KENOSHA,WI,53143,WI - Milwaukee,85,$14905.55,$5006.05,$4049.02
603 - CELLULITIS W/O MCC,520027,"COLUMBIA ST MARY'S HOSPITAL OZAUKEE, INC",13111 N PORT WASHINGTON RD,MEQUON,WI,53097,WI - Milwaukee,44,$14823.38,$4556.50,$3685.63
603 - CELLULITIS W/O MCC,520028,THE MONROE CLINIC,2005 5TH STREET,MONROE,WI,53566,WI - Madison,26,$14780.76,$5284.30,$4038.84
603 - CELLULITIS W/O MCC,520030,ASPIRUS WAUSAU HOSPITAL,333 PINE RIDGE BLVD,WAUSAU,WI,54401,WI - Wausau,45,$11383.93,$5119.77,$4023.35
603 - CELLULITIS W/O MCC,520033,RIVERVIEW HSPTL ASSOC,410 DEWEY ST PO BOX 8080,WISCONSIN RAPID,WI,54495,WI - Marshfield,17,$12000.88,$5501.94,$4510.64
603 - CELLULITIS W/O MCC,520034,AURORA MED CTR MANITOWOC CTY,5000 MEMORIAL DR,TWO RIVERS,WI,54241,WI - Green Bay,22,$11768.04,$5744.81,$4927.36
603 - CELLULITIS W/O MCC,520037,MINISTRY SAINT JOSEPH'S HOSPITAL,611 ST JOSEPH AVE,MARSHFIELD,WI,54449,WI - Marshfield,58,$14245.46,$6287.56,$5054.48
603 - CELLULITIS W/O MCC,520038,AURORA MED CENTER-WASHINGTON COUNTY,1032 E SUMNER ST,HARTFORD,WI,53027,WI - Milwaukee,17,$17746.11,$4715.52,$3617.88
603 - CELLULITIS W/O MCC,520044,ST NICHOLAS HOSPITAL,3100 SUPERIOR AVE,SHEBOYGAN,WI,53081,WI - Milwaukee,17,$12262.94,$4495.17,$3376.58
603 - CELLULITIS W/O MCC,520045,THEDA CLARK MED CTR,130 2ND ST,NEENAH,WI,54956,WI - Neenah,26,$9043.92,$4704.23,$3854.73
603 - CELLULITIS W/O MCC,520048,MERCY MED CTR OF OSHKOSH,500 S OAKWOOD RD,OSHKOSH,WI,54904,WI - Neenah,14,$8822.57,$5500.64,$3613.71
603 - CELLULITIS W/O MCC,520049,BELLIN MEMORIAL HSPTL,744 S WEBSTER AVE,GREEN BAY,WI,54305,WI - Green Bay,19,$12848.84,$4716.42,$3308.26
603 - CELLULITIS W/O MCC,520051,COLUMBIA ST MARYS HSPTL  MILW (COL & MILW CAMPUS),2323 N LAKE DR,MILWAUKEE,WI,53211,WI - Milwaukee,54,$17066.35,$6118.40,$5244.48
603 - CELLULITIS W/O MCC,520057,ST CLARE HSPTL HLTH SVCS,707 14TH ST,BARABOO,WI,53913,WI - Madison,23,$15188.52,$5313.04,$4529.73
603 - CELLULITIS W/O MCC,520059,AURORA MEMORIAL HSPTL BURLINGTON,252 MCHENRY ST,BURLINGTON,WI,53105,WI - Milwaukee,27,$16580.40,$4676.74,$3763.85
603 - CELLULITIS W/O MCC,520062,OCONOMOWOC MEM HSPTL,791 E SUMMIT AVE,OCONOMOWOC,WI,53066,WI - Milwaukee,11,$13850.81,$4555.54,$3638.09
603 - CELLULITIS W/O MCC,520063,ST JOSEPHS COM HSPTL WEST BEND,3200 PLEASANT VALLEY ROAD,WEST BEND,WI,53095,WI - Milwaukee,32,$14389.09,$4720.25,$3650.78
603 - CELLULITIS W/O MCC,520066,MERCY HLTH SYS CORP,1000 MINERAL POINT AVE,JANESVILLE,WI,53548,WI - Madison,52,$15362.15,$5367.86,$4235.65
603 - CELLULITIS W/O MCC,520070,MAYO CLINIC HEALTH SYSTEM EAU CLAIRE HOSPITAL,1221 WHIPPLE ST,EAU CLAIRE,WI,54703,MN - Minneapolis,42,$13685.23,$4656.78,$3828.88
603 - CELLULITIS W/O MCC,520071,FORT HEALTHCARE,611 SHERMAN AVE E,FORT ATKINSON,WI,53538,WI - Madison,23,$12807.60,$4857.13,$4071.04
603 - CELLULITIS W/O MCC,520075,ST VINCENT HSPTL,835 S VAN BUREN ST,GREEN BAY,WI,54301,WI - Green Bay,22,$11051.40,$5085.59,$3863.68
603 - CELLULITIS W/O MCC,520076,BEAVER DAM COM HSPTL,707 S UNIVERSITY AVE,BEAVER DAM,WI,53916,WI - Madison,20,$14827.55,$4651.10,$3810.10
603 - CELLULITIS W/O MCC,520078,WHEATON FRANCISCAN HEALTHCARE- ST FRANCIS,3237 S 16TH ST,MILWAUKEE,WI,53215,WI - Milwaukee,38,$15833.42,$5672.47,$4874.89
603 - CELLULITIS W/O MCC,520083,ST MARY'S HOSPITAL,700 SOUTH PARK ST,MADISON,WI,53715,WI - Madison,90,$15731.22,$5717.83,$4713.17
603 - CELLULITIS W/O MCC,520087,GUNDERSEN LUTH MED CTR,1910 SOUTH AVE,LA CROSSE,WI,54601,WI - La Crosse,34,$14039.26,$5800.88,$4859.52
603 - CELLULITIS W/O MCC,520088,ST AGNES HSPTL,430 E DIVISON ST,FOND DU LAC,WI,54935,WI - Milwaukee,35,$17770.22,$5050.11,$4119.48
603 - CELLULITIS W/O MCC,520089,MERITER HSPTL,202 S PARK ST,MADISON,WI,53715,WI - Madison,85,$15708.60,$6202.01,$4872.69
603 - CELLULITIS W/O MCC,520091,HOWARD YOUNG MED CTR,240 MAPLE ST PO BOX 470,WOODRUFF,WI,54568,WI - Marshfield,16,$11855.18,$5933.31,$4754.81
603 - CELLULITIS W/O MCC,520095,SAUK PRAIRIE MEM HSPTL,80 FIRST ST,PRAIRIE DU SAC,WI,53578,WI - Madison,14,$12510.35,$5679.14,$4711.14
603 - CELLULITIS W/O MCC,520096,WHEATON FRANCISCAN HEALTHCARE- ALL SAINTS,3801 SPRING ST,RACINE,WI,53405,WI - Milwaukee,70,$13274.81,$6158.37,$4715.90
603 - CELLULITIS W/O MCC,520097,ST MARYS HSPTL MED CTR,1726 SHAWANO AVE,GREEN BAY,WI,54303,WI - Green Bay,30,$9919.03,$4691.53,$3574.40
603 - CELLULITIS W/O MCC,520098,UNIVERSITY OF WI  HOSPITALS & CLINICS AUTHORITY,600 HIGHLAND AVENUE,MADISON,WI,53792,WI - Madison,82,$16719.70,$8810.56,$7488.02
603 - CELLULITIS W/O MCC,520100,BELOIT MEM HSPTL,1969 W HART RD,BELOIT,WI,53511,WI - Madison,27,$25632.51,$4903.29,$4028.77
603 - CELLULITIS W/O MCC,520102,AURORA LAKELAND MED CTR,W3985 CTY RD NN,ELKHORN,WI,53121,WI - Milwaukee,31,$13700.16,$5150.09,$4209.96
603 - CELLULITIS W/O MCC,520103,COMMUNITY MEM HSPTL,W180 N8085 TOWN HALL RD,MENOMONEE FALLS,WI,53051,WI - Milwaukee,53,$14195.07,$4865.20,$3829.43
603 - CELLULITIS W/O MCC,520107,HOLY FAMILY MEMORIAL INC,2300 WESTERN AVE PO BOX 1450,MANITOWOC,WI,54221,WI - Green Bay,16,$13573.56,$4699.06,$3856.06
603 - CELLULITIS W/O MCC,520109,"MILE BLUFF MEDICAL CENTER, INC",1050 DIVISION ST,MAUSTON,WI,53948,WI - Madison,23,$16100.95,$5637.00,$4661.00
603 - CELLULITIS W/O MCC,520113,BAY AREA MED CTR,3100 SHORE DR,MARINETTE,WI,54143,WI - Green Bay,36,$14873.44,$4905.72,$3973.94
603 - CELLULITIS W/O MCC,520116,UW HLTH PARTNERS - WATERTOWN REGIONAL MEDICAL CTR,125 HOSPITAL DR,WATERTOWN,WI,53098,WI - Madison,12,$7826.33,$5539.16,$4048.25
603 - CELLULITIS W/O MCC,520136,"WHEATON FRANCISCAN, INC- ST JOSEPH",5000 W CHAMBERS ST,MILWAUKEE,WI,53210,WI - Milwaukee,32,$14565.53,$6752.59,$5204.65
603 - CELLULITIS W/O MCC,520138,AURORA ST LUKES MEDICAL CENTER,2900 W OKLAHOMA AVE,MILWAUKEE,WI,53215,WI - Milwaukee,175,$21458.33,$6099.36,$5134.65
603 - CELLULITIS W/O MCC,520139,AURORA WEST ALLIS MEDICAL CENTER,8901 W LINCOLN AVE,WEST ALLIS,WI,53227,WI - Milwaukee,77,$21918.94,$5175.36,$4045.59
603 - CELLULITIS W/O MCC,520160,APPLETON MED CTR,1818 N MEADE ST,APPLETON,WI,54911,WI - Appleton,28,$8218.71,$5395.14,$3181.96
603 - CELLULITIS W/O MCC,520170,WHEATON FRANCISCAN INC - ELMBROOK MEMORIAL,19333 W NORTH AVE,BROOKFIELD,WI,53045,WI - Milwaukee,26,$11729.50,$4655.11,$3834.03
603 - CELLULITIS W/O MCC,520177,FROEDTERT MEM LUTHERAN HSPTL,9200 W WISCONSIN AVE,MILWAUKEE,WI,53226,WI - Milwaukee,91,$15086.86,$7630.15,$6771.47
603 - CELLULITIS W/O MCC,520189,AURORA MED CTR KENOSHA,10400 75TH ST,KENOSHA,WI,53142,WI - Milwaukee,57,$16556.89,$5249.35,$4461.70
603 - CELLULITIS W/O MCC,520198,AURORA MED CTR OSHKOSH,855 N WESTHAVEN DRIVE,OSHKOSH,WI,54904,WI - Neenah,16,$12984.75,$4562.12,$3583.62
603 - CELLULITIS W/O MCC,520202,ST CLARE'S HOSPITAL OF WESTON INC,3400 MINISTRY PARKWAY,WESTON,WI,54476,WI - Wausau,16,$10589.50,$4689.00,$3775.25
603 - CELLULITIS W/O MCC,520204,"WHEATON FRANCISCAN HEALTHCARE- FRANKLIN, INC",10101 SOUTH 27TH STREET,FRANKLIN,WI,53132,WI - Milwaukee,19,$14489.47,$4444.21,$3669.68
603 - CELLULITIS W/O MCC,520206,AURORA MEDICAL CENTER,36500 AURORA DRIVE,SUMMIT,WI,53066,WI - Milwaukee,23,$11437.21,$4380.00,$3453.21
603 - CELLULITIS W/O MCC,520207,AURORA MEDICAL CENTER,975 PORT WASHINGTON ROAD,GRAFTON,WI,53024,WI - Milwaukee,12,$17571.08,$4681.66,$3000.16
638 - DIABETES W CC,520008,WAUKESHA MEMORIAL HOSPITAL,725 AMERICAN AVE,WAUKESHA,WI,53188,WI - Milwaukee,23,$17703.52,$7967.04,$3406.04
638 - DIABETES W CC,520021,UNITED HSPTL SYS,6308 EIGHTH AVE,KENOSHA,WI,53143,WI - Milwaukee,29,$12751.44,$4968.27,$4309.10
638 - DIABETES W CC,520027,"COLUMBIA ST MARY'S HOSPITAL OZAUKEE, INC",13111 N PORT WASHINGTON RD,MEQUON,WI,53097,WI - Milwaukee,14,$19105.50,$4680.28,$3874.00
638 - DIABETES W CC,520033,RIVERVIEW HSPTL ASSOC,410 DEWEY ST PO BOX 8080,WISCONSIN RAPID,WI,54495,WI - Marshfield,12,$10477.08,$5455.50,$4706.16
638 - DIABETES W CC,520037,MINISTRY SAINT JOSEPH'S HOSPITAL,611 ST JOSEPH AVE,MARSHFIELD,WI,54449,WI - Marshfield,20,$14290.50,$5875.80,$5201.40
638 - DIABETES W CC,520045,THEDA CLARK MED CTR,130 2ND ST,NEENAH,WI,54956,WI - Neenah,14,$8052.92,$4719.00,$3915.00
638 - DIABETES W CC,520048,MERCY MED CTR OF OSHKOSH,500 S OAKWOOD RD,OSHKOSH,WI,54904,WI - Neenah,13,$8141.00,$4749.61,$3886.23
638 - DIABETES W CC,520051,COLUMBIA ST MARYS HSPTL  MILW (COL & MILW CAMPUS),2323 N LAKE DR,MILWAUKEE,WI,53211,WI - Milwaukee,35,$19448.25,$6179.31,$4965.28
638 - DIABETES W CC,520066,MERCY HLTH SYS CORP,1000 MINERAL POINT AVE,JANESVILLE,WI,53548,WI - Madison,21,$18387.95,$5093.85,$4235.95
638 - DIABETES W CC,520070,MAYO CLINIC HEALTH SYSTEM EAU CLAIRE HOSPITAL,1221 WHIPPLE ST,EAU CLAIRE,WI,54703,MN - Minneapolis,16,$15737.31,$6620.06,$3558.50
638 - DIABETES W CC,520078,WHEATON FRANCISCAN HEALTHCARE- ST FRANCIS,3237 S 16TH ST,MILWAUKEE,WI,53215,WI - Milwaukee,11,$12157.36,$5662.09,$4867.45
638 - DIABETES W CC,520083,ST MARY'S HOSPITAL,700 SOUTH PARK ST,MADISON,WI,53715,WI - Madison,18,$16898.11,$5631.77,$4569.77
638 - DIABETES W CC,520089,MERITER HSPTL,202 S PARK ST,MADISON,WI,53715,WI - Madison,13,$18646.00,$5915.38,$5310.76
638 - DIABETES W CC,520096,WHEATON FRANCISCAN HEALTHCARE- ALL SAINTS,3801 SPRING ST,RACINE,WI,53405,WI - Milwaukee,24,$12240.75,$5637.70,$4844.33
638 - DIABETES W CC,520098,UNIVERSITY OF WI  HOSPITALS & CLINICS AUTHORITY,600 HIGHLAND AVENUE,MADISON,WI,53792,WI - Madison,13,$19347.30,$9106.61,$6109.15
638 - DIABETES W CC,520100,BELOIT MEM HSPTL,1969 W HART RD,BELOIT,WI,53511,WI - Madison,11,$32285.09,$5375.45,$4352.18
638 - DIABETES W CC,520102,AURORA LAKELAND MED CTR,W3985 CTY RD NN,ELKHORN,WI,53121,WI - Milwaukee,13,$13383.38,$5119.76,$4164.38
638 - DIABETES W CC,520103,COMMUNITY MEM HSPTL,W180 N8085 TOWN HALL RD,MENOMONEE FALLS,WI,53051,WI - Milwaukee,13,$11586.53,$5081.07,$2869.00
638 - DIABETES W CC,520113,BAY AREA MED CTR,3100 SHORE DR,MARINETTE,WI,54143,WI - Green Bay,12,$11193.58,$4597.16,$3939.50
638 - DIABETES W CC,520136,"WHEATON FRANCISCAN, INC- ST JOSEPH",5000 W CHAMBERS ST,MILWAUKEE,WI,53210,WI - Milwaukee,34,$14375.11,$6502.41,$5774.64
638 - DIABETES W CC,520138,AURORA ST LUKES MEDICAL CENTER,2900 W OKLAHOMA AVE,MILWAUKEE,WI,53215,WI - Milwaukee,92,$25439.30,$6505.63,$4973.18
638 - DIABETES W CC,520139,AURORA WEST ALLIS MEDICAL CENTER,8901 W LINCOLN AVE,WEST ALLIS,WI,53227,WI - Milwaukee,17,$22898.64,$4949.88,$4028.94
638 - DIABETES W CC,520177,FROEDTERT MEM LUTHERAN HSPTL,9200 W WISCONSIN AVE,MILWAUKEE,WI,53226,WI - Milwaukee,29,$18210.68,$7442.65,$6625.13
638 - DIABETES W CC,520193,AURORA BAYCARE MED CTR,2845 GREENBRIER RD PO BOX 8900,GREEN BAY,WI,54311,WI - Green Bay,12,$17266.58,$5407.33,$3918.83
"640 - MISC DISORDERS OF NUTRITION,METABOLISM,FLUIDS/ELECTROLYTES W MCC",520083,ST MARY'S HOSPITAL,700 SOUTH PARK ST,MADISON,WI,53715,WI - Madison,34,$20817.20,$7770.17,$6820.64
"640 - MISC DISORDERS OF NUTRITION,METABOLISM,FLUIDS/ELECTROLYTES W MCC",520087,GUNDERSEN LUTH MED CTR,1910 SOUTH AVE,LA CROSSE,WI,54601,WI - La Crosse,16,$20050.37,$7591.06,$6889.56
"640 - MISC DISORDERS OF NUTRITION,METABOLISM,FLUIDS/ELECTROLYTES W MCC",520088,ST AGNES HSPTL,430 E DIVISON ST,FOND DU LAC,WI,54935,WI - Milwaukee,11,$19132.72,$6776.63,$5859.18
"640 - MISC DISORDERS OF NUTRITION,METABOLISM,FLUIDS/ELECTROLYTES W MCC",520004,"MAYO CLINIC HLTH SYSTEM- FRANCISCAN MED CTR, INC",700 WEST AVE S,LA CROSSE,WI,54601,WI - La Crosse,11,$24555.54,$7678.36,$6760.90
"640 - MISC DISORDERS OF NUTRITION,METABOLISM,FLUIDS/ELECTROLYTES W MCC",520008,WAUKESHA MEMORIAL HOSPITAL,725 AMERICAN AVE,WAUKESHA,WI,53188,WI - Milwaukee,31,$17543.77,$6728.06,$6080.06
"640 - MISC DISORDERS OF NUTRITION,METABOLISM,FLUIDS/ELECTROLYTES W MCC",520009,ST ELIZABETH HSPTL,1506 S ONEIDA ST,APPLETON,WI,54915,WI - Appleton,11,$10469.00,$5907.27,$4986.90
"640 - MISC DISORDERS OF NUTRITION,METABOLISM,FLUIDS/ELECTROLYTES W MCC",520013,SACRED HEART HSPTL,900 W CLAIREMONT AVE,EAU CLAIRE,WI,54701,MN - Minneapolis,12,$20701.66,$8489.25,$6305.41
"640 - MISC DISORDERS OF NUTRITION,METABOLISM,FLUIDS/ELECTROLYTES W MCC",520021,UNITED HSPTL SYS,6308 EIGHTH AVE,KENOSHA,WI,53143,WI - Milwaukee,17,$23182.29,$6767.00,$6104.88
"640 - MISC DISORDERS OF NUTRITION,METABOLISM,FLUIDS/ELECTROLYTES W MCC",520030,ASPIRUS WAUSAU HOSPITAL,333 PINE RIDGE BLVD,WAUSAU,WI,54401,WI - Wausau,18,$20303.05,$7817.05,$5511.16
"640 - MISC DISORDERS OF NUTRITION,METABOLISM,FLUIDS/ELECTROLYTES W MCC",520037,MINISTRY SAINT JOSEPH'S HOSPITAL,611 ST JOSEPH AVE,MARSHFIELD,WI,54449,WI - Marshfield,23,$27239.60,$10131.86,$7382.78
"640 - MISC DISORDERS OF NUTRITION,METABOLISM,FLUIDS/ELECTROLYTES W MCC",520051,COLUMBIA ST MARYS HSPTL  MILW (COL & MILW CAMPUS),2323 N LAKE DR,MILWAUKEE,WI,53211,WI - Milwaukee,25,$18159.28,$7880.48,$7024.00
"640 - MISC DISORDERS OF NUTRITION,METABOLISM,FLUIDS/ELECTROLYTES W MCC",520066,MERCY HLTH SYS CORP,1000 MINERAL POINT AVE,JANESVILLE,WI,53548,WI - Madison,21,$19085.38,$7133.66,$6386.61
"640 - MISC DISORDERS OF NUTRITION,METABOLISM,FLUIDS/ELECTROLYTES W MCC",520070,MAYO CLINIC HEALTH SYSTEM EAU CLAIRE HOSPITAL,1221 WHIPPLE ST,EAU CLAIRE,WI,54703,MN - Minneapolis,24,$14721.91,$7098.58,$5327.16
"640 - MISC DISORDERS OF NUTRITION,METABOLISM,FLUIDS/ELECTROLYTES W MCC",520075,ST VINCENT HSPTL,835 S VAN BUREN ST,GREEN BAY,WI,54301,WI - Green Bay,17,$18018.41,$6811.11,$6348.76
"640 - MISC DISORDERS OF NUTRITION,METABOLISM,FLUIDS/ELECTROLYTES W MCC",520078,WHEATON FRANCISCAN HEALTHCARE- ST FRANCIS,3237 S 16TH ST,MILWAUKEE,WI,53215,WI - Milwaukee,21,$20420.00,$8256.42,$6414.23
"640 - MISC DISORDERS OF NUTRITION,METABOLISM,FLUIDS/ELECTROLYTES W MCC",520089,MERITER HSPTL,202 S PARK ST,MADISON,WI,53715,WI - Madison,16,$26292.50,$8127.68,$7316.06
"640 - MISC DISORDERS OF NUTRITION,METABOLISM,FLUIDS/ELECTROLYTES W MCC",520096,WHEATON FRANCISCAN HEALTHCARE- ALL SAINTS,3801 SPRING ST,RACINE,WI,53405,WI - Milwaukee,22,$15571.54,$7990.09,$5867.22
"640 - MISC DISORDERS OF NUTRITION,METABOLISM,FLUIDS/ELECTROLYTES W MCC",520098,UNIVERSITY OF WI  HOSPITALS & CLINICS AUTHORITY,600 HIGHLAND AVENUE,MADISON,WI,53792,WI - Madison,37,$21813.89,$11852.62,$9863.54
"640 - MISC DISORDERS OF NUTRITION,METABOLISM,FLUIDS/ELECTROLYTES W MCC",520100,BELOIT MEM HSPTL,1969 W HART RD,BELOIT,WI,53511,WI - Madison,15,$39711.26,$9085.80,$8639.40
"640 - MISC DISORDERS OF NUTRITION,METABOLISM,FLUIDS/ELECTROLYTES W MCC",520113,BAY AREA MED CTR,3100 SHORE DR,MARINETTE,WI,54143,WI - Green Bay,12,$22932.50,$6613.25,$5863.91
"640 - MISC DISORDERS OF NUTRITION,METABOLISM,FLUIDS/ELECTROLYTES W MCC",520136,"WHEATON FRANCISCAN, INC- ST JOSEPH",5000 W CHAMBERS ST,MILWAUKEE,WI,53210,WI - Milwaukee,33,$22664.24,$9456.39,$8391.78
"640 - MISC DISORDERS OF NUTRITION,METABOLISM,FLUIDS/ELECTROLYTES W MCC",520138,AURORA ST LUKES MEDICAL CENTER,2900 W OKLAHOMA AVE,MILWAUKEE,WI,53215,WI - Milwaukee,72,$22579.37,$8146.77,$7315.13
"640 - MISC DISORDERS OF NUTRITION,METABOLISM,FLUIDS/ELECTROLYTES W MCC",520139,AURORA WEST ALLIS MEDICAL CENTER,8901 W LINCOLN AVE,WEST ALLIS,WI,53227,WI - Milwaukee,19,$22656.05,$6997.31,$5808.21
"640 - MISC DISORDERS OF NUTRITION,METABOLISM,FLUIDS/ELECTROLYTES W MCC",520160,APPLETON MED CTR,1818 N MEADE ST,APPLETON,WI,54911,WI - Appleton,12,$11540.33,$6190.25,$5535.25
"640 - MISC DISORDERS OF NUTRITION,METABOLISM,FLUIDS/ELECTROLYTES W MCC",520177,FROEDTERT MEM LUTHERAN HSPTL,9200 W WISCONSIN AVE,MILWAUKEE,WI,53226,WI - Milwaukee,91,$18629.13,$10307.00,$9809.82
"640 - MISC DISORDERS OF NUTRITION,METABOLISM,FLUIDS/ELECTROLYTES W MCC",520189,AURORA MED CTR KENOSHA,10400 75TH ST,KENOSHA,WI,53142,WI - Milwaukee,11,$27560.72,$7211.63,$6394.18
"640 - MISC DISORDERS OF NUTRITION,METABOLISM,FLUIDS/ELECTROLYTES W MCC",520193,AURORA BAYCARE MED CTR,2845 GREENBRIER RD PO BOX 8900,GREEN BAY,WI,54311,WI - Green Bay,11,$18250.45,$6893.00,$5509.63
"641 - MISC DISORDERS OF NUTRITION,METABOLISM,FLUIDS/ELECTROLYTES W/O MCC",520002,MINISTRY ST MICHAELS HOSPITAL OF STEVENS POINT,900 ILLINOIS AVE,STEVENS POINT,WI,54481,WI - Marshfield,20,$8027.25,$3828.55,$2872.75
"641 - MISC DISORDERS OF NUTRITION,METABOLISM,FLUIDS/ELECTROLYTES W/O MCC",520004,"MAYO CLINIC HLTH SYSTEM- FRANCISCAN MED CTR, INC",700 WEST AVE S,LA CROSSE,WI,54601,WI - La Crosse,28,$12490.14,$4821.92,$3609.57
"641 - MISC DISORDERS OF NUTRITION,METABOLISM,FLUIDS/ELECTROLYTES W/O MCC",520008,WAUKESHA MEMORIAL HOSPITAL,725 AMERICAN AVE,WAUKESHA,WI,53188,WI - Milwaukee,79,$11473.07,$4496.56,$3066.18
"641 - MISC DISORDERS OF NUTRITION,METABOLISM,FLUIDS/ELECTROLYTES W/O MCC",520011,LAKEVIEW MED CENTER,1700 WEST STOUT STREET,RICE LAKE,WI,54868,WI - Marshfield,32,$7527.37,$3996.53,$3223.28
"641 - MISC DISORDERS OF NUTRITION,METABOLISM,FLUIDS/ELECTROLYTES W/O MCC",520013,SACRED HEART HSPTL,900 W CLAIREMONT AVE,EAU CLAIRE,WI,54701,MN - Minneapolis,25,$12135.84,$4519.84,$3799.20
"641 - MISC DISORDERS OF NUTRITION,METABOLISM,FLUIDS/ELECTROLYTES W/O MCC",520017,ST JOSEPHS HSPTL,2661 CTY HWY I,CHIPPEWA FALLS,WI,54729,WI - Marshfield,18,$9218.83,$4598.50,$3788.05
"641 - MISC DISORDERS OF NUTRITION,METABOLISM,FLUIDS/ELECTROLYTES W/O MCC",520019,MINISTRY ST MARYS HOSPITAL,2251 NORTH SHORE DR,RHINELANDER,WI,54501,WI - Wausau,12,$10556.33,$4495.83,$3557.83
"641 - MISC DISORDERS OF NUTRITION,METABOLISM,FLUIDS/ELECTROLYTES W/O MCC",520021,UNITED HSPTL SYS,6308 EIGHTH AVE,KENOSHA,WI,53143,WI - Milwaukee,121,$13559.92,$4377.52,$3372.01
"641 - MISC DISORDERS OF NUTRITION,METABOLISM,FLUIDS/ELECTROLYTES W/O MCC",520027,"COLUMBIA ST MARY'S HOSPITAL OZAUKEE, INC",13111 N PORT WASHINGTON RD,MEQUON,WI,53097,WI - Milwaukee,42,$14184.97,$3827.66,$3158.42
"641 - MISC DISORDERS OF NUTRITION,METABOLISM,FLUIDS/ELECTROLYTES W/O MCC",520028,THE MONROE CLINIC,2005 5TH STREET,MONROE,WI,53566,WI - Madison,32,$14070.78,$4231.75,$3287.62
"641 - MISC DISORDERS OF NUTRITION,METABOLISM,FLUIDS/ELECTROLYTES W/O MCC",520030,ASPIRUS WAUSAU HOSPITAL,333 PINE RIDGE BLVD,WAUSAU,WI,54401,WI - Wausau,55,$11644.30,$4282.07,$3331.01
"641 - MISC DISORDERS OF NUTRITION,METABOLISM,FLUIDS/ELECTROLYTES W/O MCC",520034,AURORA MED CTR MANITOWOC CTY,5000 MEMORIAL DR,TWO RIVERS,WI,54241,WI - Green Bay,12,$11433.50,$4822.91,$3979.25
"641 - MISC DISORDERS OF NUTRITION,METABOLISM,FLUIDS/ELECTROLYTES W/O MCC",520035,AURORA SHEBOYGAN MEM MED CTR,2629 N 7TH ST,SHEBOYGAN,WI,53083,WI - Milwaukee,18,$13730.33,$5371.44,$3070.16
"641 - MISC DISORDERS OF NUTRITION,METABOLISM,FLUIDS/ELECTROLYTES W/O MCC",520037,MINISTRY SAINT JOSEPH'S HOSPITAL,611 ST JOSEPH AVE,MARSHFIELD,WI,54449,WI - Marshfield,43,$13533.00,$4946.25,$4018.44
"641 - MISC DISORDERS OF NUTRITION,METABOLISM,FLUIDS/ELECTROLYTES W/O MCC",520041,DIVINE SAVIOR HLTHCARE,"2817 NEW PINERY RD, P O BOX 387",PORTAGE,WI,53901,WI - Madison,44,$12623.22,$4782.47,$4064.29
"641 - MISC DISORDERS OF NUTRITION,METABOLISM,FLUIDS/ELECTROLYTES W/O MCC",520044,ST NICHOLAS HOSPITAL,3100 SUPERIOR AVE,SHEBOYGAN,WI,53081,WI - Milwaukee,12,$10262.83,$4258.91,$2647.91
"641 - MISC DISORDERS OF NUTRITION,METABOLISM,FLUIDS/ELECTROLYTES W/O MCC",520045,THEDA CLARK MED CTR,130 2ND ST,NEENAH,WI,54956,WI - Neenah,14,$9341.57,$3874.07,$3074.64
"641 - MISC DISORDERS OF NUTRITION,METABOLISM,FLUIDS/ELECTROLYTES W/O MCC",520048,MERCY MED CTR OF OSHKOSH,500 S OAKWOOD RD,OSHKOSH,WI,54904,WI - Neenah,26,$6208.76,$3917.57,$3095.26
"641 - MISC DISORDERS OF NUTRITION,METABOLISM,FLUIDS/ELECTROLYTES W/O MCC",520049,BELLIN MEMORIAL HSPTL,744 S WEBSTER AVE,GREEN BAY,WI,54305,WI - Green Bay,21,$10699.71,$3888.42,$3190.71
"641 - MISC DISORDERS OF NUTRITION,METABOLISM,FLUIDS/ELECTROLYTES W/O MCC",520051,COLUMBIA ST MARYS HSPTL  MILW (COL & MILW CAMPUS),2323 N LAKE DR,MILWAUKEE,WI,53211,WI - Milwaukee,47,$16306.76,$5108.21,$4014.31
"641 - MISC DISORDERS OF NUTRITION,METABOLISM,FLUIDS/ELECTROLYTES W/O MCC",520057,ST CLARE HSPTL HLTH SVCS,707 14TH ST,BARABOO,WI,53913,WI - Madison,23,$14791.69,$4669.95,$3985.08
"641 - MISC DISORDERS OF NUTRITION,METABOLISM,FLUIDS/ELECTROLYTES W/O MCC",520059,AURORA MEMORIAL HSPTL BURLINGTON,252 MCHENRY ST,BURLINGTON,WI,53105,WI - Milwaukee,17,$15212.29,$3928.82,$3149.70
"641 - MISC DISORDERS OF NUTRITION,METABOLISM,FLUIDS/ELECTROLYTES W/O MCC",520063,ST JOSEPHS COM HSPTL WEST BEND,3200 PLEASANT VALLEY ROAD,WEST BEND,WI,53095,WI - Milwaukee,39,$12934.28,$3848.74,$3009.46
"641 - MISC DISORDERS OF NUTRITION,METABOLISM,FLUIDS/ELECTROLYTES W/O MCC",520066,MERCY HLTH SYS CORP,1000 MINERAL POINT AVE,JANESVILLE,WI,53548,WI - Madison,86,$15732.15,$4420.73,$3493.15
"641 - MISC DISORDERS OF NUTRITION,METABOLISM,FLUIDS/ELECTROLYTES W/O MCC",520070,MAYO CLINIC HEALTH SYSTEM EAU CLAIRE HOSPITAL,1221 WHIPPLE ST,EAU CLAIRE,WI,54703,MN - Minneapolis,49,$13365.18,$4098.63,$2666.51
"641 - MISC DISORDERS OF NUTRITION,METABOLISM,FLUIDS/ELECTROLYTES W/O MCC",520071,FORT HEALTHCARE,611 SHERMAN AVE E,FORT ATKINSON,WI,53538,WI - Madison,25,$12031.16,$4115.20,$3398.40
"641 - MISC DISORDERS OF NUTRITION,METABOLISM,FLUIDS/ELECTROLYTES W/O MCC",520075,ST VINCENT HSPTL,835 S VAN BUREN ST,GREEN BAY,WI,54301,WI - Green Bay,19,$12298.52,$4131.47,$3247.89
"641 - MISC DISORDERS OF NUTRITION,METABOLISM,FLUIDS/ELECTROLYTES W/O MCC",520076,BEAVER DAM COM HSPTL,707 S UNIVERSITY AVE,BEAVER DAM,WI,53916,WI - Madison,19,$16775.89,$4139.21,$3483.84
"641 - MISC DISORDERS OF NUTRITION,METABOLISM,FLUIDS/ELECTROLYTES W/O MCC",520078,WHEATON FRANCISCAN HEALTHCARE- ST FRANCIS,3237 S 16TH ST,MILWAUKEE,WI,53215,WI - Milwaukee,23,$13422.95,$4851.13,$3457.82
"641 - MISC DISORDERS OF NUTRITION,METABOLISM,FLUIDS/ELECTROLYTES W/O MCC",520083,ST MARY'S HOSPITAL,700 SOUTH PARK ST,MADISON,WI,53715,WI - Madison,115,$14601.85,$4666.48,$3745.05
"641 - MISC DISORDERS OF NUTRITION,METABOLISM,FLUIDS/ELECTROLYTES W/O MCC",520087,GUNDERSEN LUTH MED CTR,1910 SOUTH AVE,LA CROSSE,WI,54601,WI - La Crosse,27,$16488.88,$4647.55,$3853.33
"641 - MISC DISORDERS OF NUTRITION,METABOLISM,FLUIDS/ELECTROLYTES W/O MCC",520088,ST AGNES HSPTL,430 E DIVISON ST,FOND DU LAC,WI,54935,WI - Milwaukee,34,$12758.05,$4133.73,$3278.44
"641 - MISC DISORDERS OF NUTRITION,METABOLISM,FLUIDS/ELECTROLYTES W/O MCC",520089,MERITER HSPTL,202 S PARK ST,MADISON,WI,53715,WI - Madison,75,$17236.21,$5024.37,$4111.53
"641 - MISC DISORDERS OF NUTRITION,METABOLISM,FLUIDS/ELECTROLYTES W/O MCC",520091,HOWARD YOUNG MED CTR,240 MAPLE ST PO BOX 470,WOODRUFF,WI,54568,WI - Marshfield,11,$11289.36,$4859.45,$4144.90
"641 - MISC DISORDERS OF NUTRITION,METABOLISM,FLUIDS/ELECTROLYTES W/O MCC",520095,SAUK PRAIRIE MEM HSPTL,80 FIRST ST,PRAIRIE DU SAC,WI,53578,WI - Madison,17,$8875.35,$4427.47,$3630.29
"641 - MISC DISORDERS OF NUTRITION,METABOLISM,FLUIDS/ELECTROLYTES W/O MCC",520096,WHEATON FRANCISCAN HEALTHCARE- ALL SAINTS,3801 SPRING ST,RACINE,WI,53405,WI - Milwaukee,66,$10534.89,$4637.65,$3836.37
"641 - MISC DISORDERS OF NUTRITION,METABOLISM,FLUIDS/ELECTROLYTES W/O MCC",520097,ST MARYS HSPTL MED CTR,1726 SHAWANO AVE,GREEN BAY,WI,54303,WI - Green Bay,24,$9490.12,$4002.08,$2828.91
"641 - MISC DISORDERS OF NUTRITION,METABOLISM,FLUIDS/ELECTROLYTES W/O MCC",520098,UNIVERSITY OF WI  HOSPITALS & CLINICS AUTHORITY,600 HIGHLAND AVENUE,MADISON,WI,53792,WI - Madison,71,$16069.53,$8017.98,$5737.85
"641 - MISC DISORDERS OF NUTRITION,METABOLISM,FLUIDS/ELECTROLYTES W/O MCC",520100,BELOIT MEM HSPTL,1969 W HART RD,BELOIT,WI,53511,WI - Madison,44,$16482.34,$4303.81,$3201.63
"641 - MISC DISORDERS OF NUTRITION,METABOLISM,FLUIDS/ELECTROLYTES W/O MCC",520102,AURORA LAKELAND MED CTR,W3985 CTY RD NN,ELKHORN,WI,53121,WI - Milwaukee,25,$16387.36,$4363.00,$3418.52
"641 - MISC DISORDERS OF NUTRITION,METABOLISM,FLUIDS/ELECTROLYTES W/O MCC",520103,COMMUNITY MEM HSPTL,W180 N8085 TOWN HALL RD,MENOMONEE FALLS,WI,53051,WI - Milwaukee,48,$10837.27,$3888.41,$3114.16
"641 - MISC DISORDERS OF NUTRITION,METABOLISM,FLUIDS/ELECTROLYTES W/O MCC",520107,HOLY FAMILY MEMORIAL INC,2300 WESTERN AVE PO BOX 1450,MANITOWOC,WI,54221,WI - Green Bay,22,$11337.90,$4350.77,$3072.95
"641 - MISC DISORDERS OF NUTRITION,METABOLISM,FLUIDS/ELECTROLYTES W/O MCC",520109,"MILE BLUFF MEDICAL CENTER, INC",1050 DIVISION ST,MAUSTON,WI,53948,WI - Madison,19,$10834.94,$4831.89,$3637.89
"641 - MISC DISORDERS OF NUTRITION,METABOLISM,FLUIDS/ELECTROLYTES W/O MCC",520113,BAY AREA MED CTR,3100 SHORE DR,MARINETTE,WI,54143,WI - Green Bay,56,$11450.76,$4101.92,$3317.00
"641 - MISC DISORDERS OF NUTRITION,METABOLISM,FLUIDS/ELECTROLYTES W/O MCC",520116,UW HLTH PARTNERS - WATERTOWN REGIONAL MEDICAL CTR,125 HOSPITAL DR,WATERTOWN,WI,53098,WI - Madison,16,$9590.75,$4557.12,$3714.12
"641 - MISC DISORDERS OF NUTRITION,METABOLISM,FLUIDS/ELECTROLYTES W/O MCC",520136,"WHEATON FRANCISCAN, INC- ST JOSEPH",5000 W CHAMBERS ST,MILWAUKEE,WI,53210,WI - Milwaukee,38,$11503.55,$5710.84,$4396.00
"641 - MISC DISORDERS OF NUTRITION,METABOLISM,FLUIDS/ELECTROLYTES W/O MCC",520138,AURORA ST LUKES MEDICAL CENTER,2900 W OKLAHOMA AVE,MILWAUKEE,WI,53215,WI - Milwaukee,109,$19087.10,$5319.10,$4250.58
"641 - MISC DISORDERS OF NUTRITION,METABOLISM,FLUIDS/ELECTROLYTES W/O MCC",520139,AURORA WEST ALLIS MEDICAL CENTER,8901 W LINCOLN AVE,WEST ALLIS,WI,53227,WI - Milwaukee,81,$15883.06,$4147.79,$3176.25
"641 - MISC DISORDERS OF NUTRITION,METABOLISM,FLUIDS/ELECTROLYTES W/O MCC",520160,APPLETON MED CTR,1818 N MEADE ST,APPLETON,WI,54911,WI - Appleton,24,$10560.83,$4002.75,$2696.75
"641 - MISC DISORDERS OF NUTRITION,METABOLISM,FLUIDS/ELECTROLYTES W/O MCC",520170,WHEATON FRANCISCAN INC - ELMBROOK MEMORIAL,19333 W NORTH AVE,BROOKFIELD,WI,53045,WI - Milwaukee,11,$8133.45,$3804.27,$2989.72
"641 - MISC DISORDERS OF NUTRITION,METABOLISM,FLUIDS/ELECTROLYTES W/O MCC",520177,FROEDTERT MEM LUTHERAN HSPTL,9200 W WISCONSIN AVE,MILWAUKEE,WI,53226,WI - Milwaukee,170,$14463.99,$6512.72,$5793.66
"641 - MISC DISORDERS OF NUTRITION,METABOLISM,FLUIDS/ELECTROLYTES W/O MCC",520189,AURORA MED CTR KENOSHA,10400 75TH ST,KENOSHA,WI,53142,WI - Milwaukee,34,$12429.76,$4339.97,$3479.02
"641 - MISC DISORDERS OF NUTRITION,METABOLISM,FLUIDS/ELECTROLYTES W/O MCC",520193,AURORA BAYCARE MED CTR,2845 GREENBRIER RD PO BOX 8900,GREEN BAY,WI,54311,WI - Green Bay,20,$14453.50,$4886.20,$3116.90
"641 - MISC DISORDERS OF NUTRITION,METABOLISM,FLUIDS/ELECTROLYTES W/O MCC",520198,AURORA MED CTR OSHKOSH,855 N WESTHAVEN DRIVE,OSHKOSH,WI,54904,WI - Neenah,20,$14923.75,$3880.00,$2984.00
"641 - MISC DISORDERS OF NUTRITION,METABOLISM,FLUIDS/ELECTROLYTES W/O MCC",520204,"WHEATON FRANCISCAN HEALTHCARE- FRANKLIN, INC",10101 SOUTH 27TH STREET,FRANKLIN,WI,53132,WI - Milwaukee,13,$14414.15,$3752.15,$2796.76
"641 - MISC DISORDERS OF NUTRITION,METABOLISM,FLUIDS/ELECTROLYTES W/O MCC",520207,AURORA MEDICAL CENTER,975 PORT WASHINGTON ROAD,GRAFTON,WI,53024,WI - Milwaukee,16,$14903.81,$3841.00,$2753.25
682 - RENAL FAILURE W MCC,520002,MINISTRY ST MICHAELS HOSPITAL OF STEVENS POINT,900 ILLINOIS AVE,STEVENS POINT,WI,54481,WI - Marshfield,12,$14907.08,$9352.50,$8516.83
682 - RENAL FAILURE W MCC,520004,"MAYO CLINIC HLTH SYSTEM- FRANCISCAN MED CTR, INC",700 WEST AVE S,LA CROSSE,WI,54601,WI - La Crosse,12,$35799.91,$11030.16,$10464.16
682 - RENAL FAILURE W MCC,520008,WAUKESHA MEMORIAL HOSPITAL,725 AMERICAN AVE,WAUKESHA,WI,53188,WI - Milwaukee,93,$24608.93,$9837.33,$8603.62
682 - RENAL FAILURE W MCC,520009,ST ELIZABETH HSPTL,1506 S ONEIDA ST,APPLETON,WI,54915,WI - Appleton,17,$12562.11,$9603.52,$8673.17
682 - RENAL FAILURE W MCC,520013,SACRED HEART HSPTL,900 W CLAIREMONT AVE,EAU CLAIRE,WI,54701,MN - Minneapolis,21,$27631.23,$10984.52,$10342.19
682 - RENAL FAILURE W MCC,520021,UNITED HSPTL SYS,6308 EIGHTH AVE,KENOSHA,WI,53143,WI - Milwaukee,24,$27259.87,$10421.08,$8613.91
682 - RENAL FAILURE W MCC,520027,"COLUMBIA ST MARY'S HOSPITAL OZAUKEE, INC",13111 N PORT WASHINGTON RD,MEQUON,WI,53097,WI - Milwaukee,17,$40072.82,$9299.17,$8570.47
682 - RENAL FAILURE W MCC,520030,ASPIRUS WAUSAU HOSPITAL,333 PINE RIDGE BLVD,WAUSAU,WI,54401,WI - Wausau,36,$31670.50,$9733.33,$8738.00
682 - RENAL FAILURE W MCC,520033,RIVERVIEW HSPTL ASSOC,410 DEWEY ST PO BOX 8080,WISCONSIN RAPID,WI,54495,WI - Marshfield,11,$16615.09,$10266.09,$8167.54
682 - RENAL FAILURE W MCC,520037,MINISTRY SAINT JOSEPH'S HOSPITAL,611 ST JOSEPH AVE,MARSHFIELD,WI,54449,WI - Marshfield,31,$42559.06,$16437.35,$14032.58
682 - RENAL FAILURE W MCC,520048,MERCY MED CTR OF OSHKOSH,500 S OAKWOOD RD,OSHKOSH,WI,54904,WI - Neenah,11,$19474.09,$9365.18,$8753.54
682 - RENAL FAILURE W MCC,520049,BELLIN MEMORIAL HSPTL,744 S WEBSTER AVE,GREEN BAY,WI,54305,WI - Green Bay,19,$30233.57,$9615.15,$8720.63
682 - RENAL FAILURE W MCC,520051,COLUMBIA ST MARYS HSPTL  MILW (COL & MILW CAMPUS),2323 N LAKE DR,MILWAUKEE,WI,53211,WI - Milwaukee,26,$28404.19,$11529.88,$10575.84
682 - RENAL FAILURE W MCC,520062,OCONOMOWOC MEM HSPTL,791 E SUMMIT AVE,OCONOMOWOC,WI,53066,WI - Milwaukee,22,$20600.18,$9146.86,$7303.81
682 - RENAL FAILURE W MCC,520066,MERCY HLTH SYS CORP,1000 MINERAL POINT AVE,JANESVILLE,WI,53548,WI - Madison,25,$33699.36,$10881.32,$9168.96
682 - RENAL FAILURE W MCC,520070,MAYO CLINIC HEALTH SYSTEM EAU CLAIRE HOSPITAL,1221 WHIPPLE ST,EAU CLAIRE,WI,54703,MN - Minneapolis,33,$27636.72,$10967.51,$8308.96
682 - RENAL FAILURE W MCC,520075,ST VINCENT HSPTL,835 S VAN BUREN ST,GREEN BAY,WI,54301,WI - Green Bay,53,$23421.73,$10164.83,$8484.39
682 - RENAL FAILURE W MCC,520078,WHEATON FRANCISCAN HEALTHCARE- ST FRANCIS,3237 S 16TH ST,MILWAUKEE,WI,53215,WI - Milwaukee,20,$27044.20,$11297.00,$10679.20
682 - RENAL FAILURE W MCC,520083,ST MARY'S HOSPITAL,700 SOUTH PARK ST,MADISON,WI,53715,WI - Madison,62,$34966.25,$11903.69,$9740.27
682 - RENAL FAILURE W MCC,520087,GUNDERSEN LUTH MED CTR,1910 SOUTH AVE,LA CROSSE,WI,54601,WI - La Crosse,32,$29301.40,$10585.93,$9813.68
682 - RENAL FAILURE W MCC,520088,ST AGNES HSPTL,430 E DIVISON ST,FOND DU LAC,WI,54935,WI - Milwaukee,17,$22582.00,$9544.00,$8685.88
682 - RENAL FAILURE W MCC,520089,MERITER HSPTL,202 S PARK ST,MADISON,WI,53715,WI - Madison,37,$37103.81,$12210.02,$10780.27
682 - RENAL FAILURE W MCC,520091,HOWARD YOUNG MED CTR,240 MAPLE ST PO BOX 470,WOODRUFF,WI,54568,WI - Marshfield,23,$22850.43,$11193.56,$10607.13
682 - RENAL FAILURE W MCC,520096,WHEATON FRANCISCAN HEALTHCARE- ALL SAINTS,3801 SPRING ST,RACINE,WI,53405,WI - Milwaukee,64,$23994.21,$10885.65,$10235.71
682 - RENAL FAILURE W MCC,520097,ST MARYS HSPTL MED CTR,1726 SHAWANO AVE,GREEN BAY,WI,54303,WI - Green Bay,23,$15207.08,$8850.17,$7208.08
682 - RENAL FAILURE W MCC,520098,UNIVERSITY OF WI  HOSPITALS & CLINICS AUTHORITY,600 HIGHLAND AVENUE,MADISON,WI,53792,WI - Madison,39,$34898.56,$17480.28,$15433.12
682 - RENAL FAILURE W MCC,520100,BELOIT MEM HSPTL,1969 W HART RD,BELOIT,WI,53511,WI - Madison,26,$45673.26,$11102.61,$10539.07
682 - RENAL FAILURE W MCC,520103,COMMUNITY MEM HSPTL,W180 N8085 TOWN HALL RD,MENOMONEE FALLS,WI,53051,WI - Milwaukee,28,$18687.00,$8926.92,$8485.64
682 - RENAL FAILURE W MCC,520113,BAY AREA MED CTR,3100 SHORE DR,MARINETTE,WI,54143,WI - Green Bay,17,$23802.23,$9858.47,$9196.35
682 - RENAL FAILURE W MCC,520136,"WHEATON FRANCISCAN, INC- ST JOSEPH",5000 W CHAMBERS ST,MILWAUKEE,WI,53210,WI - Milwaukee,44,$32204.00,$13536.06,$12795.06
682 - RENAL FAILURE W MCC,520138,AURORA ST LUKES MEDICAL CENTER,2900 W OKLAHOMA AVE,MILWAUKEE,WI,53215,WI - Milwaukee,128,$44688.00,$12839.75,$11943.15
682 - RENAL FAILURE W MCC,520139,AURORA WEST ALLIS MEDICAL CENTER,8901 W LINCOLN AVE,WEST ALLIS,WI,53227,WI - Milwaukee,51,$32161.41,$9584.60,$8968.13
682 - RENAL FAILURE W MCC,520160,APPLETON MED CTR,1818 N MEADE ST,APPLETON,WI,54911,WI - Appleton,20,$20259.95,$9518.65,$8745.20
682 - RENAL FAILURE W MCC,520170,WHEATON FRANCISCAN INC - ELMBROOK MEMORIAL,19333 W NORTH AVE,BROOKFIELD,WI,53045,WI - Milwaukee,20,$23704.90,$9336.10,$8203.90
682 - RENAL FAILURE W MCC,520177,FROEDTERT MEM LUTHERAN HSPTL,9200 W WISCONSIN AVE,MILWAUKEE,WI,53226,WI - Milwaukee,57,$25290.15,$13960.45,$13072.47
682 - RENAL FAILURE W MCC,520189,AURORA MED CTR KENOSHA,10400 75TH ST,KENOSHA,WI,53142,WI - Milwaukee,19,$33044.57,$10310.00,$9780.52
682 - RENAL FAILURE W MCC,520193,AURORA BAYCARE MED CTR,2845 GREENBRIER RD PO BOX 8900,GREEN BAY,WI,54311,WI - Green Bay,19,$28926.10,$10126.26,$8335.00
682 - RENAL FAILURE W MCC,520198,AURORA MED CTR OSHKOSH,855 N WESTHAVEN DRIVE,OSHKOSH,WI,54904,WI - Neenah,17,$46330.35,$13609.05,$11867.76
682 - RENAL FAILURE W MCC,520202,ST CLARE'S HOSPITAL OF WESTON INC,3400 MINISTRY PARKWAY,WESTON,WI,54476,WI - Wausau,29,$18517.75,$10208.24,$8157.37
683 - RENAL FAILURE W CC,520002,MINISTRY ST MICHAELS HOSPITAL OF STEVENS POINT,900 ILLINOIS AVE,STEVENS POINT,WI,54481,WI - Marshfield,25,$10278.12,$5655.20,$4935.84
683 - RENAL FAILURE W CC,520004,"MAYO CLINIC HLTH SYSTEM- FRANCISCAN MED CTR, INC",700 WEST AVE S,LA CROSSE,WI,54601,WI - La Crosse,50,$18136.90,$7284.60,$5703.54
683 - RENAL FAILURE W CC,520008,WAUKESHA MEMORIAL HOSPITAL,725 AMERICAN AVE,WAUKESHA,WI,53188,WI - Milwaukee,116,$16124.84,$5937.15,$5021.11
683 - RENAL FAILURE W CC,520009,ST ELIZABETH HSPTL,1506 S ONEIDA ST,APPLETON,WI,54915,WI - Appleton,21,$9002.76,$6108.42,$5304.42
683 - RENAL FAILURE W CC,520011,LAKEVIEW MED CENTER,1700 WEST STOUT STREET,RICE LAKE,WI,54868,WI - Marshfield,13,$12448.92,$5979.61,$5292.84
683 - RENAL FAILURE W CC,520013,SACRED HEART HSPTL,900 W CLAIREMONT AVE,EAU CLAIRE,WI,54701,MN - Minneapolis,25,$18662.96,$6879.76,$6162.96
683 - RENAL FAILURE W CC,520019,MINISTRY ST MARYS HOSPITAL,2251 NORTH SHORE DR,RHINELANDER,WI,54501,WI - Wausau,12,$20036.08,$6551.33,$5608.00
683 - RENAL FAILURE W CC,520021,UNITED HSPTL SYS,6308 EIGHTH AVE,KENOSHA,WI,53143,WI - Milwaukee,35,$20272.25,$6749.22,$5702.88
683 - RENAL FAILURE W CC,520027,"COLUMBIA ST MARY'S HOSPITAL OZAUKEE, INC",13111 N PORT WASHINGTON RD,MEQUON,WI,53097,WI - Milwaukee,50,$17404.90,$5793.38,$4801.06
683 - RENAL FAILURE W CC,520028,THE MONROE CLINIC,2005 5TH STREET,MONROE,WI,53566,WI - Madison,22,$15491.50,$6173.45,$5356.00
683 - RENAL FAILURE W CC,520030,ASPIRUS WAUSAU HOSPITAL,333 PINE RIDGE BLVD,WAUSAU,WI,54401,WI - Wausau,49,$14563.63,$6022.95,$5358.87
683 - RENAL FAILURE W CC,520033,RIVERVIEW HSPTL ASSOC,410 DEWEY ST PO BOX 8080,WISCONSIN RAPID,WI,54495,WI - Marshfield,29,$14467.34,$6614.41,$5916.20
683 - RENAL FAILURE W CC,520034,AURORA MED CTR MANITOWOC CTY,5000 MEMORIAL DR,TWO RIVERS,WI,54241,WI - Green Bay,16,$17778.56,$7057.25,$6074.75
683 - RENAL FAILURE W CC,520035,AURORA SHEBOYGAN MEM MED CTR,2629 N 7TH ST,SHEBOYGAN,WI,53083,WI - Milwaukee,15,$10654.06,$5872.40,$4973.20
683 - RENAL FAILURE W CC,520037,MINISTRY SAINT JOSEPH'S HOSPITAL,611 ST JOSEPH AVE,MARSHFIELD,WI,54449,WI - Marshfield,73,$21592.87,$7314.32,$6403.57
683 - RENAL FAILURE W CC,520038,AURORA MED CENTER-WASHINGTON COUNTY,1032 E SUMNER ST,HARTFORD,WI,53027,WI - Milwaukee,12,$17547.16,$5792.00,$5134.33
683 - RENAL FAILURE W CC,520044,ST NICHOLAS HOSPITAL,3100 SUPERIOR AVE,SHEBOYGAN,WI,53081,WI - Milwaukee,12,$13996.25,$5472.91,$4078.41
683 - RENAL FAILURE W CC,520045,THEDA CLARK MED CTR,130 2ND ST,NEENAH,WI,54956,WI - Neenah,25,$10377.88,$5668.36,$4770.68
683 - RENAL FAILURE W CC,520048,MERCY MED CTR OF OSHKOSH,500 S OAKWOOD RD,OSHKOSH,WI,54904,WI - Neenah,21,$11533.61,$5811.04,$4956.19
683 - RENAL FAILURE W CC,520049,BELLIN MEMORIAL HSPTL,744 S WEBSTER AVE,GREEN BAY,WI,54305,WI - Green Bay,28,$13413.35,$5504.71,$4942.14
683 - RENAL FAILURE W CC,520051,COLUMBIA ST MARYS HSPTL  MILW (COL & MILW CAMPUS),2323 N LAKE DR,MILWAUKEE,WI,53211,WI - Milwaukee,64,$18588.71,$7581.59,$6772.46
683 - RENAL FAILURE W CC,520057,ST CLARE HSPTL HLTH SVCS,707 14TH ST,BARABOO,WI,53913,WI - Madison,11,$13914.54,$6570.72,$6264.90
683 - RENAL FAILURE W CC,520059,AURORA MEMORIAL HSPTL BURLINGTON,252 MCHENRY ST,BURLINGTON,WI,53105,WI - Milwaukee,21,$19217.61,$5675.52,$4873.04
683 - RENAL FAILURE W CC,520062,OCONOMOWOC MEM HSPTL,791 E SUMMIT AVE,OCONOMOWOC,WI,53066,WI - Milwaukee,23,$11883.04,$5841.04,$4301.00
683 - RENAL FAILURE W CC,520063,ST JOSEPHS COM HSPTL WEST BEND,3200 PLEASANT VALLEY ROAD,WEST BEND,WI,53095,WI - Milwaukee,18,$15854.66,$5711.55,$5274.88
683 - RENAL FAILURE W CC,520066,MERCY HLTH SYS CORP,1000 MINERAL POINT AVE,JANESVILLE,WI,53548,WI - Madison,50,$20246.76,$6599.02,$5109.72
683 - RENAL FAILURE W CC,520070,MAYO CLINIC HEALTH SYSTEM EAU CLAIRE HOSPITAL,1221 WHIPPLE ST,EAU CLAIRE,WI,54703,MN - Minneapolis,71,$17262.29,$6326.43,$4990.76
683 - RENAL FAILURE W CC,520071,FORT HEALTHCARE,611 SHERMAN AVE E,FORT ATKINSON,WI,53538,WI - Madison,16,$18988.31,$6034.68,$5189.68
683 - RENAL FAILURE W CC,520075,ST VINCENT HSPTL,835 S VAN BUREN ST,GREEN BAY,WI,54301,WI - Green Bay,50,$15700.84,$5969.42,$5159.50
683 - RENAL FAILURE W CC,520076,BEAVER DAM COM HSPTL,707 S UNIVERSITY AVE,BEAVER DAM,WI,53916,WI - Madison,17,$17668.05,$6244.76,$5447.58
683 - RENAL FAILURE W CC,520078,WHEATON FRANCISCAN HEALTHCARE- ST FRANCIS,3237 S 16TH ST,MILWAUKEE,WI,53215,WI - Milwaukee,32,$14894.18,$6750.34,$6158.21
683 - RENAL FAILURE W CC,520083,ST MARY'S HOSPITAL,700 SOUTH PARK ST,MADISON,WI,53715,WI - Madison,78,$19674.11,$7493.14,$5837.92
683 - RENAL FAILURE W CC,520087,GUNDERSEN LUTH MED CTR,1910 SOUTH AVE,LA CROSSE,WI,54601,WI - La Crosse,51,$18705.96,$7616.39,$5966.43
683 - RENAL FAILURE W CC,520088,ST AGNES HSPTL,430 E DIVISON ST,FOND DU LAC,WI,54935,WI - Milwaukee,32,$16345.90,$5986.65,$4830.21
683 - RENAL FAILURE W CC,520089,MERITER HSPTL,202 S PARK ST,MADISON,WI,53715,WI - Madison,54,$28737.61,$7492.27,$6863.38
683 - RENAL FAILURE W CC,520091,HOWARD YOUNG MED CTR,240 MAPLE ST PO BOX 470,WOODRUFF,WI,54568,WI - Marshfield,25,$15847.92,$7043.00,$6503.48
683 - RENAL FAILURE W CC,520096,WHEATON FRANCISCAN HEALTHCARE- ALL SAINTS,3801 SPRING ST,RACINE,WI,53405,WI - Milwaukee,78,$16174.78,$6894.19,$6004.91
683 - RENAL FAILURE W CC,520097,ST MARYS HSPTL MED CTR,1726 SHAWANO AVE,GREEN BAY,WI,54303,WI - Green Bay,19,$11796.05,$5520.00,$4745.47
683 - RENAL FAILURE W CC,520098,UNIVERSITY OF WI  HOSPITALS & CLINICS AUTHORITY,600 HIGHLAND AVENUE,MADISON,WI,53792,WI - Madison,82,$16990.23,$10397.24,$9081.56
683 - RENAL FAILURE W CC,520100,BELOIT MEM HSPTL,1969 W HART RD,BELOIT,WI,53511,WI - Madison,22,$32974.68,$6452.90,$5432.00
683 - RENAL FAILURE W CC,520102,AURORA LAKELAND MED CTR,W3985 CTY RD NN,ELKHORN,WI,53121,WI - Milwaukee,20,$22430.80,$7071.35,$5441.25
683 - RENAL FAILURE W CC,520103,COMMUNITY MEM HSPTL,W180 N8085 TOWN HALL RD,MENOMONEE FALLS,WI,53051,WI - Milwaukee,41,$14666.48,$5798.24,$4646.12
683 - RENAL FAILURE W CC,520113,BAY AREA MED CTR,3100 SHORE DR,MARINETTE,WI,54143,WI - Green Bay,34,$15049.64,$5931.26,$5105.50
683 - RENAL FAILURE W CC,520116,UW HLTH PARTNERS - WATERTOWN REGIONAL MEDICAL CTR,125 HOSPITAL DR,WATERTOWN,WI,53098,WI - Madison,19,$14697.05,$6784.78,$5838.26
683 - RENAL FAILURE W CC,520136,"WHEATON FRANCISCAN, INC- ST JOSEPH",5000 W CHAMBERS ST,MILWAUKEE,WI,53210,WI - Milwaukee,68,$17356.61,$8258.91,$7430.95
683 - RENAL FAILURE W CC,520138,AURORA ST LUKES MEDICAL CENTER,2900 W OKLAHOMA AVE,MILWAUKEE,WI,53215,WI - Milwaukee,249,$26305.93,$7462.42,$6574.55
683 - RENAL FAILURE W CC,520139,AURORA WEST ALLIS MEDICAL CENTER,8901 W LINCOLN AVE,WEST ALLIS,WI,53227,WI - Milwaukee,125,$20787.28,$6096.22,$5070.11
683 - RENAL FAILURE W CC,520160,APPLETON MED CTR,1818 N MEADE ST,APPLETON,WI,54911,WI - Appleton,37,$10837.24,$5723.48,$4715.13
683 - RENAL FAILURE W CC,520170,WHEATON FRANCISCAN INC - ELMBROOK MEMORIAL,19333 W NORTH AVE,BROOKFIELD,WI,53045,WI - Milwaukee,18,$15235.61,$5633.00,$4512.61
683 - RENAL FAILURE W CC,520177,FROEDTERT MEM LUTHERAN HSPTL,9200 W WISCONSIN AVE,MILWAUKEE,WI,53226,WI - Milwaukee,129,$17382.57,$9099.75,$8459.97
683 - RENAL FAILURE W CC,520193,AURORA BAYCARE MED CTR,2845 GREENBRIER RD PO BOX 8900,GREEN BAY,WI,54311,WI - Green Bay,36,$17969.72,$6054.66,$4922.52
683 - RENAL FAILURE W CC,520198,AURORA MED CTR OSHKOSH,855 N WESTHAVEN DRIVE,OSHKOSH,WI,54904,WI - Neenah,25,$16926.88,$5633.76,$4783.68
683 - RENAL FAILURE W CC,520202,ST CLARE'S HOSPITAL OF WESTON INC,3400 MINISTRY PARKWAY,WESTON,WI,54476,WI - Wausau,28,$13421.07,$5668.42,$4701.07
683 - RENAL FAILURE W CC,520204,"WHEATON FRANCISCAN HEALTHCARE- FRANKLIN, INC",10101 SOUTH 27TH STREET,FRANKLIN,WI,53132,WI - Milwaukee,11,$21234.72,$6254.00,$5539.54
683 - RENAL FAILURE W CC,520207,AURORA MEDICAL CENTER,975 PORT WASHINGTON ROAD,GRAFTON,WI,53024,WI - Milwaukee,16,$23955.93,$5595.75,$4959.00
684 - RENAL FAILURE W/O CC/MCC,520004,"MAYO CLINIC HLTH SYSTEM- FRANCISCAN MED CTR, INC",700 WEST AVE S,LA CROSSE,WI,54601,WI - La Crosse,15,$10216.60,$4422.86,$3597.00
684 - RENAL FAILURE W/O CC/MCC,520008,WAUKESHA MEMORIAL HOSPITAL,725 AMERICAN AVE,WAUKESHA,WI,53188,WI - Milwaukee,17,$13185.52,$3885.05,$3028.82
684 - RENAL FAILURE W/O CC/MCC,520021,UNITED HSPTL SYS,6308 EIGHTH AVE,KENOSHA,WI,53143,WI - Milwaukee,14,$11656.50,$3949.00,$3230.42
684 - RENAL FAILURE W/O CC/MCC,520051,COLUMBIA ST MARYS HSPTL  MILW (COL & MILW CAMPUS),2323 N LAKE DR,MILWAUKEE,WI,53211,WI - Milwaukee,14,$14592.50,$4897.21,$3852.92
684 - RENAL FAILURE W/O CC/MCC,520070,MAYO CLINIC HEALTH SYSTEM EAU CLAIRE HOSPITAL,1221 WHIPPLE ST,EAU CLAIRE,WI,54703,MN - Minneapolis,12,$10877.08,$3730.16,$2700.50
684 - RENAL FAILURE W/O CC/MCC,520083,ST MARY'S HOSPITAL,700 SOUTH PARK ST,MADISON,WI,53715,WI - Madison,26,$15148.92,$4517.15,$3521.92
684 - RENAL FAILURE W/O CC/MCC,520088,ST AGNES HSPTL,430 E DIVISON ST,FOND DU LAC,WI,54935,WI - Milwaukee,17,$13308.70,$3972.58,$2977.52
684 - RENAL FAILURE W/O CC/MCC,520089,MERITER HSPTL,202 S PARK ST,MADISON,WI,53715,WI - Madison,15,$10412.13,$4908.53,$3402.66
684 - RENAL FAILURE W/O CC/MCC,520096,WHEATON FRANCISCAN HEALTHCARE- ALL SAINTS,3801 SPRING ST,RACINE,WI,53405,WI - Milwaukee,11,$10855.18,$4440.27,$3828.63
684 - RENAL FAILURE W/O CC/MCC,520103,COMMUNITY MEM HSPTL,W180 N8085 TOWN HALL RD,MENOMONEE FALLS,WI,53051,WI - Milwaukee,15,$8487.46,$3727.80,$2901.93
684 - RENAL FAILURE W/O CC/MCC,520138,AURORA ST LUKES MEDICAL CENTER,2900 W OKLAHOMA AVE,MILWAUKEE,WI,53215,WI - Milwaukee,11,$16616.63,$5046.63,$3666.36
684 - RENAL FAILURE W/O CC/MCC,520139,AURORA WEST ALLIS MEDICAL CENTER,8901 W LINCOLN AVE,WEST ALLIS,WI,53227,WI - Milwaukee,12,$15516.50,$3940.08,$3004.75
684 - RENAL FAILURE W/O CC/MCC,520177,FROEDTERT MEM LUTHERAN HSPTL,9200 W WISCONSIN AVE,MILWAUKEE,WI,53226,WI - Milwaukee,17,$10763.35,$5883.47,$5225.11
690 - KIDNEY & URINARY TRACT INFECTIONS W/O MCC,520100,BELOIT MEM HSPTL,1969 W HART RD,BELOIT,WI,53511,WI - Madison,42,$18767.16,$4622.97,$3771.92
689 - KIDNEY & URINARY TRACT INFECTIONS W MCC,520002,MINISTRY ST MICHAELS HOSPITAL OF STEVENS POINT,900 ILLINOIS AVE,STEVENS POINT,WI,54481,WI - Marshfield,26,$13286.30,$6675.34,$5810.73
689 - KIDNEY & URINARY TRACT INFECTIONS W MCC,520008,WAUKESHA MEMORIAL HOSPITAL,725 AMERICAN AVE,WAUKESHA,WI,53188,WI - Milwaukee,48,$17503.16,$7035.52,$5826.33
689 - KIDNEY & URINARY TRACT INFECTIONS W MCC,520021,UNITED HSPTL SYS,6308 EIGHTH AVE,KENOSHA,WI,53143,WI - Milwaukee,21,$26033.33,$7062.33,$6316.80
689 - KIDNEY & URINARY TRACT INFECTIONS W MCC,520027,"COLUMBIA ST MARY'S HOSPITAL OZAUKEE, INC",13111 N PORT WASHINGTON RD,MEQUON,WI,53097,WI - Milwaukee,22,$19079.00,$6611.36,$6001.18
689 - KIDNEY & URINARY TRACT INFECTIONS W MCC,520030,ASPIRUS WAUSAU HOSPITAL,333 PINE RIDGE BLVD,WAUSAU,WI,54401,WI - Wausau,28,$20342.96,$6995.46,$6273.46
689 - KIDNEY & URINARY TRACT INFECTIONS W MCC,520037,MINISTRY SAINT JOSEPH'S HOSPITAL,611 ST JOSEPH AVE,MARSHFIELD,WI,54449,WI - Marshfield,20,$16207.00,$8158.10,$7262.10
689 - KIDNEY & URINARY TRACT INFECTIONS W MCC,520041,DIVINE SAVIOR HLTHCARE,"2817 NEW PINERY RD, P O BOX 387",PORTAGE,WI,53901,WI - Madison,11,$28755.09,$10172.54,$9458.00
689 - KIDNEY & URINARY TRACT INFECTIONS W MCC,520051,COLUMBIA ST MARYS HSPTL  MILW (COL & MILW CAMPUS),2323 N LAKE DR,MILWAUKEE,WI,53211,WI - Milwaukee,11,$20802.72,$8795.36,$8180.81
689 - KIDNEY & URINARY TRACT INFECTIONS W MCC,520066,MERCY HLTH SYS CORP,1000 MINERAL POINT AVE,JANESVILLE,WI,53548,WI - Madison,11,$12256.27,$6663.90,$5737.72
689 - KIDNEY & URINARY TRACT INFECTIONS W MCC,520070,MAYO CLINIC HEALTH SYSTEM EAU CLAIRE HOSPITAL,1221 WHIPPLE ST,EAU CLAIRE,WI,54703,MN - Minneapolis,11,$20311.00,$6895.54,$5875.18
689 - KIDNEY & URINARY TRACT INFECTIONS W MCC,520078,WHEATON FRANCISCAN HEALTHCARE- ST FRANCIS,3237 S 16TH ST,MILWAUKEE,WI,53215,WI - Milwaukee,27,$17494.25,$7885.70,$7177.70
689 - KIDNEY & URINARY TRACT INFECTIONS W MCC,520083,ST MARY'S HOSPITAL,700 SOUTH PARK ST,MADISON,WI,53715,WI - Madison,34,$21785.64,$8303.26,$7040.14
689 - KIDNEY & URINARY TRACT INFECTIONS W MCC,520088,ST AGNES HSPTL,430 E DIVISON ST,FOND DU LAC,WI,54935,WI - Milwaukee,13,$27506.38,$7631.53,$7196.23
689 - KIDNEY & URINARY TRACT INFECTIONS W MCC,520089,MERITER HSPTL,202 S PARK ST,MADISON,WI,53715,WI - Madison,19,$21239.05,$8066.15,$7419.21
689 - KIDNEY & URINARY TRACT INFECTIONS W MCC,520096,WHEATON FRANCISCAN HEALTHCARE- ALL SAINTS,3801 SPRING ST,RACINE,WI,53405,WI - Milwaukee,49,$14561.32,$7951.79,$7091.22
689 - KIDNEY & URINARY TRACT INFECTIONS W MCC,520098,UNIVERSITY OF WI  HOSPITALS & CLINICS AUTHORITY,600 HIGHLAND AVENUE,MADISON,WI,53792,WI - Madison,27,$21458.59,$12414.03,$11061.81
689 - KIDNEY & URINARY TRACT INFECTIONS W MCC,520103,COMMUNITY MEM HSPTL,W180 N8085 TOWN HALL RD,MENOMONEE FALLS,WI,53051,WI - Milwaukee,24,$15531.37,$6758.25,$5868.75
689 - KIDNEY & URINARY TRACT INFECTIONS W MCC,520113,BAY AREA MED CTR,3100 SHORE DR,MARINETTE,WI,54143,WI - Green Bay,11,$23800.36,$8519.18,$7601.72
689 - KIDNEY & URINARY TRACT INFECTIONS W MCC,520136,"WHEATON FRANCISCAN, INC- ST JOSEPH",5000 W CHAMBERS ST,MILWAUKEE,WI,53210,WI - Milwaukee,13,$15341.23,$9534.76,$9014.76
689 - KIDNEY & URINARY TRACT INFECTIONS W MCC,520138,AURORA ST LUKES MEDICAL CENTER,2900 W OKLAHOMA AVE,MILWAUKEE,WI,53215,WI - Milwaukee,79,$32493.17,$8865.64,$7988.88
689 - KIDNEY & URINARY TRACT INFECTIONS W MCC,520139,AURORA WEST ALLIS MEDICAL CENTER,8901 W LINCOLN AVE,WEST ALLIS,WI,53227,WI - Milwaukee,25,$21537.72,$7006.96,$6106.48
689 - KIDNEY & URINARY TRACT INFECTIONS W MCC,520160,APPLETON MED CTR,1818 N MEADE ST,APPLETON,WI,54911,WI - Appleton,11,$10129.00,$6268.81,$5448.45
689 - KIDNEY & URINARY TRACT INFECTIONS W MCC,520177,FROEDTERT MEM LUTHERAN HSPTL,9200 W WISCONSIN AVE,MILWAUKEE,WI,53226,WI - Milwaukee,48,$24410.50,$11479.37,$10510.83
690 - KIDNEY & URINARY TRACT INFECTIONS W/O MCC,520028,THE MONROE CLINIC,2005 5TH STREET,MONROE,WI,53566,WI - Madison,40,$13893.17,$4756.85,$3969.25
690 - KIDNEY & URINARY TRACT INFECTIONS W/O MCC,520002,MINISTRY ST MICHAELS HOSPITAL OF STEVENS POINT,900 ILLINOIS AVE,STEVENS POINT,WI,54481,WI - Marshfield,24,$9367.50,$4453.16,$3396.62
690 - KIDNEY & URINARY TRACT INFECTIONS W/O MCC,520004,"MAYO CLINIC HLTH SYSTEM- FRANCISCAN MED CTR, INC",700 WEST AVE S,LA CROSSE,WI,54601,WI - La Crosse,26,$12521.15,$5072.07,$3988.53
690 - KIDNEY & URINARY TRACT INFECTIONS W/O MCC,520008,WAUKESHA MEMORIAL HOSPITAL,725 AMERICAN AVE,WAUKESHA,WI,53188,WI - Milwaukee,85,$13858.69,$4840.22,$3688.47
690 - KIDNEY & URINARY TRACT INFECTIONS W/O MCC,520009,ST ELIZABETH HSPTL,1506 S ONEIDA ST,APPLETON,WI,54915,WI - Appleton,12,$8822.75,$4694.66,$4042.33
690 - KIDNEY & URINARY TRACT INFECTIONS W/O MCC,520011,LAKEVIEW MED CENTER,1700 WEST STOUT STREET,RICE LAKE,WI,54868,WI - Marshfield,30,$7248.30,$4730.90,$3536.06
690 - KIDNEY & URINARY TRACT INFECTIONS W/O MCC,520013,SACRED HEART HSPTL,900 W CLAIREMONT AVE,EAU CLAIRE,WI,54701,MN - Minneapolis,34,$13768.26,$5124.47,$4365.29
690 - KIDNEY & URINARY TRACT INFECTIONS W/O MCC,520017,ST JOSEPHS HSPTL,2661 CTY HWY I,CHIPPEWA FALLS,WI,54729,WI - Marshfield,22,$12704.13,$5249.40,$4327.59
690 - KIDNEY & URINARY TRACT INFECTIONS W/O MCC,520019,MINISTRY ST MARYS HOSPITAL,2251 NORTH SHORE DR,RHINELANDER,WI,54501,WI - Wausau,20,$13707.55,$4886.70,$3927.70
690 - KIDNEY & URINARY TRACT INFECTIONS W/O MCC,520021,UNITED HSPTL SYS,6308 EIGHTH AVE,KENOSHA,WI,53143,WI - Milwaukee,109,$13970.48,$4738.79,$3826.71
690 - KIDNEY & URINARY TRACT INFECTIONS W/O MCC,520027,"COLUMBIA ST MARY'S HOSPITAL OZAUKEE, INC",13111 N PORT WASHINGTON RD,MEQUON,WI,53097,WI - Milwaukee,85,$15963.90,$4381.61,$3566.12
690 - KIDNEY & URINARY TRACT INFECTIONS W/O MCC,520030,ASPIRUS WAUSAU HOSPITAL,333 PINE RIDGE BLVD,WAUSAU,WI,54401,WI - Wausau,78,$12113.35,$4629.08,$3822.93
690 - KIDNEY & URINARY TRACT INFECTIONS W/O MCC,520034,AURORA MED CTR MANITOWOC CTY,5000 MEMORIAL DR,TWO RIVERS,WI,54241,WI - Green Bay,19,$11341.26,$5433.73,$4480.47
690 - KIDNEY & URINARY TRACT INFECTIONS W/O MCC,520035,AURORA SHEBOYGAN MEM MED CTR,2629 N 7TH ST,SHEBOYGAN,WI,53083,WI - Milwaukee,15,$11595.20,$4621.73,$3726.80
690 - KIDNEY & URINARY TRACT INFECTIONS W/O MCC,520037,MINISTRY SAINT JOSEPH'S HOSPITAL,611 ST JOSEPH AVE,MARSHFIELD,WI,54449,WI - Marshfield,79,$13235.91,$5589.26,$4612.98
690 - KIDNEY & URINARY TRACT INFECTIONS W/O MCC,520038,AURORA MED CENTER-WASHINGTON COUNTY,1032 E SUMNER ST,HARTFORD,WI,53027,WI - Milwaukee,19,$13594.10,$4309.10,$3448.57
690 - KIDNEY & URINARY TRACT INFECTIONS W/O MCC,520041,DIVINE SAVIOR HLTHCARE,"2817 NEW PINERY RD, P O BOX 387",PORTAGE,WI,53901,WI - Madison,38,$14723.68,$5295.76,$4468.39
690 - KIDNEY & URINARY TRACT INFECTIONS W/O MCC,520045,THEDA CLARK MED CTR,130 2ND ST,NEENAH,WI,54956,WI - Neenah,20,$7249.25,$4312.65,$3466.85
690 - KIDNEY & URINARY TRACT INFECTIONS W/O MCC,520048,MERCY MED CTR OF OSHKOSH,500 S OAKWOOD RD,OSHKOSH,WI,54904,WI - Neenah,18,$7331.50,$4283.55,$3343.77
690 - KIDNEY & URINARY TRACT INFECTIONS W/O MCC,520049,BELLIN MEMORIAL HSPTL,744 S WEBSTER AVE,GREEN BAY,WI,54305,WI - Green Bay,17,$8396.70,$4351.82,$3370.47
690 - KIDNEY & URINARY TRACT INFECTIONS W/O MCC,520051,COLUMBIA ST MARYS HSPTL  MILW (COL & MILW CAMPUS),2323 N LAKE DR,MILWAUKEE,WI,53211,WI - Milwaukee,74,$14983.12,$5613.60,$4733.28
690 - KIDNEY & URINARY TRACT INFECTIONS W/O MCC,520057,ST CLARE HSPTL HLTH SVCS,707 14TH ST,BARABOO,WI,53913,WI - Madison,18,$15722.27,$5143.33,$4456.88
690 - KIDNEY & URINARY TRACT INFECTIONS W/O MCC,520059,AURORA MEMORIAL HSPTL BURLINGTON,252 MCHENRY ST,BURLINGTON,WI,53105,WI - Milwaukee,25,$15040.56,$4258.60,$3500.36
690 - KIDNEY & URINARY TRACT INFECTIONS W/O MCC,520062,OCONOMOWOC MEM HSPTL,791 E SUMMIT AVE,OCONOMOWOC,WI,53066,WI - Milwaukee,16,$9787.18,$4332.56,$3418.81
690 - KIDNEY & URINARY TRACT INFECTIONS W/O MCC,520063,ST JOSEPHS COM HSPTL WEST BEND,3200 PLEASANT VALLEY ROAD,WEST BEND,WI,53095,WI - Milwaukee,34,$11380.73,$4431.58,$3441.23
690 - KIDNEY & URINARY TRACT INFECTIONS W/O MCC,520066,MERCY HLTH SYS CORP,1000 MINERAL POINT AVE,JANESVILLE,WI,53548,WI - Madison,50,$13959.72,$4877.10,$4065.26
690 - KIDNEY & URINARY TRACT INFECTIONS W/O MCC,520070,MAYO CLINIC HEALTH SYSTEM EAU CLAIRE HOSPITAL,1221 WHIPPLE ST,EAU CLAIRE,WI,54703,MN - Minneapolis,47,$11823.19,$4437.78,$3515.27
690 - KIDNEY & URINARY TRACT INFECTIONS W/O MCC,520071,FORT HEALTHCARE,611 SHERMAN AVE E,FORT ATKINSON,WI,53538,WI - Madison,27,$8996.51,$4358.07,$3400.88
690 - KIDNEY & URINARY TRACT INFECTIONS W/O MCC,520075,ST VINCENT HSPTL,835 S VAN BUREN ST,GREEN BAY,WI,54301,WI - Green Bay,23,$11398.95,$4646.13,$3769.95
690 - KIDNEY & URINARY TRACT INFECTIONS W/O MCC,520076,BEAVER DAM COM HSPTL,707 S UNIVERSITY AVE,BEAVER DAM,WI,53916,WI - Madison,24,$13262.00,$4687.00,$3796.16
690 - KIDNEY & URINARY TRACT INFECTIONS W/O MCC,520078,WHEATON FRANCISCAN HEALTHCARE- ST FRANCIS,3237 S 16TH ST,MILWAUKEE,WI,53215,WI - Milwaukee,24,$15355.25,$5308.91,$4513.75
690 - KIDNEY & URINARY TRACT INFECTIONS W/O MCC,520083,ST MARY'S HOSPITAL,700 SOUTH PARK ST,MADISON,WI,53715,WI - Madison,100,$15276.58,$5503.96,$4349.96
690 - KIDNEY & URINARY TRACT INFECTIONS W/O MCC,520087,GUNDERSEN LUTH MED CTR,1910 SOUTH AVE,LA CROSSE,WI,54601,WI - La Crosse,16,$12849.93,$5244.12,$4403.12
690 - KIDNEY & URINARY TRACT INFECTIONS W/O MCC,520088,ST AGNES HSPTL,430 E DIVISON ST,FOND DU LAC,WI,54935,WI - Milwaukee,45,$14213.22,$4624.53,$3657.40
690 - KIDNEY & URINARY TRACT INFECTIONS W/O MCC,520089,MERITER HSPTL,202 S PARK ST,MADISON,WI,53715,WI - Madison,78,$16022.79,$5561.38,$4669.79
690 - KIDNEY & URINARY TRACT INFECTIONS W/O MCC,520091,HOWARD YOUNG MED CTR,240 MAPLE ST PO BOX 470,WOODRUFF,WI,54568,WI - Marshfield,17,$14494.41,$5550.41,$4620.05
690 - KIDNEY & URINARY TRACT INFECTIONS W/O MCC,520095,SAUK PRAIRIE MEM HSPTL,80 FIRST ST,PRAIRIE DU SAC,WI,53578,WI - Madison,16,$9206.87,$5419.50,$3746.87
690 - KIDNEY & URINARY TRACT INFECTIONS W/O MCC,520096,WHEATON FRANCISCAN HEALTHCARE- ALL SAINTS,3801 SPRING ST,RACINE,WI,53405,WI - Milwaukee,81,$11314.64,$5285.80,$4345.75
690 - KIDNEY & URINARY TRACT INFECTIONS W/O MCC,520097,ST MARYS HSPTL MED CTR,1726 SHAWANO AVE,GREEN BAY,WI,54303,WI - Green Bay,13,$10737.53,$4952.30,$3211.61
690 - KIDNEY & URINARY TRACT INFECTIONS W/O MCC,520098,UNIVERSITY OF WI  HOSPITALS & CLINICS AUTHORITY,600 HIGHLAND AVENUE,MADISON,WI,53792,WI - Madison,89,$15208.62,$8012.17,$6529.16
690 - KIDNEY & URINARY TRACT INFECTIONS W/O MCC,520102,AURORA LAKELAND MED CTR,W3985 CTY RD NN,ELKHORN,WI,53121,WI - Milwaukee,30,$11740.36,$4808.40,$4021.33
690 - KIDNEY & URINARY TRACT INFECTIONS W/O MCC,520103,COMMUNITY MEM HSPTL,W180 N8085 TOWN HALL RD,MENOMONEE FALLS,WI,53051,WI - Milwaukee,82,$11803.63,$4384.92,$3473.56
690 - KIDNEY & URINARY TRACT INFECTIONS W/O MCC,520107,HOLY FAMILY MEMORIAL INC,2300 WESTERN AVE PO BOX 1450,MANITOWOC,WI,54221,WI - Green Bay,37,$10790.64,$4538.24,$3657.05
690 - KIDNEY & URINARY TRACT INFECTIONS W/O MCC,520109,"MILE BLUFF MEDICAL CENTER, INC",1050 DIVISION ST,MAUSTON,WI,53948,WI - Madison,15,$10804.73,$5292.00,$4388.53
690 - KIDNEY & URINARY TRACT INFECTIONS W/O MCC,520113,BAY AREA MED CTR,3100 SHORE DR,MARINETTE,WI,54143,WI - Green Bay,52,$10486.28,$4570.40,$3837.63
690 - KIDNEY & URINARY TRACT INFECTIONS W/O MCC,520116,UW HLTH PARTNERS - WATERTOWN REGIONAL MEDICAL CTR,125 HOSPITAL DR,WATERTOWN,WI,53098,WI - Madison,13,$10666.84,$5107.07,$4267.30
690 - KIDNEY & URINARY TRACT INFECTIONS W/O MCC,520136,"WHEATON FRANCISCAN, INC- ST JOSEPH",5000 W CHAMBERS ST,MILWAUKEE,WI,53210,WI - Milwaukee,39,$13894.92,$6313.23,$5235.84
690 - KIDNEY & URINARY TRACT INFECTIONS W/O MCC,520138,AURORA ST LUKES MEDICAL CENTER,2900 W OKLAHOMA AVE,MILWAUKEE,WI,53215,WI - Milwaukee,264,$19453.15,$5742.90,$4741.79
690 - KIDNEY & URINARY TRACT INFECTIONS W/O MCC,520139,AURORA WEST ALLIS MEDICAL CENTER,8901 W LINCOLN AVE,WEST ALLIS,WI,53227,WI - Milwaukee,141,$17520.57,$4635.50,$3759.19
690 - KIDNEY & URINARY TRACT INFECTIONS W/O MCC,520160,APPLETON MED CTR,1818 N MEADE ST,APPLETON,WI,54911,WI - Appleton,36,$8957.55,$4342.13,$3342.13
690 - KIDNEY & URINARY TRACT INFECTIONS W/O MCC,520170,WHEATON FRANCISCAN INC - ELMBROOK MEMORIAL,19333 W NORTH AVE,BROOKFIELD,WI,53045,WI - Milwaukee,27,$12759.33,$4373.44,$3586.33
690 - KIDNEY & URINARY TRACT INFECTIONS W/O MCC,520177,FROEDTERT MEM LUTHERAN HSPTL,9200 W WISCONSIN AVE,MILWAUKEE,WI,53226,WI - Milwaukee,162,$14948.83,$7505.12,$6700.23
690 - KIDNEY & URINARY TRACT INFECTIONS W/O MCC,520189,AURORA MED CTR KENOSHA,10400 75TH ST,KENOSHA,WI,53142,WI - Milwaukee,29,$16408.75,$4983.62,$4288.72
690 - KIDNEY & URINARY TRACT INFECTIONS W/O MCC,520193,AURORA BAYCARE MED CTR,2845 GREENBRIER RD PO BOX 8900,GREEN BAY,WI,54311,WI - Green Bay,22,$14085.72,$5271.45,$3415.50
690 - KIDNEY & URINARY TRACT INFECTIONS W/O MCC,520198,AURORA MED CTR OSHKOSH,855 N WESTHAVEN DRIVE,OSHKOSH,WI,54904,WI - Neenah,25,$14530.64,$4318.96,$3287.76
690 - KIDNEY & URINARY TRACT INFECTIONS W/O MCC,520202,ST CLARE'S HOSPITAL OF WESTON INC,3400 MINISTRY PARKWAY,WESTON,WI,54476,WI - Wausau,13,$10480.76,$4342.15,$3565.84
690 - KIDNEY & URINARY TRACT INFECTIONS W/O MCC,520204,"WHEATON FRANCISCAN HEALTHCARE- FRANKLIN, INC",10101 SOUTH 27TH STREET,FRANKLIN,WI,53132,WI - Milwaukee,15,$17096.13,$4211.06,$3311.86
690 - KIDNEY & URINARY TRACT INFECTIONS W/O MCC,520207,AURORA MEDICAL CENTER,975 PORT WASHINGTON ROAD,GRAFTON,WI,53024,WI - Milwaukee,42,$15038.35,$3973.76,$3085.09
698 - OTHER KIDNEY & URINARY TRACT DIAGNOSES W MCC,520008,WAUKESHA MEMORIAL HOSPITAL,725 AMERICAN AVE,WAUKESHA,WI,53188,WI - Milwaukee,19,$33527.05,$9472.42,$8643.36
698 - OTHER KIDNEY & URINARY TRACT DIAGNOSES W MCC,520037,MINISTRY SAINT JOSEPH'S HOSPITAL,611 ST JOSEPH AVE,MARSHFIELD,WI,54449,WI - Marshfield,11,$24590.54,$11342.81,$10425.36
698 - OTHER KIDNEY & URINARY TRACT DIAGNOSES W MCC,520075,ST VINCENT HSPTL,835 S VAN BUREN ST,GREEN BAY,WI,54301,WI - Green Bay,35,$22123.05,$9409.00,$7780.74
698 - OTHER KIDNEY & URINARY TRACT DIAGNOSES W MCC,520078,WHEATON FRANCISCAN HEALTHCARE- ST FRANCIS,3237 S 16TH ST,MILWAUKEE,WI,53215,WI - Milwaukee,11,$35275.27,$10948.09,$9693.27
698 - OTHER KIDNEY & URINARY TRACT DIAGNOSES W MCC,520087,GUNDERSEN LUTH MED CTR,1910 SOUTH AVE,LA CROSSE,WI,54601,WI - La Crosse,14,$17631.42,$9812.00,$9169.71
698 - OTHER KIDNEY & URINARY TRACT DIAGNOSES W MCC,520096,WHEATON FRANCISCAN HEALTHCARE- ALL SAINTS,3801 SPRING ST,RACINE,WI,53405,WI - Milwaukee,21,$21387.52,$11298.52,$10764.04
698 - OTHER KIDNEY & URINARY TRACT DIAGNOSES W MCC,520098,UNIVERSITY OF WI  HOSPITALS & CLINICS AUTHORITY,600 HIGHLAND AVENUE,MADISON,WI,53792,WI - Madison,86,$48309.95,$19540.44,$17019.81
698 - OTHER KIDNEY & URINARY TRACT DIAGNOSES W MCC,520136,"WHEATON FRANCISCAN, INC- ST JOSEPH",5000 W CHAMBERS ST,MILWAUKEE,WI,53210,WI - Milwaukee,28,$31058.71,$12098.78,$11286.96
698 - OTHER KIDNEY & URINARY TRACT DIAGNOSES W MCC,520138,AURORA ST LUKES MEDICAL CENTER,2900 W OKLAHOMA AVE,MILWAUKEE,WI,53215,WI - Milwaukee,100,$48146.85,$12416.61,$11654.74
698 - OTHER KIDNEY & URINARY TRACT DIAGNOSES W MCC,520139,AURORA WEST ALLIS MEDICAL CENTER,8901 W LINCOLN AVE,WEST ALLIS,WI,53227,WI - Milwaukee,24,$29700.83,$9453.33,$8927.04
698 - OTHER KIDNEY & URINARY TRACT DIAGNOSES W MCC,520177,FROEDTERT MEM LUTHERAN HSPTL,9200 W WISCONSIN AVE,MILWAUKEE,WI,53226,WI - Milwaukee,82,$30498.86,$15186.71,$13761.46
698 - OTHER KIDNEY & URINARY TRACT DIAGNOSES W MCC,520193,AURORA BAYCARE MED CTR,2845 GREENBRIER RD PO BOX 8900,GREEN BAY,WI,54311,WI - Green Bay,21,$30189.38,$10063.47,$9371.85
699 - OTHER KIDNEY & URINARY TRACT DIAGNOSES W CC,520027,"COLUMBIA ST MARY'S HOSPITAL OZAUKEE, INC",13111 N PORT WASHINGTON RD,MEQUON,WI,53097,WI - Milwaukee,12,$19087.50,$6356.41,$3875.50
699 - OTHER KIDNEY & URINARY TRACT DIAGNOSES W CC,520030,ASPIRUS WAUSAU HOSPITAL,333 PINE RIDGE BLVD,WAUSAU,WI,54401,WI - Wausau,11,$19593.36,$5813.90,$5099.36
699 - OTHER KIDNEY & URINARY TRACT DIAGNOSES W CC,520051,COLUMBIA ST MARYS HSPTL  MILW (COL & MILW CAMPUS),2323 N LAKE DR,MILWAUKEE,WI,53211,WI - Milwaukee,14,$22916.28,$7289.50,$6485.50
699 - OTHER KIDNEY & URINARY TRACT DIAGNOSES W CC,520070,MAYO CLINIC HEALTH SYSTEM EAU CLAIRE HOSPITAL,1221 WHIPPLE ST,EAU CLAIRE,WI,54703,MN - Minneapolis,25,$15413.40,$5947.60,$4748.72
699 - OTHER KIDNEY & URINARY TRACT DIAGNOSES W CC,520075,ST VINCENT HSPTL,835 S VAN BUREN ST,GREEN BAY,WI,54301,WI - Green Bay,11,$11650.18,$5776.45,$5007.54
699 - OTHER KIDNEY & URINARY TRACT DIAGNOSES W CC,520083,ST MARY'S HOSPITAL,700 SOUTH PARK ST,MADISON,WI,53715,WI - Madison,24,$19632.25,$6578.20,$6013.54
699 - OTHER KIDNEY & URINARY TRACT DIAGNOSES W CC,520087,GUNDERSEN LUTH MED CTR,1910 SOUTH AVE,LA CROSSE,WI,54601,WI - La Crosse,12,$10935.41,$6512.66,$5857.66
699 - OTHER KIDNEY & URINARY TRACT DIAGNOSES W CC,520089,MERITER HSPTL,202 S PARK ST,MADISON,WI,53715,WI - Madison,17,$20136.17,$6623.58,$5961.47
699 - OTHER KIDNEY & URINARY TRACT DIAGNOSES W CC,520098,UNIVERSITY OF WI  HOSPITALS & CLINICS AUTHORITY,600 HIGHLAND AVENUE,MADISON,WI,53792,WI - Madison,112,$25957.62,$10775.61,$9022.37
699 - OTHER KIDNEY & URINARY TRACT DIAGNOSES W CC,520103,COMMUNITY MEM HSPTL,W180 N8085 TOWN HALL RD,MENOMONEE FALLS,WI,53051,WI - Milwaukee,15,$14996.33,$5587.26,$5063.26
699 - OTHER KIDNEY & URINARY TRACT DIAGNOSES W CC,520109,"MILE BLUFF MEDICAL CENTER, INC",1050 DIVISION ST,MAUSTON,WI,53948,WI - Madison,16,$13590.00,$6350.50,$5645.00
699 - OTHER KIDNEY & URINARY TRACT DIAGNOSES W CC,520113,BAY AREA MED CTR,3100 SHORE DR,MARINETTE,WI,54143,WI - Green Bay,11,$12831.81,$5991.00,$5173.54
699 - OTHER KIDNEY & URINARY TRACT DIAGNOSES W CC,520138,AURORA ST LUKES MEDICAL CENTER,2900 W OKLAHOMA AVE,MILWAUKEE,WI,53215,WI - Milwaukee,90,$27320.15,$7318.38,$6354.66
699 - OTHER KIDNEY & URINARY TRACT DIAGNOSES W CC,520139,AURORA WEST ALLIS MEDICAL CENTER,8901 W LINCOLN AVE,WEST ALLIS,WI,53227,WI - Milwaukee,16,$22467.68,$5978.68,$5292.37
699 - OTHER KIDNEY & URINARY TRACT DIAGNOSES W CC,520177,FROEDTERT MEM LUTHERAN HSPTL,9200 W WISCONSIN AVE,MILWAUKEE,WI,53226,WI - Milwaukee,82,$29026.03,$10383.23,$9314.73
699 - OTHER KIDNEY & URINARY TRACT DIAGNOSES W CC,520193,AURORA BAYCARE MED CTR,2845 GREENBRIER RD PO BOX 8900,GREEN BAY,WI,54311,WI - Green Bay,11,$20274.72,$5392.90,$4475.45
811 - RED BLOOD CELL DISORDERS W MCC,520030,ASPIRUS WAUSAU HOSPITAL,333 PINE RIDGE BLVD,WAUSAU,WI,54401,WI - Wausau,11,$37028.18,$7651.00,$7239.36
811 - RED BLOOD CELL DISORDERS W MCC,520078,WHEATON FRANCISCAN HEALTHCARE- ST FRANCIS,3237 S 16TH ST,MILWAUKEE,WI,53215,WI - Milwaukee,18,$24031.61,$8569.38,$7762.50
811 - RED BLOOD CELL DISORDERS W MCC,520083,ST MARY'S HOSPITAL,700 SOUTH PARK ST,MADISON,WI,53715,WI - Madison,16,$20806.75,$8500.75,$7730.50
811 - RED BLOOD CELL DISORDERS W MCC,520089,MERITER HSPTL,202 S PARK ST,MADISON,WI,53715,WI - Madison,11,$22665.90,$8897.81,$8286.18
811 - RED BLOOD CELL DISORDERS W MCC,520096,WHEATON FRANCISCAN HEALTHCARE- ALL SAINTS,3801 SPRING ST,RACINE,WI,53405,WI - Milwaukee,12,$18297.00,$9094.08,$7312.00
811 - RED BLOOD CELL DISORDERS W MCC,520136,"WHEATON FRANCISCAN, INC- ST JOSEPH",5000 W CHAMBERS ST,MILWAUKEE,WI,53210,WI - Milwaukee,13,$20117.07,$9992.69,$9211.46
811 - RED BLOOD CELL DISORDERS W MCC,520138,AURORA ST LUKES MEDICAL CENTER,2900 W OKLAHOMA AVE,MILWAUKEE,WI,53215,WI - Milwaukee,44,$40023.11,$10245.63,$9514.00
811 - RED BLOOD CELL DISORDERS W MCC,520139,AURORA WEST ALLIS MEDICAL CENTER,8901 W LINCOLN AVE,WEST ALLIS,WI,53227,WI - Milwaukee,11,$24828.09,$7176.18,$6358.72
811 - RED BLOOD CELL DISORDERS W MCC,520177,FROEDTERT MEM LUTHERAN HSPTL,9200 W WISCONSIN AVE,MILWAUKEE,WI,53226,WI - Milwaukee,22,$24980.27,$11479.22,$10403.54
812 - RED BLOOD CELL DISORDERS W/O MCC,520002,MINISTRY ST MICHAELS HOSPITAL OF STEVENS POINT,900 ILLINOIS AVE,STEVENS POINT,WI,54481,WI - Marshfield,13,$10155.53,$4624.15,$3671.23
812 - RED BLOOD CELL DISORDERS W/O MCC,520004,"MAYO CLINIC HLTH SYSTEM- FRANCISCAN MED CTR, INC",700 WEST AVE S,LA CROSSE,WI,54601,WI - La Crosse,17,$15921.41,$5358.17,$4365.00
812 - RED BLOOD CELL DISORDERS W/O MCC,520008,WAUKESHA MEMORIAL HOSPITAL,725 AMERICAN AVE,WAUKESHA,WI,53188,WI - Milwaukee,27,$20351.85,$5381.81,$3758.40
812 - RED BLOOD CELL DISORDERS W/O MCC,520013,SACRED HEART HSPTL,900 W CLAIREMONT AVE,EAU CLAIRE,WI,54701,MN - Minneapolis,13,$21974.30,$5331.84,$4640.15
812 - RED BLOOD CELL DISORDERS W/O MCC,520019,MINISTRY ST MARYS HOSPITAL,2251 NORTH SHORE DR,RHINELANDER,WI,54501,WI - Wausau,11,$21278.81,$5183.00,$4362.63
812 - RED BLOOD CELL DISORDERS W/O MCC,520021,UNITED HSPTL SYS,6308 EIGHTH AVE,KENOSHA,WI,53143,WI - Milwaukee,21,$14105.90,$4770.00,$4129.23
812 - RED BLOOD CELL DISORDERS W/O MCC,520027,"COLUMBIA ST MARY'S HOSPITAL OZAUKEE, INC",13111 N PORT WASHINGTON RD,MEQUON,WI,53097,WI - Milwaukee,14,$14710.00,$4504.50,$3628.78
812 - RED BLOOD CELL DISORDERS W/O MCC,520028,THE MONROE CLINIC,2005 5TH STREET,MONROE,WI,53566,WI - Madison,17,$14012.82,$4964.64,$4304.41
812 - RED BLOOD CELL DISORDERS W/O MCC,520030,ASPIRUS WAUSAU HOSPITAL,333 PINE RIDGE BLVD,WAUSAU,WI,54401,WI - Wausau,37,$12879.78,$4738.83,$3982.62
812 - RED BLOOD CELL DISORDERS W/O MCC,520035,AURORA SHEBOYGAN MEM MED CTR,2629 N 7TH ST,SHEBOYGAN,WI,53083,WI - Milwaukee,11,$10852.27,$4726.81,$4218.09
812 - RED BLOOD CELL DISORDERS W/O MCC,520037,MINISTRY SAINT JOSEPH'S HOSPITAL,611 ST JOSEPH AVE,MARSHFIELD,WI,54449,WI - Marshfield,17,$17314.41,$5676.76,$5146.00
812 - RED BLOOD CELL DISORDERS W/O MCC,520051,COLUMBIA ST MARYS HSPTL  MILW (COL & MILW CAMPUS),2323 N LAKE DR,MILWAUKEE,WI,53211,WI - Milwaukee,32,$16820.25,$5855.25,$4983.46
812 - RED BLOOD CELL DISORDERS W/O MCC,520059,AURORA MEMORIAL HSPTL BURLINGTON,252 MCHENRY ST,BURLINGTON,WI,53105,WI - Milwaukee,14,$12805.21,$4532.42,$3894.71
812 - RED BLOOD CELL DISORDERS W/O MCC,520063,ST JOSEPHS COM HSPTL WEST BEND,3200 PLEASANT VALLEY ROAD,WEST BEND,WI,53095,WI - Milwaukee,11,$11039.00,$4499.00,$3575.72
812 - RED BLOOD CELL DISORDERS W/O MCC,520066,MERCY HLTH SYS CORP,1000 MINERAL POINT AVE,JANESVILLE,WI,53548,WI - Madison,23,$14601.65,$4963.73,$4131.21
812 - RED BLOOD CELL DISORDERS W/O MCC,520071,FORT HEALTHCARE,611 SHERMAN AVE E,FORT ATKINSON,WI,53538,WI - Madison,12,$12386.66,$4746.50,$3617.16
812 - RED BLOOD CELL DISORDERS W/O MCC,520075,ST VINCENT HSPTL,835 S VAN BUREN ST,GREEN BAY,WI,54301,WI - Green Bay,11,$17237.45,$4755.45,$3838.00
812 - RED BLOOD CELL DISORDERS W/O MCC,520078,WHEATON FRANCISCAN HEALTHCARE- ST FRANCIS,3237 S 16TH ST,MILWAUKEE,WI,53215,WI - Milwaukee,17,$15302.88,$5424.00,$4499.29
812 - RED BLOOD CELL DISORDERS W/O MCC,520083,ST MARY'S HOSPITAL,700 SOUTH PARK ST,MADISON,WI,53715,WI - Madison,46,$13888.65,$5396.50,$4587.97
812 - RED BLOOD CELL DISORDERS W/O MCC,520088,ST AGNES HSPTL,430 E DIVISON ST,FOND DU LAC,WI,54935,WI - Milwaukee,16,$18854.93,$4799.00,$3887.25
812 - RED BLOOD CELL DISORDERS W/O MCC,520089,MERITER HSPTL,202 S PARK ST,MADISON,WI,53715,WI - Madison,37,$16646.89,$5748.64,$4630.70
812 - RED BLOOD CELL DISORDERS W/O MCC,520095,SAUK PRAIRIE MEM HSPTL,80 FIRST ST,PRAIRIE DU SAC,WI,53578,WI - Madison,14,$8612.35,$5271.07,$4462.50
812 - RED BLOOD CELL DISORDERS W/O MCC,520096,WHEATON FRANCISCAN HEALTHCARE- ALL SAINTS,3801 SPRING ST,RACINE,WI,53405,WI - Milwaukee,46,$14803.30,$5339.08,$4481.26
812 - RED BLOOD CELL DISORDERS W/O MCC,520097,ST MARYS HSPTL MED CTR,1726 SHAWANO AVE,GREEN BAY,WI,54303,WI - Green Bay,12,$20488.25,$4500.16,$3659.16
812 - RED BLOOD CELL DISORDERS W/O MCC,520098,UNIVERSITY OF WI  HOSPITALS & CLINICS AUTHORITY,600 HIGHLAND AVENUE,MADISON,WI,53792,WI - Madison,31,$11921.35,$7854.58,$7077.41
812 - RED BLOOD CELL DISORDERS W/O MCC,520100,BELOIT MEM HSPTL,1969 W HART RD,BELOIT,WI,53511,WI - Madison,19,$18264.36,$4730.84,$3786.00
812 - RED BLOOD CELL DISORDERS W/O MCC,520103,COMMUNITY MEM HSPTL,W180 N8085 TOWN HALL RD,MENOMONEE FALLS,WI,53051,WI - Milwaukee,20,$14246.90,$4502.70,$3828.30
812 - RED BLOOD CELL DISORDERS W/O MCC,520113,BAY AREA MED CTR,3100 SHORE DR,MARINETTE,WI,54143,WI - Green Bay,23,$10410.78,$4713.73,$4076.69
812 - RED BLOOD CELL DISORDERS W/O MCC,520136,"WHEATON FRANCISCAN, INC- ST JOSEPH",5000 W CHAMBERS ST,MILWAUKEE,WI,53210,WI - Milwaukee,39,$14415.35,$6523.30,$5884.38
812 - RED BLOOD CELL DISORDERS W/O MCC,520138,AURORA ST LUKES MEDICAL CENTER,2900 W OKLAHOMA AVE,MILWAUKEE,WI,53215,WI - Milwaukee,105,$20518.46,$5721.94,$4693.03
812 - RED BLOOD CELL DISORDERS W/O MCC,520139,AURORA WEST ALLIS MEDICAL CENTER,8901 W LINCOLN AVE,WEST ALLIS,WI,53227,WI - Milwaukee,28,$24125.53,$4805.00,$3933.42
812 - RED BLOOD CELL DISORDERS W/O MCC,520177,FROEDTERT MEM LUTHERAN HSPTL,9200 W WISCONSIN AVE,MILWAUKEE,WI,53226,WI - Milwaukee,108,$15167.25,$7272.39,$6432.74
812 - RED BLOOD CELL DISORDERS W/O MCC,520189,AURORA MED CTR KENOSHA,10400 75TH ST,KENOSHA,WI,53142,WI - Milwaukee,11,$15200.54,$5048.00,$4024.72
853 - INFECTIOUS & PARASITIC DISEASES W O.R. PROCEDURE W MCC,520008,WAUKESHA MEMORIAL HOSPITAL,725 AMERICAN AVE,WAUKESHA,WI,53188,WI - Milwaukee,31,$85980.87,$32891.64,$31715.77
853 - INFECTIOUS & PARASITIC DISEASES W O.R. PROCEDURE W MCC,520009,ST ELIZABETH HSPTL,1506 S ONEIDA ST,APPLETON,WI,54915,WI - Appleton,11,$60634.90,$32887.27,$25314.72
853 - INFECTIOUS & PARASITIC DISEASES W O.R. PROCEDURE W MCC,520013,SACRED HEART HSPTL,900 W CLAIREMONT AVE,EAU CLAIRE,WI,54701,MN - Minneapolis,13,$147931.61,$46859.23,$46211.15
853 - INFECTIOUS & PARASITIC DISEASES W O.R. PROCEDURE W MCC,520027,"COLUMBIA ST MARY'S HOSPITAL OZAUKEE, INC",13111 N PORT WASHINGTON RD,MEQUON,WI,53097,WI - Milwaukee,11,$115168.54,$30235.81,$29221.36
853 - INFECTIOUS & PARASITIC DISEASES W O.R. PROCEDURE W MCC,520030,ASPIRUS WAUSAU HOSPITAL,333 PINE RIDGE BLVD,WAUSAU,WI,54401,WI - Wausau,19,$122125.78,$47662.42,$33453.26
853 - INFECTIOUS & PARASITIC DISEASES W O.R. PROCEDURE W MCC,520037,MINISTRY SAINT JOSEPH'S HOSPITAL,611 ST JOSEPH AVE,MARSHFIELD,WI,54449,WI - Marshfield,13,$118110.69,$45746.69,$44399.38
853 - INFECTIOUS & PARASITIC DISEASES W O.R. PROCEDURE W MCC,520051,COLUMBIA ST MARYS HSPTL  MILW (COL & MILW CAMPUS),2323 N LAKE DR,MILWAUKEE,WI,53211,WI - Milwaukee,21,$142801.42,$48218.71,$46338.09
853 - INFECTIOUS & PARASITIC DISEASES W O.R. PROCEDURE W MCC,520059,AURORA MEMORIAL HSPTL BURLINGTON,252 MCHENRY ST,BURLINGTON,WI,53105,WI - Milwaukee,11,$62669.45,$26794.00,$20580.81
853 - INFECTIOUS & PARASITIC DISEASES W O.R. PROCEDURE W MCC,520066,MERCY HLTH SYS CORP,1000 MINERAL POINT AVE,JANESVILLE,WI,53548,WI - Madison,14,$105343.64,$33314.71,$29240.71
853 - INFECTIOUS & PARASITIC DISEASES W O.R. PROCEDURE W MCC,520070,MAYO CLINIC HEALTH SYSTEM EAU CLAIRE HOSPITAL,1221 WHIPPLE ST,EAU CLAIRE,WI,54703,MN - Minneapolis,16,$93182.25,$32915.50,$32003.68
853 - INFECTIOUS & PARASITIC DISEASES W O.R. PROCEDURE W MCC,520075,ST VINCENT HSPTL,835 S VAN BUREN ST,GREEN BAY,WI,54301,WI - Green Bay,43,$80043.18,$33159.32,$30927.18
853 - INFECTIOUS & PARASITIC DISEASES W O.R. PROCEDURE W MCC,520078,WHEATON FRANCISCAN HEALTHCARE- ST FRANCIS,3237 S 16TH ST,MILWAUKEE,WI,53215,WI - Milwaukee,29,$90032.03,$35362.20,$34631.41
853 - INFECTIOUS & PARASITIC DISEASES W O.R. PROCEDURE W MCC,520083,ST MARY'S HOSPITAL,700 SOUTH PARK ST,MADISON,WI,53715,WI - Madison,25,$123248.88,$41977.00,$41106.16
853 - INFECTIOUS & PARASITIC DISEASES W O.R. PROCEDURE W MCC,520087,GUNDERSEN LUTH MED CTR,1910 SOUTH AVE,LA CROSSE,WI,54601,WI - La Crosse,16,$44259.75,$28650.12,$27811.12
853 - INFECTIOUS & PARASITIC DISEASES W O.R. PROCEDURE W MCC,520089,MERITER HSPTL,202 S PARK ST,MADISON,WI,53715,WI - Madison,15,$198212.73,$54571.06,$53896.13
853 - INFECTIOUS & PARASITIC DISEASES W O.R. PROCEDURE W MCC,520096,WHEATON FRANCISCAN HEALTHCARE- ALL SAINTS,3801 SPRING ST,RACINE,WI,53405,WI - Milwaukee,47,$78254.17,$40457.89,$34691.74
853 - INFECTIOUS & PARASITIC DISEASES W O.R. PROCEDURE W MCC,520098,UNIVERSITY OF WI  HOSPITALS & CLINICS AUTHORITY,600 HIGHLAND AVENUE,MADISON,WI,53792,WI - Madison,38,$132223.65,$60775.36,$54058.15
853 - INFECTIOUS & PARASITIC DISEASES W O.R. PROCEDURE W MCC,520136,"WHEATON FRANCISCAN, INC- ST JOSEPH",5000 W CHAMBERS ST,MILWAUKEE,WI,53210,WI - Milwaukee,30,$112540.06,$45615.86,$44589.73
853 - INFECTIOUS & PARASITIC DISEASES W O.R. PROCEDURE W MCC,520138,AURORA ST LUKES MEDICAL CENTER,2900 W OKLAHOMA AVE,MILWAUKEE,WI,53215,WI - Milwaukee,99,$147002.29,$41744.58,$38819.32
853 - INFECTIOUS & PARASITIC DISEASES W O.R. PROCEDURE W MCC,520139,AURORA WEST ALLIS MEDICAL CENTER,8901 W LINCOLN AVE,WEST ALLIS,WI,53227,WI - Milwaukee,25,$88467.40,$30382.40,$29612.84
853 - INFECTIOUS & PARASITIC DISEASES W O.R. PROCEDURE W MCC,520170,WHEATON FRANCISCAN INC - ELMBROOK MEMORIAL,19333 W NORTH AVE,BROOKFIELD,WI,53045,WI - Milwaukee,11,$86103.90,$28055.36,$22359.63
853 - INFECTIOUS & PARASITIC DISEASES W O.R. PROCEDURE W MCC,520177,FROEDTERT MEM LUTHERAN HSPTL,9200 W WISCONSIN AVE,MILWAUKEE,WI,53226,WI - Milwaukee,25,$118881.08,$55636.36,$55051.64
853 - INFECTIOUS & PARASITIC DISEASES W O.R. PROCEDURE W MCC,520193,AURORA BAYCARE MED CTR,2845 GREENBRIER RD PO BOX 8900,GREEN BAY,WI,54311,WI - Green Bay,11,$80248.00,$30314.09,$29596.72
870 - SEPTICEMIA OR SEVERE SEPSIS W MV 96+ HOURS,520008,WAUKESHA MEMORIAL HOSPITAL,725 AMERICAN AVE,WAUKESHA,WI,53188,WI - Milwaukee,12,$108520.16,$37372.33,$35768.75
870 - SEPTICEMIA OR SEVERE SEPSIS W MV 96+ HOURS,520096,WHEATON FRANCISCAN HEALTHCARE- ALL SAINTS,3801 SPRING ST,RACINE,WI,53405,WI - Milwaukee,12,$125268.58,$45117.00,$44344.16
870 - SEPTICEMIA OR SEVERE SEPSIS W MV 96+ HOURS,520098,UNIVERSITY OF WI  HOSPITALS & CLINICS AUTHORITY,600 HIGHLAND AVENUE,MADISON,WI,53792,WI - Madison,17,$183654.64,$74399.82,$67526.64
870 - SEPTICEMIA OR SEVERE SEPSIS W MV 96+ HOURS,520138,AURORA ST LUKES MEDICAL CENTER,2900 W OKLAHOMA AVE,MILWAUKEE,WI,53215,WI - Milwaukee,44,$151329.84,$41933.93,$39136.93
870 - SEPTICEMIA OR SEVERE SEPSIS W MV 96+ HOURS,520139,AURORA WEST ALLIS MEDICAL CENTER,8901 W LINCOLN AVE,WEST ALLIS,WI,53227,WI - Milwaukee,12,$70830.91,$27233.00,$25470.25
870 - SEPTICEMIA OR SEVERE SEPSIS W MV 96+ HOURS,520177,FROEDTERT MEM LUTHERAN HSPTL,9200 W WISCONSIN AVE,MILWAUKEE,WI,53226,WI - Milwaukee,22,$104314.13,$51988.50,$50664.36
871 - SEPTICEMIA OR SEVERE SEPSIS W/O MV 96+ HOURS W MCC,520002,MINISTRY ST MICHAELS HOSPITAL OF STEVENS POINT,900 ILLINOIS AVE,STEVENS POINT,WI,54481,WI - Marshfield,81,$23053.76,$10891.02,$10237.01
871 - SEPTICEMIA OR SEVERE SEPSIS W/O MV 96+ HOURS W MCC,520004,"MAYO CLINIC HLTH SYSTEM- FRANCISCAN MED CTR, INC",700 WEST AVE S,LA CROSSE,WI,54601,WI - La Crosse,62,$31528.80,$12164.93,$11347.98
871 - SEPTICEMIA OR SEVERE SEPSIS W/O MV 96+ HOURS W MCC,520008,WAUKESHA MEMORIAL HOSPITAL,725 AMERICAN AVE,WAUKESHA,WI,53188,WI - Milwaukee,290,$32874.32,$11771.59,$10427.92
871 - SEPTICEMIA OR SEVERE SEPSIS W/O MV 96+ HOURS W MCC,520009,ST ELIZABETH HSPTL,1506 S ONEIDA ST,APPLETON,WI,54915,WI - Appleton,42,$18361.30,$11776.50,$9467.85
871 - SEPTICEMIA OR SEVERE SEPSIS W/O MV 96+ HOURS W MCC,520011,LAKEVIEW MED CENTER,1700 WEST STOUT STREET,RICE LAKE,WI,54868,WI - Marshfield,33,$18186.87,$10264.66,$9515.78
871 - SEPTICEMIA OR SEVERE SEPSIS W/O MV 96+ HOURS W MCC,520013,SACRED HEART HSPTL,900 W CLAIREMONT AVE,EAU CLAIRE,WI,54701,MN - Minneapolis,99,$43597.11,$13713.81,$12757.79
871 - SEPTICEMIA OR SEVERE SEPSIS W/O MV 96+ HOURS W MCC,520017,ST JOSEPHS HSPTL,2661 CTY HWY I,CHIPPEWA FALLS,WI,54729,WI - Marshfield,19,$24738.26,$11970.42,$10582.00
871 - SEPTICEMIA OR SEVERE SEPSIS W/O MV 96+ HOURS W MCC,520019,MINISTRY ST MARYS HOSPITAL,2251 NORTH SHORE DR,RHINELANDER,WI,54501,WI - Wausau,39,$25637.71,$12223.87,$11564.48
871 - SEPTICEMIA OR SEVERE SEPSIS W/O MV 96+ HOURS W MCC,520021,UNITED HSPTL SYS,6308 EIGHTH AVE,KENOSHA,WI,53143,WI - Milwaukee,43,$30562.58,$11687.32,$10106.44
871 - SEPTICEMIA OR SEVERE SEPSIS W/O MV 96+ HOURS W MCC,520027,"COLUMBIA ST MARY'S HOSPITAL OZAUKEE, INC",13111 N PORT WASHINGTON RD,MEQUON,WI,53097,WI - Milwaukee,97,$31176.87,$10918.61,$10133.85
871 - SEPTICEMIA OR SEVERE SEPSIS W/O MV 96+ HOURS W MCC,520028,THE MONROE CLINIC,2005 5TH STREET,MONROE,WI,53566,WI - Madison,41,$32468.51,$11016.24,$10275.46
871 - SEPTICEMIA OR SEVERE SEPSIS W/O MV 96+ HOURS W MCC,520030,ASPIRUS WAUSAU HOSPITAL,333 PINE RIDGE BLVD,WAUSAU,WI,54401,WI - Wausau,114,$30248.99,$12212.04,$10338.17
871 - SEPTICEMIA OR SEVERE SEPSIS W/O MV 96+ HOURS W MCC,520033,RIVERVIEW HSPTL ASSOC,410 DEWEY ST PO BOX 8080,WISCONSIN RAPID,WI,54495,WI - Marshfield,83,$18014.27,$11927.55,$11069.84
871 - SEPTICEMIA OR SEVERE SEPSIS W/O MV 96+ HOURS W MCC,520034,AURORA MED CTR MANITOWOC CTY,5000 MEMORIAL DR,TWO RIVERS,WI,54241,WI - Green Bay,28,$25026.60,$13607.35,$11826.60
871 - SEPTICEMIA OR SEVERE SEPSIS W/O MV 96+ HOURS W MCC,520035,AURORA SHEBOYGAN MEM MED CTR,2629 N 7TH ST,SHEBOYGAN,WI,53083,WI - Milwaukee,22,$27801.36,$12589.81,$9263.77
871 - SEPTICEMIA OR SEVERE SEPSIS W/O MV 96+ HOURS W MCC,520037,MINISTRY SAINT JOSEPH'S HOSPITAL,611 ST JOSEPH AVE,MARSHFIELD,WI,54449,WI - Marshfield,84,$38824.71,$14993.23,$12560.33
871 - SEPTICEMIA OR SEVERE SEPSIS W/O MV 96+ HOURS W MCC,520038,AURORA MED CENTER-WASHINGTON COUNTY,1032 E SUMNER ST,HARTFORD,WI,53027,WI - Milwaukee,21,$30895.42,$11009.14,$10260.61
871 - SEPTICEMIA OR SEVERE SEPSIS W/O MV 96+ HOURS W MCC,520041,DIVINE SAVIOR HLTHCARE,"2817 NEW PINERY RD, P O BOX 387",PORTAGE,WI,53901,WI - Madison,13,$28976.61,$13393.76,$12789.15
871 - SEPTICEMIA OR SEVERE SEPSIS W/O MV 96+ HOURS W MCC,520044,ST NICHOLAS HOSPITAL,3100 SUPERIOR AVE,SHEBOYGAN,WI,53081,WI - Milwaukee,55,$27434.83,$10067.27,$8644.10
871 - SEPTICEMIA OR SEVERE SEPSIS W/O MV 96+ HOURS W MCC,520045,THEDA CLARK MED CTR,130 2ND ST,NEENAH,WI,54956,WI - Neenah,28,$21680.00,$11587.78,$10638.39
871 - SEPTICEMIA OR SEVERE SEPSIS W/O MV 96+ HOURS W MCC,520048,MERCY MED CTR OF OSHKOSH,500 S OAKWOOD RD,OSHKOSH,WI,54904,WI - Neenah,40,$19095.17,$10857.45,$9347.10
871 - SEPTICEMIA OR SEVERE SEPSIS W/O MV 96+ HOURS W MCC,520049,BELLIN MEMORIAL HSPTL,744 S WEBSTER AVE,GREEN BAY,WI,54305,WI - Green Bay,39,$29152.89,$10173.41,$9461.58
871 - SEPTICEMIA OR SEVERE SEPSIS W/O MV 96+ HOURS W MCC,520051,COLUMBIA ST MARYS HSPTL  MILW (COL & MILW CAMPUS),2323 N LAKE DR,MILWAUKEE,WI,53211,WI - Milwaukee,122,$45570.67,$14510.85,$13732.62
871 - SEPTICEMIA OR SEVERE SEPSIS W/O MV 96+ HOURS W MCC,520057,ST CLARE HSPTL HLTH SVCS,707 14TH ST,BARABOO,WI,53913,WI - Madison,13,$25763.07,$9531.61,$8673.15
871 - SEPTICEMIA OR SEVERE SEPSIS W/O MV 96+ HOURS W MCC,520059,AURORA MEMORIAL HSPTL BURLINGTON,252 MCHENRY ST,BURLINGTON,WI,53105,WI - Milwaukee,63,$26268.76,$10021.47,$9041.87
871 - SEPTICEMIA OR SEVERE SEPSIS W/O MV 96+ HOURS W MCC,520062,OCONOMOWOC MEM HSPTL,791 E SUMMIT AVE,OCONOMOWOC,WI,53066,WI - Milwaukee,43,$36244.18,$13222.27,$9875.37
871 - SEPTICEMIA OR SEVERE SEPSIS W/O MV 96+ HOURS W MCC,520063,ST JOSEPHS COM HSPTL WEST BEND,3200 PLEASANT VALLEY ROAD,WEST BEND,WI,53095,WI - Milwaukee,25,$28045.72,$10122.88,$9495.40
871 - SEPTICEMIA OR SEVERE SEPSIS W/O MV 96+ HOURS W MCC,520066,MERCY HLTH SYS CORP,1000 MINERAL POINT AVE,JANESVILLE,WI,53548,WI - Madison,87,$37747.44,$12420.01,$11028.49
871 - SEPTICEMIA OR SEVERE SEPSIS W/O MV 96+ HOURS W MCC,520070,MAYO CLINIC HEALTH SYSTEM EAU CLAIRE HOSPITAL,1221 WHIPPLE ST,EAU CLAIRE,WI,54703,MN - Minneapolis,110,$36382.10,$14494.09,$9629.42
871 - SEPTICEMIA OR SEVERE SEPSIS W/O MV 96+ HOURS W MCC,520071,FORT HEALTHCARE,611 SHERMAN AVE E,FORT ATKINSON,WI,53538,WI - Madison,35,$22607.37,$11009.20,$10029.14
871 - SEPTICEMIA OR SEVERE SEPSIS W/O MV 96+ HOURS W MCC,520075,ST VINCENT HSPTL,835 S VAN BUREN ST,GREEN BAY,WI,54301,WI - Green Bay,137,$26545.67,$11590.06,$10120.69
871 - SEPTICEMIA OR SEVERE SEPSIS W/O MV 96+ HOURS W MCC,520076,BEAVER DAM COM HSPTL,707 S UNIVERSITY AVE,BEAVER DAM,WI,53916,WI - Madison,19,$31346.73,$9550.68,$8840.78
871 - SEPTICEMIA OR SEVERE SEPSIS W/O MV 96+ HOURS W MCC,520078,WHEATON FRANCISCAN HEALTHCARE- ST FRANCIS,3237 S 16TH ST,MILWAUKEE,WI,53215,WI - Milwaukee,170,$37870.74,$12852.06,$11816.60
871 - SEPTICEMIA OR SEVERE SEPSIS W/O MV 96+ HOURS W MCC,520083,ST MARY'S HOSPITAL,700 SOUTH PARK ST,MADISON,WI,53715,WI - Madison,100,$45611.13,$14112.71,$12010.38
871 - SEPTICEMIA OR SEVERE SEPSIS W/O MV 96+ HOURS W MCC,520087,GUNDERSEN LUTH MED CTR,1910 SOUTH AVE,LA CROSSE,WI,54601,WI - La Crosse,148,$27237.36,$12291.51,$11308.89
871 - SEPTICEMIA OR SEVERE SEPSIS W/O MV 96+ HOURS W MCC,520088,ST AGNES HSPTL,430 E DIVISON ST,FOND DU LAC,WI,54935,WI - Milwaukee,41,$30569.97,$11208.09,$10296.60
871 - SEPTICEMIA OR SEVERE SEPSIS W/O MV 96+ HOURS W MCC,520089,MERITER HSPTL,202 S PARK ST,MADISON,WI,53715,WI - Madison,96,$56767.17,$15112.47,$14013.78
871 - SEPTICEMIA OR SEVERE SEPSIS W/O MV 96+ HOURS W MCC,520091,HOWARD YOUNG MED CTR,240 MAPLE ST PO BOX 470,WOODRUFF,WI,54568,WI - Marshfield,44,$26804.38,$12881.95,$11891.45
871 - SEPTICEMIA OR SEVERE SEPSIS W/O MV 96+ HOURS W MCC,520096,WHEATON FRANCISCAN HEALTHCARE- ALL SAINTS,3801 SPRING ST,RACINE,WI,53405,WI - Milwaukee,275,$23559.05,$12585.08,$11787.54
871 - SEPTICEMIA OR SEVERE SEPSIS W/O MV 96+ HOURS W MCC,520097,ST MARYS HSPTL MED CTR,1726 SHAWANO AVE,GREEN BAY,WI,54303,WI - Green Bay,102,$22456.50,$11334.76,$9057.21
871 - SEPTICEMIA OR SEVERE SEPSIS W/O MV 96+ HOURS W MCC,520098,UNIVERSITY OF WI  HOSPITALS & CLINICS AUTHORITY,600 HIGHLAND AVENUE,MADISON,WI,53792,WI - Madison,113,$46169.38,$20639.32,$18373.56
871 - SEPTICEMIA OR SEVERE SEPSIS W/O MV 96+ HOURS W MCC,520100,BELOIT MEM HSPTL,1969 W HART RD,BELOIT,WI,53511,WI - Madison,37,$54569.13,$13894.10,$13140.45
871 - SEPTICEMIA OR SEVERE SEPSIS W/O MV 96+ HOURS W MCC,520102,AURORA LAKELAND MED CTR,W3985 CTY RD NN,ELKHORN,WI,53121,WI - Milwaukee,43,$36347.30,$12170.51,$11413.79
871 - SEPTICEMIA OR SEVERE SEPSIS W/O MV 96+ HOURS W MCC,520103,COMMUNITY MEM HSPTL,W180 N8085 TOWN HALL RD,MENOMONEE FALLS,WI,53051,WI - Milwaukee,54,$28692.29,$10816.00,$9581.09
871 - SEPTICEMIA OR SEVERE SEPSIS W/O MV 96+ HOURS W MCC,520107,HOLY FAMILY MEMORIAL INC,2300 WESTERN AVE PO BOX 1450,MANITOWOC,WI,54221,WI - Green Bay,17,$24998.11,$10675.11,$9817.00
871 - SEPTICEMIA OR SEVERE SEPSIS W/O MV 96+ HOURS W MCC,520113,BAY AREA MED CTR,3100 SHORE DR,MARINETTE,WI,54143,WI - Green Bay,93,$29630.03,$11090.13,$10462.69
871 - SEPTICEMIA OR SEVERE SEPSIS W/O MV 96+ HOURS W MCC,520116,UW HLTH PARTNERS - WATERTOWN REGIONAL MEDICAL CTR,125 HOSPITAL DR,WATERTOWN,WI,53098,WI - Madison,39,$31052.74,$12890.15,$12052.51
871 - SEPTICEMIA OR SEVERE SEPSIS W/O MV 96+ HOURS W MCC,520136,"WHEATON FRANCISCAN, INC- ST JOSEPH",5000 W CHAMBERS ST,MILWAUKEE,WI,53210,WI - Milwaukee,172,$35823.20,$15548.52,$14743.88
871 - SEPTICEMIA OR SEVERE SEPSIS W/O MV 96+ HOURS W MCC,520138,AURORA ST LUKES MEDICAL CENTER,2900 W OKLAHOMA AVE,MILWAUKEE,WI,53215,WI - Milwaukee,404,$55361.52,$15708.83,$12970.46
871 - SEPTICEMIA OR SEVERE SEPSIS W/O MV 96+ HOURS W MCC,520139,AURORA WEST ALLIS MEDICAL CENTER,8901 W LINCOLN AVE,WEST ALLIS,WI,53227,WI - Milwaukee,167,$33197.57,$11142.98,$10237.94
871 - SEPTICEMIA OR SEVERE SEPSIS W/O MV 96+ HOURS W MCC,520160,APPLETON MED CTR,1818 N MEADE ST,APPLETON,WI,54911,WI - Appleton,68,$15004.73,$10197.13,$9194.63
871 - SEPTICEMIA OR SEVERE SEPSIS W/O MV 96+ HOURS W MCC,520170,WHEATON FRANCISCAN INC - ELMBROOK MEMORIAL,19333 W NORTH AVE,BROOKFIELD,WI,53045,WI - Milwaukee,53,$33778.86,$11761.03,$10109.62
871 - SEPTICEMIA OR SEVERE SEPSIS W/O MV 96+ HOURS W MCC,520177,FROEDTERT MEM LUTHERAN HSPTL,9200 W WISCONSIN AVE,MILWAUKEE,WI,53226,WI - Milwaukee,298,$36180.61,$17227.99,$16283.61
871 - SEPTICEMIA OR SEVERE SEPSIS W/O MV 96+ HOURS W MCC,520189,AURORA MED CTR KENOSHA,10400 75TH ST,KENOSHA,WI,53142,WI - Milwaukee,39,$42032.43,$12528.07,$11507.33
871 - SEPTICEMIA OR SEVERE SEPSIS W/O MV 96+ HOURS W MCC,520193,AURORA BAYCARE MED CTR,2845 GREENBRIER RD PO BOX 8900,GREEN BAY,WI,54311,WI - Green Bay,88,$34505.39,$12090.90,$10348.61
871 - SEPTICEMIA OR SEVERE SEPSIS W/O MV 96+ HOURS W MCC,520198,AURORA MED CTR OSHKOSH,855 N WESTHAVEN DRIVE,OSHKOSH,WI,54904,WI - Neenah,36,$27645.80,$10756.27,$10099.52
871 - SEPTICEMIA OR SEVERE SEPSIS W/O MV 96+ HOURS W MCC,520202,ST CLARE'S HOSPITAL OF WESTON INC,3400 MINISTRY PARKWAY,WESTON,WI,54476,WI - Wausau,94,$25040.09,$11795.12,$10286.72
871 - SEPTICEMIA OR SEVERE SEPSIS W/O MV 96+ HOURS W MCC,520204,"WHEATON FRANCISCAN HEALTHCARE- FRANKLIN, INC",10101 SOUTH 27TH STREET,FRANKLIN,WI,53132,WI - Milwaukee,30,$41168.73,$11828.43,$10365.13
871 - SEPTICEMIA OR SEVERE SEPSIS W/O MV 96+ HOURS W MCC,520206,AURORA MEDICAL CENTER,36500 AURORA DRIVE,SUMMIT,WI,53066,WI - Milwaukee,20,$27906.40,$10254.90,$8631.55
871 - SEPTICEMIA OR SEVERE SEPSIS W/O MV 96+ HOURS W MCC,520207,AURORA MEDICAL CENTER,975 PORT WASHINGTON ROAD,GRAFTON,WI,53024,WI - Milwaukee,19,$37899.78,$11130.94,$10594.78
872 - SEPTICEMIA OR SEVERE SEPSIS W/O MV 96+ HOURS W/O MCC,520002,MINISTRY ST MICHAELS HOSPITAL OF STEVENS POINT,900 ILLINOIS AVE,STEVENS POINT,WI,54481,WI - Marshfield,32,$13705.68,$6447.34,$5675.09
872 - SEPTICEMIA OR SEVERE SEPSIS W/O MV 96+ HOURS W/O MCC,520004,"MAYO CLINIC HLTH SYSTEM- FRANCISCAN MED CTR, INC",700 WEST AVE S,LA CROSSE,WI,54601,WI - La Crosse,25,$18431.80,$7567.44,$6620.40
872 - SEPTICEMIA OR SEVERE SEPSIS W/O MV 96+ HOURS W/O MCC,520008,WAUKESHA MEMORIAL HOSPITAL,725 AMERICAN AVE,WAUKESHA,WI,53188,WI - Milwaukee,88,$19850.29,$7623.47,$5532.90
872 - SEPTICEMIA OR SEVERE SEPSIS W/O MV 96+ HOURS W/O MCC,520011,LAKEVIEW MED CENTER,1700 WEST STOUT STREET,RICE LAKE,WI,54868,WI - Marshfield,21,$11606.04,$5719.71,$4809.42
872 - SEPTICEMIA OR SEVERE SEPSIS W/O MV 96+ HOURS W/O MCC,520013,SACRED HEART HSPTL,900 W CLAIREMONT AVE,EAU CLAIRE,WI,54701,MN - Minneapolis,21,$21664.09,$7251.28,$6345.57
872 - SEPTICEMIA OR SEVERE SEPSIS W/O MV 96+ HOURS W/O MCC,520019,MINISTRY ST MARYS HOSPITAL,2251 NORTH SHORE DR,RHINELANDER,WI,54501,WI - Wausau,20,$14564.65,$7083.40,$6299.00
872 - SEPTICEMIA OR SEVERE SEPSIS W/O MV 96+ HOURS W/O MCC,520021,UNITED HSPTL SYS,6308 EIGHTH AVE,KENOSHA,WI,53143,WI - Milwaukee,33,$22091.78,$7036.75,$6455.57
872 - SEPTICEMIA OR SEVERE SEPSIS W/O MV 96+ HOURS W/O MCC,520027,"COLUMBIA ST MARY'S HOSPITAL OZAUKEE, INC",13111 N PORT WASHINGTON RD,MEQUON,WI,53097,WI - Milwaukee,36,$24104.00,$6494.66,$5749.77
872 - SEPTICEMIA OR SEVERE SEPSIS W/O MV 96+ HOURS W/O MCC,520028,THE MONROE CLINIC,2005 5TH STREET,MONROE,WI,53566,WI - Madison,35,$18492.54,$6768.71,$5967.45
872 - SEPTICEMIA OR SEVERE SEPSIS W/O MV 96+ HOURS W/O MCC,520030,ASPIRUS WAUSAU HOSPITAL,333 PINE RIDGE BLVD,WAUSAU,WI,54401,WI - Wausau,51,$17126.00,$6911.66,$5750.84
872 - SEPTICEMIA OR SEVERE SEPSIS W/O MV 96+ HOURS W/O MCC,520033,RIVERVIEW HSPTL ASSOC,410 DEWEY ST PO BOX 8080,WISCONSIN RAPID,WI,54495,WI - Marshfield,35,$12725.34,$7317.00,$6451.97
872 - SEPTICEMIA OR SEVERE SEPSIS W/O MV 96+ HOURS W/O MCC,520037,MINISTRY SAINT JOSEPH'S HOSPITAL,611 ST JOSEPH AVE,MARSHFIELD,WI,54449,WI - Marshfield,42,$23537.95,$8854.38,$6805.11
872 - SEPTICEMIA OR SEVERE SEPSIS W/O MV 96+ HOURS W/O MCC,520038,AURORA MED CENTER-WASHINGTON COUNTY,1032 E SUMNER ST,HARTFORD,WI,53027,WI - Milwaukee,11,$18528.36,$6690.90,$4753.36
872 - SEPTICEMIA OR SEVERE SEPSIS W/O MV 96+ HOURS W/O MCC,520044,ST NICHOLAS HOSPITAL,3100 SUPERIOR AVE,SHEBOYGAN,WI,53081,WI - Milwaukee,24,$14958.37,$6067.25,$4576.54
872 - SEPTICEMIA OR SEVERE SEPSIS W/O MV 96+ HOURS W/O MCC,520045,THEDA CLARK MED CTR,130 2ND ST,NEENAH,WI,54956,WI - Neenah,19,$12883.84,$6783.68,$5526.89
872 - SEPTICEMIA OR SEVERE SEPSIS W/O MV 96+ HOURS W/O MCC,520048,MERCY MED CTR OF OSHKOSH,500 S OAKWOOD RD,OSHKOSH,WI,54904,WI - Neenah,15,$12107.06,$6472.13,$5265.40
872 - SEPTICEMIA OR SEVERE SEPSIS W/O MV 96+ HOURS W/O MCC,520049,BELLIN MEMORIAL HSPTL,744 S WEBSTER AVE,GREEN BAY,WI,54305,WI - Green Bay,32,$13701.78,$6034.65,$5052.15
872 - SEPTICEMIA OR SEVERE SEPSIS W/O MV 96+ HOURS W/O MCC,520051,COLUMBIA ST MARYS HSPTL  MILW (COL & MILW CAMPUS),2323 N LAKE DR,MILWAUKEE,WI,53211,WI - Milwaukee,46,$23510.58,$8133.13,$7105.45
872 - SEPTICEMIA OR SEVERE SEPSIS W/O MV 96+ HOURS W/O MCC,520057,ST CLARE HSPTL HLTH SVCS,707 14TH ST,BARABOO,WI,53913,WI - Madison,13,$21049.30,$7032.07,$6166.23
872 - SEPTICEMIA OR SEVERE SEPSIS W/O MV 96+ HOURS W/O MCC,520059,AURORA MEMORIAL HSPTL BURLINGTON,252 MCHENRY ST,BURLINGTON,WI,53105,WI - Milwaukee,42,$19609.02,$7212.33,$5040.11
872 - SEPTICEMIA OR SEVERE SEPSIS W/O MV 96+ HOURS W/O MCC,520063,ST JOSEPHS COM HSPTL WEST BEND,3200 PLEASANT VALLEY ROAD,WEST BEND,WI,53095,WI - Milwaukee,16,$23604.75,$6874.43,$6174.93
872 - SEPTICEMIA OR SEVERE SEPSIS W/O MV 96+ HOURS W/O MCC,520066,MERCY HLTH SYS CORP,1000 MINERAL POINT AVE,JANESVILLE,WI,53548,WI - Madison,59,$21524.49,$7225.38,$6094.06
872 - SEPTICEMIA OR SEVERE SEPSIS W/O MV 96+ HOURS W/O MCC,520070,MAYO CLINIC HEALTH SYSTEM EAU CLAIRE HOSPITAL,1221 WHIPPLE ST,EAU CLAIRE,WI,54703,MN - Minneapolis,37,$19759.72,$6893.48,$5670.56
872 - SEPTICEMIA OR SEVERE SEPSIS W/O MV 96+ HOURS W/O MCC,520071,FORT HEALTHCARE,611 SHERMAN AVE E,FORT ATKINSON,WI,53538,WI - Madison,29,$14430.68,$6571.51,$5600.06
872 - SEPTICEMIA OR SEVERE SEPSIS W/O MV 96+ HOURS W/O MCC,520075,ST VINCENT HSPTL,835 S VAN BUREN ST,GREEN BAY,WI,54301,WI - Green Bay,50,$17472.14,$7002.56,$5780.56
872 - SEPTICEMIA OR SEVERE SEPSIS W/O MV 96+ HOURS W/O MCC,520076,BEAVER DAM COM HSPTL,707 S UNIVERSITY AVE,BEAVER DAM,WI,53916,WI - Madison,11,$27721.54,$6998.81,$6072.63
872 - SEPTICEMIA OR SEVERE SEPSIS W/O MV 96+ HOURS W/O MCC,520078,WHEATON FRANCISCAN HEALTHCARE- ST FRANCIS,3237 S 16TH ST,MILWAUKEE,WI,53215,WI - Milwaukee,38,$17174.94,$8193.86,$6881.50
872 - SEPTICEMIA OR SEVERE SEPSIS W/O MV 96+ HOURS W/O MCC,520083,ST MARY'S HOSPITAL,700 SOUTH PARK ST,MADISON,WI,53715,WI - Madison,57,$28480.10,$8374.22,$7040.63
872 - SEPTICEMIA OR SEVERE SEPSIS W/O MV 96+ HOURS W/O MCC,520087,GUNDERSEN LUTH MED CTR,1910 SOUTH AVE,LA CROSSE,WI,54601,WI - La Crosse,52,$20437.53,$7635.09,$6454.51
872 - SEPTICEMIA OR SEVERE SEPSIS W/O MV 96+ HOURS W/O MCC,520088,ST AGNES HSPTL,430 E DIVISON ST,FOND DU LAC,WI,54935,WI - Milwaukee,39,$20212.94,$6668.74,$5950.48
872 - SEPTICEMIA OR SEVERE SEPSIS W/O MV 96+ HOURS W/O MCC,520089,MERITER HSPTL,202 S PARK ST,MADISON,WI,53715,WI - Madison,39,$32675.71,$8233.48,$7542.61
872 - SEPTICEMIA OR SEVERE SEPSIS W/O MV 96+ HOURS W/O MCC,520091,HOWARD YOUNG MED CTR,240 MAPLE ST PO BOX 470,WOODRUFF,WI,54568,WI - Marshfield,26,$20116.69,$7781.53,$6782.61
872 - SEPTICEMIA OR SEVERE SEPSIS W/O MV 96+ HOURS W/O MCC,520096,WHEATON FRANCISCAN HEALTHCARE- ALL SAINTS,3801 SPRING ST,RACINE,WI,53405,WI - Milwaukee,106,$13377.80,$7656.21,$6636.00
872 - SEPTICEMIA OR SEVERE SEPSIS W/O MV 96+ HOURS W/O MCC,520097,ST MARYS HSPTL MED CTR,1726 SHAWANO AVE,GREEN BAY,WI,54303,WI - Green Bay,40,$16808.42,$8122.67,$5008.20
872 - SEPTICEMIA OR SEVERE SEPSIS W/O MV 96+ HOURS W/O MCC,520098,UNIVERSITY OF WI  HOSPITALS & CLINICS AUTHORITY,600 HIGHLAND AVENUE,MADISON,WI,53792,WI - Madison,34,$21580.58,$10952.58,$9555.47
872 - SEPTICEMIA OR SEVERE SEPSIS W/O MV 96+ HOURS W/O MCC,520100,BELOIT MEM HSPTL,1969 W HART RD,BELOIT,WI,53511,WI - Madison,21,$32559.19,$7083.14,$5608.28
872 - SEPTICEMIA OR SEVERE SEPSIS W/O MV 96+ HOURS W/O MCC,520102,AURORA LAKELAND MED CTR,W3985 CTY RD NN,ELKHORN,WI,53121,WI - Milwaukee,30,$18996.70,$7725.06,$5974.40
872 - SEPTICEMIA OR SEVERE SEPSIS W/O MV 96+ HOURS W/O MCC,520103,COMMUNITY MEM HSPTL,W180 N8085 TOWN HALL RD,MENOMONEE FALLS,WI,53051,WI - Milwaukee,29,$23086.24,$6876.03,$5617.62
872 - SEPTICEMIA OR SEVERE SEPSIS W/O MV 96+ HOURS W/O MCC,520107,HOLY FAMILY MEMORIAL INC,2300 WESTERN AVE PO BOX 1450,MANITOWOC,WI,54221,WI - Green Bay,29,$15796.82,$6462.96,$5691.10
872 - SEPTICEMIA OR SEVERE SEPSIS W/O MV 96+ HOURS W/O MCC,520109,"MILE BLUFF MEDICAL CENTER, INC",1050 DIVISION ST,MAUSTON,WI,53948,WI - Madison,14,$19628.28,$7405.57,$6841.85
872 - SEPTICEMIA OR SEVERE SEPSIS W/O MV 96+ HOURS W/O MCC,520113,BAY AREA MED CTR,3100 SHORE DR,MARINETTE,WI,54143,WI - Green Bay,63,$14505.84,$6482.19,$5928.73
872 - SEPTICEMIA OR SEVERE SEPSIS W/O MV 96+ HOURS W/O MCC,520116,UW HLTH PARTNERS - WATERTOWN REGIONAL MEDICAL CTR,125 HOSPITAL DR,WATERTOWN,WI,53098,WI - Madison,13,$16363.00,$7398.30,$6534.92
872 - SEPTICEMIA OR SEVERE SEPSIS W/O MV 96+ HOURS W/O MCC,520136,"WHEATON FRANCISCAN, INC- ST JOSEPH",5000 W CHAMBERS ST,MILWAUKEE,WI,53210,WI - Milwaukee,37,$18909.62,$8949.02,$7871.29
872 - SEPTICEMIA OR SEVERE SEPSIS W/O MV 96+ HOURS W/O MCC,520138,AURORA ST LUKES MEDICAL CENTER,2900 W OKLAHOMA AVE,MILWAUKEE,WI,53215,WI - Milwaukee,171,$29235.22,$8869.73,$7168.16
872 - SEPTICEMIA OR SEVERE SEPSIS W/O MV 96+ HOURS W/O MCC,520139,AURORA WEST ALLIS MEDICAL CENTER,8901 W LINCOLN AVE,WEST ALLIS,WI,53227,WI - Milwaukee,76,$27496.59,$6731.25,$5944.21
872 - SEPTICEMIA OR SEVERE SEPSIS W/O MV 96+ HOURS W/O MCC,520160,APPLETON MED CTR,1818 N MEADE ST,APPLETON,WI,54911,WI - Appleton,21,$16504.14,$7250.52,$6505.00
872 - SEPTICEMIA OR SEVERE SEPSIS W/O MV 96+ HOURS W/O MCC,520170,WHEATON FRANCISCAN INC - ELMBROOK MEMORIAL,19333 W NORTH AVE,BROOKFIELD,WI,53045,WI - Milwaukee,20,$19444.25,$6726.80,$4927.00
872 - SEPTICEMIA OR SEVERE SEPSIS W/O MV 96+ HOURS W/O MCC,520177,FROEDTERT MEM LUTHERAN HSPTL,9200 W WISCONSIN AVE,MILWAUKEE,WI,53226,WI - Milwaukee,104,$22133.32,$10464.36,$9314.40
872 - SEPTICEMIA OR SEVERE SEPSIS W/O MV 96+ HOURS W/O MCC,520189,AURORA MED CTR KENOSHA,10400 75TH ST,KENOSHA,WI,53142,WI - Milwaukee,21,$25195.04,$7199.57,$6555.76
872 - SEPTICEMIA OR SEVERE SEPSIS W/O MV 96+ HOURS W/O MCC,520193,AURORA BAYCARE MED CTR,2845 GREENBRIER RD PO BOX 8900,GREEN BAY,WI,54311,WI - Green Bay,30,$17471.66,$6932.03,$5501.33
872 - SEPTICEMIA OR SEVERE SEPSIS W/O MV 96+ HOURS W/O MCC,520202,ST CLARE'S HOSPITAL OF WESTON INC,3400 MINISTRY PARKWAY,WESTON,WI,54476,WI - Wausau,25,$12589.84,$6740.08,$5261.24
872 - SEPTICEMIA OR SEVERE SEPSIS W/O MV 96+ HOURS W/O MCC,520204,"WHEATON FRANCISCAN HEALTHCARE- FRANKLIN, INC",10101 SOUTH 27TH STREET,FRANKLIN,WI,53132,WI - Milwaukee,18,$21860.00,$6017.00,$5204.77
872 - SEPTICEMIA OR SEVERE SEPSIS W/O MV 96+ HOURS W/O MCC,520206,AURORA MEDICAL CENTER,36500 AURORA DRIVE,SUMMIT,WI,53066,WI - Milwaukee,13,$17208.69,$5933.76,$5413.76
872 - SEPTICEMIA OR SEVERE SEPSIS W/O MV 96+ HOURS W/O MCC,520207,AURORA MEDICAL CENTER,975 PORT WASHINGTON ROAD,GRAFTON,WI,53024,WI - Milwaukee,14,$19281.78,$6362.42,$4653.42
885 - PSYCHOSES,520002,MINISTRY ST MICHAELS HOSPITAL OF STEVENS POINT,900 ILLINOIS AVE,STEVENS POINT,WI,54481,WI - Marshfield,104,$8865.08,$7405.31,$4369.67
885 - PSYCHOSES,520004,"MAYO CLINIC HLTH SYSTEM- FRANCISCAN MED CTR, INC",700 WEST AVE S,LA CROSSE,WI,54601,WI - La Crosse,143,$15150.20,$6333.20,$5399.81
885 - PSYCHOSES,520009,ST ELIZABETH HSPTL,1506 S ONEIDA ST,APPLETON,WI,54915,WI - Appleton,131,$8941.76,$5473.72,$4603.10
885 - PSYCHOSES,520013,SACRED HEART HSPTL,900 W CLAIREMONT AVE,EAU CLAIRE,WI,54701,MN - Minneapolis,160,$10150.91,$6065.21,$5277.73
885 - PSYCHOSES,520035,AURORA SHEBOYGAN MEM MED CTR,2629 N 7TH ST,SHEBOYGAN,WI,53083,WI - Milwaukee,160,$17891.10,$5535.20,$4550.37
885 - PSYCHOSES,520045,THEDA CLARK MED CTR,130 2ND ST,NEENAH,WI,54956,WI - Neenah,148,$7619.62,$5477.24,$4120.89
885 - PSYCHOSES,520048,MERCY MED CTR OF OSHKOSH,500 S OAKWOOD RD,OSHKOSH,WI,54904,WI - Neenah,86,$7372.74,$5317.05,$4422.53
885 - PSYCHOSES,520051,COLUMBIA ST MARYS HSPTL  MILW (COL & MILW CAMPUS),2323 N LAKE DR,MILWAUKEE,WI,53211,WI - Milwaukee,175,$15143.94,$6782.60,$5982.94
885 - PSYCHOSES,520066,MERCY HLTH SYS CORP,1000 MINERAL POINT AVE,JANESVILLE,WI,53548,WI - Madison,147,$9729.72,$5668.53,$4957.97
885 - PSYCHOSES,520070,MAYO CLINIC HEALTH SYSTEM EAU CLAIRE HOSPITAL,1221 WHIPPLE ST,EAU CLAIRE,WI,54703,MN - Minneapolis,175,$9271.22,$5191.40,$4356.82
885 - PSYCHOSES,520078,WHEATON FRANCISCAN HEALTHCARE- ST FRANCIS,3237 S 16TH ST,MILWAUKEE,WI,53215,WI - Milwaukee,160,$11882.40,$6171.05,$5331.41
885 - PSYCHOSES,520083,ST MARY'S HOSPITAL,700 SOUTH PARK ST,MADISON,WI,53715,WI - Madison,14,$12624.14,$6130.14,$5328.42
885 - PSYCHOSES,520087,GUNDERSEN LUTH MED CTR,1910 SOUTH AVE,LA CROSSE,WI,54601,WI - La Crosse,179,$17980.58,$6657.10,$5862.90
885 - PSYCHOSES,520096,WHEATON FRANCISCAN HEALTHCARE- ALL SAINTS,3801 SPRING ST,RACINE,WI,53405,WI - Milwaukee,452,$11719.38,$6155.56,$5344.04
885 - PSYCHOSES,520103,COMMUNITY MEM HSPTL,W180 N8085 TOWN HALL RD,MENOMONEE FALLS,WI,53051,WI - Milwaukee,14,$14094.42,$5982.00,$3662.64
885 - PSYCHOSES,520138,AURORA ST LUKES MEDICAL CENTER,2900 W OKLAHOMA AVE,MILWAUKEE,WI,53215,WI - Milwaukee,210,$20669.34,$6869.84,$5930.37
885 - PSYCHOSES,520177,FROEDTERT MEM LUTHERAN HSPTL,9200 W WISCONSIN AVE,MILWAUKEE,WI,53226,WI - Milwaukee,14,$17301.71,$8508.07,$7948.92
897 - ALCOHOL/DRUG ABUSE OR DEPENDENCE W/O REHABILITATION THERAPY W/O MCC,520002,MINISTRY ST MICHAELS HOSPITAL OF STEVENS POINT,900 ILLINOIS AVE,STEVENS POINT,WI,54481,WI - Marshfield,31,$8519.77,$3787.09,$3133.93
897 - ALCOHOL/DRUG ABUSE OR DEPENDENCE W/O REHABILITATION THERAPY W/O MCC,520004,"MAYO CLINIC HLTH SYSTEM- FRANCISCAN MED CTR, INC",700 WEST AVE S,LA CROSSE,WI,54601,WI - La Crosse,57,$11614.75,$4445.61,$3895.71
897 - ALCOHOL/DRUG ABUSE OR DEPENDENCE W/O REHABILITATION THERAPY W/O MCC,520008,WAUKESHA MEMORIAL HOSPITAL,725 AMERICAN AVE,WAUKESHA,WI,53188,WI - Milwaukee,18,$9195.50,$4570.16,$2916.22
897 - ALCOHOL/DRUG ABUSE OR DEPENDENCE W/O REHABILITATION THERAPY W/O MCC,520009,ST ELIZABETH HSPTL,1506 S ONEIDA ST,APPLETON,WI,54915,WI - Appleton,17,$7454.64,$3902.23,$3173.52
897 - ALCOHOL/DRUG ABUSE OR DEPENDENCE W/O REHABILITATION THERAPY W/O MCC,520013,SACRED HEART HSPTL,900 W CLAIREMONT AVE,EAU CLAIRE,WI,54701,MN - Minneapolis,13,$10938.38,$4091.46,$3661.00
897 - ALCOHOL/DRUG ABUSE OR DEPENDENCE W/O REHABILITATION THERAPY W/O MCC,520017,ST JOSEPHS HSPTL,2661 CTY HWY I,CHIPPEWA FALLS,WI,54729,WI - Marshfield,81,$6059.54,$4324.08,$3486.25
897 - ALCOHOL/DRUG ABUSE OR DEPENDENCE W/O REHABILITATION THERAPY W/O MCC,520021,UNITED HSPTL SYS,6308 EIGHTH AVE,KENOSHA,WI,53143,WI - Milwaukee,31,$9267.16,$3889.19,$3171.09
897 - ALCOHOL/DRUG ABUSE OR DEPENDENCE W/O REHABILITATION THERAPY W/O MCC,520027,"COLUMBIA ST MARY'S HOSPITAL OZAUKEE, INC",13111 N PORT WASHINGTON RD,MEQUON,WI,53097,WI - Milwaukee,21,$13610.38,$3457.90,$2616.57
897 - ALCOHOL/DRUG ABUSE OR DEPENDENCE W/O REHABILITATION THERAPY W/O MCC,520035,AURORA SHEBOYGAN MEM MED CTR,2629 N 7TH ST,SHEBOYGAN,WI,53083,WI - Milwaukee,40,$11245.85,$4013.25,$2959.82
897 - ALCOHOL/DRUG ABUSE OR DEPENDENCE W/O REHABILITATION THERAPY W/O MCC,520037,MINISTRY SAINT JOSEPH'S HOSPITAL,611 ST JOSEPH AVE,MARSHFIELD,WI,54449,WI - Marshfield,24,$18117.37,$6625.45,$3402.75
897 - ALCOHOL/DRUG ABUSE OR DEPENDENCE W/O REHABILITATION THERAPY W/O MCC,520045,THEDA CLARK MED CTR,130 2ND ST,NEENAH,WI,54956,WI - Neenah,37,$4647.81,$3869.29,$2906.45
897 - ALCOHOL/DRUG ABUSE OR DEPENDENCE W/O REHABILITATION THERAPY W/O MCC,520048,MERCY MED CTR OF OSHKOSH,500 S OAKWOOD RD,OSHKOSH,WI,54904,WI - Neenah,37,$4573.37,$3774.51,$2992.72
897 - ALCOHOL/DRUG ABUSE OR DEPENDENCE W/O REHABILITATION THERAPY W/O MCC,520051,COLUMBIA ST MARYS HSPTL  MILW (COL & MILW CAMPUS),2323 N LAKE DR,MILWAUKEE,WI,53211,WI - Milwaukee,38,$10763.65,$4683.92,$4031.92
897 - ALCOHOL/DRUG ABUSE OR DEPENDENCE W/O REHABILITATION THERAPY W/O MCC,520066,MERCY HLTH SYS CORP,1000 MINERAL POINT AVE,JANESVILLE,WI,53548,WI - Madison,46,$9601.56,$4028.41,$3367.45
897 - ALCOHOL/DRUG ABUSE OR DEPENDENCE W/O REHABILITATION THERAPY W/O MCC,520070,MAYO CLINIC HEALTH SYSTEM EAU CLAIRE HOSPITAL,1221 WHIPPLE ST,EAU CLAIRE,WI,54703,MN - Minneapolis,25,$7183.20,$3651.68,$2792.64
897 - ALCOHOL/DRUG ABUSE OR DEPENDENCE W/O REHABILITATION THERAPY W/O MCC,520078,WHEATON FRANCISCAN HEALTHCARE- ST FRANCIS,3237 S 16TH ST,MILWAUKEE,WI,53215,WI - Milwaukee,51,$8320.00,$4437.25,$3658.60
897 - ALCOHOL/DRUG ABUSE OR DEPENDENCE W/O REHABILITATION THERAPY W/O MCC,520083,ST MARY'S HOSPITAL,700 SOUTH PARK ST,MADISON,WI,53715,WI - Madison,33,$22659.78,$4496.93,$3533.69
897 - ALCOHOL/DRUG ABUSE OR DEPENDENCE W/O REHABILITATION THERAPY W/O MCC,520087,GUNDERSEN LUTH MED CTR,1910 SOUTH AVE,LA CROSSE,WI,54601,WI - La Crosse,16,$11195.12,$4294.87,$3593.37
897 - ALCOHOL/DRUG ABUSE OR DEPENDENCE W/O REHABILITATION THERAPY W/O MCC,520089,MERITER HSPTL,202 S PARK ST,MADISON,WI,53715,WI - Madison,44,$12967.36,$4625.20,$3807.75
897 - ALCOHOL/DRUG ABUSE OR DEPENDENCE W/O REHABILITATION THERAPY W/O MCC,520096,WHEATON FRANCISCAN HEALTHCARE- ALL SAINTS,3801 SPRING ST,RACINE,WI,53405,WI - Milwaukee,66,$9593.86,$4415.51,$3649.06
897 - ALCOHOL/DRUG ABUSE OR DEPENDENCE W/O REHABILITATION THERAPY W/O MCC,520103,COMMUNITY MEM HSPTL,W180 N8085 TOWN HALL RD,MENOMONEE FALLS,WI,53051,WI - Milwaukee,21,$11925.42,$3674.76,$3032.47
897 - ALCOHOL/DRUG ABUSE OR DEPENDENCE W/O REHABILITATION THERAPY W/O MCC,520113,BAY AREA MED CTR,3100 SHORE DR,MARINETTE,WI,54143,WI - Green Bay,16,$11398.43,$3903.00,$2922.50
897 - ALCOHOL/DRUG ABUSE OR DEPENDENCE W/O REHABILITATION THERAPY W/O MCC,520138,AURORA ST LUKES MEDICAL CENTER,2900 W OKLAHOMA AVE,MILWAUKEE,WI,53215,WI - Milwaukee,80,$19580.33,$5003.68,$4067.32
897 - ALCOHOL/DRUG ABUSE OR DEPENDENCE W/O REHABILITATION THERAPY W/O MCC,520139,AURORA WEST ALLIS MEDICAL CENTER,8901 W LINCOLN AVE,WEST ALLIS,WI,53227,WI - Milwaukee,13,$16574.84,$4104.53,$2990.15
897 - ALCOHOL/DRUG ABUSE OR DEPENDENCE W/O REHABILITATION THERAPY W/O MCC,520177,FROEDTERT MEM LUTHERAN HSPTL,9200 W WISCONSIN AVE,MILWAUKEE,WI,53226,WI - Milwaukee,17,$20394.11,$6608.52,$5752.29
917 - POISONING & TOXIC EFFECTS OF DRUGS W MCC,520008,WAUKESHA MEMORIAL HOSPITAL,725 AMERICAN AVE,WAUKESHA,WI,53188,WI - Milwaukee,24,$17941.45,$8319.25,$7178.04
917 - POISONING & TOXIC EFFECTS OF DRUGS W MCC,520021,UNITED HSPTL SYS,6308 EIGHTH AVE,KENOSHA,WI,53143,WI - Milwaukee,15,$26639.66,$8254.60,$7419.80
917 - POISONING & TOXIC EFFECTS OF DRUGS W MCC,520030,ASPIRUS WAUSAU HOSPITAL,333 PINE RIDGE BLVD,WAUSAU,WI,54401,WI - Wausau,13,$18081.84,$7948.15,$6995.23
917 - POISONING & TOXIC EFFECTS OF DRUGS W MCC,520066,MERCY HLTH SYS CORP,1000 MINERAL POINT AVE,JANESVILLE,WI,53548,WI - Madison,11,$25881.81,$9249.72,$8226.45
917 - POISONING & TOXIC EFFECTS OF DRUGS W MCC,520070,MAYO CLINIC HEALTH SYSTEM EAU CLAIRE HOSPITAL,1221 WHIPPLE ST,EAU CLAIRE,WI,54703,MN - Minneapolis,13,$29798.38,$8780.15,$7567.76
917 - POISONING & TOXIC EFFECTS OF DRUGS W MCC,520083,ST MARY'S HOSPITAL,700 SOUTH PARK ST,MADISON,WI,53715,WI - Madison,14,$32946.92,$10653.42,$8701.50
917 - POISONING & TOXIC EFFECTS OF DRUGS W MCC,520087,GUNDERSEN LUTH MED CTR,1910 SOUTH AVE,LA CROSSE,WI,54601,WI - La Crosse,18,$29926.05,$10381.77,$9447.27
917 - POISONING & TOXIC EFFECTS OF DRUGS W MCC,520089,MERITER HSPTL,202 S PARK ST,MADISON,WI,53715,WI - Madison,11,$60353.72,$13722.36,$12902.00
917 - POISONING & TOXIC EFFECTS OF DRUGS W MCC,520096,WHEATON FRANCISCAN HEALTHCARE- ALL SAINTS,3801 SPRING ST,RACINE,WI,53405,WI - Milwaukee,20,$24481.55,$10076.00,$9231.80
917 - POISONING & TOXIC EFFECTS OF DRUGS W MCC,520098,UNIVERSITY OF WI  HOSPITALS & CLINICS AUTHORITY,600 HIGHLAND AVENUE,MADISON,WI,53792,WI - Madison,19,$45327.84,$17849.52,$16901.94
917 - POISONING & TOXIC EFFECTS OF DRUGS W MCC,520136,"WHEATON FRANCISCAN, INC- ST JOSEPH",5000 W CHAMBERS ST,MILWAUKEE,WI,53210,WI - Milwaukee,22,$28176.36,$12291.68,$11524.22
917 - POISONING & TOXIC EFFECTS OF DRUGS W MCC,520138,AURORA ST LUKES MEDICAL CENTER,2900 W OKLAHOMA AVE,MILWAUKEE,WI,53215,WI - Milwaukee,25,$44875.32,$11600.60,$9340.48
917 - POISONING & TOXIC EFFECTS OF DRUGS W MCC,520177,FROEDTERT MEM LUTHERAN HSPTL,9200 W WISCONSIN AVE,MILWAUKEE,WI,53226,WI - Milwaukee,26,$30821.19,$13111.53,$12633.84
918 - POISONING & TOXIC EFFECTS OF DRUGS W/O MCC,520004,"MAYO CLINIC HLTH SYSTEM- FRANCISCAN MED CTR, INC",700 WEST AVE S,LA CROSSE,WI,54601,WI - La Crosse,29,$11355.20,$4362.51,$3530.58
918 - POISONING & TOXIC EFFECTS OF DRUGS W/O MCC,520008,WAUKESHA MEMORIAL HOSPITAL,725 AMERICAN AVE,WAUKESHA,WI,53188,WI - Milwaukee,17,$9866.52,$3636.23,$2990.76
918 - POISONING & TOXIC EFFECTS OF DRUGS W/O MCC,520009,ST ELIZABETH HSPTL,1506 S ONEIDA ST,APPLETON,WI,54915,WI - Appleton,15,$8304.80,$3858.26,$2636.66
918 - POISONING & TOXIC EFFECTS OF DRUGS W/O MCC,520021,UNITED HSPTL SYS,6308 EIGHTH AVE,KENOSHA,WI,53143,WI - Milwaukee,23,$10217.47,$3703.52,$2821.78
918 - POISONING & TOXIC EFFECTS OF DRUGS W/O MCC,520027,"COLUMBIA ST MARY'S HOSPITAL OZAUKEE, INC",13111 N PORT WASHINGTON RD,MEQUON,WI,53097,WI - Milwaukee,13,$14551.46,$3535.38,$2672.00
918 - POISONING & TOXIC EFFECTS OF DRUGS W/O MCC,520030,ASPIRUS WAUSAU HOSPITAL,333 PINE RIDGE BLVD,WAUSAU,WI,54401,WI - Wausau,12,$10062.00,$3696.83,$2937.08
918 - POISONING & TOXIC EFFECTS OF DRUGS W/O MCC,520045,THEDA CLARK MED CTR,130 2ND ST,NEENAH,WI,54956,WI - Neenah,12,$11016.33,$3829.91,$2627.00
918 - POISONING & TOXIC EFFECTS OF DRUGS W/O MCC,520048,MERCY MED CTR OF OSHKOSH,500 S OAKWOOD RD,OSHKOSH,WI,54904,WI - Neenah,15,$6728.53,$3640.60,$3041.13
918 - POISONING & TOXIC EFFECTS OF DRUGS W/O MCC,520051,COLUMBIA ST MARYS HSPTL  MILW (COL & MILW CAMPUS),2323 N LAKE DR,MILWAUKEE,WI,53211,WI - Milwaukee,15,$13591.20,$4602.20,$3853.93
918 - POISONING & TOXIC EFFECTS OF DRUGS W/O MCC,520066,MERCY HLTH SYS CORP,1000 MINERAL POINT AVE,JANESVILLE,WI,53548,WI - Madison,13,$9603.69,$3896.69,$3115.46
918 - POISONING & TOXIC EFFECTS OF DRUGS W/O MCC,520070,MAYO CLINIC HEALTH SYSTEM EAU CLAIRE HOSPITAL,1221 WHIPPLE ST,EAU CLAIRE,WI,54703,MN - Minneapolis,16,$15534.00,$3539.56,$2696.56
918 - POISONING & TOXIC EFFECTS OF DRUGS W/O MCC,520083,ST MARY'S HOSPITAL,700 SOUTH PARK ST,MADISON,WI,53715,WI - Madison,22,$13882.18,$4261.13,$3276.45
918 - POISONING & TOXIC EFFECTS OF DRUGS W/O MCC,520087,GUNDERSEN LUTH MED CTR,1910 SOUTH AVE,LA CROSSE,WI,54601,WI - La Crosse,25,$19833.08,$4380.16,$3704.80
918 - POISONING & TOXIC EFFECTS OF DRUGS W/O MCC,520089,MERITER HSPTL,202 S PARK ST,MADISON,WI,53715,WI - Madison,25,$18558.68,$4698.64,$3976.68
918 - POISONING & TOXIC EFFECTS OF DRUGS W/O MCC,520096,WHEATON FRANCISCAN HEALTHCARE- ALL SAINTS,3801 SPRING ST,RACINE,WI,53405,WI - Milwaukee,15,$10062.40,$4241.73,$3493.46
918 - POISONING & TOXIC EFFECTS OF DRUGS W/O MCC,520098,UNIVERSITY OF WI  HOSPITALS & CLINICS AUTHORITY,600 HIGHLAND AVENUE,MADISON,WI,53792,WI - Madison,24,$13904.62,$6100.62,$5585.79
918 - POISONING & TOXIC EFFECTS OF DRUGS W/O MCC,520103,COMMUNITY MEM HSPTL,W180 N8085 TOWN HALL RD,MENOMONEE FALLS,WI,53051,WI - Milwaukee,14,$11520.21,$3593.42,$2418.92
918 - POISONING & TOXIC EFFECTS OF DRUGS W/O MCC,520113,BAY AREA MED CTR,3100 SHORE DR,MARINETTE,WI,54143,WI - Green Bay,12,$8859.25,$3701.66,$2858.00
918 - POISONING & TOXIC EFFECTS OF DRUGS W/O MCC,520136,"WHEATON FRANCISCAN, INC- ST JOSEPH",5000 W CHAMBERS ST,MILWAUKEE,WI,53210,WI - Milwaukee,14,$18883.21,$5168.64,$4288.35
918 - POISONING & TOXIC EFFECTS OF DRUGS W/O MCC,520138,AURORA ST LUKES MEDICAL CENTER,2900 W OKLAHOMA AVE,MILWAUKEE,WI,53215,WI - Milwaukee,39,$19684.35,$4966.66,$3751.58
918 - POISONING & TOXIC EFFECTS OF DRUGS W/O MCC,520139,AURORA WEST ALLIS MEDICAL CENTER,8901 W LINCOLN AVE,WEST ALLIS,WI,53227,WI - Milwaukee,16,$14117.12,$4123.25,$2635.87
918 - POISONING & TOXIC EFFECTS OF DRUGS W/O MCC,520177,FROEDTERT MEM LUTHERAN HSPTL,9200 W WISCONSIN AVE,MILWAUKEE,WI,53226,WI - Milwaukee,32,$15531.09,$5724.46,$4988.59
948 - SIGNS & SYMPTOMS W/O MCC,520004,"MAYO CLINIC HLTH SYSTEM- FRANCISCAN MED CTR, INC",700 WEST AVE S,LA CROSSE,WI,54601,WI - La Crosse,15,$14579.06,$4534.60,$3859.66
948 - SIGNS & SYMPTOMS W/O MCC,520008,WAUKESHA MEMORIAL HOSPITAL,725 AMERICAN AVE,WAUKESHA,WI,53188,WI - Milwaukee,33,$13626.39,$4130.15,$3249.60
948 - SIGNS & SYMPTOMS W/O MCC,520013,SACRED HEART HSPTL,900 W CLAIREMONT AVE,EAU CLAIRE,WI,54701,MN - Minneapolis,17,$11501.70,$4880.11,$3268.88
948 - SIGNS & SYMPTOMS W/O MCC,520021,UNITED HSPTL SYS,6308 EIGHTH AVE,KENOSHA,WI,53143,WI - Milwaukee,76,$14377.93,$4101.96,$3317.59
948 - SIGNS & SYMPTOMS W/O MCC,520027,"COLUMBIA ST MARY'S HOSPITAL OZAUKEE, INC",13111 N PORT WASHINGTON RD,MEQUON,WI,53097,WI - Milwaukee,17,$12719.82,$3708.11,$2977.52
948 - SIGNS & SYMPTOMS W/O MCC,520028,THE MONROE CLINIC,2005 5TH STREET,MONROE,WI,53566,WI - Madison,15,$16544.00,$4062.66,$3163.46
948 - SIGNS & SYMPTOMS W/O MCC,520030,ASPIRUS WAUSAU HOSPITAL,333 PINE RIDGE BLVD,WAUSAU,WI,54401,WI - Wausau,50,$13291.38,$4511.60,$3193.00
948 - SIGNS & SYMPTOMS W/O MCC,520037,MINISTRY SAINT JOSEPH'S HOSPITAL,611 ST JOSEPH AVE,MARSHFIELD,WI,54449,WI - Marshfield,44,$15537.61,$5513.97,$4877.34
948 - SIGNS & SYMPTOMS W/O MCC,520041,DIVINE SAVIOR HLTHCARE,"2817 NEW PINERY RD, P O BOX 387",PORTAGE,WI,53901,WI - Madison,11,$11766.00,$4734.00,$3816.54
948 - SIGNS & SYMPTOMS W/O MCC,520045,THEDA CLARK MED CTR,130 2ND ST,NEENAH,WI,54956,WI - Neenah,11,$10370.90,$3850.54,$2924.36
948 - SIGNS & SYMPTOMS W/O MCC,520049,BELLIN MEMORIAL HSPTL,744 S WEBSTER AVE,GREEN BAY,WI,54305,WI - Green Bay,15,$10738.80,$3856.60,$3106.20
948 - SIGNS & SYMPTOMS W/O MCC,520051,COLUMBIA ST MARYS HSPTL  MILW (COL & MILW CAMPUS),2323 N LAKE DR,MILWAUKEE,WI,53211,WI - Milwaukee,24,$18691.37,$5110.08,$4269.08
948 - SIGNS & SYMPTOMS W/O MCC,520057,ST CLARE HSPTL HLTH SVCS,707 14TH ST,BARABOO,WI,53913,WI - Madison,16,$13413.75,$4637.87,$3722.12
948 - SIGNS & SYMPTOMS W/O MCC,520059,AURORA MEMORIAL HSPTL BURLINGTON,252 MCHENRY ST,BURLINGTON,WI,53105,WI - Milwaukee,11,$18366.45,$7008.63,$2647.18
948 - SIGNS & SYMPTOMS W/O MCC,520062,OCONOMOWOC MEM HSPTL,791 E SUMMIT AVE,OCONOMOWOC,WI,53066,WI - Milwaukee,17,$14338.17,$3882.00,$3216.11
948 - SIGNS & SYMPTOMS W/O MCC,520063,ST JOSEPHS COM HSPTL WEST BEND,3200 PLEASANT VALLEY ROAD,WEST BEND,WI,53095,WI - Milwaukee,31,$11460.90,$4488.87,$3397.80
948 - SIGNS & SYMPTOMS W/O MCC,520066,MERCY HLTH SYS CORP,1000 MINERAL POINT AVE,JANESVILLE,WI,53548,WI - Madison,22,$15986.54,$4197.90,$3430.45
948 - SIGNS & SYMPTOMS W/O MCC,520070,MAYO CLINIC HEALTH SYSTEM EAU CLAIRE HOSPITAL,1221 WHIPPLE ST,EAU CLAIRE,WI,54703,MN - Minneapolis,26,$11205.23,$4349.11,$2825.57
948 - SIGNS & SYMPTOMS W/O MCC,520076,BEAVER DAM COM HSPTL,707 S UNIVERSITY AVE,BEAVER DAM,WI,53916,WI - Madison,14,$13001.35,$4090.57,$3288.85
948 - SIGNS & SYMPTOMS W/O MCC,520078,WHEATON FRANCISCAN HEALTHCARE- ST FRANCIS,3237 S 16TH ST,MILWAUKEE,WI,53215,WI - Milwaukee,16,$13894.50,$4672.87,$3829.87
948 - SIGNS & SYMPTOMS W/O MCC,520083,ST MARY'S HOSPITAL,700 SOUTH PARK ST,MADISON,WI,53715,WI - Madison,83,$16658.67,$4615.15,$3779.72
948 - SIGNS & SYMPTOMS W/O MCC,520087,GUNDERSEN LUTH MED CTR,1910 SOUTH AVE,LA CROSSE,WI,54601,WI - La Crosse,22,$16546.36,$5992.09,$3457.86
948 - SIGNS & SYMPTOMS W/O MCC,520088,ST AGNES HSPTL,430 E DIVISON ST,FOND DU LAC,WI,54935,WI - Milwaukee,18,$14490.38,$3970.66,$3029.11
948 - SIGNS & SYMPTOMS W/O MCC,520089,MERITER HSPTL,202 S PARK ST,MADISON,WI,53715,WI - Madison,47,$17208.78,$4867.17,$4031.68
948 - SIGNS & SYMPTOMS W/O MCC,520096,WHEATON FRANCISCAN HEALTHCARE- ALL SAINTS,3801 SPRING ST,RACINE,WI,53405,WI - Milwaukee,19,$13798.15,$4482.47,$3828.78
948 - SIGNS & SYMPTOMS W/O MCC,520097,ST MARYS HSPTL MED CTR,1726 SHAWANO AVE,GREEN BAY,WI,54303,WI - Green Bay,14,$11001.64,$3778.78,$2898.50
948 - SIGNS & SYMPTOMS W/O MCC,520098,UNIVERSITY OF WI  HOSPITALS & CLINICS AUTHORITY,600 HIGHLAND AVENUE,MADISON,WI,53792,WI - Madison,37,$14217.16,$7411.21,$6406.05
948 - SIGNS & SYMPTOMS W/O MCC,520100,BELOIT MEM HSPTL,1969 W HART RD,BELOIT,WI,53511,WI - Madison,12,$23587.58,$4082.00,$3429.66
948 - SIGNS & SYMPTOMS W/O MCC,520102,AURORA LAKELAND MED CTR,W3985 CTY RD NN,ELKHORN,WI,53121,WI - Milwaukee,17,$14748.58,$4301.29,$3114.94
948 - SIGNS & SYMPTOMS W/O MCC,520103,COMMUNITY MEM HSPTL,W180 N8085 TOWN HALL RD,MENOMONEE FALLS,WI,53051,WI - Milwaukee,22,$13058.95,$3884.77,$3117.31
948 - SIGNS & SYMPTOMS W/O MCC,520109,"MILE BLUFF MEDICAL CENTER, INC",1050 DIVISION ST,MAUSTON,WI,53948,WI - Madison,12,$11961.41,$4619.00,$3775.33
948 - SIGNS & SYMPTOMS W/O MCC,520113,BAY AREA MED CTR,3100 SHORE DR,MARINETTE,WI,54143,WI - Green Bay,22,$11789.36,$4114.00,$3346.54
948 - SIGNS & SYMPTOMS W/O MCC,520136,"WHEATON FRANCISCAN, INC- ST JOSEPH",5000 W CHAMBERS ST,MILWAUKEE,WI,53210,WI - Milwaukee,14,$10514.28,$5562.50,$4522.78
948 - SIGNS & SYMPTOMS W/O MCC,520138,AURORA ST LUKES MEDICAL CENTER,2900 W OKLAHOMA AVE,MILWAUKEE,WI,53215,WI - Milwaukee,62,$21474.61,$5720.17,$4198.72
948 - SIGNS & SYMPTOMS W/O MCC,520139,AURORA WEST ALLIS MEDICAL CENTER,8901 W LINCOLN AVE,WEST ALLIS,WI,53227,WI - Milwaukee,52,$17707.84,$4084.55,$3363.28
948 - SIGNS & SYMPTOMS W/O MCC,520160,APPLETON MED CTR,1818 N MEADE ST,APPLETON,WI,54911,WI - Appleton,19,$7100.84,$3830.10,$3123.57
948 - SIGNS & SYMPTOMS W/O MCC,520170,WHEATON FRANCISCAN INC - ELMBROOK MEMORIAL,19333 W NORTH AVE,BROOKFIELD,WI,53045,WI - Milwaukee,15,$15669.20,$3885.20,$3141.20
948 - SIGNS & SYMPTOMS W/O MCC,520177,FROEDTERT MEM LUTHERAN HSPTL,9200 W WISCONSIN AVE,MILWAUKEE,WI,53226,WI - Milwaukee,73,$14958.39,$6258.61,$5579.38
948 - SIGNS & SYMPTOMS W/O MCC,520189,AURORA MED CTR KENOSHA,10400 75TH ST,KENOSHA,WI,53142,WI - Milwaukee,28,$18099.85,$4905.17,$3403.85
