gameId,playId,playDescription,quarter,down,yardsToGo,possessionTeam,specialTeamsPlayType,specialTeamsResult,kickerId,yardlineSide,yardlineNumber,gameClock,kickLength,displayName,season,week,gameDate,homeTeamAbbr,visitorTeamAbbr,seasonType
2025_01_ARI_NO,645,"(5:07) 38-C.Ryland 42 yard field goal is GOOD, Center-46-A.Brewer, Holder-12-B.Gillikin.",1,4,12,ARI,Field Goal,Kick Attempt Good,00-0038567,NO,24.0,05:07:00,42.0,C.Ryland,2025,1,2025-09-07,NO,ARI,REG
2025_01_ARI_NO,1680,"(5:02) 19-B.Grupe 36 yard field goal is GOOD, Center-49-Z.Wood, Holder-32-K.Kroeger.",2,4,5,NO,Field Goal,Kick Attempt Good,00-0038905,ARI,18.0,05:02:00,36.0,B.Grupe,2025,1,2025-09-07,NO,ARI,REG
2025_01_ARI_NO,2488,"(9:21) 38-C.Ryland 50 yard field goal is GOOD, Center-46-A.Brewer, Holder-12-B.Gillikin.",3,4,12,ARI,Field Goal,Kick Attempt Good,00-0038567,NO,32.0,09:21:00,50.0,C.Ryland,2025,1,2025-09-07,NO,ARI,REG
2025_01_ARI_NO,2896,"(3:59) 19-B.Grupe 37 yard field goal is No Good, Wide Left, Center-49-Z.Wood, Holder-32-K.Kroeger.",3,4,5,NO,Field Goal,Kick Attempt No Good,00-0038905,ARI,20.0,03:59:00,37.0,B.Grupe,2025,1,2025-09-07,NO,ARI,REG
2025_01_ARI_NO,3903,"(4:40) 38-C.Ryland 46 yard field goal is BLOCKED (90-B.Bresee), Center-46-A.Brewer, Holder-12-B.Gillikin.",4,4,10,ARI,Field Goal,Blocked Kick Attempt,00-0038567,NO,28.0,04:40:00,46.0,C.Ryland,2025,1,2025-09-07,NO,ARI,REG
2025_01_ARI_NO,4166,"(2:44) 19-B.Grupe 28 yard field goal is GOOD, Center-49-Z.Wood, Holder-32-K.Kroeger.",4,4,10,NO,Field Goal,Kick Attempt Good,00-0038905,ARI,10.0,02:44:00,28.0,B.Grupe,2025,1,2025-09-07,NO,ARI,REG
2025_01_BAL_BUF,636,"(3:43) 33-T.Loop 52 yard field goal is GOOD, Center-46-N.Moore, Holder-11-J.Stout.",1,4,22,BAL,Field Goal,Kick Attempt Good,00-0040074,BUF,34.0,03:43:00,52.0,T.Loop,2025,1,2025-09-07,BUF,BAL,REG
2025_01_BAL_BUF,1571,"(2:51) 15-M.Prater 25 yard field goal is GOOD, Center-69-R.Ferguson, Holder-40-B.Robbins.",2,4,5,BUF,Field Goal,Kick Attempt Good,00-0023853,BAL,7.0,02:51:00,25.0,M.Prater,2025,1,2025-09-07,BUF,BAL,REG
2025_01_BAL_BUF,1833,"(:35) 33-T.Loop 49 yard field goal is GOOD, Center-46-N.Moore, Holder-11-J.Stout.",2,4,24,BAL,Field Goal,Kick Attempt Good,00-0040074,BUF,31.0,00:35:00,49.0,T.Loop,2025,1,2025-09-07,BUF,BAL,REG
2025_01_BAL_BUF,1968,"(:01) 15-M.Prater 43 yard field goal is GOOD, Center-69-R.Ferguson, Holder-40-B.Robbins.",2,1,10,BUF,Field Goal,Kick Attempt Good,00-0023853,BAL,25.0,00:01:00,43.0,M.Prater,2025,1,2025-09-07,BUF,BAL,REG
2025_01_BAL_BUF,4673,"(:03) 15-M.Prater 32 yard field goal is GOOD, Center-69-R.Ferguson, Holder-40-B.Robbins.",4,4,14,BUF,Field Goal,Kick Attempt Good,00-0023853,BAL,14.0,00:03:00,32.0,M.Prater,2025,1,2025-09-07,BUF,BAL,REG
2025_01_CAR_JAX,446,"(8:18) 39-C.Little 35 yard field goal is GOOD, Center-46-R.Matiscik, Holder-9-L.Cooke.",1,4,8,JAX,Field Goal,Kick Attempt Good,00-0039409,CAR,17.0,08:18:00,35.0,C.Little,2025,1,2025-09-07,JAX,CAR,REG
2025_01_CAR_JAX,791,"(:41) 10-R.Fitzgerald 48 yard field goal is GOOD, Center-44-J.Jansen, Holder-6-S.Martin.",1,4,5,CAR,Field Goal,Kick Attempt Good,00-0040279,JAX,30.0,00:41:00,48.0,R.Fitzgerald,2025,1,2025-09-07,JAX,CAR,REG
2025_01_CAR_JAX,2093,"(:06) 39-C.Little 47 yard field goal is GOOD, Center-46-R.Matiscik, Holder-9-L.Cooke. PENALTY on CAR-95-D.Brown, Unnecessary Roughness, 15 yards, enforced between downs.",2,1,10,JAX,Field Goal,Kick Attempt Good,00-0039409,CAR,29.0,00:06:00,47.0,C.Little,2025,1,2025-09-07,JAX,CAR,REG
2025_01_CAR_JAX,3514,"(7:12) 39-C.Little 36 yard field goal is GOOD, Center-46-R.Matiscik, Holder-9-L.Cooke.",4,4,9,JAX,Field Goal,Kick Attempt Good,00-0039409,CAR,18.0,07:12:00,36.0,C.Little,2025,1,2025-09-07,JAX,CAR,REG
2025_01_CAR_JAX,4055,"(2:00) 39-C.Little 28 yard field goal is GOOD, Center-46-R.Matiscik, Holder-9-L.Cooke.",4,4,3,JAX,Field Goal,Kick Attempt Good,00-0039409,CAR,10.0,02:00:00,28.0,C.Little,2025,1,2025-09-07,JAX,CAR,REG
2025_01_CIN_CLE,1916,"(:27) 25-A.Szmyt 45 yard field goal is GOOD, Center-50-R.Sunahara, Holder-13-C.Bojorquez.",2,4,5,CLE,Field Goal,Kick Attempt Good,00-0038428,CIN,27.0,00:27:00,45.0,A.Szmyt,2025,1,2025-09-07,CLE,CIN,REG
2025_01_CIN_CLE,2869,"(2:52) 2-E.McPherson 35 yard field goal is GOOD, Center-46-W.Wagner, Holder-8-R.Rehkow.",3,4,4,CIN,Field Goal,Kick Attempt Good,00-0036854,CLE,17.0,02:52:00,35.0,E.McPherson,2025,1,2025-09-07,CLE,CIN,REG
2025_01_CIN_CLE,3730,"(2:25) 25-A.Szmyt 36 yard field goal is No Good, Wide Right, Center-50-R.Sunahara, Holder-13-C.Bojorquez.",4,4,15,CLE,Field Goal,Kick Attempt No Good,00-0038428,CIN,18.0,02:25:00,36.0,A.Szmyt,2025,1,2025-09-07,CLE,CIN,REG
2025_01_DAL_PHI,1531,"(2:38) 17-B.Aubrey 41 yard field goal is GOOD, Center-44-T.Sieg, Holder-5-B.Anger.",2,4,10,DAL,Field Goal,Kick Attempt Good,00-0037692,PHI,23.0,02:38:00,41.0,B.Aubrey,2025,1,2025-09-04,PHI,DAL,REG
2025_01_DAL_PHI,2091,"(:03) 17-B.Aubrey 53 yard field goal is GOOD, Center-44-T.Sieg, Holder-5-B.Anger.",2,2,10,DAL,Field Goal,Kick Attempt Good,00-0037692,PHI,35.0,00:03:00,53.0,B.Aubrey,2025,1,2025-09-04,PHI,DAL,REG
2025_01_DAL_PHI,2377,"(8:35) 4-J.Elliott 58 yard field goal is GOOD, Center-47-C.Hughlett, Holder-10-B.Mann.",3,4,14,PHI,Field Goal,Kick Attempt Good,00-0033787,DAL,40.0,08:35:00,58.0,J.Elliott,2025,1,2025-09-04,PHI,DAL,REG
2025_01_DET_GB,741,"(4:02) 17-B.McManus 34 yard field goal is GOOD, Center-42-M.Orzech, Holder-19-D.Whelan.",1,4,3,GB,Field Goal,Kick Attempt Good,00-0029822,DET,16.0,04:02:00,34.0,B.McManus,2025,1,2025-09-07,GB,DET,REG
2025_01_DET_GB,1292,"(9:30) 39-J.Bates 30 yard field goal is GOOD, Center-49-H.Hatten, Holder-3-J.Fox.",2,4,5,DET,Field Goal,Kick Attempt Good,00-0039172,GB,12.0,09:30:00,30.0,J.Bates,2025,1,2025-09-07,GB,DET,REG
2025_01_DET_GB,2141,"(9:43) 39-J.Bates 27 yard field goal is GOOD, Center-49-H.Hatten, Holder-3-J.Fox.",3,4,9,DET,Field Goal,Kick Attempt Good,00-0039172,GB,9.0,09:43:00,27.0,J.Bates,2025,1,2025-09-07,GB,DET,REG
2025_01_DET_GB,3321,"(4:25) 17-B.McManus 38 yard field goal is GOOD, Center-42-M.Orzech, Holder-19-D.Whelan.",4,4,3,GB,Field Goal,Kick Attempt Good,00-0029822,DET,20.0,04:25:00,38.0,B.McManus,2025,1,2025-09-07,GB,DET,REG
2025_01_HOU_LA,781,"(1:20) 15-K.Fairbairn 51 yard field goal is GOOD, Center-40-A.Brinkman, Holder-6-T.Townsend.",1,4,7,HOU,Field Goal,Kick Attempt Good,00-0032726,LA,33.0,01:20:00,51.0,K.Fairbairn,2025,1,2025-09-07,LA,HOU,REG
2025_01_HOU_LA,1531,"(4:52) 15-K.Fairbairn 45 yard field goal is GOOD, Center-40-A.Brinkman, Holder-6-T.Townsend.",2,4,20,HOU,Field Goal,Kick Attempt Good,00-0032726,LA,27.0,04:52:00,45.0,K.Fairbairn,2025,1,2025-09-07,LA,HOU,REG
2025_01_HOU_LA,2074,"(:03) 15-K.Fairbairn 53 yard field goal is GOOD, Center-40-A.Brinkman, Holder-6-T.Townsend.",2,1,10,HOU,Field Goal,Kick Attempt Good,00-0032726,LA,35.0,00:03:00,53.0,K.Fairbairn,2025,1,2025-09-07,LA,HOU,REG
2025_01_KC_LAC,1132,"(13:50) 11-C.Dicker 39 yard field goal is GOOD, Center-41-R.Lovato, Holder-16-J.Scott. Penalty on KC-2-J.Williams, Defensive Offside, declined.",2,4,16,LAC,Field Goal,Kick Attempt Good,00-0037224,KC,21.0,13:50:00,39.0,C.Dicker,2025,1,2025-09-05,LAC,KC,REG
2025_01_KC_LAC,1633,"(4:53) 7-H.Butker 35 yard field goal is GOOD, Center-41-J.Winchester, Holder-14-M.Araiza.",2,4,17,KC,Field Goal,Kick Attempt Good,00-0033303,LAC,17.0,04:53:00,35.0,H.Butker,2025,1,2025-09-05,LAC,KC,REG
2025_01_KC_LAC,1988,"(:49) 11-C.Dicker 36 yard field goal is GOOD, Center-41-R.Lovato, Holder-16-J.Scott.",2,4,8,LAC,Field Goal,Kick Attempt Good,00-0037224,KC,18.0,00:49:00,36.0,C.Dicker,2025,1,2025-09-05,LAC,KC,REG
2025_01_KC_LAC,2182,"(:03) 7-H.Butker 59 yard field goal is GOOD, Center-41-J.Winchester, Holder-14-M.Araiza.",2,4,17,KC,Field Goal,Kick Attempt Good,00-0033303,LAC,40.0,00:03:00,59.0,H.Butker,2025,1,2025-09-05,LAC,KC,REG
2025_01_KC_LAC,3900,"(2:37) 7-H.Butker 27 yard field goal is GOOD, Center-41-J.Winchester, Holder-14-M.Araiza.",4,4,9,KC,Field Goal,Kick Attempt Good,00-0033303,LAC,9.0,02:37:00,27.0,H.Butker,2025,1,2025-09-05,LAC,KC,REG
2025_01_LV_NE,1450,"(9:11) 36-A.Borregales 40 yard field goal is No Good, Wide Right, Center-47-J.Ashby, Holder-17-B.Baringer.",2,4,17,NE,Field Goal,Kick Attempt No Good,00-0040200,LV,22.0,09:11:00,40.0,A.Borregales,2025,1,2025-09-07,NE,LV,REG
2025_01_LV_NE,1847,"(2:00) 36-A.Borregales 35 yard field goal is GOOD, Center-47-J.Ashby, Holder-17-B.Baringer.",2,4,2,NE,Field Goal,Kick Attempt Good,00-0040200,LV,17.0,02:00:00,35.0,A.Borregales,2025,1,2025-09-07,NE,LV,REG
2025_01_LV_NE,2283,"(:02) 8-D.Carlson 58 yard field goal is No Good, Wide Left, Center-50-J.Bobenmoyer, Holder-6-A.Cole.",2,2,10,LV,Field Goal,Kick Attempt No Good,00-0034161,NE,40.0,00:02:00,58.0,D.Carlson,2025,1,2025-09-07,NE,LV,REG
2025_01_LV_NE,3230,"(:56) 8-D.Carlson 51 yard field goal is GOOD, Center-50-J.Bobenmoyer, Holder-6-A.Cole.",3,4,7,LV,Field Goal,Kick Attempt Good,00-0034161,NE,32.0,00:56:00,51.0,D.Carlson,2025,1,2025-09-07,NE,LV,REG
2025_01_LV_NE,3789,"(6:50) 8-D.Carlson 40 yard field goal is GOOD, Center-50-J.Bobenmoyer, Holder-6-A.Cole.",4,4,2,LV,Field Goal,Kick Attempt Good,00-0034161,NE,22.0,06:50:00,40.0,D.Carlson,2025,1,2025-09-07,NE,LV,REG
2025_01_LV_NE,4456,"(:22) 36-A.Borregales 44 yard field goal is GOOD, Center-47-J.Ashby, Holder-17-B.Baringer.",4,3,10,NE,Field Goal,Kick Attempt Good,00-0040200,LV,26.0,00:22:00,44.0,A.Borregales,2025,1,2025-09-07,NE,LV,REG
2025_01_MIA_IND,263,"(10:41) 3-S.Shrader 24 yard field goal is GOOD, Center-46-L.Rhodes, Holder-8-R.Sanchez.",1,4,5,IND,Field Goal,Kick Attempt Good,00-0039576,MIA,6.0,10:41:00,24.0,S.Shrader,2025,1,2025-09-07,IND,MIA,REG
2025_01_MIA_IND,1800,"(:03) 3-S.Shrader 35 yard field goal is GOOD, Center-46-L.Rhodes, Holder-8-R.Sanchez.",2,4,5,IND,Field Goal,Kick Attempt Good,00-0039576,MIA,16.0,00:03:00,35.0,S.Shrader,2025,1,2025-09-07,IND,MIA,REG
2025_01_MIA_IND,2232,"(7:33) 3-S.Shrader 28 yard field goal is GOOD, Center-46-L.Rhodes, Holder-8-R.Sanchez.",3,4,9,IND,Field Goal,Kick Attempt Good,00-0039576,MIA,10.0,07:33:00,28.0,S.Shrader,2025,1,2025-09-07,IND,MIA,REG
2025_01_MIA_IND,3400,"(2:28) 3-S.Shrader 48 yard field goal is GOOD, Center-46-L.Rhodes, Holder-8-R.Sanchez.",4,4,10,IND,Field Goal,Kick Attempt Good,00-0039576,MIA,30.0,02:28:00,48.0,S.Shrader,2025,1,2025-09-07,IND,MIA,REG
2025_01_MIN_CHI,961,"(12:51) 16-W.Reichard 31 yard field goal is GOOD, Center-42-A.DePaola, Holder-17-R.Wright.",2,4,8,MIN,Field Goal,Kick Attempt Good,00-0039404,CHI,14.0,12:51:00,31.0,W.Reichard,2025,1,2025-09-08,CHI,MIN,REG
2025_01_MIN_CHI,1822,"(:28) 8-C.Santos 42 yard field goal is GOOD, Center-46-S.Daly, Holder-19-T.Taylor.",2,4,2,CHI,Field Goal,Kick Attempt Good,00-0031203,MIN,24.0,00:28:00,42.0,C.Santos,2025,1,2025-09-08,CHI,MIN,REG
2025_01_MIN_CHI,1902,"(:11) 16-W.Reichard 59 yard field goal is GOOD, Center-42-A.DePaola, Holder-17-R.Wright.",2,1,10,MIN,Field Goal,Kick Attempt Good,00-0039404,CHI,41.0,00:11:00,59.0,W.Reichard,2025,1,2025-09-08,CHI,MIN,REG
2025_01_MIN_CHI,3054,"(15:00) 8-C.Santos 50 yard field goal is No Good, Wide Right, Center-46-S.Daly, Holder-19-T.Taylor.",4,4,18,CHI,Field Goal,Kick Attempt No Good,00-0031203,MIN,32.0,15:00:00,50.0,C.Santos,2025,1,2025-09-08,CHI,MIN,REG
2025_01_NYG_WAS,1103,"(14:00) 9-G.Gano 21 yard field goal is GOOD, Center-59-C.Kreiter, Holder-12-J.Gillan.",2,4,2,NYG,Field Goal,Kick Attempt Good,00-0026858,WAS,2.0,14:00:00,21.0,G.Gano,2025,1,2025-09-07,WAS,NYG,REG
2025_01_NYG_WAS,3266,"(1:47) 9-G.Gano 55 yard field goal is GOOD, Center-59-C.Kreiter, Holder-12-J.Gillan.",3,4,14,NYG,Field Goal,Kick Attempt Good,00-0026858,WAS,37.0,01:47:00,55.0,G.Gano,2025,1,2025-09-07,WAS,NYG,REG
2025_01_PIT_NYJ,264,"(9:19) 6-N.Folk 35 yard field goal is GOOD, Center-42-T.Hennessy, Holder-14-A.McNamara.",1,4,8,NYJ,Field Goal,Kick Attempt Good,00-0025565,PIT,17.0,09:19:00,35.0,N.Folk,2025,1,2025-09-07,NYJ,PIT,REG
2025_01_PIT_NYJ,963,"(13:30) 9-C.Boswell 56 yard field goal is GOOD, Center-46-C.Kuntz, Holder-3-C.Waitman.",2,4,6,PIT,Field Goal,Kick Attempt Good,00-0031136,NYJ,37.0,13:30:00,56.0,C.Boswell,2025,1,2025-09-07,NYJ,PIT,REG
2025_01_PIT_NYJ,1521,"(2:59) 6-N.Folk 51 yard field goal is GOOD, Center-42-T.Hennessy, Holder-14-A.McNamara.",2,4,5,NYJ,Field Goal,Kick Attempt Good,00-0025565,PIT,33.0,02:59:00,51.0,N.Folk,2025,1,2025-09-07,NYJ,PIT,REG
2025_01_PIT_NYJ,3861,"(1:08) 9-C.Boswell 60 yard field goal is GOOD, Center-46-C.Kuntz, Holder-3-C.Waitman.",4,4,11,PIT,Field Goal,Kick Attempt Good,00-0031136,NYJ,42.0,01:08:00,60.0,C.Boswell,2025,1,2025-09-07,NYJ,PIT,REG
2025_01_SF_SEA,1856,"(1:00) 4-J.Moody 27 yard field goal is No Good, Hit Left Upright, Center-46-J.Weeks, Holder-7-T.Morstead.",2,4,8,SF,Field Goal,Kick Attempt No Good,00-0038562,SEA,8.0,01:00:00,27.0,J.Moody,2025,1,2025-09-07,SEA,SF,REG
2025_01_SF_SEA,2066,"(:07) 5-J.Myers 48 yard field goal is GOOD, Center-41-C.Stoll, Holder-4-M.Dickson.",2,3,1,SEA,Field Goal,Kick Attempt Good,00-0031492,SF,30.0,00:07:00,48.0,J.Myers,2025,1,2025-09-07,SEA,SF,REG
2025_01_SF_SEA,2773,"(2:21) 4-J.Moody 36 yard field goal is BLOCKED (20-J.Love), Center-46-J.Weeks, Holder-7-T.Morstead, RECOVERED by SEA-0-D.Lawrence at SEA 23. 0-D.Lawrence to SEA 31 for 8 yards (68-C.McKivitz).",3,4,2,SF,Field Goal,Blocked Kick Attempt,00-0038562,SEA,18.0,02:21:00,36.0,J.Moody,2025,1,2025-09-07,SEA,SF,REG
2025_01_SF_SEA,3321,"(9:45) 4-J.Moody 32 yard field goal is GOOD, Center-46-J.Weeks, Holder-7-T.Morstead.",4,4,14,SF,Field Goal,Kick Attempt Good,00-0038562,SEA,14.0,09:45:00,32.0,J.Moody,2025,1,2025-09-07,SEA,SF,REG
2025_01_SF_SEA,3811,"(3:28) 5-J.Myers 37 yard field goal is GOOD, Center-41-C.Stoll, Holder-4-M.Dickson.",4,4,1,SEA,Field Goal,Kick Attempt Good,00-0031492,SF,19.0,03:28:00,37.0,J.Myers,2025,1,2025-09-07,SEA,SF,REG
2025_01_TB_ATL,1161,"(10:21) 4-C.McLaughlin 48 yard field goal is GOOD, Center-86-E.Deckers, Holder-9-R.Dixon.",2,4,6,TB,Field Goal,Kick Attempt Good,00-0035358,ATL,30.0,10:21:00,48.0,C.McLaughlin,2025,1,2025-09-07,ATL,TB,REG
2025_01_TB_ATL,1850,"(:57) 6-Y.Koo 41 yard field goal is GOOD, Center-49-L.McCullough, Holder-13-B.Pinion.",2,4,7,ATL,Field Goal,Kick Attempt Good,00-0033702,TB,22.0,00:57:00,41.0,Y.Koo,2025,1,2025-09-07,ATL,TB,REG
2025_01_TB_ATL,2300,"(11:46) 4-C.McLaughlin 44 yard field goal is No Good, Wide Left, Center-86-E.Deckers, Holder-9-R.Dixon.",3,4,6,TB,Field Goal,Kick Attempt No Good,00-0035358,ATL,26.0,11:46:00,44.0,C.McLaughlin,2025,1,2025-09-07,ATL,TB,REG
2025_01_TB_ATL,2947,"(:23) 6-Y.Koo 36 yard field goal is GOOD, Center-49-L.McCullough, Holder-13-B.Pinion.",3,4,13,ATL,Field Goal,Kick Attempt Good,00-0033702,TB,18.0,00:23:00,36.0,Y.Koo,2025,1,2025-09-07,ATL,TB,REG
2025_01_TB_ATL,4394,"(:06) 6-Y.Koo 44 yard field goal is No Good, Wide Right, Center-49-L.McCullough, Holder-13-B.Pinion.",4,3,10,ATL,Field Goal,Kick Attempt No Good,00-0033702,TB,26.0,00:06:00,44.0,Y.Koo,2025,1,2025-09-07,ATL,TB,REG
2025_01_TEN_DEN,262,"(12:03) 6-J.Slye 50 yard field goal is GOOD, Center-46-M.Cox, Holder-3-J.Hekker.",1,4,6,TEN,Field Goal,Kick Attempt Good,00-0035192,DEN,32.0,12:03:00,50.0,J.Slye,2025,1,2025-09-07,DEN,TEN,REG
2025_01_TEN_DEN,580,"(8:39) 3-W.Lutz 39 yard field goal is GOOD, Center-48-M.Fraboni, Holder-16-J.Crawshaw.",1,4,15,DEN,Field Goal,Kick Attempt Good,00-0032569,TEN,21.0,08:39:00,39.0,W.Lutz,2025,1,2025-09-07,DEN,TEN,REG
2025_01_TEN_DEN,1802,"(2:19) 6-J.Slye 33 yard field goal is GOOD, Center-46-M.Cox, Holder-3-J.Hekker.",2,4,15,TEN,Field Goal,Kick Attempt Good,00-0035192,DEN,15.0,02:19:00,33.0,J.Slye,2025,1,2025-09-07,DEN,TEN,REG
2025_01_TEN_DEN,2272,"(:06) 6-J.Slye 42 yard field goal is GOOD, Center-46-M.Cox, Holder-3-J.Hekker.",2,1,10,TEN,Field Goal,Kick Attempt Good,00-0035192,DEN,24.0,00:06:00,42.0,J.Slye,2025,1,2025-09-07,DEN,TEN,REG
2025_01_TEN_DEN,2498,"(11:59) 6-J.Slye 35 yard field goal is GOOD, Center-46-M.Cox, Holder-3-J.Hekker.",3,4,1,TEN,Field Goal,Kick Attempt Good,00-0035192,DEN,17.0,11:59:00,35.0,J.Slye,2025,1,2025-09-07,DEN,TEN,REG
2025_01_TEN_DEN,2928,"(4:20) 3-W.Lutz 33 yard field goal is GOOD, Center-48-M.Fraboni, Holder-16-J.Crawshaw.",3,4,7,DEN,Field Goal,Kick Attempt Good,00-0032569,TEN,15.0,04:20:00,33.0,W.Lutz,2025,1,2025-09-07,DEN,TEN,REG
2025_02_ATL_MIN,225,"(11:15) 39-J.Romo 38 yard field goal is GOOD, Center-49-L.McCullough, Holder-13-B.Pinion.",1,4,7,ATL,Field Goal,Kick Attempt Good,00-0037542,MIN,20.0,11:15:00,38.0,J.Romo,2025,2,2025-09-14,MIN,ATL,REG
2025_02_ATL_MIN,531,"(6:51) 39-J.Romo 29 yard field goal is GOOD, Center-49-L.McCullough, Holder-13-B.Pinion.",1,4,5,ATL,Field Goal,Kick Attempt Good,00-0037542,MIN,10.0,06:51:00,29.0,J.Romo,2025,2,2025-09-14,MIN,ATL,REG
2025_02_ATL_MIN,1342,"(7:08) 16-W.Reichard 33 yard field goal is GOOD, Center-42-A.DePaola, Holder-17-R.Wright.",2,4,15,MIN,Field Goal,Kick Attempt Good,00-0039404,ATL,15.0,07:08:00,33.0,W.Reichard,2025,2,2025-09-14,MIN,ATL,REG
2025_02_ATL_MIN,1855,"(:28) 39-J.Romo 33 yard field goal is GOOD, Center-49-L.McCullough, Holder-13-B.Pinion.",2,4,6,ATL,Field Goal,Kick Attempt Good,00-0037542,MIN,15.0,00:28:00,33.0,J.Romo,2025,2,2025-09-14,MIN,ATL,REG
2025_02_ATL_MIN,1953,"(:02) 16-W.Reichard 51 yard field goal is GOOD, Center-42-A.DePaola, Holder-17-R.Wright.",2,1,10,MIN,Field Goal,Kick Attempt Good,00-0039404,ATL,33.0,00:02:00,51.0,W.Reichard,2025,2,2025-09-14,MIN,ATL,REG
2025_02_ATL_MIN,2505,"(6:20) 39-J.Romo 33 yard field goal is GOOD, Center-49-L.McCullough, Holder-13-B.Pinion.",3,4,3,ATL,Field Goal,Kick Attempt Good,00-0037542,MIN,15.0,06:20:00,33.0,J.Romo,2025,2,2025-09-14,MIN,ATL,REG
2025_02_ATL_MIN,3062,"(11:21) 39-J.Romo 54 yard field goal is GOOD, Center-49-L.McCullough, Holder-13-B.Pinion.",4,4,18,ATL,Field Goal,Kick Attempt Good,00-0037542,MIN,36.0,11:21:00,54.0,J.Romo,2025,2,2025-09-14,MIN,ATL,REG
2025_02_BUF_NYJ,704,"(5:04) 15-M.Prater 28 yard field goal is GOOD, Center-69-R.Ferguson, Holder-16-C.Johnston.",1,4,8,BUF,Field Goal,Kick Attempt Good,00-0023853,NYJ,10.0,05:04:00,28.0,M.Prater,2025,2,2025-09-14,NYJ,BUF,REG
2025_02_BUF_NYJ,1195,"(14:06) 15-M.Prater 52 yard field goal is GOOD, Center-69-R.Ferguson, Holder-16-C.Johnston. ** Injury Update: NYJ-51-F.Mauigoa has returned to the game.",2,4,7,BUF,Field Goal,Kick Attempt Good,00-0023853,NYJ,34.0,14:06:00,52.0,M.Prater,2025,2,2025-09-14,NYJ,BUF,REG
2025_02_BUF_NYJ,1659,"(4:25) 6-N.Folk 51 yard field goal is GOOD, Center-42-T.Hennessy, Holder-14-A.McNamara.",2,4,3,NYJ,Field Goal,Kick Attempt Good,00-0025565,BUF,32.0,04:25:00,51.0,N.Folk,2025,2,2025-09-14,NYJ,BUF,REG
2025_02_BUF_NYJ,2475,"(9:04) 15-M.Prater 33 yard field goal is GOOD, Center-69-R.Ferguson, Holder-16-C.Johnston.",3,4,4,BUF,Field Goal,Kick Attempt Good,00-0023853,NYJ,15.0,09:04:00,33.0,M.Prater,2025,2,2025-09-14,NYJ,BUF,REG
2025_02_CAR_ARI,665,"(5:22) 38-C.Ryland 29 yard field goal is GOOD, Center-46-A.Brewer, Holder-12-B.Gillikin.",1,4,11,ARI,Field Goal,Kick Attempt Good,00-0038567,CAR,11.0,05:22:00,29.0,C.Ryland,2025,2,2025-09-14,ARI,CAR,REG
2025_02_CAR_ARI,935,"(:53) 10-R.Fitzgerald 27 yard field goal is GOOD, Center-44-J.Jansen, Holder-6-S.Martin.",1,4,9,CAR,Field Goal,Kick Attempt Good,00-0040279,ARI,9.0,00:53:00,27.0,R.Fitzgerald,2025,2,2025-09-14,ARI,CAR,REG
2025_02_CAR_ARI,1744,"(2:00) 38-C.Ryland 47 yard field goal is GOOD, Center-46-A.Brewer, Holder-12-B.Gillikin.",2,4,10,ARI,Field Goal,Kick Attempt Good,00-0038567,CAR,29.0,02:00:00,47.0,C.Ryland,2025,2,2025-09-14,ARI,CAR,REG
2025_02_CHI_DET,1411,"(12:02) 59-G.Manu, 65-K.Eguakun and 95-P.O'Connor reported in as eligible. 39-J.Bates 55 yard field goal is No Good, Wide Left, Center-49-H.Hatten, Holder-3-J.Fox.",2,4,10,DET,Field Goal,Kick Attempt No Good,00-0039172,CHI,37.0,12:02:00,55.0,J.Bates,2025,2,2025-09-14,DET,CHI,REG
2025_02_CHI_DET,2802,"(10:43) 39-J.Bates 34 yard field goal is GOOD, Center-49-H.Hatten, Holder-3-J.Fox.",3,4,14,DET,Field Goal,Kick Attempt Good,00-0039172,CHI,16.0,10:43:00,34.0,J.Bates,2025,2,2025-09-14,DET,CHI,REG
2025_02_CLE_BAL,679,"(3:10) 33-T.Loop 43 yard field goal is GOOD, Center-46-N.Moore, Holder-11-J.Stout.",1,4,7,BAL,Field Goal,Kick Attempt Good,00-0040074,CLE,25.0,03:10:00,43.0,T.Loop,2025,2,2025-09-14,BAL,CLE,REG
2025_02_CLE_BAL,1965,"(:33) 25-A.Szmyt 38 yard field goal is GOOD, Center-50-R.Sunahara, Holder-13-C.Bojorquez.",2,4,2,CLE,Field Goal,Kick Attempt Good,00-0038428,BAL,20.0,00:33:00,38.0,A.Szmyt,2025,2,2025-09-14,BAL,CLE,REG
2025_02_CLE_BAL,2361,"(12:29) 33-T.Loop 32 yard field goal is GOOD, Center-46-N.Moore, Holder-11-J.Stout. Penalty on CLE-99-C.Thomas, Defensive Offside, declined.",3,4,14,BAL,Field Goal,Kick Attempt Good,00-0040074,CLE,14.0,12:29:00,32.0,T.Loop,2025,2,2025-09-14,BAL,CLE,REG
2025_02_DEN_IND,276,"(11:54) 3-S.Shrader 29 yard field goal is GOOD, Center-46-L.Rhodes, Holder-8-R.Sanchez.",1,4,7,IND,Field Goal,Kick Attempt Good,00-0039576,DEN,11.0,11:54:00,29.0,S.Shrader,2025,2,2025-09-14,IND,DEN,REG
2025_02_DEN_IND,689,"(4:22) 3-S.Shrader 33 yard field goal is GOOD, Center-46-L.Rhodes, Holder-8-R.Sanchez.",1,4,7,IND,Field Goal,Kick Attempt Good,00-0039576,DEN,15.0,04:22:00,33.0,S.Shrader,2025,2,2025-09-14,IND,DEN,REG
2025_02_DEN_IND,2933,"(5:46) 3-S.Shrader 36 yard field goal is GOOD, Center-46-L.Rhodes, Holder-8-R.Sanchez.",3,4,13,IND,Field Goal,Kick Attempt Good,00-0039576,DEN,18.0,05:46:00,36.0,S.Shrader,2025,2,2025-09-14,IND,DEN,REG
2025_02_DEN_IND,3727,"(8:37) 3-S.Shrader 28 yard field goal is GOOD, Center-46-L.Rhodes, Holder-8-R.Sanchez.",4,4,8,IND,Field Goal,Kick Attempt Good,00-0039576,DEN,10.0,08:37:00,28.0,S.Shrader,2025,2,2025-09-14,IND,DEN,REG
2025_02_DEN_IND,4075,"(3:19) 3-W.Lutz 42 yard field goal is No Good, Hit Right Upright, Center-48-M.Fraboni, Holder-16-J.Crawshaw.",4,4,9,DEN,Field Goal,Kick Attempt No Good,00-0032569,IND,24.0,03:19:00,42.0,W.Lutz,2025,2,2025-09-14,IND,DEN,REG
2025_02_DEN_IND,4359,"(:00) 3-S.Shrader 45 yard field goal is GOOD, Center-46-L.Rhodes, Holder-8-R.Sanchez.",4,1,10,IND,Field Goal,Kick Attempt Good,00-0039576,DEN,27.0,00:00:00,45.0,S.Shrader,2025,2,2025-09-14,IND,DEN,REG
2025_02_JAX_CIN,1780,"(3:32) 2-E.McPherson 31 yard field goal is GOOD, Center-46-W.Wagner, Holder-8-R.Rehkow.",2,4,3,CIN,Field Goal,Kick Attempt Good,00-0036854,JAX,13.0,03:32:00,31.0,E.McPherson,2025,2,2025-09-14,CIN,JAX,REG
2025_02_JAX_CIN,2065,"(1:39) 39-C.Little 42 yard field goal is GOOD, Center-46-R.Matiscik, Holder-9-L.Cooke.",2,4,12,JAX,Field Goal,Kick Attempt Good,00-0039409,CIN,24.0,01:39:00,42.0,C.Little,2025,2,2025-09-14,CIN,JAX,REG
2025_02_JAX_CIN,3419,"(11:47) 39-C.Little 25 yard field goal is GOOD, Center-46-R.Matiscik, Holder-9-L.Cooke.",4,4,7,JAX,Field Goal,Kick Attempt Good,00-0039409,CIN,7.0,11:47:00,25.0,C.Little,2025,2,2025-09-14,CIN,JAX,REG
2025_02_LAC_LV,173,"(13:47) 11-C.Dicker 38 yard field goal is GOOD, Center-41-R.Lovato, Holder-16-J.Scott.",1,4,5,LAC,Field Goal,Kick Attempt Good,00-0037224,LV,20.0,13:47:00,38.0,C.Dicker,2025,2,2025-09-15,LV,LAC,REG
2025_02_LAC_LV,464,"(9:07) 8-D.Carlson 54 yard field goal is GOOD, Center-50-J.Bobenmoyer, Holder-6-A.Cole.",1,4,17,LV,Field Goal,Kick Attempt Good,00-0034161,LAC,36.0,09:07:00,54.0,D.Carlson,2025,2,2025-09-15,LV,LAC,REG
2025_02_LAC_LV,1397,"(9:58) 8-D.Carlson 40 yard field goal is GOOD, Center-50-J.Bobenmoyer, Holder-6-A.Cole.",2,4,15,LV,Field Goal,Kick Attempt Good,00-0034161,LAC,22.0,09:58:00,40.0,D.Carlson,2025,2,2025-09-15,LV,LAC,REG
2025_02_LAC_LV,2451,"(7:33) 11-C.Dicker 20 yard field goal is GOOD, Center-41-R.Lovato, Holder-16-J.Scott.",3,4,2,LAC,Field Goal,Kick Attempt Good,00-0037224,LV,2.0,07:33:00,20.0,C.Dicker,2025,2,2025-09-15,LV,LAC,REG
2025_02_LAC_LV,3034,"(11:19) 8-D.Carlson 37 yard field goal is GOOD, Center-50-J.Bobenmoyer, Holder-6-A.Cole.",4,4,10,LV,Field Goal,Kick Attempt Good,00-0034161,LAC,18.0,11:19:00,37.0,D.Carlson,2025,2,2025-09-15,LV,LAC,REG
2025_02_LA_TEN,1028,"(11:26) 6-J.Slye 55 yard field goal is GOOD, Center-46-M.Cox, Holder-3-J.Hekker.",2,4,12,TEN,Field Goal,Kick Attempt Good,00-0035192,LA,37.0,11:26:00,55.0,J.Slye,2025,2,2025-09-14,TEN,LA,REG
2025_02_LA_TEN,1325,"(7:28) 16-J.Karty 21 yard field goal is GOOD, Center-47-A.Ward, Holder-42-E.Evans.",2,4,3,LA,Field Goal,Kick Attempt Good,00-0039750,TEN,3.0,07:28:00,21.0,J.Karty,2025,2,2025-09-14,TEN,LA,REG
2025_02_LA_TEN,2206,"(:03) 6-J.Slye 37 yard field goal is GOOD, Center-46-M.Cox, Holder-3-J.Hekker.",2,1,10,TEN,Field Goal,Kick Attempt Good,00-0035192,LA,19.0,00:03:00,37.0,J.Slye,2025,2,2025-09-14,TEN,LA,REG
2025_02_LA_TEN,2516,"(9:33) 16-J.Karty 21 yard field goal is GOOD, Center-47-A.Ward, Holder-42-E.Evans.",3,4,3,LA,Field Goal,Kick Attempt Good,00-0039750,TEN,3.0,09:33:00,21.0,J.Karty,2025,2,2025-09-14,TEN,LA,REG
2025_02_LA_TEN,2821,"(3:37) 6-J.Slye 57 yard field goal is GOOD, Center-46-M.Cox, Holder-3-J.Hekker.",3,4,11,TEN,Field Goal,Kick Attempt Good,00-0035192,LA,39.0,03:37:00,57.0,J.Slye,2025,2,2025-09-14,TEN,LA,REG
2025_02_LA_TEN,4204,"(2:44) 6-J.Slye 35 yard field goal is GOOD, Center-46-M.Cox, Holder-3-J.Hekker.",4,4,10,TEN,Field Goal,Kick Attempt Good,00-0035192,LA,17.0,02:44:00,35.0,J.Slye,2025,2,2025-09-14,TEN,LA,REG
2025_02_NE_MIA,1544,"(1:59) 36-A.Borregales 22 yard field goal is GOOD, Center-47-J.Ashby, Holder-17-B.Baringer.",2,4,4,NE,Field Goal,Kick Attempt Good,00-0040200,MIA,4.0,01:59:00,22.0,A.Borregales,2025,2,2025-09-14,MIA,NE,REG
2025_02_NE_MIA,2147,"(10:46) 47-R.Patterson 40 yard field goal is GOOD, Center-49-J.Cardona, Holder-16-J.Bailey.",3,4,5,MIA,Field Goal,Kick Attempt Good,00-0036816,NE,22.0,10:46:00,40.0,R.Patterson,2025,2,2025-09-14,MIA,NE,REG
2025_02_NE_MIA,2711,"(3:42) 47-R.Patterson 44 yard field goal is GOOD, Center-49-J.Cardona, Holder-16-J.Bailey.",3,4,17,MIA,Field Goal,Kick Attempt Good,00-0036816,NE,26.0,03:42:00,44.0,R.Patterson,2025,2,2025-09-14,MIA,NE,REG
2025_02_NE_MIA,3872,"(1:52) 36-A.Borregales 53 yard field goal is GOOD, Center-47-J.Ashby, Holder-17-B.Baringer.",4,4,7,NE,Field Goal,Kick Attempt Good,00-0040200,MIA,35.0,01:52:00,53.0,A.Borregales,2025,2,2025-09-14,MIA,NE,REG
2025_02_NYG_DAL,554,"(6:15) 9-G.Gano 38 yard field goal is GOOD, Center-59-C.Kreiter, Holder-12-J.Gillan.",1,4,13,NYG,Field Goal,Kick Attempt Good,00-0026858,DAL,20.0,06:15:00,38.0,G.Gano,2025,2,2025-09-14,DAL,NYG,REG
2025_02_NYG_DAL,952,"(1:09) 9-G.Gano 33 yard field goal is GOOD, Center-59-C.Kreiter, Holder-12-J.Gillan.",1,4,7,NYG,Field Goal,Kick Attempt Good,00-0026858,DAL,14.0,01:09:00,33.0,G.Gano,2025,2,2025-09-14,DAL,NYG,REG
2025_02_NYG_DAL,1367,"(8:30) 17-B.Aubrey 51 yard field goal is GOOD, Center-44-T.Sieg, Holder-5-B.Anger.",2,4,18,DAL,Field Goal,Kick Attempt Good,00-0037692,NYG,33.0,08:30:00,51.0,B.Aubrey,2025,2,2025-09-14,DAL,NYG,REG
2025_02_NYG_DAL,3036,"(5:41) 9-G.Gano 33 yard field goal is GOOD, Center-59-C.Kreiter, Holder-12-J.Gillan.",3,4,10,NYG,Field Goal,Kick Attempt Good,00-0026858,DAL,15.0,05:41:00,33.0,G.Gano,2025,2,2025-09-14,DAL,NYG,REG
2025_02_NYG_DAL,3435,"(14:17) 17-B.Aubrey 44 yard field goal is GOOD, Center-44-T.Sieg, Holder-5-B.Anger.",4,4,13,DAL,Field Goal,Kick Attempt Good,00-0037692,NYG,26.0,14:17:00,44.0,B.Aubrey,2025,2,2025-09-14,DAL,NYG,REG
2025_02_NYG_DAL,4776,"(:05) 17-B.Aubrey 64 yard field goal is GOOD, Center-44-T.Sieg, Holder-5-B.Anger.",4,2,7,DAL,Field Goal,Kick Attempt Good,00-0037692,NYG,46.0,00:05:00,64.0,B.Aubrey,2025,2,2025-09-14,DAL,NYG,REG
2025_02_NYG_DAL,5485,"(:04) 17-B.Aubrey 46 yard field goal is GOOD, Center-44-T.Sieg, Holder-5-B.Anger.",5,1,10,DAL,Field Goal,Kick Attempt Good,00-0037692,NYG,28.0,00:04:00,46.0,B.Aubrey,2025,2,2025-09-14,DAL,NYG,REG
2025_02_PHI_KC,679,"(5:00) 7-H.Butker 58 yard field goal is No Good, Wide Right, Center-41-J.Winchester, Holder-14-M.Araiza.",1,4,13,KC,Field Goal,Kick Attempt No Good,00-0033303,PHI,40.0,05:00:00,58.0,H.Butker,2025,2,2025-09-14,KC,PHI,REG
2025_02_PHI_KC,1126,"(11:48) 7-H.Butker 56 yard field goal is GOOD, Center-41-J.Winchester, Holder-14-M.Araiza.",2,4,19,KC,Field Goal,Kick Attempt Good,00-0033303,PHI,38.0,11:48:00,56.0,H.Butker,2025,2,2025-09-14,KC,PHI,REG
2025_02_PHI_KC,1982,"(:02) 4-J.Elliott 58 yard field goal is GOOD, Center-47-C.Hughlett, Holder-10-B.Mann.",2,4,5,PHI,Field Goal,Kick Attempt Good,00-0033787,KC,39.0,00:02:00,58.0,J.Elliott,2025,2,2025-09-14,KC,PHI,REG
2025_02_PHI_KC,2250,"(11:33) 4-J.Elliott 51 yard field goal is GOOD, Center-47-C.Hughlett, Holder-10-B.Mann.",3,4,8,PHI,Field Goal,Kick Attempt Good,00-0033787,KC,33.0,11:33:00,51.0,J.Elliott,2025,2,2025-09-14,KC,PHI,REG
2025_02_SEA_PIT,549,"(4:51) 9-C.Boswell 48 yard field goal is GOOD, Center-46-C.Kuntz, Holder-3-C.Waitman.",1,4,2,PIT,Field Goal,Kick Attempt Good,00-0031136,SEA,30.0,04:51:00,48.0,C.Boswell,2025,2,2025-09-14,PIT,SEA,REG
2025_02_SEA_PIT,745,"(2:18) 9-C.Boswell 48 yard field goal is GOOD, Center-46-C.Kuntz, Holder-3-C.Waitman.",1,4,9,PIT,Field Goal,Kick Attempt Good,00-0031136,SEA,30.0,02:18:00,48.0,C.Boswell,2025,2,2025-09-14,PIT,SEA,REG
2025_02_SEA_PIT,1093,"(12:09) 5-J.Myers 36 yard field goal is No Good, Hit Left Upright, Center-41-C.Stoll, Holder-4-M.Dickson.",2,4,8,SEA,Field Goal,Kick Attempt No Good,00-0031492,PIT,17.0,12:09:00,36.0,J.Myers,2025,2,2025-09-14,PIT,SEA,REG
2025_02_SEA_PIT,2984,"(12:51) 5-J.Myers 54 yard field goal is GOOD, Center-41-C.Stoll, Holder-4-M.Dickson.",4,4,7,SEA,Field Goal,Kick Attempt Good,00-0031492,PIT,36.0,12:51:00,54.0,J.Myers,2025,2,2025-09-14,PIT,SEA,REG
2025_02_SEA_PIT,3276,"(7:54) 9-C.Boswell 45 yard field goal is GOOD, Center-46-C.Kuntz, Holder-3-C.Waitman.",4,4,3,PIT,Field Goal,Kick Attempt Good,00-0031136,SEA,27.0,07:54:00,45.0,C.Boswell,2025,2,2025-09-14,PIT,SEA,REG
2025_02_SF_NO,225,"(13:13) 19-B.Grupe 40 yard field goal is No Good, Wide Right, Center-49-Z.Wood, Holder-32-K.Kroeger.",1,4,6,NO,Field Goal,Kick Attempt No Good,00-0038905,SF,22.0,13:13:00,40.0,B.Grupe,2025,2,2025-09-14,NO,SF,REG
2025_02_SF_NO,1311,"(11:27) 18-E.Pineiro 44 yard field goal is GOOD, Center-46-J.Weeks, Holder-7-T.Morstead.",2,4,14,SF,Field Goal,Kick Attempt Good,00-0034173,NO,26.0,11:27:00,44.0,E.Pineiro,2025,2,2025-09-14,NO,SF,REG
2025_02_SF_NO,3072,"(3:24) 18-E.Pineiro 46 yard field goal is GOOD, Center-46-J.Weeks, Holder-7-T.Morstead.",3,4,2,SF,Field Goal,Kick Attempt Good,00-0034173,NO,28.0,03:24:00,46.0,E.Pineiro,2025,2,2025-09-14,NO,SF,REG
2025_02_TB_HOU,754,"(3:29) 15-K.Fairbairn 35 yard field goal is GOOD, Center-40-A.Brinkman, Holder-6-T.Townsend.",1,4,9,HOU,Field Goal,Kick Attempt Good,00-0032726,TB,17.0,03:29:00,35.0,K.Fairbairn,2025,2,2025-09-15,HOU,TB,REG
2025_02_TB_HOU,2815,"(1:05) 4-C.McLaughlin 38 yard field goal is No Good, Hit Right Upright, Center-86-E.Deckers, Holder-9-R.Dixon.",3,4,9,TB,Field Goal,Kick Attempt No Good,00-0035358,HOU,19.0,01:05:00,38.0,C.McLaughlin,2025,2,2025-09-15,HOU,TB,REG
2025_02_TB_HOU,3514,"(5:27) 15-K.Fairbairn 53 yard field goal is GOOD, Center-40-A.Brinkman, Holder-6-T.Townsend.",4,4,10,HOU,Field Goal,Kick Attempt Good,00-0032726,TB,35.0,05:27:00,53.0,K.Fairbairn,2025,2,2025-09-15,HOU,TB,REG
2025_02_WAS_GB,1709,"(4:32) 16-M.Gay 51 yard field goal is GOOD, Center-69-T.Ott, Holder-10-T.Way.",2,4,5,WAS,Field Goal,Kick Attempt Good,00-0035269,GB,33.0,04:32:00,51.0,M.Gay,2025,2,2025-09-11,GB,WAS,REG
2025_02_WAS_GB,2061,"(:19) 16-M.Gay 58 yard field goal is No Good, Wide Left, Center-69-T.Ott, Holder-10-T.Way.",2,4,4,WAS,Field Goal,Kick Attempt No Good,00-0035269,GB,40.0,00:19:00,58.0,M.Gay,2025,2,2025-09-11,GB,WAS,REG
2025_02_WAS_GB,2139,"(:04) 17-B.McManus 48 yard field goal is No Good, Hit Left Upright, Center-42-M.Orzech, Holder-19-D.Whelan.",2,2,2,GB,Field Goal,Kick Attempt No Good,00-0029822,WAS,30.0,00:04:00,48.0,B.McManus,2025,2,2025-09-11,GB,WAS,REG
2025_02_WAS_GB,2387,"(12:00) 16-M.Gay 52 yard field goal is No Good, Hit Right Upright, Center-69-T.Ott, Holder-10-T.Way.",3,4,13,WAS,Field Goal,Kick Attempt No Good,00-0035269,GB,34.0,12:00:00,52.0,M.Gay,2025,2,2025-09-11,GB,WAS,REG
2025_02_WAS_GB,2682,"(6:40) 17-B.McManus 22 yard field goal is GOOD, Center-42-M.Orzech, Holder-19-D.Whelan.",3,4,4,GB,Field Goal,Kick Attempt Good,00-0029822,WAS,4.0,06:40:00,22.0,B.McManus,2025,2,2025-09-11,GB,WAS,REG
2025_02_WAS_GB,3805,"(6:47) 17-B.McManus 56 yard field goal is GOOD, Center-42-M.Orzech, Holder-19-D.Whelan.",4,4,8,GB,Field Goal,Kick Attempt Good,00-0029822,WAS,38.0,06:47:00,56.0,B.McManus,2025,2,2025-09-11,GB,WAS,REG
2025_03_ARI_SF,365,"(8:19) 38-C.Ryland 57 yard field goal is No Good, Wide Right, Center-46-A.Brewer, Holder-12-B.Gillikin.",1,4,8,ARI,Field Goal,Kick Attempt No Good,00-0038567,SF,39.0,08:19:00,57.0,C.Ryland,2025,3,2025-09-21,SF,ARI,REG
2025_03_ARI_SF,1189,"(8:48) 38-C.Ryland 34 yard field goal is GOOD, Center-46-A.Brewer, Holder-12-B.Gillikin.",2,4,5,ARI,Field Goal,Kick Attempt Good,00-0038567,SF,16.0,08:48:00,34.0,C.Ryland,2025,3,2025-09-21,SF,ARI,REG
2025_03_ARI_SF,1439,"(4:26) 18-E.Pineiro 38 yard field goal is GOOD, Center-46-J.Weeks, Holder-7-T.Morstead.",2,4,10,SF,Field Goal,Kick Attempt Good,00-0034173,ARI,19.0,04:26:00,38.0,E.Pineiro,2025,3,2025-09-21,SF,ARI,REG
2025_03_ARI_SF,1912,"(:20) 18-E.Pineiro 51 yard field goal is GOOD, Center-46-J.Weeks, Holder-7-T.Morstead.",2,4,4,SF,Field Goal,Kick Attempt Good,00-0034173,ARI,33.0,00:20:00,51.0,E.Pineiro,2025,3,2025-09-21,SF,ARI,REG
2025_03_ARI_SF,2586,"(6:40) 38-C.Ryland 28 yard field goal is GOOD, Center-46-A.Brewer, Holder-12-B.Gillikin.",3,4,5,ARI,Field Goal,Kick Attempt Good,00-0038567,SF,9.0,06:40:00,28.0,C.Ryland,2025,3,2025-09-21,SF,ARI,REG
2025_03_ARI_SF,4183,"(:04) 18-E.Pineiro 35 yard field goal is GOOD, Center-46-J.Weeks, Holder-7-T.Morstead.",4,3,11,SF,Field Goal,Kick Attempt Good,00-0034173,ARI,17.0,00:04:00,35.0,E.Pineiro,2025,3,2025-09-21,SF,ARI,REG
2025_03_ATL_CAR,308,"(10:54) 39-J.Romo 49 yard field goal is No Good, Wide Right, Center-49-L.McCullough, Holder-13-B.Pinion.",1,4,8,ATL,Field Goal,Kick Attempt No Good,00-0037542,CAR,31.0,10:54:00,49.0,J.Romo,2025,3,2025-09-21,CAR,ATL,REG
2025_03_ATL_CAR,829,"(3:33) 39-J.Romo 55 yard field goal is No Good, Wide Left, Center-49-L.McCullough, Holder-13-B.Pinion.",1,4,13,ATL,Field Goal,Kick Attempt No Good,00-0037542,CAR,36.0,03:33:00,55.0,J.Romo,2025,3,2025-09-21,CAR,ATL,REG
2025_03_ATL_CAR,1556,"(5:29) 10-R.Fitzgerald 57 yard field goal is GOOD, Center-44-J.Jansen, Holder-6-S.Martin.",2,4,7,CAR,Field Goal,Kick Attempt Good,00-0040279,ATL,39.0,05:29:00,57.0,R.Fitzgerald,2025,3,2025-09-21,CAR,ATL,REG
2025_03_ATL_CAR,2711,"(4:52) 10-R.Fitzgerald 35 yard field goal is GOOD, Center-44-J.Jansen, Holder-6-S.Martin.",3,4,9,CAR,Field Goal,Kick Attempt Good,00-0040279,ATL,17.0,04:52:00,35.0,R.Fitzgerald,2025,3,2025-09-21,CAR,ATL,REG
2025_03_ATL_CAR,3713,"(3:45) 10-R.Fitzgerald 41 yard field goal is GOOD, Center-44-J.Jansen, Holder-6-S.Martin.",4,4,3,CAR,Field Goal,Kick Attempt Good,00-0040279,ATL,23.0,03:45:00,41.0,R.Fitzgerald,2025,3,2025-09-21,CAR,ATL,REG
2025_03_CIN_MIN,1379,"(9:23) 16-W.Reichard 35 yard field goal is GOOD, Center-42-A.DePaola, Holder-17-R.Wright.",2,4,6,MIN,Field Goal,Kick Attempt Good,00-0039404,CIN,17.0,09:23:00,35.0,W.Reichard,2025,3,2025-09-21,MIN,CIN,REG
2025_03_CIN_MIN,1653,"(4:46) 2-E.McPherson 45 yard field goal is GOOD, Center-46-W.Wagner, Holder-8-R.Rehkow.",2,4,8,CIN,Field Goal,Kick Attempt Good,00-0036854,MIN,27.0,04:46:00,45.0,E.McPherson,2025,3,2025-09-21,MIN,CIN,REG
2025_03_CIN_MIN,2413,"(:03) 16-W.Reichard 62 yard field goal is GOOD, Center-42-A.DePaola, Holder-17-R.Wright.",2,4,7,MIN,Field Goal,Kick Attempt Good,00-0039404,CIN,44.0,00:03:00,62.0,W.Reichard,2025,3,2025-09-21,MIN,CIN,REG
2025_03_DAL_CHI,684,"(4:26) 17-B.Aubrey 53 yard field goal is GOOD, Center-44-T.Sieg, Holder-5-B.Anger.",1,4,2,DAL,Field Goal,Kick Attempt Good,00-0037692,CHI,34.0,04:26:00,53.0,B.Aubrey,2025,3,2025-09-21,CHI,DAL,REG
2025_03_DAL_CHI,1066,"(13:53) 17-B.Aubrey 33 yard field goal is GOOD, Center-44-T.Sieg, Holder-5-B.Anger.",2,4,8,DAL,Field Goal,Kick Attempt Good,00-0037692,CHI,15.0,13:53:00,33.0,B.Aubrey,2025,3,2025-09-21,CHI,DAL,REG
2025_03_DAL_CHI,1722,"(4:19) 8-C.Santos 30 yard field goal is GOOD, Center-46-S.Daly, Holder-19-T.Taylor.",2,4,10,CHI,Field Goal,Kick Attempt Good,00-0031203,DAL,11.0,04:19:00,30.0,C.Santos,2025,3,2025-09-21,CHI,DAL,REG
2025_03_DEN_LAC,271,"(11:57) 11-C.Dicker 32 yard field goal is GOOD, Center-41-R.Lovato, Holder-16-J.Scott.",1,4,8,LAC,Field Goal,Kick Attempt Good,00-0037224,DEN,13.0,11:57:00,32.0,C.Dicker,2025,3,2025-09-21,LAC,DEN,REG
2025_03_DEN_LAC,2516,"(12:06) 3-W.Lutz 42 yard field goal is GOOD, Center-48-M.Fraboni, Holder-16-J.Crawshaw.",3,4,4,DEN,Field Goal,Kick Attempt Good,00-0032569,LAC,24.0,12:06:00,42.0,W.Lutz,2025,3,2025-09-21,LAC,DEN,REG
2025_03_DEN_LAC,2988,"(5:38) 11-C.Dicker 24 yard field goal is GOOD, Center-41-R.Lovato, Holder-16-J.Scott.",3,4,6,LAC,Field Goal,Kick Attempt Good,00-0037224,DEN,6.0,05:38:00,24.0,C.Dicker,2025,3,2025-09-21,LAC,DEN,REG
2025_03_DEN_LAC,3537,"(12:24) 3-W.Lutz 26 yard field goal is GOOD, Center-48-M.Fraboni, Holder-16-J.Crawshaw.",4,4,8,DEN,Field Goal,Kick Attempt Good,00-0032569,LAC,8.0,12:24:00,26.0,W.Lutz,2025,3,2025-09-21,LAC,DEN,REG
2025_03_DEN_LAC,4552,"(:05) 11-C.Dicker 43 yard field goal is GOOD, Center-41-R.Lovato, Holder-16-J.Scott.",4,1,10,LAC,Field Goal,Kick Attempt Good,00-0037224,DEN,25.0,00:05:00,43.0,C.Dicker,2025,3,2025-09-21,LAC,DEN,REG
2025_03_DET_BAL,2048,"(:02) 39-J.Bates 67 yard field goal is No Good, Wide Left, Center-49-H.Hatten, Holder-3-J.Fox.",2,1,10,DET,Field Goal,Kick Attempt No Good,00-0039172,BAL,48.0,00:02:00,67.0,J.Bates,2025,3,2025-09-22,BAL,DET,REG
2025_03_DET_BAL,3283,"(9:44) 33-T.Loop 41 yard field goal is GOOD, Center-46-N.Moore, Holder-11-J.Stout.",4,4,13,BAL,Field Goal,Kick Attempt Good,00-0040074,DET,23.0,09:44:00,41.0,T.Loop,2025,3,2025-09-22,BAL,DET,REG
2025_03_DET_BAL,3590,"(6:39) 39-J.Bates 45 yard field goal is GOOD, Center-49-H.Hatten, Holder-3-J.Fox.",4,4,21,DET,Field Goal,Kick Attempt Good,00-0039172,BAL,27.0,06:39:00,45.0,J.Bates,2025,3,2025-09-22,BAL,DET,REG
2025_03_GB_CLE,906,"(14:57) 17-B.McManus 39 yard field goal is GOOD, Center-42-M.Orzech, Holder-19-D.Whelan.",2,4,9,GB,Field Goal,Kick Attempt Good,00-0029822,CLE,21.0,14:57:00,39.0,B.McManus,2025,3,2025-09-21,CLE,GB,REG
2025_03_GB_CLE,3748,"(3:45) 25-A.Szmyt 35 yard field goal is GOOD, Center-50-R.Sunahara, Holder-13-C.Bojorquez.",4,4,17,CLE,Field Goal,Kick Attempt Good,00-0038428,GB,17.0,03:45:00,35.0,A.Szmyt,2025,3,2025-09-21,CLE,GB,REG
2025_03_GB_CLE,4227,"(:27) 17-B.McManus 43 yard field goal is BLOCKED (93-S.Harris), Center-42-M.Orzech, Holder-19-D.Whelan, RECOVERED by CLE-0-G.Newsome at CLE 47.",4,4,13,GB,Field Goal,Blocked Kick Attempt,00-0029822,CLE,25.0,00:27:00,43.0,B.McManus,2025,3,2025-09-21,CLE,GB,REG
2025_03_GB_CLE,4393,"(:02) 25-A.Szmyt 55 yard field goal is GOOD, Center-50-R.Sunahara, Holder-13-C.Bojorquez. Penalty on GB-25-K.Nixon, Defensive Offside, declined.",4,2,10,CLE,Field Goal,Kick Attempt Good,00-0038428,GB,37.0,00:02:00,55.0,A.Szmyt,2025,3,2025-09-21,CLE,GB,REG
2025_03_HOU_JAX,436,"(6:45) 15-K.Fairbairn 52 yard field goal is No Good, Wide Right, Center-40-A.Brinkman, Holder-6-T.Townsend.",1,4,12,HOU,Field Goal,Kick Attempt No Good,00-0032726,JAX,33.0,06:45:00,52.0,K.Fairbairn,2025,3,2025-09-21,JAX,HOU,REG
2025_03_HOU_JAX,1583,"(6:57) 15-K.Fairbairn 27 yard field goal is GOOD, Center-40-A.Brinkman, Holder-6-T.Townsend.",2,4,4,HOU,Field Goal,Kick Attempt Good,00-0032726,JAX,9.0,06:57:00,27.0,K.Fairbairn,2025,3,2025-09-21,JAX,HOU,REG
2025_03_HOU_JAX,2777,"(6:27) 39-C.Little 39 yard field goal is GOOD, Center-46-R.Matiscik, Holder-9-L.Cooke.",3,4,13,JAX,Field Goal,Kick Attempt Good,00-0039409,HOU,21.0,06:27:00,39.0,C.Little,2025,3,2025-09-21,JAX,HOU,REG
2025_03_HOU_JAX,3057,"(1:15) 39-C.Little 47 yard field goal is No Good, Wide Right, Center-46-R.Matiscik, Holder-9-L.Cooke.",3,4,1,JAX,Field Goal,Kick Attempt No Good,00-0039409,HOU,29.0,01:15:00,47.0,C.Little,2025,3,2025-09-21,JAX,HOU,REG
2025_03_IND_TEN,284,"(12:45) 6-J.Slye 57 yard field goal is GOOD, Center-46-M.Cox, Holder-3-J.Hekker.",1,4,11,TEN,Field Goal,Kick Attempt Good,00-0035192,IND,39.0,12:45:00,57.0,J.Slye,2025,3,2025-09-21,TEN,IND,REG
2025_03_IND_TEN,560,"(7:40) 3-S.Shrader 24 yard field goal is GOOD, Center-46-L.Rhodes, Holder-8-R.Sanchez.",1,4,3,IND,Field Goal,Kick Attempt Good,00-0039576,TEN,6.0,07:40:00,24.0,S.Shrader,2025,3,2025-09-21,TEN,IND,REG
2025_03_IND_TEN,1385,"(10:54) 6-J.Slye 42 yard field goal is GOOD, Center-46-M.Cox, Holder-3-J.Hekker.",2,4,10,TEN,Field Goal,Kick Attempt Good,00-0035192,IND,24.0,10:54:00,42.0,J.Slye,2025,3,2025-09-21,TEN,IND,REG
2025_03_IND_TEN,1737,"(5:39) 6-J.Slye 64 yard field goal is No Good, Wide Right, Center-46-M.Cox, Holder-3-J.Hekker.",2,4,8,TEN,Field Goal,Kick Attempt No Good,00-0035192,IND,47.0,05:39:00,64.0,J.Slye,2025,3,2025-09-21,TEN,IND,REG
2025_03_IND_TEN,1854,"(3:19) 3-S.Shrader 51 yard field goal is No Good, Wide Right, Center-46-L.Rhodes, Holder-8-R.Sanchez.",2,4,8,IND,Field Goal,Kick Attempt No Good,00-0039576,TEN,32.0,03:19:00,51.0,S.Shrader,2025,3,2025-09-21,TEN,IND,REG
2025_03_IND_TEN,2057,"(:42) 6-J.Slye 62 yard field goal is BLOCKED (90-G.Stewart), Center-46-M.Cox, Holder-3-J.Hekker.",2,4,6,TEN,Field Goal,Blocked Kick Attempt,00-0035192,IND,44.0,00:42:00,62.0,J.Slye,2025,3,2025-09-21,TEN,IND,REG
2025_03_IND_TEN,2180,"(:03) 3-S.Shrader 36 yard field goal is GOOD, Center-46-L.Rhodes, Holder-8-R.Sanchez.",2,3,4,IND,Field Goal,Kick Attempt Good,00-0039576,TEN,18.0,00:03:00,36.0,S.Shrader,2025,3,2025-09-21,TEN,IND,REG
2025_03_KC_NYG,612,"(3:49) 7-H.Butker 54 yard field goal is GOOD, Center-41-J.Winchester, Holder-14-M.Araiza.",1,4,10,KC,Field Goal,Kick Attempt Good,00-0033303,NYG,36.0,03:49:00,54.0,H.Butker,2025,3,2025-09-21,NYG,KC,REG
2025_03_KC_NYG,1198,"(9:52) 7-H.Butker 48 yard field goal is GOOD, Center-41-J.Winchester, Holder-14-M.Araiza.",2,4,7,KC,Field Goal,Kick Attempt Good,00-0033303,NYG,30.0,09:52:00,48.0,H.Butker,2025,3,2025-09-21,NYG,KC,REG
2025_03_KC_NYG,1507,"(5:28) 7-H.Butker 40 yard field goal is No Good, Wide Right, Center-41-J.Winchester, Holder-14-M.Araiza.",2,4,12,KC,Field Goal,Kick Attempt No Good,00-0033303,NYG,22.0,05:28:00,40.0,H.Butker,2025,3,2025-09-21,NYG,KC,REG
2025_03_KC_NYG,2396,"(:04) 7-H.Butker 28 yard field goal is GOOD, Center-41-J.Winchester, Holder-14-M.Araiza.",2,2,10,KC,Field Goal,Kick Attempt Good,00-0033303,NYG,11.0,00:04:00,28.0,H.Butker,2025,3,2025-09-21,NYG,KC,REG
2025_03_KC_NYG,3475,"(10:15) 9-G.Gano 25 yard field goal is GOOD, Center-59-C.Kreiter, Holder-12-J.Gillan. ** Injury Update: NYG-9-G.Gano has returned to the game.",4,4,5,NYG,Field Goal,Kick Attempt Good,00-0026858,KC,7.0,10:15:00,25.0,G.Gano,2025,3,2025-09-21,NYG,KC,REG
2025_03_LA_PHI,634,"(4:05) 16-J.Karty 51 yard field goal is GOOD, Center-47-A.Ward, Holder-42-E.Evans.",1,4,6,LA,Field Goal,Kick Attempt Good,00-0039750,PHI,33.0,04:05:00,51.0,J.Karty,2025,3,2025-09-21,PHI,LA,REG
2025_03_LA_PHI,1352,"(9:18) 16-J.Karty 28 yard field goal is GOOD, Center-47-A.Ward, Holder-42-E.Evans.",2,4,10,LA,Field Goal,Kick Attempt Good,00-0039750,PHI,10.0,09:18:00,28.0,J.Karty,2025,3,2025-09-21,PHI,LA,REG
2025_03_LA_PHI,1716,"(3:46) 16-J.Karty 33 yard field goal is GOOD, Center-47-A.Ward, Holder-42-E.Evans.",2,4,3,LA,Field Goal,Kick Attempt Good,00-0039750,PHI,15.0,03:46:00,33.0,J.Karty,2025,3,2025-09-21,PHI,LA,REG
2025_03_LA_PHI,2003,"(:14) 16-J.Karty 46 yard field goal is GOOD, Center-47-A.Ward, Holder-42-E.Evans.",2,4,2,LA,Field Goal,Kick Attempt Good,00-0039750,PHI,28.0,00:14:00,46.0,J.Karty,2025,3,2025-09-21,PHI,LA,REG
2025_03_LA_PHI,3600,"(8:46) 16-J.Karty 36 yard field goal is BLOCKED (98-J.Carter), Center-47-A.Ward, Holder-42-E.Evans, recovered by LA-16-J.Karty at PHI 24. PENALTY on PHI-98-J.Carter, Taunting, 9 yards, enforced between downs. Incomplete Pass by 16-J.Karty after Blocked Kick Recovery.",4,4,2,LA,Field Goal,Blocked Kick Attempt,00-0039750,PHI,18.0,08:46:00,36.0,J.Karty,2025,3,2025-09-21,PHI,LA,REG
2025_03_LA_PHI,4358,"(:03) 16-J.Karty 44 yard field goal is BLOCKED (90-J.Davis), Center-47-A.Ward, Holder-42-E.Evans, RECOVERED by PHI-90-J.Davis at PHI 39. 90-J.Davis for 61 yards, TOUCHDOWN.",4,3,3,LA,Field Goal,Blocked Kick Attempt,00-0039750,PHI,26.0,00:03:00,44.0,J.Karty,2025,3,2025-09-21,PHI,LA,REG
2025_03_LV_WAS,353,"(9:49) 8-D.Carlson 37 yard field goal is GOOD, Center-50-J.Bobenmoyer, Holder-6-A.Cole.",1,4,14,LV,Field Goal,Kick Attempt Good,00-0034161,WAS,19.0,09:49:00,37.0,D.Carlson,2025,3,2025-09-21,WAS,LV,REG
2025_03_LV_WAS,901,"(1:25) 16-M.Gay 37 yard field goal is No Good, Wide Right, Center-69-T.Ott, Holder-10-T.Way.",1,4,5,WAS,Field Goal,Kick Attempt No Good,00-0035269,LV,19.0,01:25:00,37.0,M.Gay,2025,3,2025-09-21,WAS,LV,REG
2025_03_LV_WAS,1301,"(10:00) 16-M.Gay 46 yard field goal is GOOD, Center-69-T.Ott, Holder-10-T.Way.",2,4,7,WAS,Field Goal,Kick Attempt Good,00-0035269,LV,28.0,10:00:00,46.0,M.Gay,2025,3,2025-09-21,WAS,LV,REG
2025_03_LV_WAS,2092,"(:04) 16-M.Gay 56 yard field goal is GOOD, Center-69-T.Ott, Holder-10-T.Way.",2,2,7,WAS,Field Goal,Kick Attempt Good,00-0035269,LV,37.0,00:04:00,56.0,M.Gay,2025,3,2025-09-21,WAS,LV,REG
2025_03_MIA_BUF,1418,"(6:07) 15-M.Prater 39 yard field goal is No Good, Wide Left, Center-69-R.Ferguson, Holder-16-C.Johnston.",2,4,15,BUF,Field Goal,Kick Attempt No Good,00-0023853,MIA,21.0,06:07:00,39.0,M.Prater,2025,3,2025-09-18,BUF,MIA,REG
2025_03_MIA_BUF,3920,"(:27) 15-M.Prater 48 yard field goal is GOOD, Center-69-R.Ferguson, Holder-16-C.Johnston.",4,4,5,BUF,Field Goal,Kick Attempt Good,00-0023853,MIA,30.0,00:27:00,48.0,M.Prater,2025,3,2025-09-18,BUF,MIA,REG
2025_03_NO_SEA,1376,"(12:51) 19-B.Grupe 27 yard field goal is GOOD, Center-49-Z.Wood, Holder-32-K.Kroeger.",2,4,4,NO,Field Goal,Kick Attempt Good,00-0038905,SEA,9.0,12:51:00,27.0,B.Grupe,2025,3,2025-09-21,SEA,NO,REG
2025_03_NO_SEA,2097,"(2:53) 19-B.Grupe 52 yard field goal is No Good, Wide Right, Center-49-Z.Wood, Holder-32-K.Kroeger.",2,4,2,NO,Field Goal,Kick Attempt No Good,00-0038905,SEA,33.0,02:53:00,52.0,B.Grupe,2025,3,2025-09-21,SEA,NO,REG
2025_03_NO_SEA,2331,"(1:34) 5-J.Myers 56 yard field goal is GOOD, Center-41-C.Stoll, Holder-4-M.Dickson.",2,4,5,SEA,Field Goal,Kick Attempt Good,00-0031492,NO,38.0,01:34:00,56.0,J.Myers,2025,3,2025-09-21,SEA,NO,REG
2025_03_NO_SEA,2584,"(:03) 19-B.Grupe 23 yard field goal is GOOD, Center-49-Z.Wood, Holder-32-K.Kroeger.",2,1,5,NO,Field Goal,Kick Attempt Good,00-0038905,SEA,5.0,00:03:00,23.0,B.Grupe,2025,3,2025-09-21,SEA,NO,REG
2025_03_NO_SEA,2887,"(11:33) 5-J.Myers 46 yard field goal is GOOD, Center-41-C.Stoll, Holder-4-M.Dickson.",3,4,13,SEA,Field Goal,Kick Attempt Good,00-0031492,NO,28.0,11:33:00,46.0,J.Myers,2025,3,2025-09-21,SEA,NO,REG
2025_03_NO_SEA,3293,"(4:42) 5-J.Myers 37 yard field goal is GOOD, Center-41-C.Stoll, Holder-4-M.Dickson.",3,4,9,SEA,Field Goal,Kick Attempt Good,00-0031492,NO,19.0,04:42:00,37.0,J.Myers,2025,3,2025-09-21,SEA,NO,REG
2025_03_NYJ_TB,419,"(8:55) 6-N.Folk 38 yard field goal is GOOD, Center-42-T.Hennessy, Holder-14-A.McNamara.",1,4,4,NYJ,Field Goal,Kick Attempt Good,00-0025565,TB,20.0,08:55:00,38.0,N.Folk,2025,3,2025-09-21,TB,NYJ,REG
2025_03_NYJ_TB,896,"(2:26) 4-C.McLaughlin 54 yard field goal is GOOD, Center-86-E.Deckers, Holder-9-R.Dixon.",1,4,20,TB,Field Goal,Kick Attempt Good,00-0035358,NYJ,35.0,02:26:00,54.0,C.McLaughlin,2025,3,2025-09-21,TB,NYJ,REG
2025_03_NYJ_TB,1131,"(14:04) 6-N.Folk 42 yard field goal is GOOD, Center-42-T.Hennessy, Holder-14-A.McNamara.",2,4,5,NYJ,Field Goal,Kick Attempt Good,00-0025565,TB,24.0,14:04:00,42.0,N.Folk,2025,3,2025-09-21,TB,NYJ,REG
2025_03_NYJ_TB,2167,"(1:47) 4-C.McLaughlin 33 yard field goal is GOOD, Center-86-E.Deckers, Holder-9-R.Dixon.",2,4,9,TB,Field Goal,Kick Attempt Good,00-0035358,NYJ,15.0,01:47:00,33.0,C.McLaughlin,2025,3,2025-09-21,TB,NYJ,REG
2025_03_NYJ_TB,3013,"(5:54) 4-C.McLaughlin 28 yard field goal is GOOD, Center-86-E.Deckers, Holder-9-R.Dixon.",3,4,10,TB,Field Goal,Kick Attempt Good,00-0035358,NYJ,10.0,05:54:00,28.0,C.McLaughlin,2025,3,2025-09-21,TB,NYJ,REG
2025_03_NYJ_TB,3963,"(6:18) 4-C.McLaughlin 55 yard field goal is GOOD, Center-86-E.Deckers, Holder-9-R.Dixon. Penalty on NYJ-9-W.McDonald, Running Into the Kicker, declined.",4,4,16,TB,Field Goal,Kick Attempt Good,00-0035358,NYJ,37.0,06:18:00,55.0,C.McLaughlin,2025,3,2025-09-21,TB,NYJ,REG
2025_03_NYJ_TB,4634,"(2:00) 4-C.McLaughlin 43 yard field goal is BLOCKED (9-W.McDonald), Center-86-E.Deckers, Holder-9-R.Dixon, RECOVERED by NYJ-9-W.McDonald at 50. 9-W.McDonald for 50 yards, TOUCHDOWN.",4,4,6,TB,Field Goal,Blocked Kick Attempt,00-0035358,NYJ,25.0,02:00:00,43.0,C.McLaughlin,2025,3,2025-09-21,TB,NYJ,REG
2025_03_NYJ_TB,4875,"(:03) 4-C.McLaughlin 36 yard field goal is GOOD, Center-86-E.Deckers, Holder-9-R.Dixon.",4,3,10,TB,Field Goal,Kick Attempt Good,00-0035358,NYJ,18.0,00:03:00,36.0,C.McLaughlin,2025,3,2025-09-21,TB,NYJ,REG
2025_04_BAL_KC,557,"(5:44) 7-H.Butker 38 yard field goal is GOOD, Center-41-J.Winchester, Holder-14-M.Araiza.",1,4,6,KC,Field Goal,Kick Attempt Good,00-0033303,BAL,20.0,05:44:00,38.0,H.Butker,2025,4,2025-09-28,KC,BAL,REG
2025_04_BAL_KC,1174,"(10:03) 7-H.Butker 23 yard field goal is GOOD, Center-41-J.Winchester, Holder-14-M.Araiza.",2,4,5,KC,Field Goal,Kick Attempt Good,00-0033303,BAL,5.0,10:03:00,23.0,H.Butker,2025,4,2025-09-28,KC,BAL,REG
2025_04_BAL_KC,2238,"(:31) 7-H.Butker 56 yard field goal is No Good, Wide Left, Center-41-J.Winchester, Holder-14-M.Araiza.",2,4,11,KC,Field Goal,Kick Attempt No Good,00-0033303,BAL,37.0,00:31:00,56.0,H.Butker,2025,4,2025-09-28,KC,BAL,REG
2025_04_BAL_KC,2366,"(:02) 33-T.Loop 43 yard field goal is GOOD, Center-46-N.Moore, Holder-11-J.Stout.",2,1,10,BAL,Field Goal,Kick Attempt Good,00-0040074,KC,24.0,00:02:00,43.0,T.Loop,2025,4,2025-09-28,KC,BAL,REG
2025_04_BAL_KC,2846,"(7:26) 33-T.Loop 32 yard field goal is GOOD, Center-46-N.Moore, Holder-11-J.Stout.",3,4,5,BAL,Field Goal,Kick Attempt Good,00-0040074,KC,14.0,07:26:00,32.0,T.Loop,2025,4,2025-09-28,KC,BAL,REG
2025_04_BAL_KC,3201,"(1:10) 7-H.Butker 31 yard field goal is GOOD, Center-41-J.Winchester, Holder-14-M.Araiza.",3,4,11,KC,Field Goal,Kick Attempt Good,00-0033303,BAL,12.0,01:10:00,31.0,H.Butker,2025,4,2025-09-28,KC,BAL,REG
2025_04_CAR_NE,1337,"(9:59) 10-R.Fitzgerald 55 yard field goal is No Good, Short, Center-44-J.Jansen, Holder-6-S.Martin.",2,4,16,CAR,Field Goal,Kick Attempt No Good,00-0040279,NE,37.0,09:59:00,55.0,R.Fitzgerald,2025,4,2025-09-28,NE,CAR,REG
2025_04_CHI_LV,353,"(9:58) 8-C.Santos 46 yard field goal is GOOD, Center-46-S.Daly, Holder-19-T.Taylor.",1,4,14,CHI,Field Goal,Kick Attempt Good,00-0031203,LV,28.0,09:58:00,46.0,C.Santos,2025,4,2025-09-28,LV,CHI,REG
2025_04_CHI_LV,1535,"(4:26) 8-C.Santos 43 yard field goal is GOOD, Center-46-S.Daly, Holder-19-T.Taylor.",2,4,21,CHI,Field Goal,Kick Attempt Good,00-0031203,LV,25.0,04:26:00,43.0,C.Santos,2025,4,2025-09-28,LV,CHI,REG
2025_04_CHI_LV,1855,"(:58) 8-C.Santos 52 yard field goal is GOOD, Center-46-S.Daly, Holder-19-T.Taylor.",2,4,9,CHI,Field Goal,Kick Attempt Good,00-0031203,LV,34.0,00:58:00,52.0,C.Santos,2025,4,2025-09-28,LV,CHI,REG
2025_04_CHI_LV,3140,"(11:43) 8-C.Santos 51 yard field goal is GOOD, Center-46-S.Daly, Holder-19-T.Taylor.",4,4,24,CHI,Field Goal,Kick Attempt Good,00-0031203,LV,33.0,11:43:00,51.0,C.Santos,2025,4,2025-09-28,LV,CHI,REG
2025_04_CHI_LV,3375,"(6:48) 8-D.Carlson 29 yard field goal is GOOD, Center-50-J.Bobenmoyer, Holder-6-A.Cole.",4,4,11,LV,Field Goal,Kick Attempt Good,00-0034161,CHI,11.0,06:48:00,29.0,D.Carlson,2025,4,2025-09-28,LV,CHI,REG
2025_04_CHI_LV,3899,"(:38) 8-D.Carlson 54 yard field goal is BLOCKED (39-J.Blackwell), Center-50-J.Bobenmoyer, Holder-6-A.Cole.",4,4,3,LV,Field Goal,Blocked Kick Attempt,00-0034161,CHI,36.0,00:38:00,54.0,D.Carlson,2025,4,2025-09-28,LV,CHI,REG
2025_04_CIN_DEN,368,"(9:11) 2-E.McPherson 26 yard field goal is GOOD, Center-46-W.Wagner, Holder-8-R.Rehkow.",1,4,2,CIN,Field Goal,Kick Attempt Good,00-0036854,DEN,8.0,09:11:00,26.0,E.McPherson,2025,4,2025-09-29,DEN,CIN,REG
2025_04_CLE_DET,1023,"(14:20) 39-J.Bates 48 yard field goal is GOOD, Center-49-H.Hatten, Holder-3-J.Fox.",2,4,7,DET,Field Goal,Kick Attempt Good,00-0039172,CLE,30.0,14:20:00,48.0,J.Bates,2025,4,2025-09-28,DET,CLE,REG
2025_04_CLE_DET,2177,"(:12) 39-J.Bates 58 yard field goal is GOOD, Center-49-H.Hatten, Holder-3-J.Fox.",2,4,4,DET,Field Goal,Kick Attempt Good,00-0039172,CLE,40.0,00:12:00,58.0,J.Bates,2025,4,2025-09-28,DET,CLE,REG
2025_04_CLE_DET,2884,"(6:47) 25-A.Szmyt 33 yard field goal is GOOD, Center-50-R.Sunahara, Holder-13-C.Bojorquez.",3,4,7,CLE,Field Goal,Kick Attempt Good,00-0038428,DET,15.0,06:47:00,33.0,A.Szmyt,2025,4,2025-09-28,DET,CLE,REG
2025_04_CLE_DET,3233,"(1:30) 25-A.Szmyt 56 yard field goal is No Good, Wide Left, Center-50-R.Sunahara, Holder-13-C.Bojorquez.",3,4,16,CLE,Field Goal,Kick Attempt No Good,00-0038428,DET,38.0,01:30:00,56.0,A.Szmyt,2025,4,2025-09-28,DET,CLE,REG
2025_04_GB_DAL,4423,"(:04) 17-B.McManus 53 yard field goal is GOOD, Center-42-M.Orzech, Holder-19-D.Whelan.",4,3,6,GB,Field Goal,Kick Attempt Good,00-0029822,DAL,35.0,00:04:00,53.0,B.McManus,2025,4,2025-09-28,DAL,GB,REG
2025_04_GB_DAL,4736,"(4:42) 17-B.Aubrey 22 yard field goal is GOOD, Center-44-T.Sieg, Holder-5-B.Anger.",5,4,4,DAL,Field Goal,Kick Attempt Good,00-0037692,GB,4.0,04:42:00,22.0,B.Aubrey,2025,4,2025-09-28,DAL,GB,REG
2025_04_GB_DAL,5104,"(:01) 17-B.McManus 34 yard field goal is GOOD, Center-42-M.Orzech, Holder-19-D.Whelan.",5,4,14,GB,Field Goal,Kick Attempt Good,00-0029822,DAL,16.0,00:01:00,34.0,B.McManus,2025,4,2025-09-28,DAL,GB,REG
2025_04_IND_LA,466,"(7:36) 16-J.Karty 42 yard field goal is GOOD, Center-47-A.Ward, Holder-42-E.Evans.",1,4,8,LA,Field Goal,Kick Attempt Good,00-0039750,IND,23.0,07:36:00,42.0,J.Karty,2025,4,2025-09-28,LA,IND,REG
2025_04_IND_LA,689,"(5:00) 3-S.Shrader 52 yard field goal is GOOD, Center-46-L.Rhodes, Holder-8-R.Sanchez.",1,4,16,IND,Field Goal,Kick Attempt Good,00-0039576,LA,34.0,05:00:00,52.0,S.Shrader,2025,4,2025-09-28,LA,IND,REG
2025_04_IND_LA,1477,"(5:24) 16-J.Karty 37 yard field goal is GOOD, Center-47-A.Ward, Holder-42-E.Evans.",2,4,16,LA,Field Goal,Kick Attempt Good,00-0039750,IND,19.0,05:24:00,37.0,J.Karty,2025,4,2025-09-28,LA,IND,REG
2025_04_IND_LA,3477,"(9:02) 3-S.Shrader 38 yard field goal is GOOD, Center-46-L.Rhodes, Holder-8-R.Sanchez.",4,4,13,IND,Field Goal,Kick Attempt Good,00-0039576,LA,20.0,09:02:00,38.0,S.Shrader,2025,4,2025-09-28,LA,IND,REG
2025_04_JAX_SF,369,"(8:36) 18-E.Pineiro 26 yard field goal is GOOD, Center-46-J.Weeks, Holder-7-T.Morstead.",1,4,8,SF,Field Goal,Kick Attempt Good,00-0034173,JAX,8.0,08:36:00,26.0,E.Pineiro,2025,4,2025-09-28,SF,JAX,REG
2025_04_JAX_SF,2283,"(:43) 18-E.Pineiro 23 yard field goal is GOOD, Center-46-J.Weeks, Holder-7-T.Morstead.",2,4,5,SF,Field Goal,Kick Attempt Good,00-0034173,JAX,5.0,00:43:00,23.0,E.Pineiro,2025,4,2025-09-28,SF,JAX,REG
2025_04_JAX_SF,2505,"(:02) 39-C.Little 26 yard field goal is GOOD, Center-46-R.Matiscik, Holder-9-L.Cooke.",2,4,4,JAX,Field Goal,Kick Attempt Good,00-0039409,SF,8.0,00:02:00,26.0,C.Little,2025,4,2025-09-28,SF,JAX,REG
2025_04_JAX_SF,3425,"(4:11) 39-C.Little 44 yard field goal is GOOD, Center-46-R.Matiscik, Holder-9-L.Cooke.",3,4,7,JAX,Field Goal,Kick Attempt Good,00-0039409,SF,25.0,04:11:00,44.0,C.Little,2025,4,2025-09-28,SF,JAX,REG
2025_04_JAX_SF,4359,"(3:35) 39-C.Little 47 yard field goal is No Good, Wide Right, Center-46-R.Matiscik, Holder-9-L.Cooke.",4,4,4,JAX,Field Goal,Kick Attempt No Good,00-0039409,SF,29.0,03:35:00,47.0,C.Little,2025,4,2025-09-28,SF,JAX,REG
2025_04_LAC_NYG,1195,"(13:52) 99-J.McAtamney 22 yard field goal is GOOD, Center-59-C.Kreiter, Holder-12-J.Gillan.",2,4,4,NYG,Field Goal,Kick Attempt Good,00-0039934,LAC,4.0,13:52:00,22.0,J.McAtamney,2025,4,2025-09-28,NYG,LAC,REG
2025_04_LAC_NYG,1520,"(8:10) 11-C.Dicker 43 yard field goal is GOOD, Center-41-R.Lovato, Holder-16-J.Scott. PENALTY on LAC-74-A.Deculus, Unnecessary Roughness, 15 yards, enforced between downs.",2,4,15,LAC,Field Goal,Kick Attempt Good,00-0037224,NYG,25.0,08:10:00,43.0,C.Dicker,2025,4,2025-09-28,NYG,LAC,REG
2025_04_LAC_NYG,2103,"(1:56) 99-J.McAtamney 31 yard field goal is GOOD, Center-59-C.Kreiter, Holder-12-J.Gillan.",2,4,11,NYG,Field Goal,Kick Attempt Good,00-0039934,LAC,13.0,01:56:00,31.0,J.McAtamney,2025,4,2025-09-28,NYG,LAC,REG
2025_04_MIN_PIT,502,"(6:28) 16-W.Reichard 41 yard field goal is GOOD, Center-42-A.DePaola, Holder-17-R.Wright. MIN-75-B.O'Neill was injured during the play.",1,4,17,MIN,Field Goal,Kick Attempt Good,00-0039404,PIT,23.0,06:28:00,41.0,W.Reichard,2025,4,2025-09-28,PIT,MIN,REG
2025_04_MIN_PIT,1668,"(1:42) 9-C.Boswell 30 yard field goal is BLOCKED (2-I.Rodgers), Center-46-C.Kuntz, Holder-3-C.Waitman, RECOVERED by MIN-0-I.Pace at MIN 9.",2,4,7,PIT,Field Goal,Blocked Kick Attempt,00-0031136,MIN,12.0,01:42:00,30.0,C.Boswell,2025,4,2025-09-28,PIT,MIN,REG
2025_04_MIN_PIT,1959,"(:16) 16-W.Reichard 28 yard field goal is GOOD, Center-42-A.DePaola, Holder-17-R.Wright.",2,4,7,MIN,Field Goal,Kick Attempt Good,00-0039404,PIT,10.0,00:16:00,28.0,W.Reichard,2025,4,2025-09-28,PIT,MIN,REG
2025_04_MIN_PIT,3154,"(11:21) 9-C.Boswell 33 yard field goal is GOOD, Center-46-C.Kuntz, Holder-3-C.Waitman.",4,4,6,PIT,Field Goal,Kick Attempt Good,00-0031136,MIN,15.0,11:21:00,33.0,C.Boswell,2025,4,2025-09-28,PIT,MIN,REG
2025_04_NO_BUF,1584,"(5:36) 19-B.Grupe 54 yard field goal is GOOD, Center-49-Z.Wood, Holder-32-K.Kroeger.",2,4,9,NO,Field Goal,Kick Attempt Good,00-0038905,BUF,36.0,05:36:00,54.0,B.Grupe,2025,4,2025-09-28,BUF,NO,REG
2025_04_NO_BUF,3376,"(8:56) 19-B.Grupe 35 yard field goal is GOOD, Center-49-Z.Wood, Holder-32-K.Kroeger.",4,4,13,NO,Field Goal,Kick Attempt Good,00-0038905,BUF,17.0,08:56:00,35.0,B.Grupe,2025,4,2025-09-28,BUF,NO,REG
2025_04_NO_BUF,4039,"(2:12) 15-M.Prater 35 yard field goal is GOOD, Center-69-R.Ferguson, Holder-16-C.Johnston. ** Injury Update: BUF-16-C.Johnston has returned to the game.",4,4,3,BUF,Field Goal,Kick Attempt Good,00-0023853,NO,17.0,02:12:00,35.0,M.Prater,2025,4,2025-09-28,BUF,NO,REG
2025_04_NYJ_MIA,277,"(10:55) 47-R.Patterson 47 yard field goal is GOOD, Center-49-J.Cardona, Holder-16-J.Bailey.",1,4,3,MIA,Field Goal,Kick Attempt Good,00-0036816,NYJ,29.0,10:55:00,47.0,R.Patterson,2025,4,2025-09-29,MIA,NYJ,REG
2025_04_NYJ_MIA,1991,"(:02) 6-N.Folk 58 yard field goal is GOOD, Center-42-T.Hennessy, Holder-14-A.McNamara.",2,2,10,NYJ,Field Goal,Kick Attempt Good,00-0025565,MIA,40.0,00:02:00,58.0,N.Folk,2025,4,2025-09-29,MIA,NYJ,REG
2025_04_NYJ_MIA,3217,"(13:14) 6-N.Folk 50 yard field goal is GOOD, Center-42-T.Hennessy, Holder-14-A.McNamara.",4,4,24,NYJ,Field Goal,Kick Attempt Good,00-0025565,MIA,32.0,13:14:00,50.0,N.Folk,2025,4,2025-09-29,MIA,NYJ,REG
2025_04_NYJ_MIA,3818,"(3:36) 47-R.Patterson 36 yard field goal is GOOD, Center-49-J.Cardona, Holder-16-J.Bailey.",4,4,10,MIA,Field Goal,Kick Attempt Good,00-0036816,NYJ,18.0,03:36:00,36.0,R.Patterson,2025,4,2025-09-29,MIA,NYJ,REG
2025_04_PHI_TB,953,"(:01) 4-C.McLaughlin 42 yard field goal is GOOD, Center-86-E.Deckers, Holder-9-R.Dixon.",1,4,18,TB,Field Goal,Kick Attempt Good,00-0035358,PHI,23.0,00:01:00,42.0,C.McLaughlin,2025,4,2025-09-28,TB,PHI,REG
2025_04_PHI_TB,1909,"(1:01) 4-J.Elliott 39 yard field goal is GOOD, Center-47-C.Hughlett, Holder-10-B.Mann.",2,4,11,PHI,Field Goal,Kick Attempt Good,00-0033787,TB,21.0,01:01:00,39.0,J.Elliott,2025,4,2025-09-28,TB,PHI,REG
2025_04_PHI_TB,2131,"(:04) 4-C.McLaughlin 65 yard field goal is GOOD, Center-86-E.Deckers, Holder-9-R.Dixon.",2,4,4,TB,Field Goal,Kick Attempt Good,00-0035358,PHI,47.0,00:04:00,65.0,C.McLaughlin,2025,4,2025-09-28,TB,PHI,REG
2025_04_PHI_TB,3545,"(12:20) 4-C.McLaughlin 58 yard field goal is GOOD, Center-86-E.Deckers, Holder-9-R.Dixon.",4,4,12,TB,Field Goal,Kick Attempt Good,00-0035358,PHI,40.0,12:20:00,58.0,C.McLaughlin,2025,4,2025-09-28,TB,PHI,REG
2025_04_SEA_ARI,696,"(4:41) 38-C.Ryland 33 yard field goal is GOOD, Center-46-A.Brewer, Holder-12-B.Gillikin.",1,4,8,ARI,Field Goal,Kick Attempt Good,00-0038567,SEA,14.0,04:41:00,33.0,C.Ryland,2025,4,2025-09-25,ARI,SEA,REG
2025_04_SEA_ARI,2499,"(9:01) 5-J.Myers 44 yard field goal is GOOD, Center-41-C.Stoll, Holder-4-M.Dickson.",3,4,2,SEA,Field Goal,Kick Attempt Good,00-0031492,ARI,26.0,09:01:00,44.0,J.Myers,2025,4,2025-09-25,ARI,SEA,REG
2025_04_SEA_ARI,2996,"(1:44) 38-C.Ryland 57 yard field goal is GOOD, Center-46-A.Brewer, Holder-12-B.Gillikin.",3,4,17,ARI,Field Goal,Kick Attempt Good,00-0038567,SEA,39.0,01:44:00,57.0,C.Ryland,2025,4,2025-09-25,ARI,SEA,REG
2025_04_SEA_ARI,3478,"(9:37) 5-J.Myers 31 yard field goal is GOOD, Center-41-C.Stoll, Holder-4-M.Dickson.",4,4,13,SEA,Field Goal,Kick Attempt Good,00-0031492,ARI,13.0,09:37:00,31.0,J.Myers,2025,4,2025-09-25,ARI,SEA,REG
2025_04_SEA_ARI,3947,"(3:21) 5-J.Myers 53 yard field goal is No Good, Wide Right, Center-41-C.Stoll, Holder-4-M.Dickson. ** Injury Update: ARI-93-C.Campbell has returned to the game.",4,4,7,SEA,Field Goal,Kick Attempt No Good,00-0031492,ARI,35.0,03:21:00,53.0,J.Myers,2025,4,2025-09-25,ARI,SEA,REG
2025_04_SEA_ARI,4490,"(:04) 5-J.Myers 52 yard field goal is GOOD, Center-41-C.Stoll, Holder-4-M.Dickson.",4,2,6,SEA,Field Goal,Kick Attempt Good,00-0031492,ARI,34.0,00:04:00,52.0,J.Myers,2025,4,2025-09-25,ARI,SEA,REG
2025_04_TEN_HOU,219,"(11:44) 6-J.Slye 41 yard field goal is No Good, Wide Right, Center-46-M.Cox, Holder-3-J.Hekker.",1,4,5,TEN,Field Goal,Kick Attempt No Good,00-0035192,HOU,23.0,11:44:00,41.0,J.Slye,2025,4,2025-09-28,HOU,TEN,REG
2025_04_TEN_HOU,526,"(4:55) 15-K.Fairbairn 47 yard field goal is GOOD, Center-40-A.Brinkman, Holder-6-T.Townsend.",1,4,4,HOU,Field Goal,Kick Attempt Good,00-0032726,TEN,29.0,04:55:00,47.0,K.Fairbairn,2025,4,2025-09-28,HOU,TEN,REG
2025_04_TEN_HOU,934,"(13:34) 15-K.Fairbairn 43 yard field goal is GOOD, Center-40-A.Brinkman, Holder-6-T.Townsend.",2,4,6,HOU,Field Goal,Kick Attempt Good,00-0032726,TEN,25.0,13:34:00,43.0,K.Fairbairn,2025,4,2025-09-28,HOU,TEN,REG
2025_04_TEN_HOU,1926,"(:03) 6-J.Slye 43 yard field goal is No Good, Wide Right, Center-46-M.Cox, Holder-3-J.Hekker.",2,4,5,TEN,Field Goal,Kick Attempt No Good,00-0035192,HOU,24.0,00:03:00,43.0,J.Slye,2025,4,2025-09-28,HOU,TEN,REG
2025_04_TEN_HOU,2164,"(10:46) 15-K.Fairbairn 54 yard field goal is No Good, Wide Right, Center-40-A.Brinkman, Holder-6-T.Townsend.",3,4,3,HOU,Field Goal,Kick Attempt No Good,00-0032726,TEN,36.0,10:46:00,54.0,K.Fairbairn,2025,4,2025-09-28,HOU,TEN,REG
2025_04_WAS_ATL,254,"(10:49) 39-J.Romo 38 yard field goal is GOOD, Center-49-L.McCullough, Holder-13-B.Pinion.",1,4,7,ATL,Field Goal,Kick Attempt Good,00-0037542,WAS,20.0,10:49:00,38.0,J.Romo,2025,4,2025-09-28,ATL,WAS,REG
2025_04_WAS_ATL,1453,"(5:29) 16-M.Gay 43 yard field goal is GOOD, Center-69-T.Ott, Holder-10-T.Way. ** Injury Update: ATL-28-M.Ford has returned to the game.",2,4,6,WAS,Field Goal,Kick Attempt Good,00-0035269,ATL,25.0,05:29:00,43.0,M.Gay,2025,4,2025-09-28,ATL,WAS,REG
2025_04_WAS_ATL,2443,"(10:16) 16-M.Gay 52 yard field goal is GOOD, Center-69-T.Ott, Holder-10-T.Way.",3,4,7,WAS,Field Goal,Kick Attempt Good,00-0035269,ATL,34.0,10:16:00,52.0,M.Gay,2025,4,2025-09-28,ATL,WAS,REG
2025_04_WAS_ATL,2945,"(4:26) 16-M.Gay 41 yard field goal is GOOD, Center-69-T.Ott, Holder-10-T.Way.",3,4,8,WAS,Field Goal,Kick Attempt Good,00-0035269,ATL,23.0,04:26:00,41.0,M.Gay,2025,4,2025-09-28,ATL,WAS,REG
2025_04_WAS_ATL,3991,"(2:00) 39-J.Romo 26 yard field goal is GOOD, Center-49-L.McCullough, Holder-13-B.Pinion.",4,4,8,ATL,Field Goal,Kick Attempt Good,00-0037542,WAS,8.0,02:00:00,26.0,J.Romo,2025,4,2025-09-28,ATL,WAS,REG
2025_04_WAS_ATL,4164,"(1:33) 16-M.Gay 42 yard field goal is GOOD, Center-69-T.Ott, Holder-10-T.Way.",4,2,10,WAS,Field Goal,Kick Attempt Good,00-0035269,ATL,24.0,01:33:00,42.0,M.Gay,2025,4,2025-09-28,ATL,WAS,REG
2025_05_DAL_NYJ,409,"(7:46) 6-N.Folk 25 yard field goal is GOOD, Center-42-T.Hennessy, Holder-14-A.McNamara.",1,4,7,NYJ,Field Goal,Kick Attempt Good,00-0025565,DAL,7.0,07:46:00,25.0,N.Folk,2025,5,2025-10-05,NYJ,DAL,REG
2025_05_DAL_NYJ,598,"(5:00) 17-B.Aubrey 35 yard field goal is GOOD, Center-44-T.Sieg, Holder-5-B.Anger.",1,4,6,DAL,Field Goal,Kick Attempt Good,00-0037692,NYJ,16.0,05:00:00,35.0,B.Aubrey,2025,5,2025-10-05,NYJ,DAL,REG
2025_05_DAL_NYJ,3223,"(1:01) 6-N.Folk 48 yard field goal is GOOD, Center-42-T.Hennessy, Holder-14-A.McNamara.",3,4,16,NYJ,Field Goal,Kick Attempt Good,00-0025565,DAL,30.0,01:01:00,48.0,N.Folk,2025,5,2025-10-05,NYJ,DAL,REG
2025_05_DEN_PHI,594,"(6:53) 3-W.Lutz 55 yard field goal is GOOD, Center-48-M.Fraboni, Holder-16-J.Crawshaw.",1,4,13,DEN,Field Goal,Kick Attempt Good,00-0032569,PHI,37.0,06:53:00,55.0,W.Lutz,2025,5,2025-10-05,PHI,DEN,REG
2025_05_DEN_PHI,924,"(:32) 4-J.Elliott 31 yard field goal is GOOD, Center-57-C.Adomitis, Holder-10-B.Mann.",1,4,8,PHI,Field Goal,Kick Attempt Good,00-0033787,DEN,13.0,00:32:00,31.0,J.Elliott,2025,5,2025-10-05,PHI,DEN,REG
2025_05_DEN_PHI,4529,"(1:14) 3-W.Lutz 36 yard field goal is GOOD, Center-48-M.Fraboni, Holder-16-J.Crawshaw.",4,4,14,DEN,Field Goal,Kick Attempt Good,00-0032569,PHI,18.0,01:14:00,36.0,W.Lutz,2025,5,2025-10-05,PHI,DEN,REG
2025_05_DET_CIN,2182,"(:03) 2-E.McPherson 50 yard field goal is GOOD, Center-46-W.Wagner, Holder-8-R.Rehkow.",2,4,4,CIN,Field Goal,Kick Attempt Good,00-0036854,DET,32.0,00:03:00,50.0,E.McPherson,2025,5,2025-10-05,CIN,DET,REG
2025_05_HOU_BAL,655,"(2:01) 33-T.Loop 27 yard field goal is GOOD, Center-46-N.Moore, Holder-11-J.Stout.",1,4,3,BAL,Field Goal,Kick Attempt Good,00-0040074,HOU,9.0,02:01:00,27.0,T.Loop,2025,5,2025-10-05,BAL,HOU,REG
2025_05_HOU_BAL,980,"(11:23) 15-K.Fairbairn 50 yard field goal is GOOD, Center-40-A.Brinkman, Holder-6-T.Townsend.",2,4,13,HOU,Field Goal,Kick Attempt Good,00-0032726,BAL,32.0,11:23:00,50.0,K.Fairbairn,2025,5,2025-10-05,BAL,HOU,REG
2025_05_HOU_BAL,1946,"(:02) 33-T.Loop 55 yard field goal is No Good, Wide Right, Center-46-N.Moore, Holder-11-J.Stout.",2,1,10,BAL,Field Goal,Kick Attempt No Good,00-0040074,HOU,37.0,00:02:00,55.0,T.Loop,2025,5,2025-10-05,BAL,HOU,REG
2025_05_HOU_BAL,2545,"(5:59) 15-K.Fairbairn 57 yard field goal is GOOD, Center-40-A.Brinkman, Holder-6-T.Townsend.",3,4,2,HOU,Field Goal,Kick Attempt Good,00-0032726,BAL,39.0,05:59:00,57.0,K.Fairbairn,2025,5,2025-10-05,BAL,HOU,REG
2025_05_HOU_BAL,3192,"(10:34) 15-K.Fairbairn 34 yard field goal is GOOD, Center-40-A.Brinkman, Holder-6-T.Townsend.",4,4,5,HOU,Field Goal,Kick Attempt Good,00-0032726,BAL,16.0,10:34:00,34.0,K.Fairbairn,2025,5,2025-10-05,BAL,HOU,REG
2025_05_KC_JAX,3323,"(8:13) 39-C.Little 52 yard field goal is GOOD, Center-46-R.Matiscik, Holder-9-L.Cooke.",4,4,5,JAX,Field Goal,Kick Attempt Good,00-0039409,KC,34.0,08:13:00,52.0,C.Little,2025,5,2025-10-06,JAX,KC,REG
2025_05_LV_IND,518,"(3:24) 8-D.Carlson 24 yard field goal is GOOD, Center-50-J.Bobenmoyer, Holder-6-A.Cole.",1,4,6,LV,Field Goal,Kick Attempt Good,00-0034161,IND,6.0,03:24:00,24.0,D.Carlson,2025,5,2025-10-05,IND,LV,REG
2025_05_LV_IND,2234,"(:02) 8-D.Carlson 57 yard field goal is No Good, Wide Right, Center-50-J.Bobenmoyer, Holder-6-A.Cole. ** Injury Update: LV-6-A.Cole has returned to the game.",2,1,10,LV,Field Goal,Kick Attempt No Good,00-0034161,IND,39.0,00:02:00,57.0,D.Carlson,2025,5,2025-10-05,IND,LV,REG
2025_05_LV_IND,3544,"(11:43) 8-D.Carlson 37 yard field goal is GOOD, Center-50-J.Bobenmoyer, Holder-6-A.Cole.",4,4,19,LV,Field Goal,Kick Attempt Good,00-0034161,IND,19.0,11:43:00,37.0,D.Carlson,2025,5,2025-10-05,IND,LV,REG
2025_05_MIA_CAR,315,"(9:08) 47-R.Patterson 43 yard field goal is GOOD, Center-49-J.Cardona, Holder-16-J.Bailey.",1,4,21,MIA,Field Goal,Kick Attempt Good,00-0036816,CAR,25.0,09:08:00,43.0,R.Patterson,2025,5,2025-10-05,CAR,MIA,REG
2025_05_MIA_CAR,2081,"(:04) 10-R.Fitzgerald 35 yard field goal is GOOD, Center-44-J.Jansen, Holder-6-S.Martin.",2,3,15,CAR,Field Goal,Kick Attempt Good,00-0040279,MIA,17.0,00:04:00,35.0,R.Fitzgerald,2025,5,2025-10-05,CAR,MIA,REG
2025_05_MIA_CAR,2253,"(12:19) 10-R.Fitzgerald 49 yard field goal is GOOD, Center-44-J.Jansen, Holder-6-S.Martin.",3,4,24,CAR,Field Goal,Kick Attempt Good,00-0040279,MIA,31.0,12:19:00,49.0,R.Fitzgerald,2025,5,2025-10-05,CAR,MIA,REG
2025_05_MIN_CLE,2299,"(:13) 25-A.Szmyt 31 yard field goal is GOOD, Center-50-R.Sunahara, Holder-13-C.Bojorquez.",2,4,13,CLE,Field Goal,Kick Attempt Good,00-0038428,MIN,13.0,00:13:00,31.0,A.Szmyt,2025,5,2025-10-05,CLE,MIN,REG
2025_05_MIN_CLE,3629,"(9:46) 16-W.Reichard 51 yard field goal is No Good, Wide Right, Center-42-A.DePaola, Holder-17-R.Wright.",4,4,6,MIN,Field Goal,Kick Attempt No Good,00-0039404,CLE,33.0,09:46:00,51.0,W.Reichard,2025,5,2025-10-05,CLE,MIN,REG
2025_05_NE_BUF,984,"(:59) 36-A.Borregales 30 yard field goal is GOOD, Center-47-J.Ashby, Holder-17-B.Baringer.",1,4,11,NE,Field Goal,Kick Attempt Good,00-0040200,BUF,12.0,00:59:00,30.0,A.Borregales,2025,5,2025-10-05,BUF,NE,REG
2025_05_NE_BUF,1338,"(9:37) 15-M.Prater 31 yard field goal is GOOD, Center-69-R.Ferguson, Holder-19-M.Wishnowsky.",2,4,6,BUF,Field Goal,Kick Attempt Good,00-0023853,NE,13.0,09:37:00,31.0,M.Prater,2025,5,2025-10-05,BUF,NE,REG
2025_05_NE_BUF,2185,"(:01) 36-A.Borregales 19 yard field goal is GOOD, Center-47-J.Ashby, Holder-17-B.Baringer.",2,2,1,NE,Field Goal,Kick Attempt Good,00-0040200,BUF,1.0,00:01:00,19.0,A.Borregales,2025,5,2025-10-05,BUF,NE,REG
2025_05_NE_BUF,4126,"(2:21) 15-M.Prater 45 yard field goal is GOOD, Center-69-R.Ferguson, Holder-19-M.Wishnowsky.",4,4,10,BUF,Field Goal,Kick Attempt Good,00-0023853,NE,27.0,02:21:00,45.0,M.Prater,2025,5,2025-10-05,BUF,NE,REG
2025_05_NE_BUF,4340,"(:20) 36-A.Borregales 52 yard field goal is GOOD, Center-47-J.Ashby, Holder-17-B.Baringer.",4,4,5,NE,Field Goal,Kick Attempt Good,00-0040200,BUF,34.0,00:20:00,52.0,A.Borregales,2025,5,2025-10-05,BUF,NE,REG
2025_05_NYG_NO,908,"(1:44) 19-B.Grupe 28 yard field goal is GOOD, Center-49-Z.Wood, Holder-32-K.Kroeger.",1,4,8,NO,Field Goal,Kick Attempt Good,00-0038905,NYG,10.0,01:44:00,28.0,B.Grupe,2025,5,2025-10-05,NO,NYG,REG
2025_05_NYG_NO,1502,"(7:46) 19-B.Grupe 53 yard field goal is GOOD, Center-49-Z.Wood, Holder-32-K.Kroeger.",2,4,12,NO,Field Goal,Kick Attempt Good,00-0038905,NYG,35.0,07:46:00,53.0,B.Grupe,2025,5,2025-10-05,NO,NYG,REG
2025_05_NYG_NO,2145,"(1:30) 19-B.Grupe 52 yard field goal is No Good, Wide Left, Center-49-Z.Wood, Holder-32-K.Kroeger.",2,4,11,NO,Field Goal,Kick Attempt No Good,00-0038905,NYG,34.0,01:30:00,52.0,B.Grupe,2025,5,2025-10-05,NO,NYG,REG
2025_05_NYG_NO,2466,"(:03) 19-B.Grupe 29 yard field goal is GOOD, Center-49-Z.Wood, Holder-32-K.Kroeger.",2,3,11,NO,Field Goal,Kick Attempt Good,00-0038905,NYG,11.0,00:03:00,29.0,B.Grupe,2025,5,2025-10-05,NO,NYG,REG
2025_05_NYG_NO,3018,"(6:57) 19-B.Grupe 28 yard field goal is GOOD, Center-49-Z.Wood, Holder-32-K.Kroeger.",3,4,9,NO,Field Goal,Kick Attempt Good,00-0038905,NYG,9.0,06:57:00,28.0,B.Grupe,2025,5,2025-10-05,NO,NYG,REG
2025_05_NYG_NO,4239,"(2:00) 19-B.Grupe 46 yard field goal is No Good, Wide Right, Center-49-Z.Wood, Holder-32-K.Kroeger.",4,4,6,NO,Field Goal,Kick Attempt No Good,00-0038905,NYG,28.0,02:00:00,46.0,B.Grupe,2025,5,2025-10-05,NO,NYG,REG
2025_05_SF_LA,2059,"(:02) 18-E.Pineiro 37 yard field goal is GOOD, Center-46-J.Weeks, Holder-7-T.Morstead.",2,4,2,SF,Field Goal,Kick Attempt Good,00-0034173,LA,19.0,00:02:00,37.0,E.Pineiro,2025,5,2025-10-02,LA,SF,REG
2025_05_SF_LA,2288,"(12:51) 16-J.Karty 53 yard field goal is No Good, Wide Right, Center-47-A.Ward, Holder-42-E.Evans.",3,4,6,LA,Field Goal,Kick Attempt No Good,00-0039750,SF,35.0,12:51:00,53.0,J.Karty,2025,5,2025-10-02,LA,SF,REG
2025_05_SF_LA,2618,"(6:36) 18-E.Pineiro 20 yard field goal is GOOD, Center-46-J.Weeks, Holder-7-T.Morstead.",3,4,2,SF,Field Goal,Kick Attempt Good,00-0034173,LA,2.0,06:36:00,20.0,E.Pineiro,2025,5,2025-10-02,LA,SF,REG
2025_05_SF_LA,3987,"(2:57) 18-E.Pineiro 59 yard field goal is GOOD, Center-46-J.Weeks, Holder-7-T.Morstead.",4,4,11,SF,Field Goal,Kick Attempt Good,00-0034173,LA,41.0,02:57:00,59.0,E.Pineiro,2025,5,2025-10-02,LA,SF,REG
2025_05_SF_LA,4494,"(:06) 16-J.Karty 48 yard field goal is GOOD, Center-47-A.Ward, Holder-42-E.Evans.",4,3,10,LA,Field Goal,Kick Attempt Good,00-0039750,SF,30.0,00:06:00,48.0,J.Karty,2025,5,2025-10-02,LA,SF,REG
2025_05_SF_LA,4774,"(5:55) 18-E.Pineiro 41 yard field goal is GOOD, Center-46-J.Weeks, Holder-7-T.Morstead.",5,4,12,SF,Field Goal,Kick Attempt Good,00-0034173,LA,23.0,05:55:00,41.0,E.Pineiro,2025,5,2025-10-02,LA,SF,REG
2025_05_TB_SEA,303,"(8:00) 4-C.McLaughlin 30 yard field goal is GOOD, Center-86-E.Deckers, Holder-9-R.Dixon.",1,4,5,TB,Field Goal,Kick Attempt Good,00-0035358,SEA,12.0,08:00:00,30.0,C.McLaughlin,2025,5,2025-10-05,SEA,TB,REG
2025_05_TB_SEA,553,"(4:10) 5-J.Myers 44 yard field goal is No Good, Wide Left, Center-41-C.Stoll, Holder-4-M.Dickson.",1,4,3,SEA,Field Goal,Kick Attempt No Good,00-0031492,TB,26.0,04:10:00,44.0,J.Myers,2025,5,2025-10-05,SEA,TB,REG
2025_05_TB_SEA,851,"(14:11) 4-C.McLaughlin 36 yard field goal is GOOD, Center-86-E.Deckers, Holder-9-R.Dixon.",2,4,4,TB,Field Goal,Kick Attempt Good,00-0035358,SEA,18.0,14:11:00,36.0,C.McLaughlin,2025,5,2025-10-05,SEA,TB,REG
2025_05_TB_SEA,4021,"(:03) 4-C.McLaughlin 39 yard field goal is GOOD, Center-86-E.Deckers, Holder-9-R.Dixon.",4,2,11,TB,Field Goal,Kick Attempt Good,00-0035358,SEA,21.0,00:03:00,39.0,C.McLaughlin,2025,5,2025-10-05,SEA,TB,REG
2025_05_TEN_ARI,705,"(5:04) 6-J.Slye 44 yard field goal is GOOD, Center-46-M.Cox, Holder-3-J.Hekker.",1,4,8,TEN,Field Goal,Kick Attempt Good,00-0035192,ARI,26.0,05:04:00,44.0,J.Slye,2025,5,2025-10-05,ARI,TEN,REG
2025_05_TEN_ARI,1548,"(8:34) 6-J.Slye 51 yard field goal is GOOD, Center-46-M.Cox, Holder-3-J.Hekker.",2,4,9,TEN,Field Goal,Kick Attempt Good,00-0035192,ARI,33.0,08:34:00,51.0,J.Slye,2025,5,2025-10-05,ARI,TEN,REG
2025_05_TEN_ARI,4784,"(:03) 6-J.Slye 29 yard field goal is GOOD, Center-46-M.Cox, Holder-3-J.Hekker.",4,4,11,TEN,Field Goal,Kick Attempt Good,00-0035192,ARI,11.0,00:03:00,29.0,J.Slye,2025,5,2025-10-05,ARI,TEN,REG
2025_05_WAS_LAC,763,"(3:02) 11-C.Dicker 55 yard field goal is GOOD, Center-41-R.Lovato, Holder-16-J.Scott.",1,4,11,LAC,Field Goal,Kick Attempt Good,00-0037224,WAS,37.0,03:02:00,55.0,C.Dicker,2025,5,2025-10-05,LAC,WAS,REG
2025_05_WAS_LAC,1992,"(:05) 16-M.Gay 29 yard field goal is GOOD, Center-69-T.Ott, Holder-10-T.Way.",2,2,10,WAS,Field Goal,Kick Attempt Good,00-0035269,LAC,11.0,00:05:00,29.0,M.Gay,2025,5,2025-10-05,LAC,WAS,REG
2025_05_WAS_LAC,2757,"(5:52) 16-M.Gay 36 yard field goal is GOOD, Center-69-T.Ott, Holder-10-T.Way. Penalty on LAC-53-D.Phillips, Defensive Offside, declined.",3,4,10,WAS,Field Goal,Kick Attempt Good,00-0035269,LAC,18.0,05:52:00,36.0,M.Gay,2025,5,2025-10-05,LAC,WAS,REG
2025_06_ARI_IND,1891,"(1:59) 38-C.Ryland 40 yard field goal is GOOD, Center-46-A.Brewer, Holder-49-P.O'Donnell.",2,4,16,ARI,Field Goal,Kick Attempt Good,00-0038567,IND,22.0,01:59:00,40.0,C.Ryland,2025,6,2025-10-12,IND,ARI,REG
2025_06_ARI_IND,2844,"(4:36) 12-M.Badgley 45 yard field goal is GOOD, Center-46-L.Rhodes, Holder-8-R.Sanchez.",3,4,6,IND,Field Goal,Kick Attempt Good,00-0034084,ARI,27.0,04:36:00,45.0,M.Badgley,2025,6,2025-10-12,IND,ARI,REG
2025_06_ARI_IND,3635,"(9:36) 38-C.Ryland 44 yard field goal is GOOD, Center-46-A.Brewer, Holder-49-P.O'Donnell.",4,4,13,ARI,Field Goal,Kick Attempt Good,00-0038567,IND,26.0,09:36:00,44.0,C.Ryland,2025,6,2025-10-12,IND,ARI,REG
2025_06_BUF_ATL,3342,"(12:31) 39-J.Romo 37 yard field goal is BLOCKED (50-G.Rousseau), Center-49-L.McCullough, Holder-13-B.Pinion, RECOVERED by BUF-37-J.Hancock at BUF 39.",4,4,12,ATL,Field Goal,Blocked Kick Attempt,00-0037542,BUF,19.0,12:31:00,37.0,J.Romo,2025,6,2025-10-13,ATL,BUF,REG
2025_06_BUF_ATL,4080,"(1:47) 39-J.Romo 33 yard field goal is GOOD, Center-49-L.McCullough, Holder-13-B.Pinion.",4,4,15,ATL,Field Goal,Kick Attempt Good,00-0037542,BUF,15.0,01:47:00,33.0,J.Romo,2025,6,2025-10-13,ATL,BUF,REG
2025_06_CHI_WAS,254,"(10:45) 16-J.Moody 47 yard field goal is GOOD, Center-46-S.Daly, Holder-19-T.Taylor.",1,4,4,CHI,Field Goal,Kick Attempt Good,00-0038562,WAS,29.0,10:45:00,47.0,J.Moody,2025,6,2025-10-13,WAS,CHI,REG
2025_06_CHI_WAS,795,"(2:30) 16-J.Moody 48 yard field goal is GOOD, Center-46-S.Daly, Holder-19-T.Taylor.",1,4,8,CHI,Field Goal,Kick Attempt Good,00-0038562,WAS,30.0,02:30:00,48.0,J.Moody,2025,6,2025-10-13,WAS,CHI,REG
2025_06_CHI_WAS,1928,"(1:14) 16-M.Gay 50 yard field goal is No Good, Hit Left Upright, Center-69-T.Ott, Holder-10-T.Way.",2,4,7,WAS,Field Goal,Kick Attempt No Good,00-0035269,CHI,32.0,01:14:00,50.0,M.Gay,2025,6,2025-10-13,WAS,CHI,REG
2025_06_CHI_WAS,2308,"(12:03) 16-M.Gay 53 yard field goal is GOOD, Center-69-T.Ott, Holder-10-T.Way.",3,4,16,WAS,Field Goal,Kick Attempt Good,00-0035269,CHI,35.0,12:03:00,53.0,M.Gay,2025,6,2025-10-13,WAS,CHI,REG
2025_06_CHI_WAS,2615,"(8:09) 16-J.Moody 41 yard field goal is GOOD, Center-46-S.Daly, Holder-19-T.Taylor.",3,4,18,CHI,Field Goal,Kick Attempt Good,00-0038562,WAS,23.0,08:09:00,41.0,J.Moody,2025,6,2025-10-13,WAS,CHI,REG
2025_06_CHI_WAS,3162,"(15:00) 16-J.Moody 48 yard field goal is BLOCKED (94-D.Payne), Center-46-S.Daly, Holder-19-T.Taylor, recovered by CHI-16-J.Moody at WAS 37.",4,4,6,CHI,Field Goal,Blocked Kick Attempt,00-0038562,WAS,30.0,15:00:00,48.0,J.Moody,2025,6,2025-10-13,WAS,CHI,REG
2025_06_CHI_WAS,4268,"(:03) 16-J.Moody 38 yard field goal is GOOD, Center-46-S.Daly, Holder-19-T.Taylor.",4,2,12,CHI,Field Goal,Kick Attempt Good,00-0038562,WAS,20.0,00:03:00,38.0,J.Moody,2025,6,2025-10-13,WAS,CHI,REG
2025_06_CIN_GB,757,"(14:20) 35-L.Havrisik 43 yard field goal is GOOD, Center-42-M.Orzech, Holder-19-D.Whelan.",2,4,6,GB,Field Goal,Kick Attempt Good,00-0038152,CIN,25.0,14:20:00,43.0,L.Havrisik,2025,6,2025-10-12,GB,CIN,REG
2025_06_CIN_GB,1981,"(:01) 2-E.McPherson 67 yard field goal is No Good, Center-46-W.Wagner, Holder-8-R.Rehkow. 25-K.Nixon at GB -5 to GB 32 for 37 yards (71-A.Mims; 74-J.Rivers).",2,4,1,CIN,Field Goal,Kick Attempt No Good,00-0036854,GB,49.0,00:01:00,67.0,E.McPherson,2025,6,2025-10-12,GB,CIN,REG
2025_06_CIN_GB,3130,"(10:47) 2-E.McPherson 45 yard field goal is GOOD, Center-46-W.Wagner, Holder-8-R.Rehkow.",4,4,8,CIN,Field Goal,Kick Attempt Good,00-0036854,GB,27.0,10:47:00,45.0,E.McPherson,2025,6,2025-10-12,GB,CIN,REG
2025_06_CIN_GB,3897,"(1:56) 35-L.Havrisik 39 yard field goal is GOOD, Center-42-M.Orzech, Holder-19-D.Whelan.",4,4,2,GB,Field Goal,Kick Attempt Good,00-0038152,CIN,21.0,01:56:00,39.0,L.Havrisik,2025,6,2025-10-12,GB,CIN,REG
2025_06_CIN_GB,4062,"(:46) 2-E.McPherson 56 yard field goal is No Good, Wide Right, Center-46-W.Wagner, Holder-8-R.Rehkow.",4,4,6,CIN,Field Goal,Kick Attempt No Good,00-0036854,GB,38.0,00:46:00,56.0,E.McPherson,2025,6,2025-10-12,GB,CIN,REG
2025_06_CLE_PIT,257,"(10:59) 9-C.Boswell 44 yard field goal is GOOD, Center-46-C.Kuntz, Holder-3-C.Waitman.",1,4,11,PIT,Field Goal,Kick Attempt Good,00-0031136,CLE,26.0,10:59:00,44.0,C.Boswell,2025,6,2025-10-12,PIT,CLE,REG
2025_06_CLE_PIT,1173,"(11:06) 9-C.Boswell 50 yard field goal is GOOD, Center-46-C.Kuntz, Holder-3-C.Waitman.",2,4,10,PIT,Field Goal,Kick Attempt Good,00-0031136,CLE,32.0,11:06:00,50.0,C.Boswell,2025,6,2025-10-12,PIT,CLE,REG
2025_06_CLE_PIT,1602,"(3:43) 9-C.Boswell 48 yard field goal is GOOD, Center-46-C.Kuntz, Holder-3-C.Waitman.",2,4,7,PIT,Field Goal,Kick Attempt Good,00-0031136,CLE,30.0,03:43:00,48.0,C.Boswell,2025,6,2025-10-12,PIT,CLE,REG
2025_06_CLE_PIT,2203,"(:03) 25-A.Szmyt 31 yard field goal is GOOD, Center-50-R.Sunahara, Holder-13-C.Bojorquez.",2,3,12,CLE,Field Goal,Kick Attempt Good,00-0038428,PIT,13.0,00:03:00,31.0,A.Szmyt,2025,6,2025-10-12,PIT,CLE,REG
2025_06_CLE_PIT,3080,"(4:13) 25-A.Szmyt 53 yard field goal is GOOD, Center-50-R.Sunahara, Holder-13-C.Bojorquez.",3,4,10,CLE,Field Goal,Kick Attempt Good,00-0038428,PIT,35.0,04:13:00,53.0,A.Szmyt,2025,6,2025-10-12,PIT,CLE,REG
2025_06_CLE_PIT,3881,"(9:33) 25-A.Szmyt 32 yard field goal is GOOD, Center-50-R.Sunahara, Holder-13-C.Bojorquez.",4,4,14,CLE,Field Goal,Kick Attempt Good,00-0038428,PIT,14.0,09:33:00,32.0,A.Szmyt,2025,6,2025-10-12,PIT,CLE,REG
2025_06_CLE_PIT,4310,"(3:44) 9-C.Boswell 54 yard field goal is No Good, Short, Center-46-C.Kuntz, Holder-3-C.Waitman.",4,4,4,PIT,Field Goal,Kick Attempt No Good,00-0031136,CLE,36.0,03:44:00,54.0,C.Boswell,2025,6,2025-10-12,PIT,CLE,REG
2025_06_DAL_CAR,334,"(9:11) 10-R.Fitzgerald 31 yard field goal is GOOD, Center-44-J.Jansen, Holder-6-S.Martin.",1,4,2,CAR,Field Goal,Kick Attempt Good,00-0040279,DAL,13.0,09:11:00,31.0,R.Fitzgerald,2025,6,2025-10-12,CAR,DAL,REG
2025_06_DAL_CAR,617,"(4:51) 17-B.Aubrey 23 yard field goal is GOOD, Center-44-T.Sieg, Holder-5-B.Anger.",1,4,5,DAL,Field Goal,Kick Attempt Good,00-0037692,CAR,5.0,04:51:00,23.0,B.Aubrey,2025,6,2025-10-12,CAR,DAL,REG
2025_06_DAL_CAR,1962,"(:25) 10-R.Fitzgerald 55 yard field goal is GOOD, Center-44-J.Jansen, Holder-6-S.Martin.",2,4,10,CAR,Field Goal,Kick Attempt Good,00-0040279,DAL,37.0,00:25:00,55.0,R.Fitzgerald,2025,6,2025-10-12,CAR,DAL,REG
2025_06_DAL_CAR,3388,"(9:23) 17-B.Aubrey 28 yard field goal is GOOD, Center-44-T.Sieg, Holder-5-B.Anger.",4,4,9,DAL,Field Goal,Kick Attempt Good,00-0037692,CAR,9.0,09:23:00,28.0,B.Aubrey,2025,6,2025-10-12,CAR,DAL,REG
2025_06_DAL_CAR,4083,"(:03) 10-R.Fitzgerald 33 yard field goal is GOOD, Center-44-J.Jansen, Holder-6-S.Martin.",4,3,13,CAR,Field Goal,Kick Attempt Good,00-0040279,DAL,15.0,00:03:00,33.0,R.Fitzgerald,2025,6,2025-10-12,CAR,DAL,REG
2025_06_DEN_NYJ,241,"(11:05) 6-N.Folk 52 yard field goal is GOOD, Center-42-T.Hennessy, Holder-14-A.McNamara.",1,4,7,NYJ,Field Goal,Kick Attempt Good,00-0025565,DEN,34.0,11:05:00,52.0,N.Folk,2025,6,2025-10-12,NYJ,DEN,REG
2025_06_DEN_NYJ,467,"(7:08) 3-W.Lutz 57 yard field goal is GOOD, Center-48-M.Fraboni, Holder-16-J.Crawshaw.",1,4,5,DEN,Field Goal,Kick Attempt Good,00-0032569,NYJ,39.0,07:08:00,57.0,W.Lutz,2025,6,2025-10-12,NYJ,DEN,REG
2025_06_DEN_NYJ,591,"(4:59) 6-N.Folk 41 yard field goal is GOOD, Center-42-T.Hennessy, Holder-14-A.McNamara.",1,4,9,NYJ,Field Goal,Kick Attempt Good,00-0025565,DEN,23.0,04:59:00,41.0,N.Folk,2025,6,2025-10-12,NYJ,DEN,REG
2025_06_DEN_NYJ,2292,"(10:29) 6-N.Folk 38 yard field goal is GOOD, Center-42-T.Hennessy, Holder-14-A.McNamara.",3,4,8,NYJ,Field Goal,Kick Attempt Good,00-0025565,DEN,20.0,10:29:00,38.0,N.Folk,2025,6,2025-10-12,NYJ,DEN,REG
2025_06_DEN_NYJ,3665,"(5:09) 3-W.Lutz 27 yard field goal is GOOD, Center-48-M.Fraboni, Holder-16-J.Crawshaw.",4,4,9,DEN,Field Goal,Kick Attempt Good,00-0032569,NYJ,9.0,05:09:00,27.0,W.Lutz,2025,6,2025-10-12,NYJ,DEN,REG
2025_06_DET_KC,501,"(5:24) 39-J.Bates 28 yard field goal is GOOD, Center-49-H.Hatten, Holder-3-J.Fox.",1,4,10,DET,Field Goal,Kick Attempt Good,00-0039172,KC,10.0,05:24:00,28.0,J.Bates,2025,6,2025-10-12,KC,DET,REG
2025_06_DET_KC,3496,"(2:29) 7-H.Butker 33 yard field goal is GOOD, Center-41-J.Winchester, Holder-14-M.Araiza.",4,4,10,KC,Field Goal,Kick Attempt Good,00-0033303,DET,15.0,02:29:00,33.0,H.Butker,2025,6,2025-10-12,KC,DET,REG
2025_06_LAC_MIA,393,"(7:55) 11-C.Dicker 35 yard field goal is GOOD, Center-41-R.Lovato, Holder-16-J.Scott.",1,4,2,LAC,Field Goal,Kick Attempt Good,00-0037224,MIA,17.0,07:55:00,35.0,C.Dicker,2025,6,2025-10-12,MIA,LAC,REG
2025_06_LAC_MIA,880,"(:39) 11-C.Dicker 31 yard field goal is GOOD, Center-41-R.Lovato, Holder-16-J.Scott.",1,4,2,LAC,Field Goal,Kick Attempt Good,00-0037224,MIA,13.0,00:39:00,31.0,C.Dicker,2025,6,2025-10-12,MIA,LAC,REG
2025_06_LAC_MIA,1168,"(12:02) 47-R.Patterson 57 yard field goal is No Good, Wide Right, Center-49-J.Cardona, Holder-16-J.Bailey.",2,4,10,MIA,Field Goal,Kick Attempt No Good,00-0036816,LAC,39.0,12:02:00,57.0,R.Patterson,2025,6,2025-10-12,MIA,LAC,REG
2025_06_LAC_MIA,1337,"(8:42) 11-C.Dicker 29 yard field goal is GOOD, Center-41-R.Lovato, Holder-16-J.Scott.",2,4,8,LAC,Field Goal,Kick Attempt Good,00-0037224,MIA,11.0,08:42:00,29.0,C.Dicker,2025,6,2025-10-12,MIA,LAC,REG
2025_06_LAC_MIA,1567,"(4:34) 47-R.Patterson 47 yard field goal is GOOD, Center-49-J.Cardona, Holder-16-J.Bailey.",2,4,7,MIA,Field Goal,Kick Attempt Good,00-0036816,LAC,29.0,04:34:00,47.0,R.Patterson,2025,6,2025-10-12,MIA,LAC,REG
2025_06_LAC_MIA,2097,"(:04) 47-R.Patterson 27 yard field goal is GOOD, Center-49-J.Cardona, Holder-16-J.Bailey.",2,4,2,MIA,Field Goal,Kick Attempt Good,00-0036816,LAC,9.0,00:04:00,27.0,R.Patterson,2025,6,2025-10-12,MIA,LAC,REG
2025_06_LAC_MIA,3122,"(12:50) 11-C.Dicker 35 yard field goal is GOOD, Center-41-R.Lovato, Holder-16-J.Scott.",4,4,2,LAC,Field Goal,Kick Attempt Good,00-0037224,MIA,17.0,12:50:00,35.0,C.Dicker,2025,6,2025-10-12,MIA,LAC,REG
2025_06_LAC_MIA,4120,"(:09) 11-C.Dicker 33 yard field goal is GOOD, Center-41-R.Lovato, Holder-16-J.Scott.",4,4,8,LAC,Field Goal,Kick Attempt Good,00-0037224,MIA,15.0,00:09:00,33.0,C.Dicker,2025,6,2025-10-12,MIA,LAC,REG
2025_06_LA_BAL,438,"(7:26) 33-T.Loop 37 yard field goal is GOOD, Center-46-N.Moore, Holder-11-J.Stout.",1,4,14,BAL,Field Goal,Kick Attempt Good,00-0040074,LA,19.0,07:26:00,37.0,T.Loop,2025,6,2025-10-12,BAL,LA,REG
2025_06_LA_BAL,727,"(2:27) 16-J.Karty 26 yard field goal is No Good, Hit Right Upright, Center-47-A.Ward, Holder-42-E.Evans.",1,4,5,LA,Field Goal,Kick Attempt No Good,00-0039750,BAL,8.0,02:27:00,26.0,J.Karty,2025,6,2025-10-12,BAL,LA,REG
2025_06_LA_BAL,1294,"(9:53) 16-J.Karty 36 yard field goal is GOOD, Center-47-A.Ward, Holder-42-E.Evans.",2,4,11,LA,Field Goal,Kick Attempt Good,00-0039750,BAL,18.0,09:53:00,36.0,J.Karty,2025,6,2025-10-12,BAL,LA,REG
2025_06_NE_NO,170,"(12:54) 19-B.Grupe 34 yard field goal is GOOD, Center-49-Z.Wood, Holder-32-K.Kroeger.",1,4,4,NO,Field Goal,Kick Attempt Good,00-0038905,NE,16.0,12:54:00,34.0,B.Grupe,2025,6,2025-10-12,NO,NE,REG
2025_06_NE_NO,693,"(5:09) 19-B.Grupe 48 yard field goal is GOOD, Center-49-Z.Wood, Holder-32-K.Kroeger.",1,4,8,NO,Field Goal,Kick Attempt Good,00-0038905,NE,30.0,05:09:00,48.0,B.Grupe,2025,6,2025-10-12,NO,NE,REG
2025_06_NE_NO,1812,"(1:55) 19-B.Grupe 38 yard field goal is GOOD, Center-49-Z.Wood, Holder-32-K.Kroeger.",2,4,4,NO,Field Goal,Kick Attempt Good,00-0038905,NE,20.0,01:55:00,38.0,B.Grupe,2025,6,2025-10-12,NO,NE,REG
2025_06_NE_NO,2586,"(7:29) 36-A.Borregales 24 yard field goal is GOOD, Center-47-J.Ashby, Holder-17-B.Baringer.",3,4,6,NE,Field Goal,Kick Attempt Good,00-0040200,NO,6.0,07:29:00,24.0,A.Borregales,2025,6,2025-10-12,NO,NE,REG
2025_06_NE_NO,3249,"(13:46) 19-B.Grupe 54 yard field goal is GOOD, Center-49-Z.Wood, Holder-32-K.Kroeger.",4,4,9,NO,Field Goal,Kick Attempt Good,00-0038905,NE,36.0,13:46:00,54.0,B.Grupe,2025,6,2025-10-12,NO,NE,REG
2025_06_PHI_NYG,191,"(12:03) 4-J.Elliott 42 yard field goal is GOOD, Center-57-C.Adomitis, Holder-10-B.Mann.",1,4,5,PHI,Field Goal,Kick Attempt Good,00-0033787,NYG,24.0,12:03:00,42.0,J.Elliott,2025,6,2025-10-09,NYG,PHI,REG
2025_06_SEA_JAX,1205,"(10:40) 5-J.Myers 24 yard field goal is GOOD, Center-41-C.Stoll, Holder-4-M.Dickson.",2,4,6,SEA,Field Goal,Kick Attempt Good,00-0031492,JAX,6.0,10:40:00,24.0,J.Myers,2025,6,2025-10-12,JAX,SEA,REG
2025_06_SEA_JAX,2043,"(1:03) 39-C.Little 50 yard field goal is No Good, Wide Right, Center-46-R.Matiscik, Holder-9-L.Cooke.",2,4,18,JAX,Field Goal,Kick Attempt No Good,00-0039409,SEA,32.0,01:03:00,50.0,C.Little,2025,6,2025-10-12,JAX,SEA,REG
2025_06_SEA_JAX,2201,"(:15) 5-J.Myers 53 yard field goal is GOOD, Center-41-C.Stoll, Holder-4-M.Dickson.",2,4,6,SEA,Field Goal,Kick Attempt Good,00-0031492,JAX,35.0,00:15:00,53.0,J.Myers,2025,6,2025-10-12,JAX,SEA,REG
2025_06_SF_TB,520,"(7:58) 18-E.Pineiro 52 yard field goal is GOOD, Center-46-J.Weeks, Holder-7-T.Morstead.",1,4,15,SF,Field Goal,Kick Attempt Good,00-0034173,TB,34.0,07:58:00,52.0,E.Pineiro,2025,6,2025-10-12,TB,SF,REG
2025_06_SF_TB,1754,"(2:09) 18-E.Pineiro 54 yard field goal is GOOD, Center-46-J.Weeks, Holder-7-T.Morstead.",2,4,6,SF,Field Goal,Kick Attempt Good,00-0034173,TB,36.0,02:09:00,54.0,E.Pineiro,2025,6,2025-10-12,TB,SF,REG
2025_06_SF_TB,2136,"(:06) 18-E.Pineiro 42 yard field goal is GOOD, Center-46-J.Weeks, Holder-7-T.Morstead.",2,2,10,SF,Field Goal,Kick Attempt Good,00-0034173,TB,24.0,00:06:00,42.0,E.Pineiro,2025,6,2025-10-12,TB,SF,REG
2025_06_SF_TB,2623,"(7:30) 18-E.Pineiro 29 yard field goal is GOOD, Center-46-J.Weeks, Holder-7-T.Morstead.",3,4,6,SF,Field Goal,Kick Attempt Good,00-0034173,TB,11.0,07:30:00,29.0,E.Pineiro,2025,6,2025-10-12,TB,SF,REG
2025_06_SF_TB,3427,"(8:46) 4-C.McLaughlin 49 yard field goal is No Good, Wide Right, Center-86-E.Deckers, Holder-9-R.Dixon.",4,4,4,TB,Field Goal,Kick Attempt No Good,00-0035358,SF,31.0,08:46:00,49.0,C.McLaughlin,2025,6,2025-10-12,TB,SF,REG
2025_06_SF_TB,3921,"(2:00) 4-C.McLaughlin 45 yard field goal is GOOD, Center-86-E.Deckers, Holder-9-R.Dixon.",4,4,4,TB,Field Goal,Kick Attempt Good,00-0035358,SF,27.0,02:00:00,45.0,C.McLaughlin,2025,6,2025-10-12,TB,SF,REG
2025_06_TEN_LV,450,"(4:11) 8-D.Carlson 50 yard field goal is GOOD, Center-50-J.Bobenmoyer, Holder-6-A.Cole.",1,4,19,LV,Field Goal,Kick Attempt Good,00-0034161,TEN,32.0,04:11:00,50.0,D.Carlson,2025,6,2025-10-12,LV,TEN,REG
2025_06_TEN_LV,2727,"(1:10) 14-M.Wright 46 yard field goal is GOOD, Center-46-M.Cox, Holder-3-J.Hekker.",3,4,14,TEN,Field Goal,Kick Attempt Good,00-0035189,LV,28.0,01:10:00,46.0,M.Wright,2025,6,2025-10-12,LV,TEN,REG
2025_06_TEN_LV,3277,"(7:17) 8-D.Carlson 29 yard field goal is GOOD, Center-50-J.Bobenmoyer, Holder-6-A.Cole.",4,4,3,LV,Field Goal,Kick Attempt Good,00-0034161,TEN,10.0,07:17:00,29.0,D.Carlson,2025,6,2025-10-12,LV,TEN,REG
2025_07_ATL_SF,921,"(12:59) 39-J.Romo 38 yard field goal is GOOD, Center-49-L.McCullough, Holder-13-B.Pinion.",2,4,9,ATL,Field Goal,Kick Attempt Good,00-0037542,SF,20.0,12:59:00,38.0,J.Romo,2025,7,2025-10-19,SF,ATL,REG
2025_07_ATL_SF,1853,"(:43) 18-E.Pineiro 55 yard field goal is GOOD, Center-46-J.Weeks, Holder-7-T.Morstead.",2,4,7,SF,Field Goal,Kick Attempt Good,00-0034173,ATL,37.0,00:43:00,55.0,E.Pineiro,2025,7,2025-10-19,SF,ATL,REG
2025_07_ATL_SF,2322,"(10:14) 18-E.Pineiro 43 yard field goal is GOOD, Center-46-J.Weeks, Holder-7-T.Morstead.",3,4,11,SF,Field Goal,Kick Attempt Good,00-0034173,ATL,25.0,10:14:00,43.0,E.Pineiro,2025,7,2025-10-19,SF,ATL,REG
2025_07_CAR_NYJ,535,"(5:45) 10-R.Fitzgerald 30 yard field goal is GOOD, Center-44-J.Jansen, Holder-6-S.Martin.",1,4,5,CAR,Field Goal,Kick Attempt Good,00-0040279,NYJ,12.0,05:45:00,30.0,R.Fitzgerald,2025,7,2025-10-19,NYJ,CAR,REG
2025_07_CAR_NYJ,1137,"(11:06) 6-N.Folk 34 yard field goal is GOOD, Center-42-T.Hennessy, Holder-14-A.McNamara.",2,4,4,NYJ,Field Goal,Kick Attempt Good,00-0025565,CAR,16.0,11:06:00,34.0,N.Folk,2025,7,2025-10-19,NYJ,CAR,REG
2025_07_CAR_NYJ,2508,"(10:43) 10-R.Fitzgerald 29 yard field goal is GOOD, Center-44-J.Jansen, Holder-6-S.Martin.",3,4,6,CAR,Field Goal,Kick Attempt Good,00-0040279,NYJ,11.0,10:43:00,29.0,R.Fitzgerald,2025,7,2025-10-19,NYJ,CAR,REG
2025_07_CAR_NYJ,3844,"(6:30) 6-N.Folk 47 yard field goal is GOOD, Center-42-T.Hennessy, Holder-14-A.McNamara.",4,4,3,NYJ,Field Goal,Kick Attempt Good,00-0025565,CAR,29.0,06:30:00,47.0,N.Folk,2025,7,2025-10-19,NYJ,CAR,REG
2025_07_GB_ARI,415,"(7:38) 38-C.Ryland 32 yard field goal is GOOD, Center-46-A.Brewer, Holder-39-P.O'Donnell.",1,4,14,ARI,Field Goal,Kick Attempt Good,00-0038567,GB,14.0,07:38:00,32.0,C.Ryland,2025,7,2025-10-19,ARI,GB,REG
2025_07_GB_ARI,1244,"(9:10) 35-L.Havrisik 31 yard field goal is GOOD, Center-42-M.Orzech, Holder-19-D.Whelan.",2,4,7,GB,Field Goal,Kick Attempt Good,00-0038152,ARI,13.0,09:10:00,31.0,L.Havrisik,2025,7,2025-10-19,ARI,GB,REG
2025_07_GB_ARI,1506,"(5:06) 38-C.Ryland 40 yard field goal is GOOD, Center-46-A.Brewer, Holder-39-P.O'Donnell.",2,4,5,ARI,Field Goal,Kick Attempt Good,00-0038567,GB,22.0,05:06:00,40.0,C.Ryland,2025,7,2025-10-19,ARI,GB,REG
2025_07_GB_ARI,2072,"(:01) 35-L.Havrisik 61 yard field goal is GOOD, Center-42-M.Orzech, Holder-19-D.Whelan.",2,1,10,GB,Field Goal,Kick Attempt Good,00-0038152,ARI,43.0,00:01:00,61.0,L.Havrisik,2025,7,2025-10-19,ARI,GB,REG
2025_07_GB_ARI,3471,"(9:02) 38-C.Ryland 39 yard field goal is GOOD, Center-46-A.Brewer, Holder-39-P.O'Donnell.",4,4,21,ARI,Field Goal,Kick Attempt Good,00-0038567,GB,21.0,09:02:00,39.0,C.Ryland,2025,7,2025-10-19,ARI,GB,REG
2025_07_HOU_SEA,2086,"(2:22) 15-K.Fairbairn 36 yard field goal is GOOD, Center-40-A.Brinkman, Holder-6-T.Townsend.",2,4,7,HOU,Field Goal,Kick Attempt Good,00-0032726,SEA,17.0,02:22:00,36.0,K.Fairbairn,2025,7,2025-10-20,SEA,HOU,REG
2025_07_HOU_SEA,2295,"(:23) 5-J.Myers 53 yard field goal is BLOCKED (96-D.Autry), Center-41-C.Stoll, Holder-4-M.Dickson.",2,4,4,SEA,Field Goal,Blocked Kick Attempt,00-0031492,HOU,34.0,00:23:00,53.0,J.Myers,2025,7,2025-10-20,SEA,HOU,REG
2025_07_HOU_SEA,2378,"(:02) 15-K.Fairbairn 46 yard field goal is GOOD, Center-40-A.Brinkman, Holder-6-T.Townsend.",2,2,10,HOU,Field Goal,Kick Attempt Good,00-0032726,SEA,28.0,00:02:00,46.0,K.Fairbairn,2025,7,2025-10-20,SEA,HOU,REG
2025_07_HOU_SEA,2690,"(10:37) 5-J.Myers 26 yard field goal is GOOD, Center-41-C.Stoll, Holder-4-M.Dickson.",3,4,6,SEA,Field Goal,Kick Attempt Good,00-0031492,HOU,7.0,10:37:00,26.0,J.Myers,2025,7,2025-10-20,SEA,HOU,REG
2025_07_HOU_SEA,3165,"(5:19) 5-J.Myers 47 yard field goal is GOOD, Center-41-C.Stoll, Holder-4-M.Dickson.",3,4,3,SEA,Field Goal,Kick Attempt Good,00-0031492,HOU,29.0,05:19:00,47.0,J.Myers,2025,7,2025-10-20,SEA,HOU,REG
2025_07_IND_LAC,539,"(7:39) 11-C.Dicker 43 yard field goal is GOOD, Center-41-R.Lovato, Holder-16-J.Scott.",1,4,6,LAC,Field Goal,Kick Attempt Good,00-0037224,IND,25.0,07:39:00,43.0,C.Dicker,2025,7,2025-10-19,LAC,IND,REG
2025_07_IND_LAC,2320,"(:03) 12-M.Badgley 36 yard field goal is GOOD, Center-46-L.Rhodes, Holder-8-R.Sanchez.",2,2,10,IND,Field Goal,Kick Attempt Good,00-0034084,LAC,18.0,00:03:00,36.0,M.Badgley,2025,7,2025-10-19,LAC,IND,REG
2025_07_LA_JAX,1483,"(7:02) 39-C.Little 50 yard field goal is No Good, Wide Left, Center-46-R.Matiscik, Holder-9-L.Cooke.",2,4,3,JAX,Field Goal,Kick Attempt No Good,00-0039409,LA,32.0,07:02:00,50.0,C.Little,2025,7,2025-10-19,JAX,LA,REG
2025_07_LV_KC,2682,"(2:41) 7-H.Butker 38 yard field goal is GOOD, Center-41-J.Winchester, Holder-14-M.Araiza.",3,4,7,KC,Field Goal,Kick Attempt Good,00-0033303,LV,20.0,02:41:00,38.0,H.Butker,2025,7,2025-10-19,KC,LV,REG
2025_07_MIA_CLE,696,"(2:21) 25-A.Szmyt 30 yard field goal is GOOD, Center-50-R.Sunahara, Holder-13-C.Bojorquez.",1,4,5,CLE,Field Goal,Kick Attempt Good,00-0038428,MIA,12.0,02:21:00,30.0,A.Szmyt,2025,7,2025-10-19,CLE,MIA,REG
2025_07_MIA_CLE,885,"(14:18) 47-R.Patterson 33 yard field goal is GOOD, Center-49-J.Cardona, Holder-16-J.Bailey.",2,4,9,MIA,Field Goal,Kick Attempt Good,00-0036816,CLE,15.0,14:18:00,33.0,R.Patterson,2025,7,2025-10-19,CLE,MIA,REG
2025_07_MIA_CLE,2144,"(:03) 47-R.Patterson 26 yard field goal is GOOD, Center-49-J.Cardona, Holder-16-J.Bailey.",2,4,6,MIA,Field Goal,Kick Attempt Good,00-0036816,CLE,8.0,00:03:00,26.0,R.Patterson,2025,7,2025-10-19,CLE,MIA,REG
2025_07_NE_TEN,184,"(12:24) 6-J.Slye 49 yard field goal is GOOD, Center-46-M.Cox, Holder-3-J.Hekker.",1,4,7,TEN,Field Goal,Kick Attempt Good,00-0035192,NE,31.0,12:24:00,49.0,J.Slye,2025,7,2025-10-19,TEN,NE,REG
2025_07_NE_TEN,441,"(6:50) 36-A.Borregales 36 yard field goal is GOOD, Center-47-J.Ashby, Holder-17-B.Baringer.",1,4,12,NE,Field Goal,Kick Attempt Good,00-0040200,TEN,18.0,06:50:00,36.0,A.Borregales,2025,7,2025-10-19,TEN,NE,REG
2025_07_NE_TEN,1617,"(1:53) 6-J.Slye 50 yard field goal is GOOD, Center-46-M.Cox, Holder-3-J.Hekker.",2,4,12,TEN,Field Goal,Kick Attempt Good,00-0035192,NE,32.0,01:53:00,50.0,J.Slye,2025,7,2025-10-19,TEN,NE,REG
2025_07_NO_CHI,363,"(9:38) 16-J.Moody 27 yard field goal is GOOD, Center-46-S.Daly, Holder-19-T.Taylor.",1,4,7,CHI,Field Goal,Kick Attempt Good,00-0038562,NO,9.0,09:38:00,27.0,J.Moody,2025,7,2025-10-19,CHI,NO,REG
2025_07_NO_CHI,832,"(3:00) 19-B.Grupe 53 yard field goal is No Good, Wide Right, Center-49-Z.Wood, Holder-32-K.Kroeger.",1,4,9,NO,Field Goal,Kick Attempt No Good,00-0038905,CHI,35.0,03:00:00,53.0,B.Grupe,2025,7,2025-10-19,CHI,NO,REG
2025_07_NO_CHI,1079,"(14:10) 16-J.Moody 39 yard field goal is GOOD, Center-46-S.Daly, Holder-19-T.Taylor.",2,4,8,CHI,Field Goal,Kick Attempt Good,00-0038562,NO,21.0,14:10:00,39.0,J.Moody,2025,7,2025-10-19,CHI,NO,REG
2025_07_NO_CHI,2962,"(4:10) 16-J.Moody 24 yard field goal is GOOD, Center-46-S.Daly, Holder-19-T.Taylor.",3,4,6,CHI,Field Goal,Kick Attempt Good,00-0038562,NO,6.0,04:10:00,24.0,J.Moody,2025,7,2025-10-19,CHI,NO,REG
2025_07_NO_CHI,3735,"(6:26) 16-J.Moody 33 yard field goal is GOOD, Center-46-S.Daly, Holder-19-T.Taylor.",4,4,11,CHI,Field Goal,Kick Attempt Good,00-0038562,NO,15.0,06:26:00,33.0,J.Moody,2025,7,2025-10-19,CHI,NO,REG
2025_07_NYG_DEN,5100,"(:02) 3-W.Lutz 39 yard field goal is GOOD, Center-48-M.Fraboni, Holder-16-J.Crawshaw.",4,2,10,DEN,Field Goal,Kick Attempt Good,00-0032569,NYG,21.0,00:02:00,39.0,W.Lutz,2025,7,2025-10-19,DEN,NYG,REG
2025_07_PHI_MIN,642,"(2:08) 16-W.Reichard 59 yard field goal is GOOD, Center-42-A.DePaola, Holder-17-R.Wright.",1,4,32,MIN,Field Goal,Kick Attempt Good,00-0039404,PHI,41.0,02:08:00,59.0,W.Reichard,2025,7,2025-10-19,MIN,PHI,REG
2025_07_PHI_MIN,1437,"(6:37) 16-W.Reichard 34 yard field goal is GOOD, Center-42-A.DePaola, Holder-17-R.Wright.",2,4,11,MIN,Field Goal,Kick Attempt Good,00-0039404,PHI,16.0,06:37:00,34.0,W.Reichard,2025,7,2025-10-19,MIN,PHI,REG
2025_07_PHI_MIN,2185,"(9:05) 16-W.Reichard 28 yard field goal is GOOD, Center-42-A.DePaola, Holder-17-R.Wright.",3,4,9,MIN,Field Goal,Kick Attempt Good,00-0039404,PHI,10.0,09:05:00,28.0,W.Reichard,2025,7,2025-10-19,MIN,PHI,REG
2025_07_PHI_MIN,2926,"(14:19) 4-J.Elliott 42 yard field goal is No Good, Wide Right, Center-57-C.Adomitis, Holder-10-B.Mann.",4,4,5,PHI,Field Goal,Kick Attempt No Good,00-0033787,MIN,23.0,14:19:00,42.0,J.Elliott,2025,7,2025-10-19,MIN,PHI,REG
2025_07_PHI_MIN,3086,"(10:10) 16-W.Reichard 35 yard field goal is GOOD, Center-42-A.DePaola, Holder-17-R.Wright.",4,4,12,MIN,Field Goal,Kick Attempt Good,00-0039404,PHI,17.0,10:10:00,35.0,W.Reichard,2025,7,2025-10-19,MIN,PHI,REG
2025_07_PHI_MIN,3801,"(2:00) 16-W.Reichard 29 yard field goal is GOOD, Center-42-A.DePaola, Holder-17-R.Wright.",4,4,11,MIN,Field Goal,Kick Attempt Good,00-0039404,PHI,11.0,02:00:00,29.0,W.Reichard,2025,7,2025-10-19,MIN,PHI,REG
2025_07_PIT_CIN,1302,"(10:31) 9-C.Boswell 41 yard field goal is GOOD, Center-46-C.Kuntz, Holder-3-C.Waitman.",2,4,5,PIT,Field Goal,Kick Attempt Good,00-0031136,CIN,22.0,10:31:00,41.0,C.Boswell,2025,7,2025-10-16,CIN,PIT,REG
2025_07_PIT_CIN,2367,"(:02) 2-E.McPherson 49 yard field goal is GOOD, Center-46-W.Wagner, Holder-8-R.Rehkow.",2,3,4,CIN,Field Goal,Kick Attempt Good,00-0036854,PIT,31.0,00:02:00,49.0,E.McPherson,2025,7,2025-10-16,CIN,PIT,REG
2025_07_PIT_CIN,2775,"(7:58) 2-E.McPherson 23 yard field goal is GOOD, Center-46-W.Wagner, Holder-8-R.Rehkow.",3,4,5,CIN,Field Goal,Kick Attempt Good,00-0036854,PIT,5.0,07:58:00,23.0,E.McPherson,2025,7,2025-10-16,CIN,PIT,REG
2025_07_PIT_CIN,3854,"(7:03) 2-E.McPherson 45 yard field goal is GOOD, Center-46-W.Wagner, Holder-8-R.Rehkow.",4,4,13,CIN,Field Goal,Kick Attempt Good,00-0036854,PIT,27.0,07:03:00,45.0,E.McPherson,2025,7,2025-10-16,CIN,PIT,REG
2025_07_PIT_CIN,4465,"(:11) 2-E.McPherson 36 yard field goal is GOOD, Center-46-W.Wagner, Holder-8-R.Rehkow.",4,4,18,CIN,Field Goal,Kick Attempt Good,00-0036854,PIT,18.0,00:11:00,36.0,E.McPherson,2025,7,2025-10-16,CIN,PIT,REG
2025_07_TB_DET,1987,"(1:56) 39-J.Bates 54 yard field goal is No Good, Wide Left, Center-49-H.Hatten, Holder-3-J.Fox.",2,4,5,DET,Field Goal,Kick Attempt No Good,00-0039172,TB,36.0,01:56:00,54.0,J.Bates,2025,7,2025-10-20,DET,TB,REG
2025_07_TB_DET,2264,"(:04) 4-C.McLaughlin 53 yard field goal is GOOD, Center-86-E.Deckers, Holder-9-R.Dixon.",2,1,10,TB,Field Goal,Kick Attempt Good,00-0035358,DET,35.0,00:04:00,53.0,C.McLaughlin,2025,7,2025-10-20,DET,TB,REG
2025_07_TB_DET,3615,"(10:23) 39-J.Bates 58 yard field goal is GOOD, Center-49-H.Hatten, Holder-3-J.Fox.",4,4,10,DET,Field Goal,Kick Attempt Good,00-0039172,TB,40.0,10:23:00,58.0,J.Bates,2025,7,2025-10-20,DET,TB,REG
2025_07_WAS_DAL,767,"(6:19) 17-B.Aubrey 47 yard field goal is GOOD, Center-44-T.Sieg, Holder-5-B.Anger.",1,4,3,DAL,Field Goal,Kick Attempt Good,00-0037692,WAS,29.0,06:19:00,47.0,B.Aubrey,2025,7,2025-10-19,DAL,WAS,REG
2025_07_WAS_DAL,1881,"(7:27) 17-B.Aubrey 61 yard field goal is GOOD, Center-44-T.Sieg, Holder-5-B.Anger.",2,4,12,DAL,Field Goal,Kick Attempt Good,00-0037692,WAS,43.0,07:27:00,61.0,B.Aubrey,2025,7,2025-10-19,DAL,WAS,REG
2025_07_WAS_DAL,4045,"(12:48) 17-B.Aubrey 29 yard field goal is GOOD, Center-44-T.Sieg, Holder-5-B.Anger.",4,4,6,DAL,Field Goal,Kick Attempt Good,00-0037692,WAS,11.0,12:48:00,29.0,B.Aubrey,2025,7,2025-10-19,DAL,WAS,REG
2025_08_BUF_CAR,402,"(7:18) 15-M.Prater 45 yard field goal is GOOD, Center-69-R.Ferguson, Holder-19-M.Wishnowsky.",1,4,14,BUF,Field Goal,Kick Attempt Good,00-0023853,CAR,27.0,07:18:00,45.0,M.Prater,2025,8,2025-10-26,CAR,BUF,REG
2025_08_BUF_CAR,1111,"(13:07) 15-M.Prater 43 yard field goal is GOOD, Center-69-R.Ferguson, Holder-19-M.Wishnowsky.",2,4,17,BUF,Field Goal,Kick Attempt Good,00-0023853,CAR,25.0,13:07:00,43.0,M.Prater,2025,8,2025-10-26,CAR,BUF,REG
2025_08_BUF_CAR,1357,"(9:03) 10-R.Fitzgerald 48 yard field goal is GOOD, Center-44-J.Jansen, Holder-6-S.Martin.",2,4,7,CAR,Field Goal,Kick Attempt Good,00-0040279,BUF,30.0,09:03:00,48.0,R.Fitzgerald,2025,8,2025-10-26,CAR,BUF,REG
2025_08_BUF_CAR,2387,"(:01) 10-R.Fitzgerald 32 yard field goal is No Good, Wide Left, Center-44-J.Jansen, Holder-6-S.Martin.",2,4,14,CAR,Field Goal,Kick Attempt No Good,00-0040279,BUF,14.0,00:01:00,32.0,R.Fitzgerald,2025,8,2025-10-26,CAR,BUF,REG
2025_08_CHI_BAL,384,"(6:55) 8-C.Santos 32 yard field goal is GOOD, Center-46-S.Daly, Holder-19-T.Taylor.",1,4,14,CHI,Field Goal,Kick Attempt Good,00-0031203,BAL,14.0,06:55:00,32.0,C.Santos,2025,8,2025-10-26,BAL,CHI,REG
2025_08_CHI_BAL,860,"(:07) 8-C.Santos 39 yard field goal is GOOD, Center-46-S.Daly, Holder-19-T.Taylor.",1,4,7,CHI,Field Goal,Kick Attempt Good,00-0031203,BAL,22.0,00:07:00,39.0,C.Santos,2025,8,2025-10-26,BAL,CHI,REG
2025_08_CHI_BAL,1816,"(1:11) 33-T.Loop 42 yard field goal is GOOD, Center-46-N.Moore, Holder-11-J.Stout.",2,4,15,BAL,Field Goal,Kick Attempt Good,00-0040074,CHI,24.0,01:11:00,42.0,T.Loop,2025,8,2025-10-26,BAL,CHI,REG
2025_08_CHI_BAL,2031,"(:03) 8-C.Santos 58 yard field goal is No Good, Short, Center-46-S.Daly, Holder-19-T.Taylor.",2,4,6,CHI,Field Goal,Kick Attempt No Good,00-0031203,BAL,40.0,00:03:00,58.0,C.Santos,2025,8,2025-10-26,BAL,CHI,REG
2025_08_CHI_BAL,2267,"(10:08) 33-T.Loop 28 yard field goal is GOOD, Center-46-N.Moore, Holder-11-J.Stout.",3,4,3,BAL,Field Goal,Kick Attempt Good,00-0040074,CHI,10.0,10:08:00,28.0,T.Loop,2025,8,2025-10-26,BAL,CHI,REG
2025_08_CHI_BAL,2674,"(3:38) 33-T.Loop 32 yard field goal is GOOD, Center-46-N.Moore, Holder-11-J.Stout.",3,4,8,BAL,Field Goal,Kick Attempt Good,00-0040074,CHI,14.0,03:38:00,32.0,T.Loop,2025,8,2025-10-26,BAL,CHI,REG
2025_08_CHI_BAL,3726,"(5:10) 8-C.Santos 47 yard field goal is GOOD, Center-46-S.Daly, Holder-19-T.Taylor.",4,4,5,CHI,Field Goal,Kick Attempt Good,00-0031203,BAL,30.0,05:10:00,47.0,C.Santos,2025,8,2025-10-26,BAL,CHI,REG
2025_08_CLE_NE,313,"(8:49) 36-A.Borregales 36 yard field goal is GOOD, Center-47-J.Ashby, Holder-17-B.Baringer.",1,4,18,NE,Field Goal,Kick Attempt Good,00-0040200,CLE,18.0,08:49:00,36.0,A.Borregales,2025,8,2025-10-26,NE,CLE,REG
2025_08_CLE_NE,1044,"(11:26) 25-A.Szmyt 47 yard field goal is No Good, Wide Left, Center-50-R.Sunahara, Holder-13-C.Bojorquez.",2,4,5,CLE,Field Goal,Kick Attempt No Good,00-0038428,NE,29.0,11:26:00,47.0,A.Szmyt,2025,8,2025-10-26,NE,CLE,REG
2025_08_CLE_NE,1217,"(7:44) 36-A.Borregales 32 yard field goal is GOOD, Center-47-J.Ashby, Holder-17-B.Baringer.",2,4,13,NE,Field Goal,Kick Attempt Good,00-0040200,CLE,14.0,07:44:00,32.0,A.Borregales,2025,8,2025-10-26,NE,CLE,REG
2025_08_CLE_NE,1817,"(:02) 36-A.Borregales 42 yard field goal is GOOD, Center-47-J.Ashby, Holder-17-B.Baringer.",2,4,2,NE,Field Goal,Kick Attempt Good,00-0040200,CLE,24.0,00:02:00,42.0,A.Borregales,2025,8,2025-10-26,NE,CLE,REG
2025_08_DAL_DEN,351,"(10:36) 17-B.Aubrey 24 yard field goal is GOOD, Center-44-T.Sieg, Holder-5-B.Anger.",1,4,6,DAL,Field Goal,Kick Attempt Good,00-0037692,DEN,6.0,10:36:00,24.0,B.Aubrey,2025,8,2025-10-26,DEN,DAL,REG
2025_08_DAL_DEN,3023,"(6:06) 3-W.Lutz 42 yard field goal is GOOD, Center-48-M.Fraboni, Holder-16-J.Crawshaw.",3,4,13,DEN,Field Goal,Kick Attempt Good,00-0032569,DAL,24.0,06:06:00,42.0,W.Lutz,2025,8,2025-10-26,DEN,DAL,REG
2025_08_GB_PIT,357,"(8:46) 9-C.Boswell 56 yard field goal is GOOD, Center-46-C.Kuntz, Holder-3-C.Waitman.",1,4,20,PIT,Field Goal,Kick Attempt Good,00-0031136,GB,38.0,08:46:00,56.0,C.Boswell,2025,8,2025-10-26,PIT,GB,REG
2025_08_GB_PIT,922,"(14:55) 17-B.McManus 57 yard field goal is No Good, Short, Center-42-M.Orzech, Holder-19-D.Whelan.",2,4,10,GB,Field Goal,Kick Attempt No Good,00-0029822,PIT,39.0,14:55:00,57.0,B.McManus,2025,8,2025-10-26,PIT,GB,REG
2025_08_GB_PIT,1067,"(12:23) 9-C.Boswell 50 yard field goal is GOOD, Center-46-C.Kuntz, Holder-3-C.Waitman.",2,4,3,PIT,Field Goal,Kick Attempt Good,00-0031136,GB,32.0,12:23:00,50.0,C.Boswell,2025,8,2025-10-26,PIT,GB,REG
2025_08_GB_PIT,1507,"(5:56) 9-C.Boswell 48 yard field goal is GOOD, Center-46-C.Kuntz, Holder-3-C.Waitman.",2,4,9,PIT,Field Goal,Kick Attempt Good,00-0031136,GB,29.0,05:56:00,48.0,C.Boswell,2025,8,2025-10-26,PIT,GB,REG
2025_08_GB_PIT,2102,"(:02) 17-B.McManus 44 yard field goal is No Good, Wide Left, Center-42-M.Orzech, Holder-19-D.Whelan.",2,2,1,GB,Field Goal,Kick Attempt No Good,00-0029822,PIT,27.0,00:02:00,44.0,B.McManus,2025,8,2025-10-26,PIT,GB,REG
2025_08_GB_PIT,2828,"(5:39) 9-C.Boswell 56 yard field goal is GOOD, Center-46-C.Kuntz, Holder-3-C.Waitman.",3,4,10,PIT,Field Goal,Kick Attempt Good,00-0031136,GB,38.0,05:39:00,56.0,C.Boswell,2025,8,2025-10-26,PIT,GB,REG
2025_08_GB_PIT,3757,"(5:31) 17-B.McManus 28 yard field goal is GOOD, Center-42-M.Orzech, Holder-19-D.Whelan.",4,4,6,GB,Field Goal,Kick Attempt Good,00-0029822,PIT,9.0,05:31:00,28.0,B.McManus,2025,8,2025-10-26,PIT,GB,REG
2025_08_GB_PIT,3974,"(4:02) 17-B.McManus 25 yard field goal is GOOD, Center-42-M.Orzech, Holder-19-D.Whelan.",4,4,3,GB,Field Goal,Kick Attempt Good,00-0029822,PIT,7.0,04:02:00,25.0,B.McManus,2025,8,2025-10-26,PIT,GB,REG
2025_08_MIA_ATL,929,"(13:03) 39-J.Romo 45 yard field goal is GOOD, Center-49-L.McCullough, Holder-13-B.Pinion.",2,4,2,ATL,Field Goal,Kick Attempt Good,00-0037542,MIA,26.0,13:03:00,45.0,J.Romo,2025,8,2025-10-26,ATL,MIA,REG
2025_08_MIA_ATL,1315,"(6:18) 47-R.Patterson 34 yard field goal is GOOD, Center-49-J.Cardona, Holder-16-J.Bailey.",2,4,7,MIA,Field Goal,Kick Attempt Good,00-0036816,ATL,15.0,06:18:00,34.0,R.Patterson,2025,8,2025-10-26,ATL,MIA,REG
2025_08_MIA_ATL,3328,"(8:41) 47-R.Patterson 36 yard field goal is GOOD, Center-49-J.Cardona, Holder-16-J.Bailey.",4,4,8,MIA,Field Goal,Kick Attempt Good,00-0036816,ATL,17.0,08:41:00,36.0,R.Patterson,2025,8,2025-10-26,ATL,MIA,REG
2025_08_MIN_LAC,1308,"(9:00) 16-W.Reichard 54 yard field goal is GOOD, Center-42-A.DePaola, Holder-17-R.Wright.",2,4,5,MIN,Field Goal,Kick Attempt Good,00-0039404,LAC,35.0,09:00:00,54.0,W.Reichard,2025,8,2025-10-23,LAC,MIN,REG
2025_08_MIN_LAC,1514,"(6:10) 11-C.Dicker 49 yard field goal is No Good, Wide Left, Center-41-R.Lovato, Holder-16-J.Scott.",2,4,17,LAC,Field Goal,Kick Attempt No Good,00-0037224,MIN,31.0,06:10:00,49.0,C.Dicker,2025,8,2025-10-23,LAC,MIN,REG
2025_08_MIN_LAC,2086,"(:03) 16-W.Reichard 53 yard field goal is No Good, Short, Center-42-A.DePaola, Holder-17-R.Wright.",2,4,1,MIN,Field Goal,Kick Attempt No Good,00-0039404,LAC,35.0,00:03:00,53.0,W.Reichard,2025,8,2025-10-23,LAC,MIN,REG
2025_08_MIN_LAC,2360,"(10:05) 11-C.Dicker 43 yard field goal is GOOD, Center-41-R.Lovato, Holder-16-J.Scott.",3,4,2,LAC,Field Goal,Kick Attempt Good,00-0037224,MIN,25.0,10:05:00,43.0,C.Dicker,2025,8,2025-10-23,LAC,MIN,REG
2025_08_MIN_LAC,3627,"(7:04) 11-C.Dicker 34 yard field goal is GOOD, Center-41-R.Lovato, Holder-16-J.Scott.",4,4,5,LAC,Field Goal,Kick Attempt Good,00-0037224,MIN,16.0,07:04:00,34.0,C.Dicker,2025,8,2025-10-23,LAC,MIN,REG
2025_08_MIN_LAC,3913,"(2:00) 11-C.Dicker 45 yard field goal is GOOD, Center-41-R.Lovato, Holder-16-J.Scott.",4,4,13,LAC,Field Goal,Kick Attempt Good,00-0037224,MIN,27.0,02:00:00,45.0,C.Dicker,2025,8,2025-10-23,LAC,MIN,REG
2025_08_NYG_PHI,518,"(6:15) 4-J.Elliott 58 yard field goal is No Good, Hit Right Upright, Center-57-C.Adomitis, Holder-10-B.Mann.",1,4,8,PHI,Field Goal,Kick Attempt No Good,00-0033787,NYG,40.0,06:15:00,58.0,J.Elliott,2025,8,2025-10-26,PHI,NYG,REG
2025_08_NYG_PHI,1693,"(2:57) 9-G.Gano 47 yard field goal is GOOD, Center-59-C.Kreiter, Holder-12-J.Gillan.",2,4,6,NYG,Field Goal,Kick Attempt Good,00-0026858,PHI,29.0,02:57:00,47.0,G.Gano,2025,8,2025-10-26,PHI,NYG,REG
2025_08_NYG_PHI,2470,"(7:08) 4-J.Elliott 40 yard field goal is GOOD, Center-57-C.Adomitis, Holder-10-B.Mann.",3,4,6,PHI,Field Goal,Kick Attempt Good,00-0033787,NYG,22.0,07:08:00,40.0,J.Elliott,2025,8,2025-10-26,PHI,NYG,REG
2025_08_NYG_PHI,2892,"(:23) 9-G.Gano 34 yard field goal is GOOD, Center-59-C.Kreiter, Holder-12-J.Gillan.",3,4,13,NYG,Field Goal,Kick Attempt Good,00-0026858,PHI,16.0,00:23:00,34.0,G.Gano,2025,8,2025-10-26,PHI,NYG,REG
2025_08_NYJ_CIN,305,"(10:17) 2-E.McPherson 26 yard field goal is GOOD, Center-46-W.Wagner, Holder-8-R.Rehkow.",1,4,6,CIN,Field Goal,Kick Attempt Good,00-0036854,NYJ,8.0,10:17:00,26.0,E.McPherson,2025,8,2025-10-26,CIN,NYJ,REG
2025_08_NYJ_CIN,1024,"(12:17) 6-N.Folk 46 yard field goal is GOOD, Center-42-T.Hennessy, Holder-14-A.McNamara.",2,4,1,NYJ,Field Goal,Kick Attempt Good,00-0025565,CIN,28.0,12:17:00,46.0,N.Folk,2025,8,2025-10-26,CIN,NYJ,REG
2025_08_NYJ_CIN,2212,"(:04) 6-N.Folk 25 yard field goal is GOOD, Center-42-T.Hennessy, Holder-14-A.McNamara.",2,4,5,NYJ,Field Goal,Kick Attempt Good,00-0025565,CIN,7.0,00:04:00,25.0,N.Folk,2025,8,2025-10-26,CIN,NYJ,REG
2025_08_NYJ_CIN,2856,"(6:15) 6-N.Folk 24 yard field goal is GOOD, Center-42-T.Hennessy, Holder-14-A.McNamara.",3,4,6,NYJ,Field Goal,Kick Attempt Good,00-0025565,CIN,6.0,06:15:00,24.0,N.Folk,2025,8,2025-10-26,CIN,NYJ,REG
2025_08_SF_HOU,515,"(5:24) 15-K.Fairbairn 33 yard field goal is GOOD, Center-40-A.Brinkman, Holder-6-T.Townsend.",1,4,2,HOU,Field Goal,Kick Attempt Good,00-0032726,SF,15.0,05:24:00,33.0,K.Fairbairn,2025,8,2025-10-26,HOU,SF,REG
2025_08_SF_HOU,990,"(15:00) 15-K.Fairbairn 34 yard field goal is GOOD, Center-40-A.Brinkman, Holder-6-T.Townsend.",2,4,5,HOU,Field Goal,Kick Attempt Good,00-0032726,SF,16.0,15:00:00,34.0,K.Fairbairn,2025,8,2025-10-26,HOU,SF,REG
2025_08_SF_HOU,1897,"(1:02) 15-K.Fairbairn 37 yard field goal is GOOD, Center-40-A.Brinkman, Holder-6-T.Townsend.",2,4,6,HOU,Field Goal,Kick Attempt Good,00-0032726,SF,18.0,01:02:00,37.0,K.Fairbairn,2025,8,2025-10-26,HOU,SF,REG
2025_08_SF_HOU,3417,"(9:44) 15-K.Fairbairn 30 yard field goal is GOOD, Center-40-A.Brinkman, Holder-6-T.Townsend.",4,4,8,HOU,Field Goal,Kick Attempt Good,00-0032726,SF,11.0,09:44:00,30.0,K.Fairbairn,2025,8,2025-10-26,HOU,SF,REG
2025_08_TB_NO,1951,"(:06) 19-B.Grupe 48 yard field goal is GOOD, Center-49-Z.Wood, Holder-32-K.Kroeger.",2,3,10,NO,Field Goal,Kick Attempt Good,00-0038905,TB,30.0,00:06:00,48.0,B.Grupe,2025,8,2025-10-26,NO,TB,REG
2025_08_TB_NO,2781,"(4:07) 4-C.McLaughlin 55 yard field goal is GOOD, Center-86-E.Deckers, Holder-9-R.Dixon.",3,4,9,TB,Field Goal,Kick Attempt Good,00-0035358,NO,37.0,04:07:00,55.0,C.McLaughlin,2025,8,2025-10-26,NO,TB,REG
2025_08_TB_NO,3246,"(14:08) 4-C.McLaughlin 52 yard field goal is GOOD, Center-86-E.Deckers, Holder-9-R.Dixon.",4,4,10,TB,Field Goal,Kick Attempt Good,00-0035358,NO,34.0,14:08:00,52.0,C.McLaughlin,2025,8,2025-10-26,NO,TB,REG
2025_08_TB_NO,3542,"(9:32) 4-C.McLaughlin 54 yard field goal is GOOD, Center-86-E.Deckers, Holder-9-R.Dixon.",4,4,2,TB,Field Goal,Kick Attempt Good,00-0035358,NO,36.0,09:32:00,54.0,C.McLaughlin,2025,8,2025-10-26,NO,TB,REG
2025_08_TEN_IND,297,"(9:48) 12-M.Badgley 43 yard field goal is GOOD, Center-46-L.Rhodes, Holder-8-R.Sanchez.",1,4,17,IND,Field Goal,Kick Attempt Good,00-0034084,TEN,25.0,09:48:00,43.0,M.Badgley,2025,8,2025-10-26,IND,TEN,REG
2025_08_TEN_IND,1884,"(:06) 6-J.Slye 58 yard field goal is No Good, Wide Right, Center-46-M.Cox, Holder-3-J.Hekker.",2,2,10,TEN,Field Goal,Kick Attempt No Good,00-0035192,IND,40.0,00:06:00,58.0,J.Slye,2025,8,2025-10-26,IND,TEN,REG
2025_09_ARI_DAL,686,"(3:42) 38-C.Ryland 48 yard field goal is GOOD, Center-46-A.Brewer, Holder-39-P.O'Donnell.",1,4,5,ARI,Field Goal,Kick Attempt Good,00-0038567,DAL,29.0,03:42:00,48.0,C.Ryland,2025,9,2025-11-03,DAL,ARI,REG
2025_09_ARI_DAL,2157,"(:02) 17-B.Aubrey 68 yard field goal is No Good, Wide Left, Center-44-T.Sieg, Holder-5-B.Anger.",2,2,10,DAL,Field Goal,Kick Attempt No Good,00-0037692,50,50.0,00:02:00,68.0,B.Aubrey,2025,9,2025-11-03,DAL,ARI,REG
2025_09_ARI_DAL,2638,"(7:18) 17-B.Aubrey 26 yard field goal is GOOD, Center-44-T.Sieg, Holder-5-B.Anger.",3,4,8,DAL,Field Goal,Kick Attempt Good,00-0037692,ARI,8.0,07:18:00,26.0,B.Aubrey,2025,9,2025-11-03,DAL,ARI,REG
2025_09_ARI_DAL,2880,"(2:35) 38-C.Ryland 34 yard field goal is GOOD, Center-46-A.Brewer, Holder-39-P.O'Donnell.",3,4,5,ARI,Field Goal,Kick Attempt Good,00-0038567,DAL,16.0,02:35:00,34.0,C.Ryland,2025,9,2025-11-03,DAL,ARI,REG
2025_09_ATL_NE,2482,"(6:30) 36-A.Borregales 32 yard field goal is GOOD, Center-47-J.Ashby, Holder-17-B.Baringer.",3,4,13,NE,Field Goal,Kick Attempt Good,00-0040200,ATL,13.0,06:30:00,32.0,A.Borregales,2025,9,2025-11-02,NE,ATL,REG
2025_09_ATL_NE,2998,"(14:12) 39-J.Romo 38 yard field goal is GOOD, Center-49-L.McCullough, Holder-13-B.Pinion.",4,4,6,ATL,Field Goal,Kick Attempt Good,00-0037542,NE,20.0,14:12:00,38.0,J.Romo,2025,9,2025-11-02,NE,ATL,REG
2025_09_BAL_MIA,180,"(12:11) 47-R.Patterson 49 yard field goal is GOOD, Center-49-J.Cardona, Holder-16-J.Bailey.",1,4,4,MIA,Field Goal,Kick Attempt Good,00-0036816,BAL,31.0,12:11:00,49.0,R.Patterson,2025,9,2025-10-30,MIA,BAL,REG
2025_09_BAL_MIA,784,"(2:40) 47-R.Patterson 35 yard field goal is No Good, Wide Right, Center-49-J.Cardona, Holder-16-J.Bailey.",1,4,6,MIA,Field Goal,Kick Attempt No Good,00-0036816,BAL,17.0,02:40:00,35.0,R.Patterson,2025,9,2025-10-30,MIA,BAL,REG
2025_09_BAL_MIA,1417,"(8:02) 47-R.Patterson 43 yard field goal is GOOD, Center-49-J.Cardona, Holder-16-J.Bailey.",2,4,6,MIA,Field Goal,Kick Attempt Good,00-0036816,BAL,25.0,08:02:00,43.0,R.Patterson,2025,9,2025-10-30,MIA,BAL,REG
2025_09_CAR_GB,1129,"(7:57) 17-B.McManus 49 yard field goal is GOOD, Center-42-M.Orzech, Holder-19-D.Whelan.",2,4,23,GB,Field Goal,Kick Attempt Good,00-0029822,CAR,31.0,07:57:00,49.0,B.McManus,2025,9,2025-11-02,GB,CAR,REG
2025_09_CAR_GB,1872,"(:05) 17-B.McManus 27 yard field goal is GOOD, Center-42-M.Orzech, Holder-19-D.Whelan.",2,4,6,GB,Field Goal,Kick Attempt Good,00-0029822,CAR,8.0,00:05:00,27.0,B.McManus,2025,9,2025-11-02,GB,CAR,REG
2025_09_CAR_GB,2149,"(10:38) 17-B.McManus 43 yard field goal is No Good, Wide Left, Center-42-M.Orzech, Holder-19-D.Whelan.",3,4,4,GB,Field Goal,Kick Attempt No Good,00-0029822,CAR,25.0,10:38:00,43.0,B.McManus,2025,9,2025-11-02,GB,CAR,REG
2025_09_CAR_GB,4002,"(:01) 10-R.Fitzgerald 49 yard field goal is GOOD, Center-44-J.Jansen, Holder-6-S.Martin.",4,3,10,CAR,Field Goal,Kick Attempt Good,00-0040279,GB,31.0,00:01:00,49.0,R.Fitzgerald,2025,9,2025-11-02,GB,CAR,REG
2025_09_CHI_CIN,667,"(5:46) 2-E.McPherson 41 yard field goal is GOOD, Center-46-W.Wagner, Holder-8-R.Rehkow.",1,4,6,CIN,Field Goal,Kick Attempt Good,00-0036854,CHI,23.0,05:46:00,41.0,E.McPherson,2025,9,2025-11-02,CIN,CHI,REG
2025_09_CHI_CIN,1722,"(5:51) 2-E.McPherson 33 yard field goal is GOOD, Center-46-W.Wagner, Holder-8-R.Rehkow.",2,4,15,CIN,Field Goal,Kick Attempt Good,00-0036854,CHI,15.0,05:51:00,33.0,E.McPherson,2025,9,2025-11-02,CIN,CHI,REG
2025_09_CHI_CIN,2095,"(1:33) 8-C.Santos 24 yard field goal is GOOD, Center-46-S.Daly, Holder-19-T.Taylor.",2,4,2,CHI,Field Goal,Kick Attempt Good,00-0031203,CIN,6.0,01:33:00,24.0,C.Santos,2025,9,2025-11-02,CIN,CHI,REG
2025_09_CHI_CIN,2502,"(:08) 8-C.Santos 47 yard field goal is BLOCKED (58-J.Ossai), Center-46-S.Daly, Holder-19-T.Taylor.",2,4,10,CHI,Field Goal,Blocked Kick Attempt,00-0031203,CIN,29.0,00:08:00,47.0,C.Santos,2025,9,2025-11-02,CIN,CHI,REG
2025_09_CHI_CIN,3624,"(12:08) 8-C.Santos 36 yard field goal is GOOD, Center-46-S.Daly, Holder-19-T.Taylor.",4,4,10,CHI,Field Goal,Kick Attempt Good,00-0031203,CIN,18.0,12:08:00,36.0,C.Santos,2025,9,2025-11-02,CIN,CHI,REG
2025_09_CHI_CIN,3983,"(5:58) 2-E.McPherson 54 yard field goal is No Good, Short, Center-46-W.Wagner, Holder-8-R.Rehkow.",4,4,13,CIN,Field Goal,Kick Attempt No Good,00-0036854,CHI,36.0,05:58:00,54.0,E.McPherson,2025,9,2025-11-02,CIN,CHI,REG
2025_09_DEN_HOU,393,"(7:29) 15-K.Fairbairn 51 yard field goal is No Good, Wide Right, Center-40-A.Brinkman, Holder-6-T.Townsend.",1,4,14,HOU,Field Goal,Kick Attempt No Good,00-0032726,DEN,32.0,07:29:00,51.0,K.Fairbairn,2025,9,2025-11-02,HOU,DEN,REG
2025_09_DEN_HOU,600,"(4:34) 3-W.Lutz 51 yard field goal is BLOCKED (96-D.Autry), Center-48-M.Fraboni, Holder-16-J.Crawshaw.",1,4,8,DEN,Field Goal,Blocked Kick Attempt,00-0032569,HOU,33.0,04:34:00,51.0,W.Lutz,2025,9,2025-11-02,HOU,DEN,REG
2025_09_DEN_HOU,858,"(:07) 15-K.Fairbairn 23 yard field goal is GOOD, Center-40-A.Brinkman, Holder-6-T.Townsend.",1,4,5,HOU,Field Goal,Kick Attempt Good,00-0032726,DEN,5.0,00:07:00,23.0,K.Fairbairn,2025,9,2025-11-02,HOU,DEN,REG
2025_09_DEN_HOU,1487,"(7:15) 15-K.Fairbairn 41 yard field goal is GOOD, Center-40-A.Brinkman, Holder-6-T.Townsend.",2,4,23,HOU,Field Goal,Kick Attempt Good,00-0032726,DEN,23.0,07:15:00,41.0,K.Fairbairn,2025,9,2025-11-02,HOU,DEN,REG
2025_09_DEN_HOU,1989,"(1:55) 15-K.Fairbairn 38 yard field goal is GOOD, Center-40-A.Brinkman, Holder-6-T.Townsend.",2,4,1,HOU,Field Goal,Kick Attempt Good,00-0032726,DEN,20.0,01:55:00,38.0,K.Fairbairn,2025,9,2025-11-02,HOU,DEN,REG
2025_09_DEN_HOU,2424,"(:02) 15-K.Fairbairn 40 yard field goal is GOOD, Center-40-A.Brinkman, Holder-6-T.Townsend. ** Injury Update: DEN-99-Z.Allen has returned to the game.",2,2,14,HOU,Field Goal,Kick Attempt Good,00-0032726,DEN,21.0,00:02:00,40.0,K.Fairbairn,2025,9,2025-11-02,HOU,DEN,REG
2025_09_DEN_HOU,2779,"(9:22) 15-K.Fairbairn 41 yard field goal is GOOD, Center-40-A.Brinkman, Holder-6-T.Townsend.",3,4,9,HOU,Field Goal,Kick Attempt Good,00-0032726,DEN,23.0,09:22:00,41.0,K.Fairbairn,2025,9,2025-11-02,HOU,DEN,REG
2025_09_DEN_HOU,4639,"(:03) 3-W.Lutz 34 yard field goal is GOOD, Center-48-M.Fraboni, Holder-16-J.Crawshaw. Penalty on HOU-11-T.Smith, Defensive Offside, declined.",4,2,1,DEN,Field Goal,Kick Attempt Good,00-0032569,HOU,16.0,00:03:00,34.0,W.Lutz,2025,9,2025-11-02,HOU,DEN,REG
2025_09_IND_PIT,2263,"(:03) 9-C.Boswell 25 yard field goal is GOOD, Center-46-C.Kuntz, Holder-3-C.Waitman.",2,3,5,PIT,Field Goal,Kick Attempt Good,00-0031136,IND,7.0,00:03:00,25.0,C.Boswell,2025,9,2025-11-02,PIT,IND,REG
2025_09_IND_PIT,3367,"(10:50) 12-M.Badgley 52 yard field goal is GOOD, Center-46-L.Rhodes, Holder-8-R.Sanchez.",4,4,9,IND,Field Goal,Kick Attempt Good,00-0034084,PIT,33.0,10:50:00,52.0,M.Badgley,2025,9,2025-11-02,PIT,IND,REG
2025_09_IND_PIT,3717,"(6:55) 9-C.Boswell 46 yard field goal is GOOD, Center-46-C.Kuntz, Holder-3-C.Waitman.",4,4,15,PIT,Field Goal,Kick Attempt Good,00-0031136,IND,28.0,06:55:00,46.0,C.Boswell,2025,9,2025-11-02,PIT,IND,REG
2025_09_IND_PIT,4552,"(:13) 12-M.Badgley 53 yard field goal is GOOD, Center-46-L.Rhodes, Holder-8-R.Sanchez.",4,2,10,IND,Field Goal,Kick Attempt Good,00-0034084,PIT,35.0,00:13:00,53.0,M.Badgley,2025,9,2025-11-02,PIT,IND,REG
2025_09_JAX_LV,2100,"(:04) 39-C.Little 68 yard field goal is GOOD, Center-46-R.Matiscik, Holder-9-L.Cooke.",2,2,10,JAX,Field Goal,Kick Attempt Good,00-0039409,50,50.0,00:04:00,68.0,C.Little,2025,9,2025-11-02,LV,JAX,REG
2025_09_JAX_LV,2354,"(9:57) 39-C.Little 33 yard field goal is GOOD, Center-46-R.Matiscik, Holder-9-L.Cooke.",3,4,5,JAX,Field Goal,Kick Attempt Good,00-0039409,LV,15.0,09:57:00,33.0,C.Little,2025,9,2025-11-02,LV,JAX,REG
2025_09_JAX_LV,2621,"(6:29) 8-D.Carlson 24 yard field goal is GOOD, Center-50-J.Bobenmoyer, Holder-6-A.Cole. Penalty on LV-70-S.Forsythe, Unnecessary Roughness, offsetting. Penalty on JAX-44-T.Walker, Disqualification, offsetting.",3,4,6,LV,Field Goal,Kick Attempt Good,00-0034161,JAX,6.0,06:29:00,24.0,D.Carlson,2025,9,2025-11-02,LV,JAX,REG
2025_09_JAX_LV,3982,"(:20) 39-C.Little 48 yard field goal is GOOD, Center-46-R.Matiscik, Holder-9-L.Cooke.",4,4,5,JAX,Field Goal,Kick Attempt Good,00-0039409,LV,30.0,00:20:00,48.0,C.Little,2025,9,2025-11-02,LV,JAX,REG
2025_09_KC_BUF,1243,"(9:31) 7-H.Butker 46 yard field goal is GOOD, Center-41-J.Winchester, Holder-14-M.Araiza.",2,4,5,KC,Field Goal,Kick Attempt Good,00-0033303,BUF,28.0,09:31:00,46.0,H.Butker,2025,9,2025-11-02,BUF,KC,REG
2025_09_KC_BUF,2067,"(:06) 7-H.Butker 19 yard field goal is GOOD, Center-41-J.Winchester, Holder-14-M.Araiza.",2,4,1,KC,Field Goal,Kick Attempt Good,00-0033303,BUF,1.0,00:06:00,19.0,H.Butker,2025,9,2025-11-02,BUF,KC,REG
2025_09_KC_BUF,3893,"(:27) 15-M.Prater 52 yard field goal is No Good, Hit Right Upright, Center-69-R.Ferguson, Holder-19-M.Wishnowsky.",4,4,6,BUF,Field Goal,Kick Attempt No Good,00-0023853,KC,34.0,00:27:00,52.0,M.Prater,2025,9,2025-11-02,BUF,KC,REG
2025_09_LAC_TEN,1169,"(14:09) 11-C.Dicker 27 yard field goal is GOOD, Center-41-R.Lovato, Holder-16-J.Scott.",2,4,8,LAC,Field Goal,Kick Attempt Good,00-0037224,TEN,9.0,14:09:00,27.0,C.Dicker,2025,9,2025-11-02,TEN,LAC,REG
2025_09_LAC_TEN,1751,"(5:07) 6-J.Slye 49 yard field goal is GOOD, Center-46-M.Cox, Holder-3-J.Hekker.",2,4,7,TEN,Field Goal,Kick Attempt Good,00-0035192,LAC,31.0,05:07:00,49.0,J.Slye,2025,9,2025-11-02,TEN,LAC,REG
2025_09_LAC_TEN,2167,"(:25) 11-C.Dicker 52 yard field goal is GOOD, Center-41-R.Lovato, Holder-16-J.Scott.",2,4,5,LAC,Field Goal,Kick Attempt Good,00-0037224,TEN,34.0,00:25:00,52.0,C.Dicker,2025,9,2025-11-02,TEN,LAC,REG
2025_09_LAC_TEN,3558,"(4:23) 6-J.Slye 37 yard field goal is GOOD, Center-46-M.Cox, Holder-3-J.Hekker.",4,4,2,TEN,Field Goal,Kick Attempt Good,00-0035192,LAC,19.0,04:23:00,37.0,J.Slye,2025,9,2025-11-02,TEN,LAC,REG
2025_09_MIN_DET,1528,"(4:46) 16-W.Reichard 50 yard field goal is GOOD, Center-42-A.DePaola, Holder-17-R.Wright.",2,4,23,MIN,Field Goal,Kick Attempt Good,00-0039404,DET,32.0,04:46:00,50.0,W.Reichard,2025,9,2025-11-02,DET,MIN,REG
2025_09_MIN_DET,3172,"(:15) 39-J.Bates 41 yard field goal is GOOD, Center-49-H.Hatten, Holder-3-J.Fox.",3,4,17,DET,Field Goal,Kick Attempt Good,00-0039172,MIN,23.0,00:15:00,41.0,J.Bates,2025,9,2025-11-02,DET,MIN,REG
2025_09_MIN_DET,3745,"(6:29) 39-J.Bates 45 yard field goal is BLOCKED (50-L.Rodriguez), Center-49-H.Hatten, Holder-3-J.Fox, RECOVERED by MIN-2-I.Rodgers at MIN 33. 2-I.Rodgers pushed ob at DET 26 for 41 yards (3-J.Fox).",4,4,23,DET,Field Goal,Blocked Kick Attempt,00-0039172,MIN,27.0,06:29:00,45.0,J.Bates,2025,9,2025-11-02,DET,MIN,REG
2025_09_MIN_DET,4011,"(3:33) 16-W.Reichard 20 yard field goal is GOOD, Center-42-A.DePaola, Holder-17-R.Wright.",4,4,2,MIN,Field Goal,Kick Attempt Good,00-0039404,DET,2.0,03:33:00,20.0,W.Reichard,2025,9,2025-11-02,DET,MIN,REG
2025_09_NO_LA,1425,"(7:54) 19-B.Grupe 39 yard field goal is GOOD, Center-49-Z.Wood, Holder-32-K.Kroeger.",2,4,6,NO,Field Goal,Kick Attempt Good,00-0038905,LA,21.0,07:54:00,39.0,B.Grupe,2025,9,2025-11-02,LA,NO,REG
2025_09_NO_LA,1966,"(:58) 16-J.Karty 39 yard field goal is No Good, Wide Right, Center-47-A.Ward, Holder-42-E.Evans.",2,4,15,LA,Field Goal,Kick Attempt No Good,00-0039750,NO,21.0,00:58:00,39.0,J.Karty,2025,9,2025-11-02,LA,NO,REG
2025_09_SEA_WAS,2095,"(:03) 5-J.Myers 41 yard field goal is GOOD, Center-41-C.Stoll, Holder-4-M.Dickson.",2,1,10,SEA,Field Goal,Kick Attempt Good,00-0031492,WAS,23.0,00:03:00,41.0,J.Myers,2025,9,2025-11-02,WAS,SEA,REG
2025_09_SF_NYG,1614,"(2:00) 18-E.Pineiro 54 yard field goal is GOOD, Center-46-J.Weeks, Holder-7-T.Morstead.",2,4,5,SF,Field Goal,Kick Attempt Good,00-0034173,NYG,36.0,02:00:00,54.0,E.Pineiro,2025,9,2025-11-02,NYG,SF,REG
2025_09_SF_NYG,1917,"(:20) 9-G.Gano 45 yard field goal is No Good, Wide Left, Center-59-C.Kreiter, Holder-12-J.Gillan.",2,4,10,NYG,Field Goal,Kick Attempt No Good,00-0026858,SF,27.0,00:20:00,45.0,G.Gano,2025,9,2025-11-02,NYG,SF,REG
2025_09_SF_NYG,2307,"(9:59) 18-E.Pineiro 33 yard field goal is GOOD, Center-46-J.Weeks, Holder-7-T.Morstead.",3,4,13,SF,Field Goal,Kick Attempt Good,00-0034173,NYG,14.0,09:59:00,33.0,E.Pineiro,2025,9,2025-11-02,NYG,SF,REG
2025_09_SF_NYG,2567,"(6:45) 9-G.Gano 22 yard field goal is GOOD, Center-59-C.Kreiter, Holder-12-J.Gillan.",3,4,3,NYG,Field Goal,Kick Attempt Good,00-0026858,SF,3.0,06:45:00,22.0,G.Gano,2025,9,2025-11-02,NYG,SF,REG
2025_10_ARI_SEA,2236,"(1:42) 5-J.Myers 46 yard field goal is GOOD, Center-41-C.Stoll, Holder-4-M.Dickson.",2,4,9,SEA,Field Goal,Kick Attempt Good,00-0031492,ARI,28.0,01:42:00,46.0,J.Myers,2025,10,2025-11-09,SEA,ARI,REG
2025_10_ARI_SEA,3818,"(11:57) 5-J.Myers 32 yard field goal is GOOD, Center-41-C.Stoll, Holder-4-M.Dickson.",4,4,6,SEA,Field Goal,Kick Attempt Good,00-0031492,ARI,13.0,11:57:00,32.0,J.Myers,2025,10,2025-11-09,SEA,ARI,REG
2025_10_ARI_SEA,4278,"(5:34) 5-J.Myers 34 yard field goal is GOOD, Center-41-C.Stoll, Holder-4-M.Dickson.",4,4,4,SEA,Field Goal,Kick Attempt Good,00-0031492,ARI,15.0,05:34:00,34.0,J.Myers,2025,10,2025-11-09,SEA,ARI,REG
2025_10_ATL_IND,1251,"(10:46) 12-M.Badgley 53 yard field goal is No Good, Short, Center-46-L.Rhodes, Holder-8-R.Sanchez.",2,4,6,IND,Field Goal,Kick Attempt No Good,00-0034084,ATL,35.0,10:46:00,53.0,M.Badgley,2025,10,2025-11-09,IND,ATL,REG
2025_10_ATL_IND,2197,"(12:30) 45-Z.Gonzalez 43 yard field goal is GOOD, Center-49-L.McCullough, Holder-13-B.Pinion.",3,4,5,ATL,Field Goal,Kick Attempt Good,00-0033862,IND,25.0,12:30:00,43.0,Z.Gonzalez,2025,10,2025-11-09,IND,ATL,REG
2025_10_ATL_IND,3202,"(9:04) 12-M.Badgley 34 yard field goal is GOOD, Center-46-L.Rhodes, Holder-8-R.Sanchez.",4,4,12,IND,Field Goal,Kick Attempt Good,00-0034084,ATL,16.0,09:04:00,34.0,M.Badgley,2025,10,2025-11-09,IND,ATL,REG
2025_10_ATL_IND,4026,"(:29) 12-M.Badgley 44 yard field goal is GOOD, Center-46-L.Rhodes, Holder-8-R.Sanchez.",4,4,6,IND,Field Goal,Kick Attempt Good,00-0034084,ATL,26.0,00:29:00,44.0,M.Badgley,2025,10,2025-11-09,IND,ATL,REG
2025_10_BAL_MIN,629,"(4:29) 33-T.Loop 44 yard field goal is GOOD, Center-46-N.Moore, Holder-11-J.Stout.",1,4,7,BAL,Field Goal,Kick Attempt Good,00-0040074,MIN,26.0,04:29:00,44.0,T.Loop,2025,10,2025-11-09,MIN,BAL,REG
2025_10_BAL_MIN,1100,"(11:00) 16-W.Reichard 49 yard field goal is GOOD, Center-42-A.DePaola, Holder-17-R.Wright.",2,4,8,MIN,Field Goal,Kick Attempt Good,00-0039404,BAL,31.0,11:00:00,49.0,W.Reichard,2025,10,2025-11-09,MIN,BAL,REG
2025_10_BAL_MIN,1694,"(1:14) 33-T.Loop 28 yard field goal is GOOD, Center-46-N.Moore, Holder-11-J.Stout.",2,4,2,BAL,Field Goal,Kick Attempt Good,00-0040074,MIN,10.0,01:14:00,28.0,T.Loop,2025,10,2025-11-09,MIN,BAL,REG
2025_10_BAL_MIN,1977,"(:05) 33-T.Loop 30 yard field goal is GOOD, Center-46-N.Moore, Holder-11-J.Stout.",2,1,10,BAL,Field Goal,Kick Attempt Good,00-0040074,MIN,12.0,00:05:00,30.0,T.Loop,2025,10,2025-11-09,MIN,BAL,REG
2025_10_BAL_MIN,2334,"(10:22) 33-T.Loop 22 yard field goal is GOOD, Center-46-N.Moore, Holder-11-J.Stout.",3,4,4,BAL,Field Goal,Kick Attempt Good,00-0040074,MIN,4.0,10:22:00,22.0,T.Loop,2025,10,2025-11-09,MIN,BAL,REG
2025_10_BAL_MIN,2847,"(5:00) 33-T.Loop 56 yard field goal is No Good, Wide Left, Center-46-N.Moore, Holder-11-J.Stout.",3,4,10,BAL,Field Goal,Kick Attempt No Good,00-0040074,MIN,38.0,05:00:00,56.0,T.Loop,2025,10,2025-11-09,MIN,BAL,REG
2025_10_BAL_MIN,3050,"(2:20) 16-W.Reichard 43 yard field goal is GOOD, Center-42-A.DePaola, Holder-17-R.Wright.",3,4,15,MIN,Field Goal,Kick Attempt Good,00-0039404,BAL,25.0,02:20:00,43.0,W.Reichard,2025,10,2025-11-09,MIN,BAL,REG
2025_10_BUF_MIA,1577,"(3:08) 47-R.Patterson 46 yard field goal is GOOD, Center-49-J.Cardona, Holder-16-J.Bailey.",2,4,13,MIA,Field Goal,Kick Attempt Good,00-0036816,BUF,28.0,03:08:00,46.0,R.Patterson,2025,10,2025-11-09,MIA,BUF,REG
2025_10_CLE_NYJ,1806,"(3:54) 6-N.Folk 26 yard field goal is GOOD, Center-42-T.Hennessy, Holder-14-A.McNamara.",2,4,8,NYJ,Field Goal,Kick Attempt Good,00-0025565,CLE,8.0,03:54:00,26.0,N.Folk,2025,10,2025-11-09,NYJ,CLE,REG
2025_10_CLE_NYJ,2309,"(:01) 25-A.Szmyt 45 yard field goal is GOOD, Center-50-R.Sunahara, Holder-13-C.Bojorquez.",2,4,15,CLE,Field Goal,Kick Attempt Good,00-0038428,NYJ,27.0,00:01:00,45.0,A.Szmyt,2025,10,2025-11-09,NYJ,CLE,REG
2025_10_CLE_NYJ,3539,"(6:17) 6-N.Folk 37 yard field goal is GOOD, Center-42-T.Hennessy, Holder-14-A.McNamara.",4,4,10,NYJ,Field Goal,Kick Attempt Good,00-0025565,CLE,19.0,06:17:00,37.0,N.Folk,2025,10,2025-11-09,NYJ,CLE,REG
2025_10_CLE_NYJ,3823,"(3:00) 25-A.Szmyt 29 yard field goal is GOOD, Center-50-R.Sunahara, Holder-13-C.Bojorquez.",4,4,4,CLE,Field Goal,Kick Attempt Good,00-0038428,NYJ,11.0,03:00:00,29.0,A.Szmyt,2025,10,2025-11-09,NYJ,CLE,REG
2025_10_DET_WAS,642,"(5:46) 16-M.Gay 44 yard field goal is GOOD, Center-69-T.Ott, Holder-10-T.Way.",1,4,7,WAS,Field Goal,Kick Attempt Good,00-0035269,DET,26.0,05:46:00,44.0,M.Gay,2025,10,2025-11-09,WAS,DET,REG
2025_10_DET_WAS,2189,"(:14) 39-J.Bates 22 yard field goal is GOOD, Center-49-H.Hatten, Holder-3-J.Fox. PENALTY on WAS-20-Q.Martin, Unsportsmanlike Conduct, 15 yards, enforced between downs.",2,4,4,DET,Field Goal,Kick Attempt Good,00-0039172,WAS,4.0,00:14:00,22.0,J.Bates,2025,10,2025-11-09,WAS,DET,REG
2025_10_DET_WAS,3034,"(2:33) 39-J.Bates 28 yard field goal is GOOD, Center-49-H.Hatten, Holder-3-J.Fox.",3,4,8,DET,Field Goal,Kick Attempt Good,00-0039172,WAS,10.0,02:33:00,28.0,J.Bates,2025,10,2025-11-09,WAS,DET,REG
2025_10_DET_WAS,3949,"(4:38) 39-J.Bates 48 yard field goal is GOOD, Center-49-H.Hatten, Holder-3-J.Fox.",4,4,9,DET,Field Goal,Kick Attempt Good,00-0039172,WAS,30.0,04:38:00,48.0,J.Bates,2025,10,2025-11-09,WAS,DET,REG
2025_10_JAX_HOU,312,"(11:08) 39-C.Little 32 yard field goal is GOOD, Center-46-R.Matiscik, Holder-9-L.Cooke.",1,4,2,JAX,Field Goal,Kick Attempt Good,00-0039409,HOU,14.0,11:08:00,32.0,C.Little,2025,10,2025-11-09,HOU,JAX,REG
2025_10_JAX_HOU,1414,"(8:08) 42-M.Wright 23 yard field goal is GOOD, Center-40-A.Brinkman, Holder-6-T.Townsend.",2,4,4,HOU,Field Goal,Kick Attempt Good,00-0035189,JAX,4.0,08:08:00,23.0,M.Wright,2025,10,2025-11-09,HOU,JAX,REG
2025_10_JAX_HOU,1728,"(4:07) 39-C.Little 53 yard field goal is GOOD, Center-46-R.Matiscik, Holder-9-L.Cooke.",2,4,5,JAX,Field Goal,Kick Attempt Good,00-0039409,HOU,34.0,04:07:00,53.0,C.Little,2025,10,2025-11-09,HOU,JAX,REG
2025_10_JAX_HOU,2602,"(10:20) 39-C.Little 33 yard field goal is GOOD, Center-46-R.Matiscik, Holder-9-L.Cooke.",3,4,4,JAX,Field Goal,Kick Attempt Good,00-0039409,HOU,15.0,10:20:00,33.0,C.Little,2025,10,2025-11-09,HOU,JAX,REG
2025_10_LV_DEN,2816,"(5:39) 3-W.Lutz 59 yard field goal is No Good, Short, Center-48-M.Fraboni, Holder-16-J.Crawshaw.",3,4,6,DEN,Field Goal,Kick Attempt No Good,00-0032569,LV,41.0,05:39:00,59.0,W.Lutz,2025,10,2025-11-06,DEN,LV,REG
2025_10_LV_DEN,3190,"(:07) 3-W.Lutz 32 yard field goal is GOOD, Center-48-M.Fraboni, Holder-16-J.Crawshaw. LV-27-T.McCollum was injured during the play.",3,4,12,DEN,Field Goal,Kick Attempt Good,00-0032569,LV,14.0,00:07:00,32.0,W.Lutz,2025,10,2025-11-06,DEN,LV,REG
2025_10_LV_DEN,3881,"(4:30) 8-D.Carlson 48 yard field goal is No Good, Wide Right, Center-50-J.Bobenmoyer, Holder-6-A.Cole.",4,4,6,LV,Field Goal,Kick Attempt No Good,00-0034161,DEN,30.0,04:30:00,48.0,D.Carlson,2025,10,2025-11-06,DEN,LV,REG
2025_10_NE_TB,1476,"(7:19) 4-C.McLaughlin 36 yard field goal is GOOD, Center-86-E.Deckers, Holder-9-R.Dixon.",2,4,8,TB,Field Goal,Kick Attempt Good,00-0035358,NE,18.0,07:19:00,36.0,C.McLaughlin,2025,10,2025-11-09,TB,NE,REG
2025_10_NO_CAR,688,"(2:55) 19-B.Grupe 20 yard field goal is GOOD, Center-49-Z.Wood, Holder-32-K.Kroeger.",1,4,2,NO,Field Goal,Kick Attempt Good,00-0038905,CAR,2.0,02:55:00,20.0,B.Grupe,2025,10,2025-11-09,CAR,NO,REG
2025_10_NO_CAR,2504,"(6:36) 10-R.Fitzgerald 48 yard field goal is BLOCKED (93-N.Shepherd), Center-44-J.Jansen, Holder-6-S.Martin, recovered by CAR-68-D.Lewis at NO 30. The Replay Official reviewed the kick touched ruling, and the play was REVERSED. 10-R.Fitzgerald 48 yard field goal is BLOCKED (93-N.Shepherd), Center-44-J.Jansen, Holder-6-S.Martin. 94-C.Jordan MUFFS catch at NO 29, RECOVERED by CAR-68-D.Lewis at NO 30.",3,4,7,CAR,Field Goal,Blocked Kick Attempt,00-0040279,NO,30.0,06:36:00,48.0,R.Fitzgerald,2025,10,2025-11-09,CAR,NO,REG
2025_10_NYG_CHI,2011,"(:07) 37-Y.Koo 32 yard field goal is GOOD, Center-59-C.Kreiter, Holder-12-J.Gillan.",2,4,10,NYG,Field Goal,Kick Attempt Good,00-0033702,CHI,14.0,00:07:00,32.0,Y.Koo,2025,10,2025-11-09,CHI,NYG,REG
2025_10_NYG_CHI,3027,"(:38) 8-C.Santos 22 yard field goal is GOOD, Center-46-S.Daly, Holder-19-T.Taylor.",3,4,4,CHI,Field Goal,Kick Attempt Good,00-0031203,NYG,4.0,00:38:00,22.0,C.Santos,2025,10,2025-11-09,CHI,NYG,REG
2025_10_NYG_CHI,3362,"(10:21) 37-Y.Koo 19 yard field goal is GOOD, Center-59-C.Kreiter, Holder-12-J.Gillan. Penalty on CHI, Defensive Too Many Men on Field, declined.",4,4,1,NYG,Field Goal,Kick Attempt Good,00-0033702,CHI,1.0,10:21:00,19.0,Y.Koo,2025,10,2025-11-09,CHI,NYG,REG
2025_10_PHI_GB,2345,"(9:02) 4-J.Elliott 39 yard field goal is GOOD, Center-57-C.Adomitis, Holder-10-B.Mann.",3,4,8,PHI,Field Goal,Kick Attempt Good,00-0033787,GB,21.0,09:02:00,39.0,J.Elliott,2025,10,2025-11-10,GB,PHI,REG
2025_10_PHI_GB,4250,"(:02) 17-B.McManus 64 yard field goal is No Good, Short, Center-42-M.Orzech, Holder-19-D.Whelan.",4,3,10,GB,Field Goal,Kick Attempt No Good,00-0029822,PHI,46.0,00:02:00,64.0,B.McManus,2025,10,2025-11-10,GB,PHI,REG
2025_10_PIT_LAC,359,"(10:30) 9-C.Boswell 59 yard field goal is GOOD, Center-46-C.Kuntz, Holder-3-C.Waitman.",1,4,5,PIT,Field Goal,Kick Attempt Good,00-0031136,LAC,41.0,10:30:00,59.0,C.Boswell,2025,10,2025-11-09,LAC,PIT,REG
2025_10_PIT_LAC,1135,"(13:14) 9-C.Boswell 45 yard field goal is No Good, Wide Right, Center-46-C.Kuntz, Holder-3-C.Waitman.",2,4,8,PIT,Field Goal,Kick Attempt No Good,00-0031136,LAC,27.0,13:14:00,45.0,C.Boswell,2025,10,2025-11-09,LAC,PIT,REG
2025_10_PIT_LAC,1452,"(7:35) 11-C.Dicker 32 yard field goal is GOOD, Center-47-J.Harris, Holder-16-J.Scott.",2,4,10,LAC,Field Goal,Kick Attempt Good,00-0037224,PIT,14.0,07:35:00,32.0,C.Dicker,2025,10,2025-11-09,LAC,PIT,REG
2025_10_PIT_LAC,2665,"(6:12) 11-C.Dicker 59 yard field goal is GOOD, Center-47-J.Harris, Holder-16-J.Scott.",3,4,4,LAC,Field Goal,Kick Attempt Good,00-0037224,PIT,41.0,06:12:00,59.0,C.Dicker,2025,10,2025-11-09,LAC,PIT,REG
2025_10_PIT_LAC,3019,"(:49) 11-C.Dicker 55 yard field goal is No Good, Hit Left Upright, Center-47-J.Harris, Holder-16-J.Scott.",3,4,2,LAC,Field Goal,Kick Attempt No Good,00-0037224,PIT,37.0,00:49:00,55.0,C.Dicker,2025,10,2025-11-09,LAC,PIT,REG
2025_10_PIT_LAC,3760,"(4:58) 11-C.Dicker 42 yard field goal is GOOD, Center-47-J.Harris, Holder-16-J.Scott.",4,4,13,LAC,Field Goal,Kick Attempt Good,00-0037224,PIT,24.0,04:58:00,42.0,C.Dicker,2025,10,2025-11-09,LAC,PIT,REG
2025_11_BAL_CLE,549,"(4:59) 33-T.Loop 25 yard field goal is GOOD, Center-46-N.Moore, Holder-11-J.Stout.",1,4,7,BAL,Field Goal,Kick Attempt Good,00-0040074,CLE,7.0,04:59:00,25.0,T.Loop,2025,11,2025-11-16,CLE,BAL,REG
2025_11_BAL_CLE,779,"(:04) 25-A.Szmyt 30 yard field goal is GOOD, Center-50-R.Sunahara, Holder-13-C.Bojorquez.",1,4,6,CLE,Field Goal,Kick Attempt Good,00-0038428,BAL,12.0,00:04:00,30.0,A.Szmyt,2025,11,2025-11-16,CLE,BAL,REG
2025_11_BAL_CLE,1163,"(8:47) 25-A.Szmyt 24 yard field goal is GOOD, Center-50-R.Sunahara, Holder-13-C.Bojorquez.",2,4,6,CLE,Field Goal,Kick Attempt Good,00-0038428,BAL,6.0,08:47:00,24.0,A.Szmyt,2025,11,2025-11-16,CLE,BAL,REG
2025_11_BAL_CLE,1745,"(1:02) 25-A.Szmyt 46 yard field goal is GOOD, Center-50-R.Sunahara, Holder-13-C.Bojorquez.",2,4,5,CLE,Field Goal,Kick Attempt Good,00-0038428,BAL,28.0,01:02:00,46.0,A.Szmyt,2025,11,2025-11-16,CLE,BAL,REG
2025_11_BAL_CLE,2922,"(14:09) 33-T.Loop 24 yard field goal is GOOD, Center-46-N.Moore, Holder-11-J.Stout.",4,4,5,BAL,Field Goal,Kick Attempt Good,00-0040074,CLE,5.0,14:09:00,24.0,T.Loop,2025,11,2025-11-16,CLE,BAL,REG
2025_11_BAL_CLE,3365,"(5:03) 33-T.Loop 44 yard field goal is GOOD, Center-46-N.Moore, Holder-11-J.Stout.",4,4,6,BAL,Field Goal,Kick Attempt Good,00-0040074,CLE,26.0,05:03:00,44.0,T.Loop,2025,11,2025-11-16,CLE,BAL,REG
2025_11_CAR_ATL,1943,"(:28) 10-R.Fitzgerald 29 yard field goal is GOOD, Center-44-J.Jansen, Holder-6-S.Martin.",2,4,4,CAR,Field Goal,Kick Attempt Good,00-0040279,ATL,11.0,00:28:00,29.0,R.Fitzgerald,2025,11,2025-11-16,ATL,CAR,REG
2025_11_CAR_ATL,3002,"(1:01) 10-R.Fitzgerald 34 yard field goal is GOOD, Center-44-J.Jansen, Holder-6-S.Martin.",3,4,6,CAR,Field Goal,Kick Attempt Good,00-0040279,ATL,16.0,01:01:00,34.0,R.Fitzgerald,2025,11,2025-11-16,ATL,CAR,REG
2025_11_CAR_ATL,3970,"(2:48) 45-Z.Gonzalez 52 yard field goal is GOOD, Center-49-L.McCullough, Holder-13-B.Pinion.",4,4,5,ATL,Field Goal,Kick Attempt Good,00-0033862,CAR,34.0,02:48:00,52.0,Z.Gonzalez,2025,11,2025-11-16,ATL,CAR,REG
2025_11_CAR_ATL,4464,"(:21) 45-Z.Gonzalez 45 yard field goal is GOOD, Center-49-L.McCullough, Holder-13-B.Pinion.",4,4,4,ATL,Field Goal,Kick Attempt Good,00-0033862,CAR,27.0,00:21:00,45.0,Z.Gonzalez,2025,11,2025-11-16,ATL,CAR,REG
2025_11_CAR_ATL,4808,"(5:13) 10-R.Fitzgerald 28 yard field goal is GOOD, Center-44-J.Jansen, Holder-6-S.Martin.",5,4,5,CAR,Field Goal,Kick Attempt Good,00-0040279,ATL,10.0,05:13:00,28.0,R.Fitzgerald,2025,11,2025-11-16,ATL,CAR,REG
2025_11_CHI_MIN,756,"(2:13) 16-W.Reichard 31 yard field goal is GOOD, Center-42-A.DePaola, Holder-17-R.Wright.",1,4,6,MIN,Field Goal,Kick Attempt Good,00-0039404,CHI,13.0,02:13:00,31.0,W.Reichard,2025,11,2025-11-16,MIN,CHI,REG
2025_11_CHI_MIN,1686,"(2:04) 8-C.Santos 38 yard field goal is GOOD, Center-46-S.Daly, Holder-19-T.Taylor.",2,4,5,CHI,Field Goal,Kick Attempt Good,00-0031203,MIN,20.0,02:04:00,38.0,C.Santos,2025,11,2025-11-16,MIN,CHI,REG
2025_11_CHI_MIN,2362,"(10:36) 8-C.Santos 54 yard field goal is GOOD, Center-46-S.Daly, Holder-19-T.Taylor.",3,4,7,CHI,Field Goal,Kick Attempt Good,00-0031203,MIN,36.0,10:36:00,54.0,C.Santos,2025,11,2025-11-16,MIN,CHI,REG
2025_11_CHI_MIN,2876,"(2:15) 8-C.Santos 33 yard field goal is GOOD, Center-46-S.Daly, Holder-19-T.Taylor.",3,4,3,CHI,Field Goal,Kick Attempt Good,00-0031203,MIN,15.0,02:15:00,33.0,C.Santos,2025,11,2025-11-16,MIN,CHI,REG
2025_11_CHI_MIN,3450,"(8:13) 8-C.Santos 45 yard field goal is No Good, Wide Left, Center-46-S.Daly, Holder-19-T.Taylor.",4,4,3,CHI,Field Goal,Kick Attempt No Good,00-0031203,MIN,27.0,08:13:00,45.0,C.Santos,2025,11,2025-11-16,MIN,CHI,REG
2025_11_CHI_MIN,4228,"(:04) 8-C.Santos 48 yard field goal is GOOD, Center-46-S.Daly, Holder-19-T.Taylor.",4,4,1,CHI,Field Goal,Kick Attempt Good,00-0031203,MIN,31.0,00:04:00,48.0,C.Santos,2025,11,2025-11-16,MIN,CHI,REG
2025_11_CIN_PIT,2204,"(:13) 9-C.Boswell 25 yard field goal is GOOD, Center-46-C.Kuntz, Holder-3-C.Waitman.",2,4,7,PIT,Field Goal,Kick Attempt Good,00-0031136,CIN,7.0,00:13:00,25.0,C.Boswell,2025,11,2025-11-16,PIT,CIN,REG
2025_11_CIN_PIT,2467,"(11:58) 2-E.McPherson 43 yard field goal is GOOD, Center-46-W.Wagner, Holder-8-R.Rehkow.",3,4,5,CIN,Field Goal,Kick Attempt Good,00-0036854,PIT,25.0,11:58:00,43.0,E.McPherson,2025,11,2025-11-16,PIT,CIN,REG
2025_11_CIN_PIT,2937,"(4:20) 9-C.Boswell 30 yard field goal is GOOD, Center-46-C.Kuntz, Holder-3-C.Waitman.",3,4,3,PIT,Field Goal,Kick Attempt Good,00-0031136,CIN,12.0,04:20:00,30.0,C.Boswell,2025,11,2025-11-16,PIT,CIN,REG
2025_11_CIN_PIT,3634,"(9:45) 2-E.McPherson 48 yard field goal is GOOD, Center-46-W.Wagner, Holder-8-R.Rehkow.",4,4,22,CIN,Field Goal,Kick Attempt Good,00-0036854,PIT,30.0,09:45:00,48.0,E.McPherson,2025,11,2025-11-16,PIT,CIN,REG
2025_11_DAL_LV,442,"(7:59) 8-D.Carlson 35 yard field goal is GOOD, Center-50-J.Bobenmoyer, Holder-6-A.Cole.",1,4,12,LV,Field Goal,Kick Attempt Good,00-0034161,DAL,17.0,07:59:00,35.0,D.Carlson,2025,11,2025-11-17,LV,DAL,REG
2025_11_DAL_LV,632,"(5:41) 17-B.Aubrey 50 yard field goal is GOOD, Center-44-T.Sieg, Holder-5-B.Anger.",1,4,3,DAL,Field Goal,Kick Attempt Good,00-0037692,LV,32.0,05:41:00,50.0,B.Aubrey,2025,11,2025-11-17,LV,DAL,REG
2025_11_DAL_LV,850,"(2:06) 8-D.Carlson 45 yard field goal is GOOD, Center-50-J.Bobenmoyer, Holder-6-A.Cole.",1,4,20,LV,Field Goal,Kick Attempt Good,00-0034161,DAL,27.0,02:06:00,45.0,D.Carlson,2025,11,2025-11-17,LV,DAL,REG
2025_11_DAL_LV,2410,"(:04) 8-D.Carlson 38 yard field goal is GOOD, Center-50-J.Bobenmoyer, Holder-6-A.Cole.",2,4,5,LV,Field Goal,Kick Attempt Good,00-0034161,DAL,20.0,00:04:00,38.0,D.Carlson,2025,11,2025-11-17,LV,DAL,REG
2025_11_DET_PHI,443,"(9:47) 4-J.Elliott 27 yard field goal is GOOD, Center-57-C.Adomitis, Holder-10-B.Mann.",1,4,8,PHI,Field Goal,Kick Attempt Good,00-0033787,DET,9.0,09:47:00,27.0,J.Elliott,2025,11,2025-11-16,PHI,DET,REG
2025_11_DET_PHI,1606,"(6:06) 4-J.Elliott 34 yard field goal is GOOD, Center-57-C.Adomitis, Holder-10-B.Mann.",2,4,5,PHI,Field Goal,Kick Attempt Good,00-0033787,DET,16.0,06:06:00,34.0,J.Elliott,2025,11,2025-11-16,PHI,DET,REG
2025_11_DET_PHI,3365,"(10:20) 4-J.Elliott 49 yard field goal is GOOD, Center-57-C.Adomitis, Holder-10-B.Mann.",4,4,4,PHI,Field Goal,Kick Attempt Good,00-0033787,DET,30.0,10:20:00,49.0,J.Elliott,2025,11,2025-11-16,PHI,DET,REG
2025_11_DET_PHI,4046,"(2:03) 39-J.Bates 54 yard field goal is GOOD, Center-49-H.Hatten, Holder-3-J.Fox.",4,4,17,DET,Field Goal,Kick Attempt Good,00-0039172,PHI,36.0,02:03:00,54.0,J.Bates,2025,11,2025-11-16,PHI,DET,REG
2025_11_HOU_TEN,903,"(:55) 6-J.Slye 56 yard field goal is GOOD, Center-46-M.Cox, Holder-3-J.Hekker.",1,4,15,TEN,Field Goal,Kick Attempt Good,00-0035192,HOU,38.0,00:55:00,56.0,J.Slye,2025,11,2025-11-16,TEN,HOU,REG
2025_11_HOU_TEN,2320,"(10:49) 6-J.Slye 47 yard field goal is GOOD, Center-46-M.Cox, Holder-3-J.Hekker.",3,4,2,TEN,Field Goal,Kick Attempt Good,00-0035192,HOU,28.0,10:49:00,47.0,J.Slye,2025,11,2025-11-16,TEN,HOU,REG
2025_11_HOU_TEN,2970,"(1:36) 42-M.Wright 41 yard field goal is GOOD, Center-40-A.Brinkman, Holder-6-T.Townsend.",3,4,5,HOU,Field Goal,Kick Attempt Good,00-0035189,TEN,23.0,01:36:00,41.0,M.Wright,2025,11,2025-11-16,TEN,HOU,REG
2025_11_HOU_TEN,3255,"(12:03) 42-M.Wright 43 yard field goal is GOOD, Center-40-A.Brinkman, Holder-6-T.Townsend.",4,4,1,HOU,Field Goal,Kick Attempt Good,00-0035189,TEN,25.0,12:03:00,43.0,M.Wright,2025,11,2025-11-16,TEN,HOU,REG
2025_11_HOU_TEN,4385,"(:02) 42-M.Wright 35 yard field goal is GOOD, Center-40-A.Brinkman, Holder-6-T.Townsend.",4,3,2,HOU,Field Goal,Kick Attempt Good,00-0035189,TEN,17.0,00:02:00,35.0,M.Wright,2025,11,2025-11-16,TEN,HOU,REG
2025_11_KC_DEN,391,"(7:39) 3-W.Lutz 29 yard field goal is GOOD, Center-48-M.Fraboni, Holder-16-J.Crawshaw.",1,4,9,DEN,Field Goal,Kick Attempt Good,00-0032569,KC,11.0,07:39:00,29.0,W.Lutz,2025,11,2025-11-16,DEN,KC,REG
2025_11_KC_DEN,656,"(4:56) 3-W.Lutz 24 yard field goal is GOOD, Center-48-M.Fraboni, Holder-16-J.Crawshaw.",1,4,5,DEN,Field Goal,Kick Attempt Good,00-0032569,KC,6.0,04:56:00,24.0,W.Lutz,2025,11,2025-11-16,DEN,KC,REG
2025_11_KC_DEN,994,"(:52) 7-H.Butker 31 yard field goal is GOOD, Center-41-J.Winchester, Holder-14-M.Araiza.",1,4,9,KC,Field Goal,Kick Attempt Good,00-0033303,DEN,12.0,00:52:00,31.0,H.Butker,2025,11,2025-11-16,DEN,KC,REG
2025_11_KC_DEN,1690,"(4:41) 7-H.Butker 31 yard field goal is GOOD, Center-41-J.Winchester, Holder-14-M.Araiza.",2,4,3,KC,Field Goal,Kick Attempt Good,00-0033303,DEN,12.0,04:41:00,31.0,H.Butker,2025,11,2025-11-16,DEN,KC,REG
2025_11_KC_DEN,3410,"(12:54) 3-W.Lutz 38 yard field goal is GOOD, Center-48-M.Fraboni, Holder-16-J.Crawshaw.",4,4,11,DEN,Field Goal,Kick Attempt Good,00-0032569,KC,20.0,12:54:00,38.0,W.Lutz,2025,11,2025-11-16,DEN,KC,REG
2025_11_KC_DEN,4126,"(4:15) 3-W.Lutz 54 yard field goal is GOOD, Center-48-M.Fraboni, Holder-16-J.Crawshaw.",4,4,6,DEN,Field Goal,Kick Attempt Good,00-0032569,KC,36.0,04:15:00,54.0,W.Lutz,2025,11,2025-11-16,DEN,KC,REG
2025_11_KC_DEN,4554,"(:03) 3-W.Lutz 35 yard field goal is GOOD, Center-48-M.Fraboni, Holder-16-J.Crawshaw.",4,2,11,DEN,Field Goal,Kick Attempt Good,00-0032569,KC,16.0,00:03:00,35.0,W.Lutz,2025,11,2025-11-16,DEN,KC,REG
2025_11_LAC_JAX,606,"(3:35) 11-C.Dicker 41 yard field goal is GOOD, Center-47-J.Harris, Holder-16-J.Scott.",1,4,3,LAC,Field Goal,Kick Attempt Good,00-0037224,JAX,23.0,03:35:00,41.0,C.Dicker,2025,11,2025-11-16,JAX,LAC,REG
2025_11_LAC_JAX,1262,"(8:22) 11-C.Dicker 46 yard field goal is GOOD, Center-47-J.Harris, Holder-16-J.Scott.",2,4,24,LAC,Field Goal,Kick Attempt Good,00-0037224,JAX,28.0,08:22:00,46.0,C.Dicker,2025,11,2025-11-16,JAX,LAC,REG
2025_11_NYJ_NE,1854,"(:03) 36-A.Borregales 45 yard field goal is No Good, Hit Right Upright, Center-47-J.Ashby, Holder-17-B.Baringer.",2,2,9,NE,Field Goal,Kick Attempt No Good,00-0040200,NYJ,27.0,00:03:00,45.0,A.Borregales,2025,11,2025-11-13,NE,NYJ,REG
2025_11_NYJ_NE,3050,"(12:11) 36-A.Borregales 44 yard field goal is GOOD, Center-47-J.Ashby, Holder-17-B.Baringer.",4,4,13,NE,Field Goal,Kick Attempt Good,00-0040200,NYJ,26.0,12:11:00,44.0,A.Borregales,2025,11,2025-11-13,NE,NYJ,REG
2025_11_NYJ_NE,3500,"(6:38) 36-A.Borregales 26 yard field goal is GOOD, Center-47-J.Ashby, Holder-17-B.Baringer.",4,4,7,NE,Field Goal,Kick Attempt Good,00-0040200,NYJ,8.0,06:38:00,26.0,A.Borregales,2025,11,2025-11-13,NE,NYJ,REG
2025_11_SEA_LA,616,"(6:36) 5-J.Myers 57 yard field goal is GOOD, Center-41-C.Stoll, Holder-4-M.Dickson.",1,4,8,SEA,Field Goal,Kick Attempt Good,00-0031492,LA,39.0,06:36:00,57.0,J.Myers,2025,11,2025-11-16,LA,SEA,REG
2025_11_SEA_LA,1381,"(9:07) 5-J.Myers 30 yard field goal is GOOD, Center-41-C.Stoll, Holder-4-M.Dickson.",2,4,8,SEA,Field Goal,Kick Attempt Good,00-0031492,LA,12.0,09:07:00,30.0,J.Myers,2025,11,2025-11-16,LA,SEA,REG
2025_11_SEA_LA,1922,"(:04) 5-J.Myers 22 yard field goal is GOOD, Center-41-C.Stoll, Holder-4-M.Dickson.",2,4,3,SEA,Field Goal,Kick Attempt Good,00-0031492,LA,3.0,00:04:00,22.0,J.Myers,2025,11,2025-11-16,LA,SEA,REG
2025_11_SEA_LA,2391,"(8:05) 5-J.Myers 29 yard field goal is GOOD, Center-41-C.Stoll, Holder-4-M.Dickson.",3,4,6,SEA,Field Goal,Kick Attempt Good,00-0031492,LA,11.0,08:05:00,29.0,J.Myers,2025,11,2025-11-16,LA,SEA,REG
2025_11_SEA_LA,4408,"(:01) 5-J.Myers 61 yard field goal is No Good, Short, Center-41-C.Stoll, Holder-4-M.Dickson.",4,2,4,SEA,Field Goal,Kick Attempt No Good,00-0031492,LA,43.0,00:01:00,61.0,J.Myers,2025,11,2025-11-16,LA,SEA,REG
2025_11_SF_ARI,949,"(1:00) 38-C.Ryland 58 yard field goal is No Good, Wide Left, Center-46-A.Brewer, Holder-39-P.O'Donnell.",1,4,6,ARI,Field Goal,Kick Attempt No Good,00-0038567,SF,40.0,01:00:00,58.0,C.Ryland,2025,11,2025-11-16,ARI,SF,REG
2025_11_SF_ARI,1543,"(6:34) 38-C.Ryland 26 yard field goal is GOOD, Center-46-A.Brewer, Holder-39-P.O'Donnell.",2,4,8,ARI,Field Goal,Kick Attempt Good,00-0038567,SF,8.0,06:34:00,26.0,C.Ryland,2025,11,2025-11-16,ARI,SF,REG
2025_11_SF_ARI,2021,"(1:06) 18-E.Pineiro 48 yard field goal is GOOD, Center-46-J.Weeks, Holder-7-T.Morstead.",2,4,3,SF,Field Goal,Kick Attempt Good,00-0034173,ARI,30.0,01:06:00,48.0,E.Pineiro,2025,11,2025-11-16,ARI,SF,REG
2025_11_SF_ARI,2344,"(:00) 18-E.Pineiro 47 yard field goal is GOOD, Center-46-J.Weeks, Holder-7-T.Morstead.",2,1,10,SF,Field Goal,Kick Attempt Good,00-0034173,ARI,29.0,00:00:00,47.0,E.Pineiro,2025,11,2025-11-16,ARI,SF,REG
2025_11_SF_ARI,2805,"(7:32) 18-E.Pineiro 47 yard field goal is GOOD, Center-46-J.Weeks, Holder-7-T.Morstead.",3,4,18,SF,Field Goal,Kick Attempt Good,00-0034173,ARI,29.0,07:32:00,47.0,E.Pineiro,2025,11,2025-11-16,ARI,SF,REG
2025_11_TB_BUF,406,"(8:57) 4-C.McLaughlin 23 yard field goal is GOOD, Center-86-E.Deckers, Holder-9-R.Dixon.",1,4,5,TB,Field Goal,Kick Attempt Good,00-0035358,BUF,5.0,08:57:00,23.0,C.McLaughlin,2025,11,2025-11-16,BUF,TB,REG
2025_11_TB_BUF,2195,"(:01) 4-C.McLaughlin 24 yard field goal is GOOD, Center-86-E.Deckers, Holder-9-R.Dixon.",2,1,6,TB,Field Goal,Kick Attempt Good,00-0035358,BUF,6.0,00:01:00,24.0,C.McLaughlin,2025,11,2025-11-16,BUF,TB,REG
2025_11_TB_BUF,2832,"(5:05) 15-M.Prater 39 yard field goal is GOOD, Center-69-R.Ferguson, Holder-19-M.Wishnowsky.",3,4,6,BUF,Field Goal,Kick Attempt Good,00-0023853,TB,21.0,05:05:00,39.0,M.Prater,2025,11,2025-11-16,BUF,TB,REG
2025_11_WAS_MIA,245,"(10:39) 47-R.Patterson 46 yard field goal is GOOD, Center-49-J.Cardona, Holder-16-J.Bailey.",1,4,6,MIA,Field Goal,Kick Attempt Good,00-0036816,WAS,28.0,10:39:00,46.0,R.Patterson,2025,11,2025-11-16,MIA,WAS,REG
2025_11_WAS_MIA,670,"(2:40) 16-M.Gay 26 yard field goal is GOOD, Center-69-T.Ott, Holder-10-T.Way.",1,4,7,WAS,Field Goal,Kick Attempt Good,00-0035269,MIA,8.0,02:40:00,26.0,M.Gay,2025,11,2025-11-16,MIA,WAS,REG
2025_11_WAS_MIA,1070,"(11:30) 47-R.Patterson 39 yard field goal is GOOD, Center-49-J.Cardona, Holder-16-J.Bailey.",2,4,13,MIA,Field Goal,Kick Attempt Good,00-0036816,WAS,21.0,11:30:00,39.0,R.Patterson,2025,11,2025-11-16,MIA,WAS,REG
2025_11_WAS_MIA,1337,"(7:35) 16-M.Gay 51 yard field goal is No Good, Wide Right, Center-69-T.Ott, Holder-10-T.Way.",2,4,16,WAS,Field Goal,Kick Attempt No Good,00-0035269,MIA,33.0,07:35:00,51.0,M.Gay,2025,11,2025-11-16,MIA,WAS,REG
2025_11_WAS_MIA,1922,"(:03) 16-M.Gay 30 yard field goal is GOOD, Center-69-T.Ott, Holder-10-T.Way.",2,4,5,WAS,Field Goal,Kick Attempt Good,00-0035269,MIA,12.0,00:03:00,30.0,M.Gay,2025,11,2025-11-16,MIA,WAS,REG
2025_11_WAS_MIA,3825,"(:15) 16-M.Gay 56 yard field goal is No Good, Wide Right, Center-69-T.Ott, Holder-10-T.Way.",4,4,8,WAS,Field Goal,Kick Attempt No Good,00-0035269,MIA,38.0,00:15:00,56.0,M.Gay,2025,11,2025-11-16,MIA,WAS,REG
2025_11_WAS_MIA,4044,"(7:37) 47-R.Patterson 29 yard field goal is GOOD, Center-49-J.Cardona, Holder-16-J.Bailey.",5,1,10,MIA,Field Goal,Kick Attempt Good,00-0036816,WAS,11.0,07:37:00,29.0,R.Patterson,2025,11,2025-11-16,MIA,WAS,REG
2025_12_ATL_NO,285,"(10:47) 45-Z.Gonzalez 56 yard field goal is GOOD, Center-49-L.McCullough, Holder-13-B.Pinion.",1,4,9,ATL,Field Goal,Kick Attempt Good,00-0033862,NO,38.0,10:47:00,56.0,Z.Gonzalez,2025,12,2025-11-23,NO,ATL,REG
2025_12_ATL_NO,402,"(8:35) 19-B.Grupe 38 yard field goal is No Good, Wide Right, Center-49-Z.Wood, Holder-32-K.Kroeger.",1,4,15,NO,Field Goal,Kick Attempt No Good,00-0038905,ATL,21.0,08:35:00,38.0,B.Grupe,2025,12,2025-11-23,NO,ATL,REG
2025_12_ATL_NO,1805,"(2:00) 45-Z.Gonzalez 41 yard field goal is GOOD, Center-49-L.McCullough, Holder-13-B.Pinion. Penalty on NO-44-I.Stalbird, Defensive Offside, declined.",2,4,10,ATL,Field Goal,Kick Attempt Good,00-0033862,NO,23.0,02:00:00,41.0,Z.Gonzalez,2025,12,2025-11-23,NO,ATL,REG
2025_12_ATL_NO,2022,"(:56) 19-B.Grupe 47 yard field goal is No Good, Wide Right, Center-49-Z.Wood, Holder-32-K.Kroeger.",2,4,4,NO,Field Goal,Kick Attempt No Good,00-0038905,ATL,29.0,00:56:00,47.0,B.Grupe,2025,12,2025-11-23,NO,ATL,REG
2025_12_ATL_NO,2353,"(:04) 45-Z.Gonzalez 54 yard field goal is GOOD, Center-49-L.McCullough, Holder-13-B.Pinion.",2,4,6,ATL,Field Goal,Kick Attempt Good,00-0033862,NO,36.0,00:04:00,54.0,Z.Gonzalez,2025,12,2025-11-23,NO,ATL,REG
2025_12_ATL_NO,3366,"(12:17) 19-B.Grupe 33 yard field goal is GOOD, Center-49-Z.Wood, Holder-32-K.Kroeger.",4,4,15,NO,Field Goal,Kick Attempt Good,00-0038905,ATL,15.0,12:17:00,33.0,B.Grupe,2025,12,2025-11-23,NO,ATL,REG
2025_12_BUF_HOU,697,"(4:36) 15-K.Fairbairn 24 yard field goal is GOOD, Center-40-A.Brinkman, Holder-6-T.Townsend.",1,4,5,HOU,Field Goal,Kick Attempt Good,00-0032726,BUF,5.0,04:36:00,24.0,K.Fairbairn,2025,12,2025-11-20,HOU,BUF,REG
2025_12_BUF_HOU,1284,"(9:39) 15-M.Prater 44 yard field goal is GOOD, Center-69-R.Ferguson, Holder-19-M.Wishnowsky.",2,4,22,BUF,Field Goal,Kick Attempt Good,00-0023853,HOU,26.0,09:39:00,44.0,M.Prater,2025,12,2025-11-20,HOU,BUF,REG
2025_12_BUF_HOU,1839,"(2:00) 15-K.Fairbairn 43 yard field goal is GOOD, Center-40-A.Brinkman, Holder-6-T.Townsend.",2,4,5,HOU,Field Goal,Kick Attempt Good,00-0032726,BUF,25.0,02:00:00,43.0,K.Fairbairn,2025,12,2025-11-20,HOU,BUF,REG
2025_12_BUF_HOU,3039,"(:21) 15-K.Fairbairn 26 yard field goal is GOOD, Center-40-A.Brinkman, Holder-6-T.Townsend.",3,4,7,HOU,Field Goal,Kick Attempt Good,00-0032726,BUF,8.0,00:21:00,26.0,K.Fairbairn,2025,12,2025-11-20,HOU,BUF,REG
2025_12_BUF_HOU,3568,"(5:48) 15-M.Prater 38 yard field goal is GOOD, Center-69-R.Ferguson, Holder-19-M.Wishnowsky.",4,4,10,BUF,Field Goal,Kick Attempt Good,00-0023853,HOU,20.0,05:48:00,38.0,M.Prater,2025,12,2025-11-20,HOU,BUF,REG
2025_12_CAR_SF,1409,"(2:32) 10-R.Fitzgerald 25 yard field goal is GOOD, Center-44-J.Jansen, Holder-6-S.Martin.",2,4,7,CAR,Field Goal,Kick Attempt Good,00-0040279,SF,7.0,02:32:00,25.0,R.Fitzgerald,2025,12,2025-11-24,SF,CAR,REG
2025_12_CAR_SF,1592,"(1:04) 14-M.Gay 47 yard field goal is GOOD, Center-46-J.Weeks, Holder-7-T.Morstead.",2,4,10,SF,Field Goal,Kick Attempt Good,00-0035269,CAR,29.0,01:04:00,47.0,M.Gay,2025,12,2025-11-24,SF,CAR,REG
2025_12_CAR_SF,2945,"(9:25) 14-M.Gay 29 yard field goal is GOOD, Center-46-J.Weeks, Holder-7-T.Morstead.",4,4,6,SF,Field Goal,Kick Attempt Good,00-0035269,CAR,11.0,09:25:00,29.0,M.Gay,2025,12,2025-11-24,SF,CAR,REG
2025_12_CAR_SF,3460,"(2:47) 10-R.Fitzgerald 57 yard field goal is No Good, Short, Center-44-J.Jansen, Holder-6-S.Martin.",4,4,8,CAR,Field Goal,Kick Attempt No Good,00-0040279,SF,39.0,02:47:00,57.0,R.Fitzgerald,2025,12,2025-11-24,SF,CAR,REG
2025_12_CLE_LV,1138,"(11:33) 8-D.Carlson 48 yard field goal is No Good, Wide Left, Center-50-J.Bobenmoyer, Holder-6-A.Cole.",2,4,13,LV,Field Goal,Kick Attempt No Good,00-0034161,CLE,30.0,11:33:00,48.0,D.Carlson,2025,12,2025-11-23,LV,CLE,REG
2025_12_CLE_LV,1265,"(9:16) 8-D.Carlson 41 yard field goal is GOOD, Center-50-J.Bobenmoyer, Holder-6-A.Cole.",2,4,7,LV,Field Goal,Kick Attempt Good,00-0034161,CLE,23.0,09:16:00,41.0,D.Carlson,2025,12,2025-11-23,LV,CLE,REG
2025_12_CLE_LV,3245,"(12:13) 25-A.Szmyt 53 yard field goal is GOOD, Center-50-R.Sunahara, Holder-13-C.Bojorquez.",4,4,26,CLE,Field Goal,Kick Attempt Good,00-0038428,LV,34.0,12:13:00,53.0,A.Szmyt,2025,12,2025-11-23,LV,CLE,REG
2025_12_IND_KC,953,"(14:55) 7-H.Butker 28 yard field goal is GOOD, Center-41-J.Winchester, Holder-14-M.Araiza.",2,4,10,KC,Field Goal,Kick Attempt Good,00-0033303,IND,10.0,14:55:00,28.0,H.Butker,2025,12,2025-11-23,KC,IND,REG
2025_12_IND_KC,1575,"(2:24) 7-H.Butker 48 yard field goal is GOOD, Center-41-J.Winchester, Holder-14-M.Araiza.",2,4,10,KC,Field Goal,Kick Attempt Good,00-0033303,IND,30.0,02:24:00,48.0,H.Butker,2025,12,2025-11-23,KC,IND,REG
2025_12_IND_KC,2094,"(:10) 7-H.Butker 22 yard field goal is GOOD, Center-41-J.Winchester, Holder-14-M.Araiza.",2,4,4,KC,Field Goal,Kick Attempt Good,00-0033303,IND,4.0,00:10:00,22.0,H.Butker,2025,12,2025-11-23,KC,IND,REG
2025_12_IND_KC,2547,"(9:16) 12-M.Badgley 32 yard field goal is GOOD, Center-46-L.Rhodes, Holder-8-R.Sanchez.",3,4,4,IND,Field Goal,Kick Attempt Good,00-0034084,KC,14.0,09:16:00,32.0,M.Badgley,2025,12,2025-11-23,KC,IND,REG
2025_12_IND_KC,3054,"(1:29) 12-M.Badgley 23 yard field goal is GOOD, Center-46-L.Rhodes, Holder-8-R.Sanchez.",3,4,5,IND,Field Goal,Kick Attempt Good,00-0034084,KC,5.0,01:29:00,23.0,M.Badgley,2025,12,2025-11-23,KC,IND,REG
2025_12_IND_KC,4497,"(:03) 7-H.Butker 25 yard field goal is GOOD, Center-41-J.Winchester, Holder-14-M.Araiza.",4,4,7,KC,Field Goal,Kick Attempt Good,00-0033303,IND,7.0,00:03:00,25.0,H.Butker,2025,12,2025-11-23,KC,IND,REG
2025_12_IND_KC,4957,"(2:00) 7-H.Butker 27 yard field goal is GOOD, Center-41-J.Winchester, Holder-14-M.Araiza.",5,2,8,KC,Field Goal,Kick Attempt Good,00-0033303,IND,9.0,02:00:00,27.0,H.Butker,2025,12,2025-11-23,KC,IND,REG
2025_12_JAX_ARI,1094,"(13:01) 39-C.Little 52 yard field goal is GOOD, Center-46-R.Matiscik, Holder-9-L.Cooke.",2,4,14,JAX,Field Goal,Kick Attempt Good,00-0039409,ARI,34.0,13:01:00,52.0,C.Little,2025,12,2025-11-23,ARI,JAX,REG
2025_12_JAX_ARI,2142,"(:17) 38-C.Ryland 33 yard field goal is No Good, Wide Right, Center-46-A.Brewer, Holder-39-M.Haack.",2,4,7,ARI,Field Goal,Kick Attempt No Good,00-0038567,JAX,15.0,00:17:00,33.0,C.Ryland,2025,12,2025-11-23,ARI,JAX,REG
2025_12_JAX_ARI,4567,"(:06) 38-C.Ryland 29 yard field goal is GOOD, Center-46-A.Brewer, Holder-39-M.Haack.",4,2,10,ARI,Field Goal,Kick Attempt Good,00-0038567,JAX,11.0,00:06:00,29.0,C.Ryland,2025,12,2025-11-23,ARI,JAX,REG
2025_12_JAX_ARI,4755,"(7:51) 39-C.Little 52 yard field goal is GOOD, Center-46-R.Matiscik, Holder-9-L.Cooke.",5,4,4,JAX,Field Goal,Kick Attempt Good,00-0039409,ARI,34.0,07:51:00,52.0,C.Little,2025,12,2025-11-23,ARI,JAX,REG
2025_12_MIN_GB,195,"(12:58) 16-W.Reichard 52 yard field goal is GOOD, Center-42-A.DePaola, Holder-17-R.Wright.",1,4,10,MIN,Field Goal,Kick Attempt Good,00-0039404,GB,34.0,12:58:00,52.0,W.Reichard,2025,12,2025-11-23,GB,MIN,REG
2025_12_MIN_GB,1532,"(2:28) 17-B.McManus 32 yard field goal is GOOD, Center-42-M.Orzech, Holder-19-D.Whelan.",2,4,5,GB,Field Goal,Kick Attempt Good,00-0029822,MIN,14.0,02:28:00,32.0,B.McManus,2025,12,2025-11-23,GB,MIN,REG
2025_12_MIN_GB,1768,"(:15) 16-W.Reichard 59 yard field goal is GOOD, Center-42-A.DePaola, Holder-17-R.Wright.",2,4,11,MIN,Field Goal,Kick Attempt Good,00-0039404,GB,41.0,00:15:00,59.0,W.Reichard,2025,12,2025-11-23,GB,MIN,REG
2025_12_MIN_GB,2729,"(12:17) 17-B.McManus 30 yard field goal is GOOD, Center-42-M.Orzech, Holder-19-D.Whelan.",4,4,4,GB,Field Goal,Kick Attempt Good,00-0029822,MIN,12.0,12:17:00,30.0,B.McManus,2025,12,2025-11-23,GB,MIN,REG
2025_12_MIN_GB,3046,"(7:40) 17-B.McManus 40 yard field goal is GOOD, Center-42-M.Orzech, Holder-19-D.Whelan.",4,4,2,GB,Field Goal,Kick Attempt Good,00-0029822,MIN,21.0,07:40:00,40.0,B.McManus,2025,12,2025-11-23,GB,MIN,REG
2025_12_NE_CIN,492,"(6:41) 2-E.McPherson 54 yard field goal is GOOD, Center-46-W.Wagner, Holder-8-R.Rehkow.",1,4,3,CIN,Field Goal,Kick Attempt Good,00-0036854,NE,35.0,06:41:00,54.0,E.McPherson,2025,12,2025-11-23,CIN,NE,REG
2025_12_NE_CIN,1964,"(:33) 36-A.Borregales 41 yard field goal is GOOD, Center-47-J.Ashby, Holder-17-B.Baringer.",2,4,2,NE,Field Goal,Kick Attempt Good,00-0040200,CIN,23.0,00:33:00,41.0,A.Borregales,2025,12,2025-11-23,CIN,NE,REG
2025_12_NE_CIN,2104,"(:04) 2-E.McPherson 63 yard field goal is GOOD, Center-46-W.Wagner, Holder-8-R.Rehkow.",2,1,10,CIN,Field Goal,Kick Attempt Good,00-0036854,NE,45.0,00:04:00,63.0,E.McPherson,2025,12,2025-11-23,CIN,NE,REG
2025_12_NE_CIN,3028,"(1:09) 36-A.Borregales 45 yard field goal is GOOD, Center-47-J.Ashby, Holder-17-B.Baringer.",3,4,2,NE,Field Goal,Kick Attempt Good,00-0040200,CIN,27.0,01:09:00,45.0,A.Borregales,2025,12,2025-11-23,CIN,NE,REG
2025_12_NE_CIN,3618,"(5:58) 36-A.Borregales 19 yard field goal is GOOD, Center-47-J.Ashby, Holder-17-B.Baringer.",4,4,1,NE,Field Goal,Kick Attempt Good,00-0040200,CIN,1.0,05:58:00,19.0,A.Borregales,2025,12,2025-11-23,CIN,NE,REG
2025_12_NE_CIN,4094,"(1:56) 36-A.Borregales 52 yard field goal is GOOD, Center-47-J.Ashby, Holder-17-B.Baringer.",4,4,7,NE,Field Goal,Kick Attempt Good,00-0040200,CIN,33.0,01:56:00,52.0,A.Borregales,2025,12,2025-11-23,CIN,NE,REG
2025_12_NYG_DET,901,"(:03) 37-Y.Koo 21 yard field goal is GOOD, Center-59-C.Kreiter, Holder-12-J.Gillan.",1,4,3,NYG,Field Goal,Kick Attempt Good,00-0033702,DET,3.0,00:03:00,21.0,Y.Koo,2025,12,2025-11-23,DET,NYG,REG
2025_12_NYG_DET,2082,"(:42) 37-Y.Koo 44 yard field goal is GOOD, Center-59-C.Kreiter, Holder-12-J.Gillan.",2,4,7,NYG,Field Goal,Kick Attempt Good,00-0033702,DET,26.0,00:42:00,44.0,Y.Koo,2025,12,2025-11-23,DET,NYG,REG
2025_12_NYG_DET,2256,"(:03) 39-J.Bates 37 yard field goal is GOOD, Center-49-H.Hatten, Holder-3-J.Fox.",2,3,6,DET,Field Goal,Kick Attempt Good,00-0039172,NYG,19.0,00:03:00,37.0,J.Bates,2025,12,2025-11-23,DET,NYG,REG
2025_12_NYG_DET,4417,"(:33) 39-J.Bates 59 yard field goal is GOOD, Center-49-H.Hatten, Holder-3-J.Fox.",4,4,10,DET,Field Goal,Kick Attempt Good,00-0039172,NYG,41.0,00:33:00,59.0,J.Bates,2025,12,2025-11-23,DET,NYG,REG
2025_12_NYJ_BAL,1633,"(1:39) 33-T.Loop 31 yard field goal is GOOD, Center-46-N.Moore, Holder-11-J.Stout.",2,4,4,BAL,Field Goal,Kick Attempt Good,00-0040074,NYJ,13.0,01:39:00,31.0,T.Loop,2025,12,2025-11-23,BAL,NYJ,REG
2025_12_NYJ_BAL,2900,"(14:46) 6-N.Folk 42 yard field goal is GOOD, Center-42-T.Hennessy, Holder-14-A.McNamara.",4,4,10,NYJ,Field Goal,Kick Attempt Good,00-0025565,BAL,24.0,14:46:00,42.0,N.Folk,2025,12,2025-11-23,BAL,NYJ,REG
2025_12_NYJ_BAL,3143,"(9:39) 33-T.Loop 35 yard field goal is GOOD, Center-46-N.Moore, Holder-11-J.Stout.",4,4,8,BAL,Field Goal,Kick Attempt Good,00-0040074,NYJ,17.0,09:39:00,35.0,T.Loop,2025,12,2025-11-23,BAL,NYJ,REG
2025_12_NYJ_BAL,3781,"(:45) 33-T.Loop 27 yard field goal is GOOD, Center-46-N.Moore, Holder-11-J.Stout.",4,4,8,BAL,Field Goal,Kick Attempt Good,00-0040074,NYJ,9.0,00:45:00,27.0,T.Loop,2025,12,2025-11-23,BAL,NYJ,REG
2025_12_PHI_DAL,2950,"(6:39) 17-B.Aubrey 51 yard field goal is No Good, Wide Left, Center-44-T.Sieg, Holder-5-B.Anger.",3,4,9,DAL,Field Goal,Kick Attempt No Good,00-0037692,PHI,33.0,06:39:00,51.0,B.Aubrey,2025,12,2025-11-23,DAL,PHI,REG
2025_12_PHI_DAL,3635,"(13:14) 4-J.Elliott 56 yard field goal is No Good, Wide Right, Center-57-C.Adomitis, Holder-10-B.Mann.",4,4,5,PHI,Field Goal,Kick Attempt No Good,00-0033787,DAL,38.0,13:14:00,56.0,J.Elliott,2025,12,2025-11-23,DAL,PHI,REG
2025_12_PHI_DAL,4726,"(:03) 17-B.Aubrey 42 yard field goal is GOOD, Center-44-T.Sieg, Holder-5-B.Anger.",4,4,12,DAL,Field Goal,Kick Attempt Good,00-0037692,PHI,24.0,00:03:00,42.0,B.Aubrey,2025,12,2025-11-23,DAL,PHI,REG
2025_12_PIT_CHI,2339,"(:03) 8-C.Santos 47 yard field goal is GOOD, Center-46-S.Daly, Holder-19-T.Taylor.",2,3,10,CHI,Field Goal,Kick Attempt Good,00-0031203,PIT,29.0,00:03:00,47.0,C.Santos,2025,12,2025-11-23,CHI,PIT,REG
2025_12_SEA_TEN,443,"(5:53) 6-J.Slye 22 yard field goal is GOOD, Center-46-M.Cox, Holder-3-J.Hekker.",1,4,4,TEN,Field Goal,Kick Attempt Good,00-0035192,SEA,4.0,05:53:00,22.0,J.Slye,2025,12,2025-11-23,TEN,SEA,REG
2025_12_SEA_TEN,707,"(2:18) 5-J.Myers 47 yard field goal is GOOD, Center-41-C.Stoll, Holder-4-M.Dickson.",1,4,4,SEA,Field Goal,Kick Attempt Good,00-0031492,TEN,28.0,02:18:00,47.0,J.Myers,2025,12,2025-11-23,TEN,SEA,REG
2025_12_SEA_TEN,1522,"(4:48) 5-J.Myers 30 yard field goal is GOOD, Center-41-C.Stoll, Holder-4-M.Dickson.",2,4,11,SEA,Field Goal,Kick Attempt Good,00-0031492,TEN,11.0,04:48:00,30.0,J.Myers,2025,12,2025-11-23,TEN,SEA,REG
2025_12_SEA_TEN,2076,"(:04) 5-J.Myers 36 yard field goal is GOOD, Center-41-C.Stoll, Holder-4-M.Dickson.",2,3,14,SEA,Field Goal,Kick Attempt Good,00-0031492,TEN,17.0,00:04:00,36.0,J.Myers,2025,12,2025-11-23,TEN,SEA,REG
2025_12_TB_LA,1849,"(1:06) 92-H.Mevis 40 yard field goal is GOOD, Center-44-J.McQuaide, Holder-42-E.Evans.",2,4,3,LA,Field Goal,Kick Attempt Good,00-0039498,TB,21.0,01:06:00,40.0,H.Mevis,2025,12,2025-11-23,LA,TB,REG
2025_12_TB_LA,3206,"(13:40) 92-H.Mevis 52 yard field goal is GOOD, Center-44-J.McQuaide, Holder-42-E.Evans.",4,4,7,LA,Field Goal,Kick Attempt Good,00-0039498,TB,34.0,13:40:00,52.0,H.Mevis,2025,12,2025-11-23,LA,TB,REG
2025_13_ARI_TB,1194,"(8:04) 4-C.McLaughlin 25 yard field goal is GOOD, Center-86-E.Deckers, Holder-9-R.Dixon.",2,4,7,TB,Field Goal,Kick Attempt Good,00-0035358,ARI,7.0,08:04:00,25.0,C.McLaughlin,2025,13,2025-11-30,TB,ARI,REG
2025_13_ARI_TB,1921,"(:02) 38-C.Ryland 52 yard field goal is GOOD, Center-46-A.Brewer, Holder-39-M.Haack.",2,2,10,ARI,Field Goal,Kick Attempt Good,00-0038567,TB,34.0,00:02:00,52.0,C.Ryland,2025,13,2025-11-30,TB,ARI,REG
2025_13_ARI_TB,2425,"(7:50) 38-C.Ryland 43 yard field goal is No Good, Wide Right, Center-46-A.Brewer, Holder-39-M.Haack.",3,4,3,ARI,Field Goal,Kick Attempt No Good,00-0038567,TB,25.0,07:50:00,43.0,C.Ryland,2025,13,2025-11-30,TB,ARI,REG
2025_13_ARI_TB,3303,"(9:03) 4-C.McLaughlin 57 yard field goal is GOOD, Center-86-E.Deckers, Holder-9-R.Dixon.",4,4,10,TB,Field Goal,Kick Attempt Good,00-0035358,ARI,39.0,09:03:00,57.0,C.McLaughlin,2025,13,2025-11-30,TB,ARI,REG
2025_13_ATL_NYJ,2657,"(4:51) 45-Z.Gonzalez 50 yard field goal is No Good, Wide Right, Center-49-L.McCullough, Holder-13-B.Pinion.",3,4,12,ATL,Field Goal,Kick Attempt No Good,00-0033862,NYJ,32.0,04:51:00,50.0,Z.Gonzalez,2025,13,2025-11-30,NYJ,ATL,REG
2025_13_ATL_NYJ,2924,"(1:49) 6-N.Folk 55 yard field goal is No Good, Short, Center-42-T.Hennessy, Holder-14-A.McNamara.",3,4,6,NYJ,Field Goal,Kick Attempt No Good,00-0025565,ATL,36.0,01:49:00,55.0,N.Folk,2025,13,2025-11-30,NYJ,ATL,REG
2025_13_ATL_NYJ,3056,"(:02) 45-Z.Gonzalez 52 yard field goal is GOOD, Center-49-L.McCullough, Holder-13-B.Pinion.",3,4,5,ATL,Field Goal,Kick Attempt Good,00-0033862,NYJ,34.0,00:02:00,52.0,Z.Gonzalez,2025,13,2025-11-30,NYJ,ATL,REG
2025_13_ATL_NYJ,3214,"(13:26) 6-N.Folk 32 yard field goal is GOOD, Center-42-T.Hennessy, Holder-14-A.McNamara.",4,4,9,NYJ,Field Goal,Kick Attempt Good,00-0025565,ATL,14.0,13:26:00,32.0,N.Folk,2025,13,2025-11-30,NYJ,ATL,REG
2025_13_ATL_NYJ,4564,"(:05) 6-N.Folk 56 yard field goal is GOOD, Center-42-T.Hennessy, Holder-14-A.McNamara.",4,3,15,NYJ,Field Goal,Kick Attempt Good,00-0025565,ATL,38.0,00:05:00,56.0,N.Folk,2025,13,2025-11-30,NYJ,ATL,REG
2025_13_BUF_PIT,1912,"(:55) 15-M.Prater 27 yard field goal is GOOD, Center-69-R.Ferguson, Holder-19-M.Wishnowsky.",2,4,8,BUF,Field Goal,Kick Attempt Good,00-0023853,PIT,9.0,00:55:00,27.0,M.Prater,2025,13,2025-11-30,PIT,BUF,REG
2025_13_BUF_PIT,3658,"(1:12) 15-M.Prater 37 yard field goal is GOOD, Center-69-R.Ferguson, Holder-19-M.Wishnowsky.",4,4,2,BUF,Field Goal,Kick Attempt Good,00-0023853,PIT,19.0,01:12:00,37.0,M.Prater,2025,13,2025-11-30,PIT,BUF,REG
2025_13_CHI_PHI,995,"(13:08) 4-J.Elliott 44 yard field goal is GOOD, Center-57-C.Adomitis, Holder-10-B.Mann.",2,4,8,PHI,Field Goal,Kick Attempt Good,00-0033787,CHI,26.0,13:08:00,44.0,J.Elliott,2025,13,2025-11-28,PHI,CHI,REG
2025_13_CHI_PHI,1387,"(6:47) 8-C.Santos 30 yard field goal is GOOD, Center-46-S.Daly, Holder-19-T.Taylor.",2,4,10,CHI,Field Goal,Kick Attempt Good,00-0031203,PHI,12.0,06:47:00,30.0,C.Santos,2025,13,2025-11-28,PHI,CHI,REG
2025_13_CHI_PHI,4324,"(:13) 4-J.Elliott 52 yard field goal is No Good, Wide Left, Center-57-C.Adomitis, Holder-10-B.Mann.",4,4,4,PHI,Field Goal,Kick Attempt No Good,00-0033787,CHI,34.0,00:13:00,52.0,J.Elliott,2025,13,2025-11-28,PHI,CHI,REG
2025_13_CIN_BAL,323,"(9:42) 2-E.McPherson 31 yard field goal is GOOD, Center-46-W.Wagner, Holder-8-R.Rehkow.",1,4,7,CIN,Field Goal,Kick Attempt Good,00-0036854,BAL,13.0,09:42:00,31.0,E.McPherson,2025,13,2025-11-27,BAL,CIN,REG
2025_13_CIN_BAL,1283,"(11:28) 2-E.McPherson 42 yard field goal is GOOD, Center-46-W.Wagner, Holder-8-R.Rehkow.",2,4,4,CIN,Field Goal,Kick Attempt Good,00-0036854,BAL,24.0,11:28:00,42.0,E.McPherson,2025,13,2025-11-27,BAL,CIN,REG
2025_13_CIN_BAL,1856,"(2:39) 2-E.McPherson 24 yard field goal is GOOD, Center-46-W.Wagner, Holder-8-R.Rehkow.",2,4,6,CIN,Field Goal,Kick Attempt Good,00-0036854,BAL,6.0,02:39:00,24.0,E.McPherson,2025,13,2025-11-27,BAL,CIN,REG
2025_13_CIN_BAL,2444,"(:14) 2-E.McPherson 33 yard field goal is GOOD, Center-46-W.Wagner, Holder-8-R.Rehkow.",2,4,6,CIN,Field Goal,Kick Attempt Good,00-0036854,BAL,15.0,00:14:00,33.0,E.McPherson,2025,13,2025-11-27,BAL,CIN,REG
2025_13_CIN_BAL,3852,"(9:30) 2-E.McPherson 52 yard field goal is GOOD, Center-46-W.Wagner, Holder-8-R.Rehkow.",4,4,3,CIN,Field Goal,Kick Attempt Good,00-0036854,BAL,34.0,09:30:00,52.0,E.McPherson,2025,13,2025-11-27,BAL,CIN,REG
2025_13_CIN_BAL,4608,"(1:11) 2-E.McPherson 41 yard field goal is GOOD, Center-46-W.Wagner, Holder-8-R.Rehkow.",4,4,9,CIN,Field Goal,Kick Attempt Good,00-0036854,BAL,23.0,01:11:00,41.0,E.McPherson,2025,13,2025-11-27,BAL,CIN,REG
2025_13_DEN_WAS,301,"(10:31) 3-W.Lutz 33 yard field goal is GOOD, Center-48-M.Fraboni, Holder-16-J.Crawshaw.",1,4,5,DEN,Field Goal,Kick Attempt Good,00-0032569,WAS,15.0,10:31:00,33.0,W.Lutz,2025,13,2025-11-30,WAS,DEN,REG
2025_13_DEN_WAS,1339,"(7:54) 3-W.Lutz 33 yard field goal is GOOD, Center-48-M.Fraboni, Holder-16-J.Crawshaw.",2,4,8,DEN,Field Goal,Kick Attempt Good,00-0032569,WAS,10.0,07:54:00,33.0,W.Lutz,2025,13,2025-11-30,WAS,DEN,REG
2025_13_DEN_WAS,3304,"(12:40) 16-J.Moody 38 yard field goal is GOOD, Center-45-Z.Triner, Holder-10-T.Way.",4,4,8,WAS,Field Goal,Kick Attempt Good,00-0038562,DEN,20.0,12:40:00,38.0,J.Moody,2025,13,2025-11-30,WAS,DEN,REG
2025_13_DEN_WAS,4526,"(:04) 16-J.Moody 32 yard field goal is GOOD, Center-45-Z.Triner, Holder-10-T.Way.",4,3,10,WAS,Field Goal,Kick Attempt Good,00-0038562,DEN,14.0,00:04:00,32.0,J.Moody,2025,13,2025-11-30,WAS,DEN,REG
2025_13_GB_DET,329,"(9:17) 17-B.McManus 45 yard field goal is GOOD, Center-42-M.Orzech, Holder-19-D.Whelan.",1,4,10,GB,Field Goal,Kick Attempt Good,00-0029822,DET,27.0,09:17:00,45.0,B.McManus,2025,13,2025-11-27,DET,GB,REG
2025_13_GB_DET,3770,"(3:02) 39-J.Bates 31 yard field goal is GOOD, Center-49-H.Hatten, Holder-3-J.Fox.",4,4,13,DET,Field Goal,Kick Attempt Good,00-0039172,GB,13.0,03:02:00,31.0,J.Bates,2025,13,2025-11-27,DET,GB,REG
2025_13_HOU_IND,561,"(7:58) 15-K.Fairbairn 23 yard field goal is GOOD, Center-40-A.Brinkman, Holder-6-T.Townsend.",1,4,4,HOU,Field Goal,Kick Attempt Good,00-0032726,IND,4.0,07:58:00,23.0,K.Fairbairn,2025,13,2025-11-30,IND,HOU,REG
2025_13_HOU_IND,2567,"(6:52) 15-K.Fairbairn 43 yard field goal is GOOD, Center-40-A.Brinkman, Holder-6-T.Townsend.",3,4,21,HOU,Field Goal,Kick Attempt Good,00-0032726,IND,25.0,06:52:00,43.0,K.Fairbairn,2025,13,2025-11-30,IND,HOU,REG
2025_13_HOU_IND,3587,"(8:44) 12-M.Badgley 42 yard field goal is GOOD, Center-46-L.Rhodes, Holder-8-R.Sanchez.",4,4,7,IND,Field Goal,Kick Attempt Good,00-0034084,HOU,24.0,08:44:00,42.0,M.Badgley,2025,13,2025-11-30,IND,HOU,REG
2025_13_JAX_TEN,481,"(5:08) 6-J.Slye 28 yard field goal is GOOD, Center-46-M.Cox, Holder-3-J.Hekker.",1,4,3,TEN,Field Goal,Kick Attempt Good,00-0035192,JAX,10.0,05:08:00,28.0,J.Slye,2025,13,2025-11-30,TEN,JAX,REG
2025_13_JAX_TEN,2147,"(:00) 39-C.Little 45 yard field goal is GOOD, Center-52-D.Hamilton, Holder-9-L.Cooke.",2,1,10,JAX,Field Goal,Kick Attempt Good,00-0039409,TEN,27.0,00:00:00,45.0,C.Little,2025,13,2025-11-30,TEN,JAX,REG
2025_13_KC_DAL,1207,"(10:27) 17-B.Aubrey 49 yard field goal is GOOD, Center-44-T.Sieg, Holder-5-B.Anger.",2,4,3,DAL,Field Goal,Kick Attempt Good,00-0037692,KC,31.0,10:27:00,49.0,B.Aubrey,2025,13,2025-11-27,DAL,KC,REG
2025_13_KC_DAL,3002,"(4:13) 17-B.Aubrey 36 yard field goal is GOOD, Center-44-T.Sieg, Holder-5-B.Anger.",3,4,8,DAL,Field Goal,Kick Attempt Good,00-0037692,KC,18.0,04:13:00,36.0,B.Aubrey,2025,13,2025-11-27,DAL,KC,REG
2025_13_KC_DAL,4092,"(5:20) 17-B.Aubrey 26 yard field goal is GOOD, Center-44-T.Sieg, Holder-5-B.Anger.",4,4,4,DAL,Field Goal,Kick Attempt Good,00-0037692,KC,8.0,05:20:00,26.0,B.Aubrey,2025,13,2025-11-27,DAL,KC,REG
2025_13_LA_CAR,1516,"(5:38) 10-R.Fitzgerald 33 yard field goal is GOOD, Center-44-J.Jansen, Holder-6-S.Martin.",2,4,6,CAR,Field Goal,Kick Attempt Good,00-0040279,LA,14.0,05:38:00,33.0,R.Fitzgerald,2025,13,2025-11-30,CAR,LA,REG
2025_13_LV_LAC,2803,"(14:54) 11-C.Dicker 56 yard field goal is GOOD, Center-47-J.Harris, Holder-16-J.Scott.",4,4,6,LAC,Field Goal,Kick Attempt Good,00-0037224,LV,38.0,14:54:00,56.0,C.Dicker,2025,13,2025-11-30,LAC,LV,REG
2025_13_MIN_SEA,1213,"(7:12) 5-J.Myers 33 yard field goal is GOOD, Center-41-C.Stoll, Holder-4-M.Dickson.",2,4,15,SEA,Field Goal,Kick Attempt Good,00-0031492,MIN,15.0,07:12:00,33.0,J.Myers,2025,13,2025-11-30,SEA,MIN,REG
2025_13_MIN_SEA,1881,"(:12) 5-J.Myers 56 yard field goal is GOOD, Center-41-C.Stoll, Holder-4-M.Dickson.",2,4,3,SEA,Field Goal,Kick Attempt Good,00-0031492,MIN,38.0,00:12:00,56.0,J.Myers,2025,13,2025-11-30,SEA,MIN,REG
2025_13_MIN_SEA,2208,"(11:19) 5-J.Myers 54 yard field goal is GOOD, Center-41-C.Stoll, Holder-4-M.Dickson.",3,4,1,SEA,Field Goal,Kick Attempt Good,00-0031492,MIN,36.0,11:19:00,54.0,J.Myers,2025,13,2025-11-30,SEA,MIN,REG
2025_13_MIN_SEA,2696,"(3:19) 5-J.Myers 40 yard field goal is GOOD, Center-41-C.Stoll, Holder-4-M.Dickson.",3,4,9,SEA,Field Goal,Kick Attempt Good,00-0031492,MIN,21.0,03:19:00,40.0,J.Myers,2025,13,2025-11-30,SEA,MIN,REG
2025_13_NO_MIA,996,"(14:13) 47-R.Patterson 39 yard field goal is GOOD, Center-49-J.Cardona, Holder-16-J.Bailey.",2,4,7,MIA,Field Goal,Kick Attempt Good,00-0036816,NO,21.0,14:13:00,39.0,R.Patterson,2025,13,2025-11-30,MIA,NO,REG
2025_13_NO_MIA,1532,"(6:10) 47-R.Patterson 25 yard field goal is GOOD, Center-49-J.Cardona, Holder-16-J.Bailey.",2,4,7,MIA,Field Goal,Kick Attempt Good,00-0036816,NO,7.0,06:10:00,25.0,R.Patterson,2025,13,2025-11-30,MIA,NO,REG
2025_13_NO_MIA,1984,"(:02) 47-R.Patterson 48 yard field goal is GOOD, Center-49-J.Cardona, Holder-16-J.Bailey.",2,2,10,MIA,Field Goal,Kick Attempt Good,00-0036816,NO,29.0,00:02:00,48.0,R.Patterson,2025,13,2025-11-30,MIA,NO,REG
2025_13_NO_MIA,3344,"(9:42) 47-R.Patterson 33 yard field goal is GOOD, Center-49-J.Cardona, Holder-16-J.Bailey.",4,4,14,MIA,Field Goal,Kick Attempt Good,00-0036816,NO,15.0,09:42:00,33.0,R.Patterson,2025,13,2025-11-30,MIA,NO,REG
2025_13_NO_MIA,3615,"(6:13) 39-C.Smyth 56 yard field goal is GOOD, Center-49-Z.Wood, Holder-32-K.Kroeger.",4,4,7,NO,Field Goal,Kick Attempt Good,00-0039229,MIA,37.0,06:13:00,56.0,C.Smyth,2025,13,2025-11-30,MIA,NO,REG
2025_13_NYG_NE,339,"(9:17) 36-A.Borregales 22 yard field goal is GOOD, Center-47-J.Ashby, Holder-17-B.Baringer.",1,4,4,NE,Field Goal,Kick Attempt Good,00-0040200,NYG,4.0,09:17:00,22.0,A.Borregales,2025,13,2025-12-01,NE,NYG,REG
2025_13_NYG_NE,1849,"(1:51) 36-A.Borregales 30 yard field goal is GOOD, Center-47-J.Ashby, Holder-17-B.Baringer.",2,4,6,NE,Field Goal,Kick Attempt Good,00-0040200,NYG,12.0,01:51:00,30.0,A.Borregales,2025,13,2025-12-01,NE,NYG,REG
2025_13_NYG_NE,2143,"(:02) 36-A.Borregales 28 yard field goal is GOOD, Center-47-J.Ashby, Holder-17-B.Baringer.",2,2,1,NE,Field Goal,Kick Attempt Good,00-0040200,NYG,10.0,00:02:00,28.0,A.Borregales,2025,13,2025-12-01,NE,NYG,REG
2025_13_NYG_NE,2706,"(4:13) 36-A.Borregales 45 yard field goal is No Good, Wide Left, Center-47-J.Ashby, Holder-17-B.Baringer.",3,4,11,NE,Field Goal,Kick Attempt No Good,00-0040200,NYG,27.0,04:13:00,45.0,A.Borregales,2025,13,2025-12-01,NE,NYG,REG
2025_13_NYG_NE,3734,"(2:17) 36-A.Borregales 23 yard field goal is GOOD, Center-47-J.Ashby, Holder-17-B.Baringer.",4,4,5,NE,Field Goal,Kick Attempt Good,00-0040200,NYG,5.0,02:17:00,23.0,A.Borregales,2025,13,2025-12-01,NE,NYG,REG
2025_13_SF_CLE,1857,"(:04) 14-M.Gay 25 yard field goal is GOOD, Center-46-J.Weeks, Holder-7-T.Morstead.",2,1,7,SF,Field Goal,Kick Attempt Good,00-0035269,CLE,7.0,00:04:00,25.0,M.Gay,2025,13,2025-11-30,CLE,SF,REG
2025_13_SF_CLE,3622,"(4:13) 14-M.Gay 31 yard field goal is GOOD, Center-46-J.Weeks, Holder-7-T.Morstead.",4,4,9,SF,Field Goal,Kick Attempt Good,00-0035269,CLE,13.0,04:13:00,31.0,M.Gay,2025,13,2025-11-30,CLE,SF,REG
2025_14_CHI_GB,1746,"(1:17) 8-C.Santos 33 yard field goal is GOOD, Center-46-S.Daly, Holder-19-T.Taylor.",2,4,7,CHI,Field Goal,Kick Attempt Good,00-0031203,GB,15.0,01:17:00,33.0,C.Santos,2025,14,2025-12-07,GB,CHI,REG
2025_14_CHI_GB,2850,"(3:19) 8-C.Santos 41 yard field goal is GOOD, Center-46-S.Daly, Holder-19-T.Taylor.",3,4,7,CHI,Field Goal,Kick Attempt Good,00-0031203,GB,23.0,03:19:00,41.0,C.Santos,2025,14,2025-12-07,GB,CHI,REG
2025_14_CIN_BUF,626,"(1:57) 15-M.Prater 26 yard field goal is GOOD, Center-69-R.Ferguson, Holder-19-M.Wishnowsky.",1,4,5,BUF,Field Goal,Kick Attempt Good,00-0023853,CIN,8.0,01:57:00,26.0,M.Prater,2025,14,2025-12-07,BUF,CIN,REG
2025_14_DAL_DET,227,"(10:50) 39-J.Bates 38 yard field goal is GOOD, Center-49-H.Hatten, Holder-3-J.Fox.",1,4,18,DET,Field Goal,Kick Attempt Good,00-0039172,DAL,20.0,10:50:00,38.0,J.Bates,2025,14,2025-12-04,DET,DAL,REG
2025_14_DAL_DET,445,"(8:12) 17-B.Aubrey 57 yard field goal is GOOD, Center-44-T.Sieg, Holder-5-B.Anger.",1,4,10,DAL,Field Goal,Kick Attempt Good,00-0037692,DET,39.0,08:12:00,57.0,B.Aubrey,2025,14,2025-12-04,DET,DAL,REG
2025_14_DAL_DET,1348,"(9:27) 17-B.Aubrey 42 yard field goal is GOOD, Center-44-T.Sieg, Holder-5-B.Anger.",2,4,19,DAL,Field Goal,Kick Attempt Good,00-0037692,DET,24.0,09:27:00,42.0,B.Aubrey,2025,14,2025-12-04,DET,DAL,REG
2025_14_DAL_DET,2163,"(:55) 17-B.Aubrey 55 yard field goal is GOOD, Center-44-T.Sieg, Holder-5-B.Anger.",2,4,4,DAL,Field Goal,Kick Attempt Good,00-0037692,DET,37.0,00:55:00,55.0,B.Aubrey,2025,14,2025-12-04,DET,DAL,REG
2025_14_DAL_DET,2385,"(:04) 39-J.Bates 47 yard field goal is GOOD, Center-49-H.Hatten, Holder-3-J.Fox.",2,2,10,DET,Field Goal,Kick Attempt Good,00-0039172,DAL,29.0,00:04:00,47.0,J.Bates,2025,14,2025-12-04,DET,DAL,REG
2025_14_DAL_DET,3118,"(5:52) 39-J.Bates 52 yard field goal is BLOCKED (54-S.Williams), Center-49-H.Hatten, Holder-3-J.Fox.",3,4,5,DET,Field Goal,Blocked Kick Attempt,00-0039172,DAL,34.0,05:52:00,52.0,J.Bates,2025,14,2025-12-04,DET,DAL,REG
2025_14_DAL_DET,3333,"(2:54) 17-B.Aubrey 63 yard field goal is GOOD, Center-44-T.Sieg, Holder-5-B.Anger.",3,4,19,DAL,Field Goal,Kick Attempt Good,00-0037692,DET,45.0,02:54:00,63.0,B.Aubrey,2025,14,2025-12-04,DET,DAL,REG
2025_14_DAL_DET,3729,"(11:54) 39-J.Bates 46 yard field goal is GOOD, Center-49-H.Hatten, Holder-3-J.Fox.",4,4,9,DET,Field Goal,Kick Attempt Good,00-0039172,DAL,28.0,11:54:00,46.0,J.Bates,2025,14,2025-12-04,DET,DAL,REG
2025_14_DAL_DET,4412,"(3:45) 17-B.Aubrey 29 yard field goal is GOOD, Center-44-T.Sieg, Holder-5-B.Anger.",4,4,3,DAL,Field Goal,Kick Attempt Good,00-0037692,DET,11.0,03:45:00,29.0,B.Aubrey,2025,14,2025-12-04,DET,DAL,REG
2025_14_DEN_LV,3282,"(3:59) 3-W.Lutz 23 yard field goal is GOOD, Center-48-M.Fraboni, Holder-16-J.Crawshaw.",4,4,3,DEN,Field Goal,Kick Attempt Good,00-0032569,LV,5.0,03:59:00,23.0,W.Lutz,2025,14,2025-12-07,LV,DEN,REG
2025_14_DEN_LV,3862,"(:05) 8-D.Carlson 46 yard field goal is GOOD, Center-50-J.Bobenmoyer, Holder-6-A.Cole.",4,1,10,LV,Field Goal,Kick Attempt Good,00-0034161,DEN,28.0,00:05:00,46.0,D.Carlson,2025,14,2025-12-07,LV,DEN,REG
2025_14_HOU_KC,748,"(4:22) 15-K.Fairbairn 35 yard field goal is GOOD, Center-40-A.Brinkman, Holder-6-T.Townsend.",1,4,5,HOU,Field Goal,Kick Attempt Good,00-0032726,KC,16.0,04:22:00,35.0,K.Fairbairn,2025,14,2025-12-07,KC,HOU,REG
2025_14_HOU_KC,1911,"(1:03) 7-H.Butker 43 yard field goal is No Good, Hit Right Upright, Center-41-J.Winchester, Holder-14-M.Araiza.",2,4,8,KC,Field Goal,Kick Attempt No Good,00-0033303,HOU,25.0,01:03:00,43.0,H.Butker,2025,14,2025-12-07,KC,HOU,REG
2025_14_HOU_KC,3089,"(1:54) 7-H.Butker 36 yard field goal is GOOD, Center-41-J.Winchester, Holder-14-M.Araiza.",3,4,2,KC,Field Goal,Kick Attempt Good,00-0033303,HOU,18.0,01:54:00,36.0,H.Butker,2025,14,2025-12-07,KC,HOU,REG
2025_14_HOU_KC,4264,"(:33) 15-K.Fairbairn 28 yard field goal is GOOD, Center-40-A.Brinkman, Holder-6-T.Townsend.",4,4,5,HOU,Field Goal,Kick Attempt Good,00-0032726,KC,10.0,00:33:00,28.0,K.Fairbairn,2025,14,2025-12-07,KC,HOU,REG
2025_14_IND_JAX,1764,"(4:57) 10-B.Grupe 28 yard field goal is GOOD, Center-46-L.Rhodes, Holder-8-R.Sanchez.",2,4,7,IND,Field Goal,Kick Attempt Good,00-0038905,JAX,9.0,04:57:00,28.0,B.Grupe,2025,14,2025-12-07,JAX,IND,REG
2025_14_IND_JAX,2792,"(10:01) 10-B.Grupe 36 yard field goal is GOOD, Center-46-L.Rhodes, Holder-8-R.Sanchez.",3,4,8,IND,Field Goal,Kick Attempt Good,00-0038905,JAX,18.0,10:01:00,36.0,B.Grupe,2025,14,2025-12-07,JAX,IND,REG
2025_14_IND_JAX,3435,"(14:09) 39-C.Little 35 yard field goal is GOOD, Center-46-R.Matiscik, Holder-9-L.Cooke.",4,4,4,JAX,Field Goal,Kick Attempt Good,00-0039409,IND,17.0,14:09:00,35.0,C.Little,2025,14,2025-12-07,JAX,IND,REG
2025_14_IND_JAX,4025,"(4:45) 39-C.Little 48 yard field goal is GOOD, Center-46-R.Matiscik, Holder-9-L.Cooke.",4,4,8,JAX,Field Goal,Kick Attempt Good,00-0039409,IND,29.0,04:45:00,48.0,C.Little,2025,14,2025-12-07,JAX,IND,REG
2025_14_LA_ARI,457,"(7:43) 92-H.Mevis 26 yard field goal is GOOD, Center-44-J.McQuaide, Holder-42-E.Evans.",1,4,8,LA,Field Goal,Kick Attempt Good,00-0039498,ARI,8.0,07:43:00,26.0,H.Mevis,2025,14,2025-12-07,ARI,LA,REG
2025_14_LA_ARI,1211,"(8:39) 38-C.Ryland 38 yard field goal is GOOD, Center-46-A.Brewer, Holder-39-M.Haack.",2,4,18,ARI,Field Goal,Kick Attempt Good,00-0038567,LA,20.0,08:39:00,38.0,C.Ryland,2025,14,2025-12-07,ARI,LA,REG
2025_14_LA_ARI,1996,"(:01) 38-C.Ryland 63 yard field goal is No Good, Wide Right, Center-46-A.Brewer, Holder-39-M.Haack.",2,3,5,ARI,Field Goal,Kick Attempt No Good,00-0038567,LA,45.0,00:01:00,63.0,C.Ryland,2025,14,2025-12-07,ARI,LA,REG
2025_14_MIA_NYJ,1854,"(2:00) 47-R.Patterson 43 yard field goal is GOOD, Center-49-J.Cardona, Holder-16-J.Bailey.",2,4,10,MIA,Field Goal,Kick Attempt Good,00-0036816,NYJ,25.0,02:00:00,43.0,R.Patterson,2025,14,2025-12-07,NYJ,MIA,REG
2025_14_MIA_NYJ,3385,"(12:17) 6-N.Folk 31 yard field goal is GOOD, Center-42-T.Hennessy, Holder-14-A.McNamara.",4,4,9,NYJ,Field Goal,Kick Attempt Good,00-0025565,MIA,12.0,12:17:00,31.0,N.Folk,2025,14,2025-12-07,NYJ,MIA,REG
2025_14_MIA_NYJ,4024,"(2:29) 47-R.Patterson 53 yard field goal is GOOD, Center-49-J.Cardona, Holder-16-J.Bailey.",4,4,14,MIA,Field Goal,Kick Attempt Good,00-0036816,NYJ,35.0,02:29:00,53.0,R.Patterson,2025,14,2025-12-07,NYJ,MIA,REG
2025_14_NO_TB,1093,"(13:45) 39-C.Smyth 48 yard field goal is No Good, Wide Left, Center-49-Z.Wood, Holder-32-K.Kroeger.",2,4,5,NO,Field Goal,Kick Attempt No Good,00-0039229,TB,30.0,13:45:00,48.0,C.Smyth,2025,14,2025-12-07,TB,NO,REG
2025_14_NO_TB,1425,"(9:15) 4-C.McLaughlin 41 yard field goal is GOOD, Center-86-E.Deckers, Holder-9-R.Dixon.",2,4,5,TB,Field Goal,Kick Attempt Good,00-0035358,NO,23.0,09:15:00,41.0,C.McLaughlin,2025,14,2025-12-07,TB,NO,REG
2025_14_NO_TB,3010,"(1:36) 39-C.Smyth 30 yard field goal is GOOD, Center-49-Z.Wood, Holder-32-K.Kroeger.",3,4,5,NO,Field Goal,Kick Attempt Good,00-0039229,TB,12.0,01:36:00,30.0,C.Smyth,2025,14,2025-12-07,TB,NO,REG
2025_14_NO_TB,3769,"(4:58) 4-C.McLaughlin 37 yard field goal is GOOD, Center-86-E.Deckers, Holder-9-R.Dixon.",4,4,12,TB,Field Goal,Kick Attempt Good,00-0035358,NO,19.0,04:58:00,37.0,C.McLaughlin,2025,14,2025-12-07,TB,NO,REG
2025_14_PHI_LAC,652,"(3:26) 4-J.Elliott 41 yard field goal is GOOD, Center-57-C.Adomitis, Holder-10-B.Mann.",1,4,8,PHI,Field Goal,Kick Attempt Good,00-0033787,LAC,23.0,03:26:00,41.0,J.Elliott,2025,14,2025-12-08,LAC,PHI,REG
2025_14_PHI_LAC,1618,"(5:00) 11-C.Dicker 45 yard field goal is GOOD, Center-47-J.Harris, Holder-16-J.Scott.",2,4,6,LAC,Field Goal,Kick Attempt Good,00-0037224,PHI,27.0,05:00:00,45.0,C.Dicker,2025,14,2025-12-08,LAC,PHI,REG
2025_14_PHI_LAC,2079,"(:52) 4-J.Elliott 30 yard field goal is GOOD, Center-57-C.Adomitis, Holder-10-B.Mann.",2,4,12,PHI,Field Goal,Kick Attempt Good,00-0033787,LAC,12.0,00:52:00,30.0,J.Elliott,2025,14,2025-12-08,LAC,PHI,REG
2025_14_PHI_LAC,2287,"(:05) 4-J.Elliott 48 yard field goal is No Good, Wide Left, Center-57-C.Adomitis, Holder-10-B.Mann.",2,2,10,PHI,Field Goal,Kick Attempt No Good,00-0033787,LAC,30.0,00:05:00,48.0,J.Elliott,2025,14,2025-12-08,LAC,PHI,REG
2025_14_PHI_LAC,2748,"(5:36) 11-C.Dicker 34 yard field goal is GOOD, Center-47-J.Harris, Holder-16-J.Scott.",3,4,16,LAC,Field Goal,Kick Attempt Good,00-0037224,PHI,16.0,05:36:00,34.0,C.Dicker,2025,14,2025-12-08,LAC,PHI,REG
2025_14_PHI_LAC,2928,"(3:27) 4-J.Elliott 54 yard field goal is GOOD, Center-57-C.Adomitis, Holder-10-B.Mann.",3,4,8,PHI,Field Goal,Kick Attempt Good,00-0033787,LAC,36.0,03:27:00,54.0,J.Elliott,2025,14,2025-12-08,LAC,PHI,REG
2025_14_PHI_LAC,3669,"(7:29) 11-C.Dicker 31 yard field goal is GOOD, Center-47-J.Harris, Holder-16-J.Scott.",4,4,3,LAC,Field Goal,Kick Attempt Good,00-0037224,PHI,13.0,07:29:00,31.0,C.Dicker,2025,14,2025-12-08,LAC,PHI,REG
2025_14_PHI_LAC,4106,"(2:20) 4-J.Elliott 44 yard field goal is GOOD, Center-57-C.Adomitis, Holder-10-B.Mann.",4,4,11,PHI,Field Goal,Kick Attempt Good,00-0033787,LAC,26.0,02:20:00,44.0,J.Elliott,2025,14,2025-12-08,LAC,PHI,REG
2025_14_PHI_LAC,4432,"(:12) 11-C.Dicker 46 yard field goal is GOOD, Center-47-J.Harris, Holder-16-J.Scott.",4,4,1,LAC,Field Goal,Kick Attempt Good,00-0037224,PHI,29.0,00:12:00,46.0,C.Dicker,2025,14,2025-12-08,LAC,PHI,REG
2025_14_PHI_LAC,4667,"(6:29) 11-C.Dicker 54 yard field goal is GOOD, Center-47-J.Harris, Holder-16-J.Scott.",5,4,6,LAC,Field Goal,Kick Attempt Good,00-0037224,PHI,36.0,06:29:00,54.0,C.Dicker,2025,14,2025-12-08,LAC,PHI,REG
2025_14_PIT_BAL,315,"(11:02) 33-T.Loop 36 yard field goal is GOOD, Center-46-N.Moore, Holder-11-J.Stout.",1,4,4,BAL,Field Goal,Kick Attempt Good,00-0040074,PIT,18.0,11:02:00,36.0,T.Loop,2025,14,2025-12-07,BAL,PIT,REG
2025_14_PIT_BAL,1435,"(10:41) 9-C.Boswell 23 yard field goal is GOOD, Center-46-C.Kuntz, Holder-3-C.Waitman.",2,4,3,PIT,Field Goal,Kick Attempt Good,00-0031136,BAL,5.0,10:41:00,23.0,C.Boswell,2025,14,2025-12-07,BAL,PIT,REG
2025_14_PIT_BAL,2526,"(11:01) 9-C.Boswell 28 yard field goal is GOOD, Center-46-C.Kuntz, Holder-3-C.Waitman.",3,4,10,PIT,Field Goal,Kick Attempt Good,00-0031136,BAL,10.0,11:01:00,28.0,C.Boswell,2025,14,2025-12-07,BAL,PIT,REG
2025_14_PIT_BAL,3246,"(13:46) 33-T.Loop 28 yard field goal is GOOD, Center-46-N.Moore, Holder-11-J.Stout.",4,4,4,BAL,Field Goal,Kick Attempt Good,00-0040074,PIT,10.0,13:46:00,28.0,T.Loop,2025,14,2025-12-07,BAL,PIT,REG
2025_14_PIT_BAL,3618,"(7:15) 33-T.Loop 36 yard field goal is GOOD, Center-46-N.Moore, Holder-11-J.Stout.",4,4,8,BAL,Field Goal,Kick Attempt Good,00-0040074,PIT,18.0,07:15:00,36.0,T.Loop,2025,14,2025-12-07,BAL,PIT,REG
2025_14_SEA_ATL,467,"(7:17) 45-Z.Gonzalez 35 yard field goal is GOOD, Center-49-L.McCullough, Holder-13-B.Pinion.",1,4,8,ATL,Field Goal,Kick Attempt Good,00-0033862,SEA,17.0,07:17:00,35.0,Z.Gonzalez,2025,14,2025-12-07,ATL,SEA,REG
2025_14_SEA_ATL,884,"(:52) 5-J.Myers 22 yard field goal is GOOD, Center-41-C.Stoll, Holder-4-M.Dickson.",1,4,4,SEA,Field Goal,Kick Attempt Good,00-0031492,ATL,4.0,00:52:00,22.0,J.Myers,2025,14,2025-12-07,ATL,SEA,REG
2025_14_SEA_ATL,1369,"(7:38) 45-Z.Gonzalez 50 yard field goal is BLOCKED (3-N.Emmanwori), Center-49-L.McCullough, Holder-13-B.Pinion, recovered by ATL-69-J.Nelson at SEA 34.",2,4,12,ATL,Field Goal,Blocked Kick Attempt,00-0033862,SEA,32.0,07:38:00,50.0,Z.Gonzalez,2025,14,2025-12-07,ATL,SEA,REG
2025_14_SEA_ATL,1799,"(1:06) 45-Z.Gonzalez 43 yard field goal is GOOD, Center-49-L.McCullough, Holder-13-B.Pinion. ** Injury Update: SEA-95-B.Pili has returned to the game.",2,4,5,ATL,Field Goal,Kick Attempt Good,00-0033862,SEA,25.0,01:06:00,43.0,Z.Gonzalez,2025,14,2025-12-07,ATL,SEA,REG
2025_14_SEA_ATL,2027,"(:04) 5-J.Myers 48 yard field goal is GOOD, Center-41-C.Stoll, Holder-4-M.Dickson.",2,2,5,SEA,Field Goal,Kick Attempt Good,00-0031492,ATL,30.0,00:04:00,48.0,J.Myers,2025,14,2025-12-07,ATL,SEA,REG
2025_14_SEA_ATL,2744,"(2:43) 5-J.Myers 37 yard field goal is GOOD, Center-41-C.Stoll, Holder-4-M.Dickson.",3,4,7,SEA,Field Goal,Kick Attempt Good,00-0031492,ATL,19.0,02:43:00,37.0,J.Myers,2025,14,2025-12-07,ATL,SEA,REG
2025_14_SEA_ATL,2978,"(15:00) 45-Z.Gonzalez 27 yard field goal is GOOD, Center-49-L.McCullough, Holder-13-B.Pinion.",4,4,2,ATL,Field Goal,Kick Attempt Good,00-0033862,SEA,9.0,15:00:00,27.0,Z.Gonzalez,2025,14,2025-12-07,ATL,SEA,REG
2025_14_TEN_CLE,788,"(1:47) 25-A.Szmyt 38 yard field goal is GOOD, Center-50-R.Sunahara, Holder-13-C.Bojorquez. Penalty on TEN-21-M.Robinson, Defensive Offside, declined.",1,4,8,CLE,Field Goal,Kick Attempt Good,00-0038428,TEN,20.0,01:47:00,38.0,A.Szmyt,2025,14,2025-12-07,CLE,TEN,REG
2025_14_TEN_CLE,3948,"(6:21) 6-J.Slye 41 yard field goal is GOOD, Center-46-M.Cox, Holder-3-J.Hekker.",4,4,4,TEN,Field Goal,Kick Attempt Good,00-0035192,CLE,23.0,06:21:00,41.0,J.Slye,2025,14,2025-12-07,CLE,TEN,REG
2025_14_WAS_MIN,2220,"(7:06) 16-W.Reichard 45 yard field goal is GOOD, Center-42-A.DePaola, Holder-17-R.Wright.",3,4,7,MIN,Field Goal,Kick Attempt Good,00-0039404,WAS,27.0,07:06:00,45.0,W.Reichard,2025,14,2025-12-07,MIN,WAS,REG
2025_15_ARI_HOU,273,"(12:03) 15-K.Fairbairn 30 yard field goal is GOOD, Center-40-A.Brinkman, Holder-6-T.Townsend.",1,4,11,HOU,Field Goal,Kick Attempt Good,00-0032726,ARI,12.0,12:03:00,30.0,K.Fairbairn,2025,15,2025-12-14,HOU,ARI,REG
2025_15_ARI_HOU,1386,"(9:05) 15-K.Fairbairn 55 yard field goal is GOOD, Center-40-A.Brinkman, Holder-6-T.Townsend.",2,4,8,HOU,Field Goal,Kick Attempt Good,00-0032726,ARI,37.0,09:05:00,55.0,K.Fairbairn,2025,15,2025-12-14,HOU,ARI,REG
2025_15_ARI_HOU,1819,"(1:46) 15-K.Fairbairn 22 yard field goal is GOOD, Center-40-A.Brinkman, Holder-6-T.Townsend.",2,4,3,HOU,Field Goal,Kick Attempt Good,00-0032726,ARI,3.0,01:46:00,22.0,K.Fairbairn,2025,15,2025-12-14,HOU,ARI,REG
2025_15_ARI_HOU,2245,"(:02) 15-K.Fairbairn 52 yard field goal is BLOCKED (93-C.Campbell), Center-40-A.Brinkman, Holder-6-T.Townsend.",2,4,3,HOU,Field Goal,Blocked Kick Attempt,00-0032726,ARI,34.0,00:02:00,52.0,K.Fairbairn,2025,15,2025-12-14,HOU,ARI,REG
2025_15_ARI_HOU,3290,"(13:38) 15-K.Fairbairn 33 yard field goal is GOOD, Center-40-A.Brinkman, Holder-6-T.Townsend.",4,4,12,HOU,Field Goal,Kick Attempt Good,00-0032726,ARI,15.0,13:38:00,33.0,K.Fairbairn,2025,15,2025-12-14,HOU,ARI,REG
2025_15_ATL_TB,1859,"(2:08) 4-C.McLaughlin 49 yard field goal is GOOD, Center-86-E.Deckers, Holder-9-R.Dixon.",2,4,8,TB,Field Goal,Kick Attempt Good,00-0035358,ATL,31.0,02:08:00,49.0,C.McLaughlin,2025,15,2025-12-11,TB,ATL,REG
2025_15_ATL_TB,2209,"(:03) 4-C.McLaughlin 52 yard field goal is GOOD, Center-86-E.Deckers, Holder-9-R.Dixon.",2,3,18,TB,Field Goal,Kick Attempt Good,00-0035358,ATL,34.0,00:03:00,52.0,C.McLaughlin,2025,15,2025-12-11,TB,ATL,REG
2025_15_ATL_TB,4686,"(:04) 45-Z.Gonzalez 43 yard field goal is GOOD, Center-49-L.McCullough, Holder-13-B.Pinion.",4,3,10,ATL,Field Goal,Kick Attempt Good,00-0033862,TB,25.0,00:04:00,43.0,Z.Gonzalez,2025,15,2025-12-11,TB,ATL,REG
2025_15_BAL_CIN,2324,"(9:08) 33-T.Loop 27 yard field goal is GOOD, Center-46-N.Moore, Holder-11-J.Stout.",3,4,3,BAL,Field Goal,Kick Attempt Good,00-0040074,CIN,8.0,09:08:00,27.0,T.Loop,2025,15,2025-12-14,CIN,BAL,REG
2025_15_BUF_NE,1891,"(:02) 36-A.Borregales 36 yard field goal is GOOD, Center-47-J.Ashby, Holder-17-B.Baringer.",2,1,10,NE,Field Goal,Kick Attempt Good,00-0040200,BUF,18.0,00:02:00,36.0,A.Borregales,2025,15,2025-12-14,NE,BUF,REG
2025_15_CAR_NO,1899,"(:25) 10-R.Fitzgerald 40 yard field goal is GOOD, Center-44-J.Jansen, Holder-6-S.Martin.",2,4,11,CAR,Field Goal,Kick Attempt Good,00-0040279,NO,22.0,00:25:00,40.0,R.Fitzgerald,2025,15,2025-12-14,NO,CAR,REG
2025_15_CAR_NO,2677,"(2:00) 39-C.Smyth 42 yard field goal is GOOD, Center-49-Z.Wood, Holder-32-K.Kroeger.",3,4,20,NO,Field Goal,Kick Attempt Good,00-0039229,CAR,24.0,02:00:00,42.0,C.Smyth,2025,15,2025-12-14,NO,CAR,REG
2025_15_CAR_NO,4277,"(:06) 39-C.Smyth 47 yard field goal is GOOD, Center-49-Z.Wood, Holder-32-K.Kroeger. Penalty on CAR-26-C.Smith-Wade, Defensive Offside, declined.",4,2,10,NO,Field Goal,Kick Attempt Good,00-0039229,CAR,29.0,00:06:00,47.0,C.Smyth,2025,15,2025-12-14,NO,CAR,REG
2025_15_CLE_CHI,1376,"(4:45) 8-C.Santos 35 yard field goal is No Good, Hit Right Upright, Center-46-S.Daly, Holder-19-T.Taylor.",2,4,17,CHI,Field Goal,Kick Attempt No Good,00-0031203,CLE,17.0,04:45:00,35.0,C.Santos,2025,15,2025-12-14,CHI,CLE,REG
2025_15_CLE_CHI,2341,"(10:08) 25-A.Szmyt 50 yard field goal is GOOD, Center-50-R.Sunahara, Holder-13-C.Bojorquez.",3,4,10,CLE,Field Goal,Kick Attempt Good,00-0038428,CHI,32.0,10:08:00,50.0,A.Szmyt,2025,15,2025-12-14,CHI,CLE,REG
2025_15_CLE_CHI,3570,"(7:35) 8-C.Santos 41 yard field goal is GOOD, Center-46-S.Daly, Holder-19-T.Taylor.",4,4,11,CHI,Field Goal,Kick Attempt Good,00-0031203,CLE,23.0,07:35:00,41.0,C.Santos,2025,15,2025-12-14,CHI,CLE,REG
2025_15_DET_LA,247,"(11:16) 39-J.Bates 43 yard field goal is No Good, Wide Left, Center-49-H.Hatten, Holder-3-J.Fox.",1,4,4,DET,Field Goal,Kick Attempt No Good,00-0039172,LA,25.0,11:16:00,43.0,J.Bates,2025,15,2025-12-14,LA,DET,REG
2025_15_DET_LA,1216,"(12:07) 39-J.Bates 24 yard field goal is GOOD, Center-49-H.Hatten, Holder-3-J.Fox.",2,4,6,DET,Field Goal,Kick Attempt Good,00-0039172,LA,6.0,12:07:00,24.0,J.Bates,2025,15,2025-12-14,LA,DET,REG
2025_15_DET_LA,2241,"(:02) 92-H.Mevis 37 yard field goal is GOOD, Center-44-J.McQuaide, Holder-42-E.Evans.",2,3,10,LA,Field Goal,Kick Attempt Good,00-0039498,DET,19.0,00:02:00,37.0,H.Mevis,2025,15,2025-12-14,LA,DET,REG
2025_15_DET_LA,2551,"(9:11) 92-H.Mevis 44 yard field goal is GOOD, Center-44-J.McQuaide, Holder-42-E.Evans.",3,4,12,LA,Field Goal,Kick Attempt Good,00-0039498,DET,26.0,09:11:00,44.0,H.Mevis,2025,15,2025-12-14,LA,DET,REG
2025_15_DET_LA,3640,"(7:58) 39-J.Bates 48 yard field goal is GOOD, Center-49-H.Hatten, Holder-3-J.Fox.",4,4,14,DET,Field Goal,Kick Attempt Good,00-0039172,LA,30.0,07:58:00,48.0,J.Bates,2025,15,2025-12-14,LA,DET,REG
2025_15_GB_DEN,456,"(7:06) 17-B.McManus 53 yard field goal is GOOD, Center-42-M.Orzech, Holder-19-D.Whelan.",1,4,3,GB,Field Goal,Kick Attempt Good,00-0029822,DEN,35.0,07:06:00,53.0,B.McManus,2025,15,2025-12-14,DEN,GB,REG
2025_15_GB_DEN,951,"(14:14) 17-B.McManus 26 yard field goal is GOOD, Center-42-M.Orzech, Holder-19-D.Whelan.",2,4,6,GB,Field Goal,Kick Attempt Good,00-0029822,DEN,8.0,14:14:00,26.0,B.McManus,2025,15,2025-12-14,DEN,GB,REG
2025_15_GB_DEN,2139,"(:05) 17-B.McManus 35 yard field goal is GOOD, Center-42-M.Orzech, Holder-19-D.Whelan.",2,3,4,GB,Field Goal,Kick Attempt Good,00-0029822,DEN,16.0,00:05:00,35.0,B.McManus,2025,15,2025-12-14,DEN,GB,REG
2025_15_GB_DEN,3524,"(10:58) 17-B.McManus 37 yard field goal is GOOD, Center-42-M.Orzech, Holder-19-D.Whelan.",4,4,11,GB,Field Goal,Kick Attempt Good,00-0029822,DEN,19.0,10:58:00,37.0,B.McManus,2025,15,2025-12-14,DEN,GB,REG
2025_15_IND_SEA,616,"(3:44) 10-B.Grupe 42 yard field goal is GOOD, Center-46-L.Rhodes, Holder-8-R.Sanchez.",1,4,5,IND,Field Goal,Kick Attempt Good,00-0038905,SEA,24.0,03:44:00,42.0,B.Grupe,2025,15,2025-12-14,SEA,IND,REG
2025_15_IND_SEA,787,"(:54) 5-J.Myers 47 yard field goal is GOOD, Center-41-C.Stoll, Holder-4-M.Dickson.",1,4,5,SEA,Field Goal,Kick Attempt Good,00-0031492,IND,28.0,00:54:00,47.0,J.Myers,2025,15,2025-12-14,SEA,IND,REG
2025_15_IND_SEA,1391,"(8:31) 10-B.Grupe 54 yard field goal is GOOD, Center-46-L.Rhodes, Holder-8-R.Sanchez.",2,4,5,IND,Field Goal,Kick Attempt Good,00-0038905,SEA,36.0,08:31:00,54.0,B.Grupe,2025,15,2025-12-14,SEA,IND,REG
2025_15_IND_SEA,2130,"(:05) 5-J.Myers 52 yard field goal is GOOD, Center-41-C.Stoll, Holder-4-M.Dickson.",2,4,4,SEA,Field Goal,Kick Attempt Good,00-0031492,IND,34.0,00:05:00,52.0,J.Myers,2025,15,2025-12-14,SEA,IND,REG
2025_15_IND_SEA,2448,"(9:53) 5-J.Myers 46 yard field goal is GOOD, Center-41-C.Stoll, Holder-4-M.Dickson.",3,4,7,SEA,Field Goal,Kick Attempt Good,00-0031492,IND,28.0,09:53:00,46.0,J.Myers,2025,15,2025-12-14,SEA,IND,REG
2025_15_IND_SEA,3116,"(13:28) 5-J.Myers 32 yard field goal is GOOD, Center-41-C.Stoll, Holder-4-M.Dickson.",4,4,7,SEA,Field Goal,Kick Attempt Good,00-0031492,IND,14.0,13:28:00,32.0,J.Myers,2025,15,2025-12-14,SEA,IND,REG
2025_15_IND_SEA,3636,"(2:30) 5-J.Myers 30 yard field goal is GOOD, Center-41-C.Stoll, Holder-4-M.Dickson.",4,4,7,SEA,Field Goal,Kick Attempt Good,00-0031492,IND,12.0,02:30:00,30.0,J.Myers,2025,15,2025-12-14,SEA,IND,REG
2025_15_IND_SEA,3844,"(:52) 10-B.Grupe 60 yard field goal is GOOD, Center-46-L.Rhodes, Holder-8-R.Sanchez.",4,4,3,IND,Field Goal,Kick Attempt Good,00-0038905,SEA,42.0,00:52:00,60.0,B.Grupe,2025,15,2025-12-14,SEA,IND,REG
2025_15_IND_SEA,4004,"(:22) 5-J.Myers 56 yard field goal is GOOD, Center-41-C.Stoll, Holder-4-M.Dickson.",4,4,2,SEA,Field Goal,Kick Attempt Good,00-0031492,IND,38.0,00:22:00,56.0,J.Myers,2025,15,2025-12-14,SEA,IND,REG
2025_15_LAC_KC,659,"(2:35) 11-C.Dicker 49 yard field goal is GOOD, Center-47-J.Harris, Holder-16-J.Scott.",1,4,1,LAC,Field Goal,Kick Attempt Good,00-0037224,KC,30.0,02:35:00,49.0,C.Dicker,2025,15,2025-12-14,KC,LAC,REG
2025_15_LAC_KC,1308,"(8:07) 7-H.Butker 27 yard field goal is GOOD, Center-41-J.Winchester, Holder-14-M.Araiza.",2,4,9,KC,Field Goal,Kick Attempt Good,00-0033303,LAC,9.0,08:07:00,27.0,H.Butker,2025,15,2025-12-14,KC,LAC,REG
2025_15_LAC_KC,2017,"(:42) 7-H.Butker 47 yard field goal is GOOD, Center-41-J.Winchester, Holder-14-M.Araiza.",2,4,4,KC,Field Goal,Kick Attempt Good,00-0033303,LAC,29.0,00:42:00,47.0,H.Butker,2025,15,2025-12-14,KC,LAC,REG
2025_15_LAC_KC,2729,"(8:58) 11-C.Dicker 23 yard field goal is GOOD, Center-47-J.Harris, Holder-16-J.Scott. ** Injury Update: KC-38-K.Knowles has returned to the game.",3,4,5,LAC,Field Goal,Kick Attempt Good,00-0037224,KC,5.0,08:58:00,23.0,C.Dicker,2025,15,2025-12-14,KC,LAC,REG
2025_15_LAC_KC,3302,"(:57) 11-C.Dicker 49 yard field goal is GOOD, Center-47-J.Harris, Holder-16-J.Scott.",3,4,7,LAC,Field Goal,Kick Attempt Good,00-0037224,KC,31.0,00:57:00,49.0,C.Dicker,2025,15,2025-12-14,KC,LAC,REG
2025_15_LV_PHI,970,"(12:53) 4-J.Elliott 27 yard field goal is GOOD, Center-47-C.Hughlett, Holder-10-B.Mann.",2,4,8,PHI,Field Goal,Kick Attempt Good,00-0033787,LV,8.0,12:53:00,27.0,J.Elliott,2025,15,2025-12-14,PHI,LV,REG
2025_15_MIA_PIT,1221,"(5:17) 47-R.Patterson 54 yard field goal is GOOD, Center-49-J.Cardona, Holder-16-J.Bailey.",2,4,5,MIA,Field Goal,Kick Attempt Good,00-0036816,PIT,36.0,05:17:00,54.0,R.Patterson,2025,15,2025-12-15,PIT,MIA,REG
2025_15_MIN_DAL,1518,"(5:56) 17-B.Aubrey 51 yard field goal is No Good, Wide Right, Center-44-T.Sieg, Holder-5-B.Anger.",2,4,10,DAL,Field Goal,Kick Attempt No Good,00-0037692,MIN,33.0,05:56:00,51.0,B.Aubrey,2025,15,2025-12-14,DAL,MIN,REG
2025_15_MIN_DAL,1774,"(1:52) 16-W.Reichard 29 yard field goal is GOOD, Center-42-A.DePaola, Holder-17-R.Wright.",2,4,10,MIN,Field Goal,Kick Attempt Good,00-0039404,DAL,11.0,01:52:00,29.0,W.Reichard,2025,15,2025-12-14,DAL,MIN,REG
2025_15_MIN_DAL,2063,"(:08) 17-B.Aubrey 37 yard field goal is GOOD, Center-44-T.Sieg, Holder-5-B.Anger.",2,4,7,DAL,Field Goal,Kick Attempt Good,00-0037692,MIN,19.0,00:08:00,37.0,B.Aubrey,2025,15,2025-12-14,DAL,MIN,REG
2025_15_MIN_DAL,2304,"(11:17) 17-B.Aubrey 26 yard field goal is GOOD, Center-44-T.Sieg, Holder-5-B.Anger.",3,4,7,DAL,Field Goal,Kick Attempt Good,00-0037692,MIN,8.0,11:17:00,26.0,B.Aubrey,2025,15,2025-12-14,DAL,MIN,REG
2025_15_MIN_DAL,2700,"(4:54) 17-B.Aubrey 41 yard field goal is GOOD, Center-44-T.Sieg, Holder-5-B.Anger.",3,4,8,DAL,Field Goal,Kick Attempt Good,00-0037692,MIN,23.0,04:54:00,41.0,B.Aubrey,2025,15,2025-12-14,DAL,MIN,REG
2025_15_MIN_DAL,3208,"(12:24) 17-B.Aubrey 59 yard field goal is No Good, Wide Right, Center-44-T.Sieg, Holder-5-B.Anger.",4,4,8,DAL,Field Goal,Kick Attempt No Good,00-0037692,MIN,41.0,12:24:00,59.0,B.Aubrey,2025,15,2025-12-14,DAL,MIN,REG
2025_15_MIN_DAL,3946,"(1:13) 16-W.Reichard 53 yard field goal is GOOD, Center-42-A.DePaola, Holder-17-R.Wright.",4,4,15,MIN,Field Goal,Kick Attempt Good,00-0039404,DAL,35.0,01:13:00,53.0,W.Reichard,2025,15,2025-12-14,DAL,MIN,REG
2025_15_MIN_DAL,4096,"(:23) 17-B.Aubrey 41 yard field goal is GOOD, Center-44-T.Sieg, Holder-5-B.Anger.",4,2,10,DAL,Field Goal,Kick Attempt Good,00-0037692,MIN,23.0,00:23:00,41.0,B.Aubrey,2025,15,2025-12-14,DAL,MIN,REG
2025_15_NYJ_JAX,1636,"(5:07) 6-N.Folk 41 yard field goal is GOOD, Center-42-T.Hennessy, Holder-14-A.McNamara.",2,4,10,NYJ,Field Goal,Kick Attempt Good,00-0025565,JAX,23.0,05:07:00,41.0,N.Folk,2025,15,2025-12-14,JAX,NYJ,REG
2025_15_NYJ_JAX,1973,"(1:37) 39-C.Little 33 yard field goal is GOOD, Center-46-R.Matiscik, Holder-9-L.Cooke.",2,4,10,JAX,Field Goal,Kick Attempt Good,00-0039409,NYJ,15.0,01:37:00,33.0,C.Little,2025,15,2025-12-14,JAX,NYJ,REG
2025_15_NYJ_JAX,2627,"(10:52) 6-N.Folk 51 yard field goal is GOOD, Center-42-T.Hennessy, Holder-14-A.McNamara.",3,4,12,NYJ,Field Goal,Kick Attempt Good,00-0025565,JAX,33.0,10:52:00,51.0,N.Folk,2025,15,2025-12-14,JAX,NYJ,REG
2025_15_NYJ_JAX,3181,"(1:46) 39-C.Little 22 yard field goal is GOOD, Center-46-R.Matiscik, Holder-9-L.Cooke.",3,4,4,JAX,Field Goal,Kick Attempt Good,00-0039409,NYJ,4.0,01:46:00,22.0,C.Little,2025,15,2025-12-14,JAX,NYJ,REG
2025_15_TEN_SF,749,"(1:26) 6-J.Slye 25 yard field goal is GOOD, Center-46-M.Cox, Holder-3-J.Hekker.",1,4,7,TEN,Field Goal,Kick Attempt Good,00-0035192,SF,7.0,01:26:00,25.0,J.Slye,2025,15,2025-12-14,SF,TEN,REG
2025_15_TEN_SF,1793,"(1:00) 18-E.Pineiro 33 yard field goal is GOOD, Center-46-J.Weeks, Holder-7-T.Morstead.",2,4,11,SF,Field Goal,Kick Attempt Good,00-0034173,TEN,15.0,01:00:00,33.0,E.Pineiro,2025,15,2025-12-14,SF,TEN,REG
2025_15_TEN_SF,2151,"(:02) 6-J.Slye 50 yard field goal is No Good, Wide Right, Center-46-M.Cox, Holder-3-J.Hekker.",2,3,2,TEN,Field Goal,Kick Attempt No Good,00-0035192,SF,32.0,00:02:00,50.0,J.Slye,2025,15,2025-12-14,SF,TEN,REG
2025_15_TEN_SF,3650,"(9:32) 18-E.Pineiro 37 yard field goal is GOOD, Center-46-J.Weeks, Holder-7-T.Morstead.",4,4,11,SF,Field Goal,Kick Attempt Good,00-0034173,TEN,19.0,09:32:00,37.0,E.Pineiro,2025,15,2025-12-14,SF,TEN,REG
2025_15_TEN_SF,4213,"(1:14) 18-E.Pineiro 40 yard field goal is GOOD, Center-46-J.Weeks, Holder-7-T.Morstead.",4,4,1,SF,Field Goal,Kick Attempt Good,00-0034173,TEN,22.0,01:14:00,40.0,E.Pineiro,2025,15,2025-12-14,SF,TEN,REG
2025_15_WAS_NYG,399,"(9:26) 16-J.Moody 46 yard field goal is GOOD, Center-69-T.Ott, Holder-10-T.Way.",1,4,9,WAS,Field Goal,Kick Attempt Good,00-0038562,NYG,28.0,09:26:00,46.0,J.Moody,2025,15,2025-12-14,NYG,WAS,REG
2025_15_WAS_NYG,588,"(7:04) 37-Y.Koo 52 yard field goal is No Good, Wide Left, Center-59-C.Kreiter, Holder-15-C.Johnston.",1,4,6,NYG,Field Goal,Kick Attempt No Good,00-0033702,WAS,33.0,07:04:00,52.0,Y.Koo,2025,15,2025-12-14,NYG,WAS,REG
2025_15_WAS_NYG,1459,"(8:31) 16-J.Moody 39 yard field goal is GOOD, Center-69-T.Ott, Holder-10-T.Way.",2,4,6,WAS,Field Goal,Kick Attempt Good,00-0038562,NYG,21.0,08:31:00,39.0,J.Moody,2025,15,2025-12-14,NYG,WAS,REG
2025_15_WAS_NYG,2255,"(:04) 16-J.Moody 42 yard field goal is GOOD, Center-69-T.Ott, Holder-10-T.Way.",2,2,10,WAS,Field Goal,Kick Attempt Good,00-0038562,NYG,24.0,00:04:00,42.0,J.Moody,2025,15,2025-12-14,NYG,WAS,REG
2025_15_WAS_NYG,3266,"(15:00) 37-Y.Koo 51 yard field goal is No Good, Wide Left, Center-59-C.Kreiter, Holder-15-C.Johnston.",4,4,18,NYG,Field Goal,Kick Attempt No Good,00-0033702,WAS,33.0,15:00:00,51.0,Y.Koo,2025,15,2025-12-14,NYG,WAS,REG
2025_16_ATL_ARI,223,"(12:51) 38-C.Ryland 50 yard field goal is GOOD, Center-46-A.Brewer, Holder-39-M.Haack.",1,4,2,ARI,Field Goal,Kick Attempt Good,00-0038567,ATL,31.0,12:51:00,50.0,C.Ryland,2025,16,2025-12-21,ARI,ATL,REG
2025_16_ATL_ARI,986,"(2:22) 45-Z.Gonzalez 49 yard field goal is GOOD, Center-49-L.McCullough, Holder-13-B.Pinion.",1,4,15,ATL,Field Goal,Kick Attempt Good,00-0033862,ARI,31.0,02:22:00,49.0,Z.Gonzalez,2025,16,2025-12-21,ARI,ATL,REG
2025_16_ATL_ARI,1269,"(13:32) 38-C.Ryland 51 yard field goal is GOOD, Center-46-A.Brewer, Holder-39-M.Haack.",2,4,2,ARI,Field Goal,Kick Attempt Good,00-0038567,ATL,33.0,13:32:00,51.0,C.Ryland,2025,16,2025-12-21,ARI,ATL,REG
2025_16_ATL_ARI,1730,"(5:06) 38-C.Ryland 25 yard field goal is GOOD, Center-46-A.Brewer, Holder-39-M.Haack.",2,4,6,ARI,Field Goal,Kick Attempt Good,00-0038567,ATL,6.0,05:06:00,25.0,C.Ryland,2025,16,2025-12-21,ARI,ATL,REG
2025_16_ATL_ARI,2313,"(:02) 38-C.Ryland 50 yard field goal is No Good, Hit Right Upright, Center-46-A.Brewer, Holder-39-M.Haack.",2,1,10,ARI,Field Goal,Kick Attempt No Good,00-0038567,ATL,32.0,00:02:00,50.0,C.Ryland,2025,16,2025-12-21,ARI,ATL,REG
2025_16_ATL_ARI,2743,"(7:29) 45-Z.Gonzalez 40 yard field goal is GOOD, Center-49-L.McCullough, Holder-13-B.Pinion.",3,4,5,ATL,Field Goal,Kick Attempt Good,00-0033862,ARI,21.0,07:29:00,40.0,Z.Gonzalez,2025,16,2025-12-21,ARI,ATL,REG
2025_16_ATL_ARI,2994,"(3:46) 38-C.Ryland 44 yard field goal is No Good, Wide Right, Center-46-A.Brewer, Holder-39-M.Haack.",3,4,11,ARI,Field Goal,Kick Attempt No Good,00-0038567,ATL,26.0,03:46:00,44.0,C.Ryland,2025,16,2025-12-21,ARI,ATL,REG
2025_16_ATL_ARI,3955,"(4:41) 38-C.Ryland 34 yard field goal is GOOD, Center-46-A.Brewer, Holder-39-M.Haack.",4,4,8,ARI,Field Goal,Kick Attempt Good,00-0038567,ATL,16.0,04:41:00,34.0,C.Ryland,2025,16,2025-12-21,ARI,ATL,REG
2025_16_BUF_CLE,1320,"(5:41) 25-A.Szmyt 24 yard field goal is GOOD, Center-50-R.Sunahara, Holder-13-C.Bojorquez.",2,4,6,CLE,Field Goal,Kick Attempt Good,00-0038428,BUF,6.0,05:41:00,24.0,A.Szmyt,2025,16,2025-12-21,CLE,BUF,REG
2025_16_BUF_CLE,2357,"(9:41) 32-M.Badgley 41 yard field goal is GOOD, Center-69-R.Ferguson, Holder-19-M.Wishnowsky.",3,4,8,BUF,Field Goal,Kick Attempt Good,00-0034084,CLE,23.0,09:41:00,41.0,M.Badgley,2025,16,2025-12-21,CLE,BUF,REG
2025_16_BUF_CLE,3232,"(8:50) 25-A.Szmyt 41 yard field goal is GOOD, Center-50-R.Sunahara, Holder-13-C.Bojorquez.",4,4,10,CLE,Field Goal,Kick Attempt Good,00-0038428,BUF,23.0,08:50:00,41.0,A.Szmyt,2025,16,2025-12-21,CLE,BUF,REG
2025_16_CIN_MIA,1365,"(6:06) 2-E.McPherson 45 yard field goal is GOOD, Center-46-W.Wagner, Holder-8-R.Rehkow.",2,4,13,CIN,Field Goal,Kick Attempt Good,00-0036854,MIA,27.0,06:06:00,45.0,E.McPherson,2025,16,2025-12-21,MIA,CIN,REG
2025_16_GB_CHI,978,"(12:49) 17-B.McManus 26 yard field goal is GOOD, Center-42-M.Orzech, Holder-19-D.Whelan.",2,4,8,GB,Field Goal,Kick Attempt Good,00-0029822,CHI,8.0,12:49:00,26.0,B.McManus,2025,16,2025-12-20,CHI,GB,REG
2025_16_GB_CHI,1706,"(1:45) 17-B.McManus 22 yard field goal is GOOD, Center-42-M.Orzech, Holder-19-D.Whelan.",2,4,4,GB,Field Goal,Kick Attempt Good,00-0029822,CHI,4.0,01:45:00,22.0,B.McManus,2025,16,2025-12-20,CHI,GB,REG
2025_16_GB_CHI,2109,"(12:17) 8-C.Santos 46 yard field goal is GOOD, Center-46-S.Daly, Holder-19-T.Taylor.",3,4,8,CHI,Field Goal,Kick Attempt Good,00-0031203,GB,28.0,12:17:00,46.0,C.Santos,2025,16,2025-12-20,CHI,GB,REG
2025_16_GB_CHI,3031,"(10:57) 8-C.Santos 51 yard field goal is GOOD, Center-46-S.Daly, Holder-19-T.Taylor.",4,4,19,CHI,Field Goal,Kick Attempt Good,00-0031203,GB,33.0,10:57:00,51.0,C.Santos,2025,16,2025-12-20,CHI,GB,REG
2025_16_GB_CHI,3322,"(5:06) 17-B.McManus 28 yard field goal is GOOD, Center-42-M.Orzech, Holder-19-D.Whelan.",4,4,4,GB,Field Goal,Kick Attempt Good,00-0029822,CHI,10.0,05:06:00,28.0,B.McManus,2025,16,2025-12-20,CHI,GB,REG
2025_16_GB_CHI,3722,"(2:04) 8-C.Santos 43 yard field goal is GOOD, Center-46-S.Daly, Holder-19-T.Taylor.",4,4,4,CHI,Field Goal,Kick Attempt Good,00-0031203,GB,25.0,02:04:00,43.0,C.Santos,2025,16,2025-12-20,CHI,GB,REG
2025_16_JAX_DEN,685,"(5:15) 3-W.Lutz 44 yard field goal is No Good, Hit Right Upright, Center-48-M.Fraboni, Holder-16-J.Crawshaw. ** Injury Update: JAX-6-G.Newsome has returned to the game.",1,4,6,DEN,Field Goal,Kick Attempt No Good,00-0032569,JAX,26.0,05:15:00,44.0,W.Lutz,2025,16,2025-12-21,DEN,JAX,REG
2025_16_JAX_DEN,1480,"(9:14) 3-W.Lutz 54 yard field goal is GOOD, Center-48-M.Fraboni, Holder-16-J.Crawshaw.",2,4,4,DEN,Field Goal,Kick Attempt Good,00-0032569,JAX,36.0,09:14:00,54.0,W.Lutz,2025,16,2025-12-21,DEN,JAX,REG
2025_16_JAX_DEN,2190,"(:02) 39-C.Little 47 yard field goal is GOOD, Center-46-R.Matiscik, Holder-9-L.Cooke.",2,3,5,JAX,Field Goal,Kick Attempt Good,00-0039409,DEN,29.0,00:02:00,47.0,C.Little,2025,16,2025-12-21,DEN,JAX,REG
2025_16_JAX_DEN,3400,"(13:38) 39-C.Little 26 yard field goal is GOOD, Center-46-R.Matiscik, Holder-9-L.Cooke.",4,4,7,JAX,Field Goal,Kick Attempt Good,00-0039409,DEN,7.0,13:38:00,26.0,C.Little,2025,16,2025-12-21,DEN,JAX,REG
2025_16_JAX_DEN,3590,"(10:47) 3-W.Lutz 21 yard field goal is GOOD, Center-48-M.Fraboni, Holder-16-J.Crawshaw.",4,4,3,DEN,Field Goal,Kick Attempt Good,00-0032569,JAX,3.0,10:47:00,21.0,W.Lutz,2025,16,2025-12-21,DEN,JAX,REG
2025_16_KC_TEN,1599,"(7:45) 7-H.Butker 54 yard field goal is GOOD, Center-41-J.Winchester, Holder-14-M.Araiza.",2,4,4,KC,Field Goal,Kick Attempt Good,00-0033303,TEN,36.0,07:45:00,54.0,H.Butker,2025,16,2025-12-21,TEN,KC,REG
2025_16_KC_TEN,2145,"(:10) 7-H.Butker 41 yard field goal is GOOD, Center-41-J.Winchester, Holder-14-M.Araiza.",2,3,7,KC,Field Goal,Kick Attempt Good,00-0033303,TEN,23.0,00:10:00,41.0,H.Butker,2025,16,2025-12-21,TEN,KC,REG
2025_16_KC_TEN,2662,"(7:47) 7-H.Butker 51 yard field goal is No Good, Wide Right, Center-41-J.Winchester, Holder-14-M.Araiza.",3,4,4,KC,Field Goal,Kick Attempt No Good,00-0033303,TEN,33.0,07:47:00,51.0,H.Butker,2025,16,2025-12-21,TEN,KC,REG
2025_16_KC_TEN,2972,"(3:04) 7-H.Butker 27 yard field goal is GOOD, Center-41-J.Winchester, Holder-14-M.Araiza.",3,4,9,KC,Field Goal,Kick Attempt Good,00-0033303,TEN,9.0,03:04:00,27.0,H.Butker,2025,16,2025-12-21,TEN,KC,REG
2025_16_KC_TEN,3972,"(3:47) 6-J.Slye 27 yard field goal is GOOD, Center-46-M.Cox, Holder-3-J.Hekker.",4,4,9,TEN,Field Goal,Kick Attempt Good,00-0035192,KC,9.0,03:47:00,27.0,J.Slye,2025,16,2025-12-21,TEN,KC,REG
2025_16_LAC_DAL,1033,"(14:07) 17-B.Aubrey 33 yard field goal is GOOD, Center-44-T.Sieg, Holder-5-B.Anger.",2,4,14,DAL,Field Goal,Kick Attempt Good,00-0037692,LAC,15.0,14:07:00,33.0,B.Aubrey,2025,16,2025-12-21,DAL,LAC,REG
2025_16_LAC_DAL,2220,"(11:55) 11-C.Dicker 37 yard field goal is GOOD, Center-47-J.Harris, Holder-16-J.Scott.",3,4,5,LAC,Field Goal,Kick Attempt Good,00-0037224,DAL,19.0,11:55:00,37.0,C.Dicker,2025,16,2025-12-21,DAL,LAC,REG
2025_16_LAC_DAL,3247,"(9:00) 11-C.Dicker 27 yard field goal is GOOD, Center-47-J.Harris, Holder-16-J.Scott.",4,4,5,LAC,Field Goal,Kick Attempt Good,00-0037224,DAL,8.0,09:00:00,27.0,C.Dicker,2025,16,2025-12-21,DAL,LAC,REG
2025_16_LA_SEA,813,"(1:45) 92-H.Mevis 23 yard field goal is GOOD, Center-44-J.McQuaide, Holder-42-E.Evans.",1,4,5,LA,Field Goal,Kick Attempt Good,00-0039498,SEA,5.0,01:45:00,23.0,H.Mevis,2025,16,2025-12-18,SEA,LA,REG
2025_16_LA_SEA,1156,"(12:49) 92-H.Mevis 28 yard field goal is GOOD, Center-44-J.McQuaide, Holder-42-E.Evans.",2,4,7,LA,Field Goal,Kick Attempt Good,00-0039498,SEA,10.0,12:49:00,28.0,H.Mevis,2025,16,2025-12-18,SEA,LA,REG
2025_16_LA_SEA,2400,"(8:40) 92-H.Mevis 41 yard field goal is GOOD, Center-44-J.McQuaide, Holder-42-E.Evans.",3,4,8,LA,Field Goal,Kick Attempt Good,00-0039498,SEA,22.0,08:40:00,41.0,H.Mevis,2025,16,2025-12-18,SEA,LA,REG
2025_16_LA_SEA,4118,"(2:11) 92-H.Mevis 48 yard field goal is No Good, Wide Right, Center-44-J.McQuaide, Holder-42-E.Evans.",4,4,8,LA,Field Goal,Kick Attempt No Good,00-0039498,SEA,29.0,02:11:00,48.0,H.Mevis,2025,16,2025-12-18,SEA,LA,REG
2025_16_LV_HOU,1463,"(9:17) 15-K.Fairbairn 55 yard field goal is GOOD, Center-40-A.Brinkman, Holder-6-T.Townsend.",2,4,3,HOU,Field Goal,Kick Attempt Good,00-0032726,LV,37.0,09:17:00,55.0,K.Fairbairn,2025,16,2025-12-21,HOU,LV,REG
2025_16_LV_HOU,2005,"(:54) 15-K.Fairbairn 50 yard field goal is GOOD, Center-40-A.Brinkman, Holder-6-T.Townsend.",2,4,5,HOU,Field Goal,Kick Attempt Good,00-0032726,LV,32.0,00:54:00,50.0,K.Fairbairn,2025,16,2025-12-21,HOU,LV,REG
2025_16_LV_HOU,2893,"(3:14) 15-K.Fairbairn 49 yard field goal is GOOD, Center-40-A.Brinkman, Holder-6-T.Townsend.",3,4,1,HOU,Field Goal,Kick Attempt Good,00-0032726,LV,31.0,03:14:00,49.0,K.Fairbairn,2025,16,2025-12-21,HOU,LV,REG
2025_16_MIN_NYG,279,"(10:54) 16-W.Reichard 43 yard field goal is GOOD, Center-42-A.DePaola, Holder-17-R.Wright.",1,4,4,MIN,Field Goal,Kick Attempt Good,00-0039404,NYG,25.0,10:54:00,43.0,W.Reichard,2025,16,2025-12-21,NYG,MIN,REG
2025_16_MIN_NYG,1048,"(11:08) 30-B.Sauls 27 yard field goal is GOOD, Center-59-C.Kreiter, Holder-12-J.Gillan.",2,4,8,NYG,Field Goal,Kick Attempt Good,00-0040530,MIN,9.0,11:08:00,27.0,B.Sauls,2025,16,2025-12-21,NYG,MIN,REG
2025_16_MIN_NYG,1458,"(4:53) 16-W.Reichard 31 yard field goal is GOOD, Center-42-A.DePaola, Holder-17-R.Wright.",2,4,13,MIN,Field Goal,Kick Attempt Good,00-0039404,NYG,13.0,04:53:00,31.0,W.Reichard,2025,16,2025-12-21,NYG,MIN,REG
2025_16_MIN_NYG,3077,"(11:10) 30-B.Sauls 39 yard field goal is GOOD, Center-59-C.Kreiter, Holder-12-J.Gillan.",4,4,10,NYG,Field Goal,Kick Attempt Good,00-0040530,MIN,21.0,11:10:00,39.0,B.Sauls,2025,16,2025-12-21,NYG,MIN,REG
2025_16_MIN_NYG,3552,"(4:18) 16-W.Reichard 30 yard field goal is GOOD, Center-42-A.DePaola, Holder-17-R.Wright.",4,4,3,MIN,Field Goal,Kick Attempt Good,00-0039404,NYG,12.0,04:18:00,30.0,W.Reichard,2025,16,2025-12-21,NYG,MIN,REG
2025_16_NE_BAL,1403,"(5:44) 36-A.Borregales 45 yard field goal is GOOD, Center-47-J.Ashby, Holder-17-B.Baringer.",2,4,12,NE,Field Goal,Kick Attempt Good,00-0040200,BAL,27.0,05:44:00,45.0,A.Borregales,2025,16,2025-12-21,BAL,NE,REG
2025_16_NE_BAL,1722,"(1:07) 33-T.Loop 36 yard field goal is GOOD, Center-46-N.Moore, Holder-11-J.Stout.",2,4,5,BAL,Field Goal,Kick Attempt Good,00-0040074,NE,18.0,01:07:00,36.0,T.Loop,2025,16,2025-12-21,BAL,NE,REG
2025_16_NE_BAL,2332,"(10:43) 33-T.Loop 56 yard field goal is No Good, Short, Center-46-N.Moore, Holder-11-J.Stout.",3,4,9,BAL,Field Goal,Kick Attempt No Good,00-0040074,NE,38.0,10:43:00,56.0,T.Loop,2025,16,2025-12-21,BAL,NE,REG
2025_16_NE_BAL,2484,"(7:47) 36-A.Borregales 41 yard field goal is GOOD, Center-47-J.Ashby, Holder-17-B.Baringer.",3,4,2,NE,Field Goal,Kick Attempt Good,00-0040200,BAL,22.0,07:47:00,41.0,A.Borregales,2025,16,2025-12-21,BAL,NE,REG
2025_16_NYJ_NO,298,"(10:42) 6-N.Folk 29 yard field goal is GOOD, Center-42-T.Hennessy, Holder-14-A.McNamara.",1,4,8,NYJ,Field Goal,Kick Attempt Good,00-0025565,NO,11.0,10:42:00,29.0,N.Folk,2025,16,2025-12-21,NO,NYJ,REG
2025_16_NYJ_NO,628,"(6:35) 39-C.Smyth 35 yard field goal is GOOD, Center-49-Z.Wood, Holder-32-K.Kroeger.",1,4,4,NO,Field Goal,Kick Attempt Good,00-0039229,NYJ,17.0,06:35:00,35.0,C.Smyth,2025,16,2025-12-21,NO,NYJ,REG
2025_16_NYJ_NO,1029,"(14:23) 39-C.Smyth 49 yard field goal is GOOD, Center-49-Z.Wood, Holder-32-K.Kroeger.",2,4,16,NO,Field Goal,Kick Attempt Good,00-0039229,NYJ,31.0,14:23:00,49.0,C.Smyth,2025,16,2025-12-21,NO,NYJ,REG
2025_16_NYJ_NO,1218,"(12:41) 6-N.Folk 36 yard field goal is GOOD, Center-42-T.Hennessy, Holder-14-A.McNamara.",2,4,8,NYJ,Field Goal,Kick Attempt Good,00-0025565,NO,18.0,12:41:00,36.0,N.Folk,2025,16,2025-12-21,NO,NYJ,REG
2025_16_NYJ_NO,1902,"(1:34) 39-C.Smyth 36 yard field goal is GOOD, Center-49-Z.Wood, Holder-32-K.Kroeger.",2,4,5,NO,Field Goal,Kick Attempt Good,00-0039229,NYJ,18.0,01:34:00,36.0,C.Smyth,2025,16,2025-12-21,NO,NYJ,REG
2025_16_NYJ_NO,2333,"(:03) 39-C.Smyth 61 yard field goal is No Good, Wide Left, Center-49-Z.Wood, Holder-32-K.Kroeger.",2,4,10,NO,Field Goal,Kick Attempt No Good,00-0039229,NYJ,43.0,00:03:00,61.0,C.Smyth,2025,16,2025-12-21,NO,NYJ,REG
2025_16_NYJ_NO,3541,"(11:14) 39-C.Smyth 50 yard field goal is GOOD, Center-49-Z.Wood, Holder-32-K.Kroeger.",4,4,8,NO,Field Goal,Kick Attempt Good,00-0039229,NYJ,32.0,11:14:00,50.0,C.Smyth,2025,16,2025-12-21,NO,NYJ,REG
2025_16_NYJ_NO,4079,"(5:22) 39-C.Smyth 39 yard field goal is GOOD, Center-49-Z.Wood, Holder-32-K.Kroeger.",4,4,11,NO,Field Goal,Kick Attempt Good,00-0039229,NYJ,21.0,05:22:00,39.0,C.Smyth,2025,16,2025-12-21,NO,NYJ,REG
2025_16_PHI_WAS,249,"(11:42) 16-J.Moody 20 yard field goal is GOOD, Center-69-T.Ott, Holder-10-T.Way.",1,4,2,WAS,Field Goal,Kick Attempt Good,00-0038562,PHI,2.0,11:42:00,20.0,J.Moody,2025,16,2025-12-20,WAS,PHI,REG
2025_16_PHI_WAS,1340,"(9:10) 4-J.Elliott 43 yard field goal is No Good, Wide Left, Center-47-C.Hughlett, Holder-10-B.Mann.",2,4,11,PHI,Field Goal,Kick Attempt No Good,00-0033787,WAS,25.0,09:10:00,43.0,J.Elliott,2025,16,2025-12-20,WAS,PHI,REG
2025_16_PHI_WAS,1971,"(:09) 4-J.Elliott 52 yard field goal is No Good, Wide Left, Center-47-C.Hughlett, Holder-10-B.Mann.",2,2,10,PHI,Field Goal,Kick Attempt No Good,00-0033787,WAS,34.0,00:09:00,52.0,J.Elliott,2025,16,2025-12-20,WAS,PHI,REG
2025_16_PIT_DET,367,"(9:26) 9-C.Boswell 59 yard field goal is GOOD, Center-46-C.Kuntz, Holder-3-C.Waitman.",1,4,14,PIT,Field Goal,Kick Attempt Good,00-0031136,DET,41.0,09:26:00,59.0,C.Boswell,2025,16,2025-12-21,DET,PIT,REG
2025_16_PIT_DET,1184,"(10:13) 39-J.Bates 36 yard field goal is GOOD, Center-49-H.Hatten, Holder-3-J.Fox.",2,4,11,DET,Field Goal,Kick Attempt Good,00-0039172,PIT,18.0,10:13:00,36.0,J.Bates,2025,16,2025-12-21,DET,PIT,REG
2025_16_PIT_DET,3138,"(15:00) 9-C.Boswell 23 yard field goal is GOOD, Center-46-C.Kuntz, Holder-3-C.Waitman.",4,4,5,PIT,Field Goal,Kick Attempt Good,00-0031136,DET,5.0,15:00:00,23.0,C.Boswell,2025,16,2025-12-21,DET,PIT,REG
2025_16_PIT_DET,4472,"(2:09) 9-C.Boswell 37 yard field goal is No Good, Hit Right Upright, Center-46-C.Kuntz, Holder-3-C.Waitman.",4,4,8,PIT,Field Goal,Kick Attempt No Good,00-0031136,DET,18.0,02:09:00,37.0,C.Boswell,2025,16,2025-12-21,DET,PIT,REG
2025_16_SF_IND,1939,"(1:55) 18-E.Pineiro 25 yard field goal is GOOD, Center-46-J.Weeks, Holder-7-T.Morstead.",2,4,6,SF,Field Goal,Kick Attempt Good,00-0034173,IND,7.0,01:55:00,25.0,E.Pineiro,2025,16,2025-12-22,IND,SF,REG
2025_16_SF_IND,2193,"(:21) 10-B.Grupe 39 yard field goal is GOOD, Center-46-L.Rhodes, Holder-8-R.Sanchez.",2,4,4,IND,Field Goal,Kick Attempt Good,00-0038905,SF,21.0,00:21:00,39.0,B.Grupe,2025,16,2025-12-22,IND,SF,REG
2025_16_SF_IND,2266,"(:03) 18-E.Pineiro 64 yard field goal is No Good, Hit Crossbar, Center-46-J.Weeks, Holder-7-T.Morstead.",2,1,10,SF,Field Goal,Kick Attempt No Good,00-0034173,IND,46.0,00:03:00,64.0,E.Pineiro,2025,16,2025-12-22,IND,SF,REG
2025_16_SF_IND,2767,"(8:21) 10-B.Grupe 51 yard field goal is GOOD, Center-46-L.Rhodes, Holder-8-R.Sanchez.",3,4,8,IND,Field Goal,Kick Attempt Good,00-0038905,SF,33.0,08:21:00,51.0,B.Grupe,2025,16,2025-12-22,IND,SF,REG
2025_16_SF_IND,2980,"(4:07) 18-E.Pineiro 38 yard field goal is GOOD, Center-46-J.Weeks, Holder-7-T.Morstead.",3,4,7,SF,Field Goal,Kick Attempt Good,00-0034173,IND,19.0,04:07:00,38.0,E.Pineiro,2025,16,2025-12-22,IND,SF,REG
2025_16_TB_CAR,240,"(10:34) 10-R.Fitzgerald 27 yard field goal is GOOD, Center-44-J.Jansen, Holder-6-S.Martin.",1,4,6,CAR,Field Goal,Kick Attempt Good,00-0040279,TB,9.0,10:34:00,27.0,R.Fitzgerald,2025,16,2025-12-21,CAR,TB,REG
2025_16_TB_CAR,1177,"(8:13) 4-C.McLaughlin 23 yard field goal is GOOD, Center-86-E.Deckers, Holder-9-R.Dixon.",2,4,5,TB,Field Goal,Kick Attempt Good,00-0035358,CAR,5.0,08:13:00,23.0,C.McLaughlin,2025,16,2025-12-21,CAR,TB,REG
2025_16_TB_CAR,1573,"(2:10) 10-R.Fitzgerald 41 yard field goal is GOOD, Center-44-J.Jansen, Holder-6-S.Martin.",2,4,10,CAR,Field Goal,Kick Attempt Good,00-0040279,TB,23.0,02:10:00,41.0,R.Fitzgerald,2025,16,2025-12-21,CAR,TB,REG
2025_16_TB_CAR,3025,"(11:29) 4-C.McLaughlin 50 yard field goal is GOOD, Center-86-E.Deckers, Holder-9-R.Dixon.",4,4,13,TB,Field Goal,Kick Attempt Good,00-0035358,CAR,32.0,11:29:00,50.0,C.McLaughlin,2025,16,2025-12-21,CAR,TB,REG
2025_16_TB_CAR,3625,"(2:24) 10-R.Fitzgerald 48 yard field goal is GOOD, Center-44-J.Jansen, Holder-6-S.Martin.",4,4,7,CAR,Field Goal,Kick Attempt Good,00-0040279,TB,30.0,02:24:00,48.0,R.Fitzgerald,2025,16,2025-12-21,CAR,TB,REG
2025_17_ARI_CIN,1596,"(3:25) 2-E.McPherson 57 yard field goal is GOOD, Center-46-W.Wagner, Holder-8-R.Rehkow.",2,4,7,CIN,Field Goal,Kick Attempt Good,00-0036854,ARI,38.0,03:25:00,57.0,E.McPherson,2025,17,2025-12-28,CIN,ARI,REG
2025_17_BAL_GB,1294,"(7:13) 33-T.Loop 22 yard field goal is GOOD, Center-46-N.Moore, Holder-11-J.Stout.",2,4,4,BAL,Field Goal,Kick Attempt Good,00-0040074,GB,4.0,07:13:00,22.0,T.Loop,2025,17,2025-12-27,GB,BAL,REG
2025_17_BAL_GB,1527,"(3:39) 33-T.Loop 34 yard field goal is GOOD, Center-46-N.Moore, Holder-11-J.Stout.",2,4,9,BAL,Field Goal,Kick Attempt Good,00-0040074,GB,16.0,03:39:00,34.0,T.Loop,2025,17,2025-12-27,GB,BAL,REG
2025_17_BAL_GB,2366,"(9:13) 17-B.McManus 24 yard field goal is GOOD, Center-42-M.Orzech, Holder-19-D.Whelan.",3,4,6,GB,Field Goal,Kick Attempt Good,00-0029822,BAL,6.0,09:13:00,24.0,B.McManus,2025,17,2025-12-27,GB,BAL,REG
2025_17_CHI_SF,3659,"(5:26) 8-C.Santos 29 yard field goal is GOOD, Center-46-S.Daly, Holder-19-T.Taylor.",4,4,11,CHI,Field Goal,Kick Attempt Good,00-0031203,SF,11.0,05:26:00,29.0,C.Santos,2025,17,2025-12-28,SF,CHI,REG
2025_17_DAL_WAS,620,"(4:47) 16-J.Moody 29 yard field goal is GOOD, Center-69-T.Ott, Holder-10-T.Way.",1,4,11,WAS,Field Goal,Kick Attempt Good,00-0038562,DAL,11.0,04:47:00,29.0,J.Moody,2025,17,2025-12-25,WAS,DAL,REG
2025_17_DAL_WAS,2145,"(:22) 17-B.Aubrey 42 yard field goal is GOOD, Center-44-T.Sieg, Holder-5-B.Anger.",2,4,7,DAL,Field Goal,Kick Attempt Good,00-0037692,WAS,23.0,00:22:00,42.0,B.Aubrey,2025,17,2025-12-25,WAS,DAL,REG
2025_17_DAL_WAS,3028,"(4:47) 17-B.Aubrey 52 yard field goal is GOOD, Center-44-T.Sieg, Holder-5-B.Anger.",3,4,8,DAL,Field Goal,Kick Attempt Good,00-0037692,WAS,34.0,04:47:00,52.0,B.Aubrey,2025,17,2025-12-25,WAS,DAL,REG
2025_17_DAL_WAS,3346,"(:19) 16-J.Moody 23 yard field goal is GOOD, Center-69-T.Ott, Holder-10-T.Way.",3,4,5,WAS,Field Goal,Kick Attempt Good,00-0038562,DAL,5.0,00:19:00,23.0,J.Moody,2025,17,2025-12-25,WAS,DAL,REG
2025_17_DAL_WAS,3538,"(13:36) 17-B.Aubrey 58 yard field goal is No Good, Wide Right, Center-44-T.Sieg, Holder-5-B.Anger.",4,4,7,DAL,Field Goal,Kick Attempt No Good,00-0037692,WAS,40.0,13:36:00,58.0,B.Aubrey,2025,17,2025-12-25,WAS,DAL,REG
2025_17_DAL_WAS,4040,"(4:02) 17-B.Aubrey 51 yard field goal is GOOD, Center-44-T.Sieg, Holder-5-B.Anger.",4,4,4,DAL,Field Goal,Kick Attempt Good,00-0037692,WAS,33.0,04:02:00,51.0,B.Aubrey,2025,17,2025-12-25,WAS,DAL,REG
2025_17_DAL_WAS,4249,"(2:14) 16-J.Moody 51 yard field goal is GOOD, Center-69-T.Ott, Holder-10-T.Way.",4,3,11,WAS,Field Goal,Kick Attempt Good,00-0038562,DAL,33.0,02:14:00,51.0,J.Moody,2025,17,2025-12-25,WAS,DAL,REG
2025_17_DEN_KC,389,"(7:02) 3-W.Lutz 27 yard field goal is GOOD, Center-48-M.Fraboni, Holder-16-J.Crawshaw.",1,4,6,DEN,Field Goal,Kick Attempt Good,00-0032569,KC,9.0,07:02:00,27.0,W.Lutz,2025,17,2025-12-25,KC,DEN,REG
2025_17_DEN_KC,1731,"(:22) 3-W.Lutz 30 yard field goal is GOOD, Center-48-M.Fraboni, Holder-16-J.Crawshaw.",2,4,10,DEN,Field Goal,Kick Attempt Good,00-0032569,KC,11.0,00:22:00,30.0,W.Lutz,2025,17,2025-12-25,KC,DEN,REG
2025_17_DEN_KC,2011,"(11:47) 7-H.Butker 53 yard field goal is GOOD, Center-41-J.Winchester, Holder-14-M.Araiza.",3,4,24,KC,Field Goal,Kick Attempt Good,00-0033303,DEN,35.0,11:47:00,53.0,H.Butker,2025,17,2025-12-25,KC,DEN,REG
2025_17_DEN_KC,2931,"(8:08) 7-H.Butker 47 yard field goal is GOOD, Center-41-J.Winchester, Holder-14-M.Araiza.",4,4,7,KC,Field Goal,Kick Attempt Good,00-0033303,DEN,29.0,08:08:00,47.0,H.Butker,2025,17,2025-12-25,KC,DEN,REG
2025_17_DET_MIN,2455,"(3:07) 16-W.Reichard 52 yard field goal is GOOD, Center-42-A.DePaola, Holder-17-R.Wright.",3,4,13,MIN,Field Goal,Kick Attempt Good,00-0039404,DET,34.0,03:07:00,52.0,W.Reichard,2025,17,2025-12-25,MIN,DET,REG
2025_17_DET_MIN,2607,"(2:02) 16-W.Reichard 56 yard field goal is GOOD, Center-42-A.DePaola, Holder-17-R.Wright.",3,4,6,MIN,Field Goal,Kick Attempt Good,00-0039404,DET,38.0,02:02:00,56.0,W.Reichard,2025,17,2025-12-25,MIN,DET,REG
2025_17_DET_MIN,3337,"(4:44) 39-J.Bates 48 yard field goal is GOOD, Center-49-H.Hatten, Holder-3-J.Fox.",4,4,8,DET,Field Goal,Kick Attempt Good,00-0039172,MIN,30.0,04:44:00,48.0,J.Bates,2025,17,2025-12-25,MIN,DET,REG
2025_17_DET_MIN,3722,"(1:08) 16-W.Reichard 42 yard field goal is GOOD, Center-42-A.DePaola, Holder-17-R.Wright.",4,4,4,MIN,Field Goal,Kick Attempt Good,00-0039404,DET,24.0,01:08:00,42.0,W.Reichard,2025,17,2025-12-25,MIN,DET,REG
2025_17_HOU_LAC,1442,"(6:13) 11-C.Dicker 27 yard field goal is GOOD, Center-47-J.Harris, Holder-16-J.Scott.",2,4,4,LAC,Field Goal,Kick Attempt Good,00-0037224,HOU,9.0,06:13:00,27.0,C.Dicker,2025,17,2025-12-27,LAC,HOU,REG
2025_17_HOU_LAC,2080,"(:14) 11-C.Dicker 32 yard field goal is No Good, Wide Right, Center-47-J.Harris, Holder-16-J.Scott.",2,4,13,LAC,Field Goal,Kick Attempt No Good,00-0037224,HOU,14.0,00:14:00,32.0,C.Dicker,2025,17,2025-12-27,LAC,HOU,REG
2025_17_HOU_LAC,2635,"(6:07) 15-K.Fairbairn 41 yard field goal is GOOD, Center-40-A.Brinkman, Holder-6-T.Townsend.",3,4,13,HOU,Field Goal,Kick Attempt Good,00-0032726,LAC,23.0,06:07:00,41.0,K.Fairbairn,2025,17,2025-12-27,LAC,HOU,REG
2025_17_HOU_LAC,3654,"(6:33) 15-K.Fairbairn 44 yard field goal is GOOD, Center-40-A.Brinkman, Holder-6-T.Townsend.",4,4,5,HOU,Field Goal,Kick Attempt Good,00-0032726,LAC,26.0,06:33:00,44.0,K.Fairbairn,2025,17,2025-12-27,LAC,HOU,REG
2025_17_JAX_IND,226,"(11:18) 10-B.Grupe 33 yard field goal is GOOD, Center-46-L.Rhodes, Holder-8-R.Sanchez.",1,4,6,IND,Field Goal,Kick Attempt Good,00-0038905,JAX,15.0,11:18:00,33.0,B.Grupe,2025,17,2025-12-28,IND,JAX,REG
2025_17_JAX_IND,3046,"(1:29) 39-C.Little 34 yard field goal is GOOD, Center-46-R.Matiscik, Holder-9-L.Cooke.",3,4,3,JAX,Field Goal,Kick Attempt Good,00-0039409,IND,16.0,01:29:00,34.0,C.Little,2025,17,2025-12-28,IND,JAX,REG
2025_17_JAX_IND,3609,"(7:03) 39-C.Little 42 yard field goal is GOOD, Center-46-R.Matiscik, Holder-9-L.Cooke.",4,4,13,JAX,Field Goal,Kick Attempt Good,00-0039409,IND,24.0,07:03:00,42.0,C.Little,2025,17,2025-12-28,IND,JAX,REG
2025_17_JAX_IND,4065,"(:24) 39-C.Little 53 yard field goal is GOOD, Center-46-R.Matiscik, Holder-9-L.Cooke.",4,4,9,JAX,Field Goal,Kick Attempt Good,00-0039409,IND,35.0,00:24:00,53.0,C.Little,2025,17,2025-12-28,IND,JAX,REG
2025_17_LA_ATL,2101,"(11:12) 92-H.Mevis 35 yard field goal is GOOD, Center-44-J.McQuaide, Holder-42-E.Evans.",3,4,12,LA,Field Goal,Kick Attempt Good,00-0039498,ATL,17.0,11:12:00,35.0,H.Mevis,2025,17,2025-12-29,ATL,LA,REG
2025_17_LA_ATL,2282,"(7:51) 45-Z.Gonzalez 56 yard field goal is GOOD, Center-49-L.McCullough, Holder-13-B.Pinion.",3,4,10,ATL,Field Goal,Kick Attempt Good,00-0033862,LA,37.0,07:51:00,56.0,Z.Gonzalez,2025,17,2025-12-29,ATL,LA,REG
2025_17_LA_ATL,2666,"(:43) 45-Z.Gonzalez 37 yard field goal is BLOCKED (8-J.Verse), Center-49-L.McCullough, Holder-13-B.Pinion, RECOVERED by LA-8-J.Verse at LA 24. 8-J.Verse for 76 yards, TOUCHDOWN.",3,4,4,ATL,Field Goal,Blocked Kick Attempt,00-0033862,LA,19.0,00:43:00,37.0,Z.Gonzalez,2025,17,2025-12-29,ATL,LA,REG
2025_17_LA_ATL,3730,"(:25) 45-Z.Gonzalez 51 yard field goal is GOOD, Center-49-L.McCullough, Holder-13-B.Pinion.",4,4,8,ATL,Field Goal,Kick Attempt Good,00-0033862,LA,33.0,00:25:00,51.0,Z.Gonzalez,2025,17,2025-12-29,ATL,LA,REG
2025_17_NE_NYJ,1231,"(9:59) 6-N.Folk 39 yard field goal is GOOD, Center-42-T.Hennessy, Holder-14-A.McNamara.",2,4,11,NYJ,Field Goal,Kick Attempt Good,00-0025565,NE,21.0,09:59:00,39.0,N.Folk,2025,17,2025-12-28,NYJ,NE,REG
2025_17_NE_NYJ,2970,"(1:52) 36-A.Borregales 41 yard field goal is No Good, Hit Right Upright, Center-47-J.Ashby, Holder-17-B.Baringer.",3,4,2,NE,Field Goal,Kick Attempt No Good,00-0040200,NYJ,23.0,01:52:00,41.0,A.Borregales,2025,17,2025-12-28,NYJ,NE,REG
2025_17_NO_TEN,381,"(9:15) 6-J.Slye 50 yard field goal is GOOD, Center-46-M.Cox, Holder-3-J.Hekker.",1,4,7,TEN,Field Goal,Kick Attempt Good,00-0035192,NO,32.0,09:15:00,50.0,J.Slye,2025,17,2025-12-28,TEN,NO,REG
2025_17_NO_TEN,527,"(7:41) 39-C.Smyth 43 yard field goal is No Good, Wide Left, Center-49-Z.Wood, Holder-32-K.Kroeger.",1,4,6,NO,Field Goal,Kick Attempt No Good,00-0039229,TEN,25.0,07:41:00,43.0,C.Smyth,2025,17,2025-12-28,TEN,NO,REG
2025_17_NO_TEN,705,"(4:35) 6-J.Slye 38 yard field goal is GOOD, Center-46-M.Cox, Holder-3-J.Hekker.",1,4,9,TEN,Field Goal,Kick Attempt Good,00-0035192,NO,20.0,04:35:00,38.0,J.Slye,2025,17,2025-12-28,TEN,NO,REG
2025_17_NO_TEN,1393,"(5:58) 39-C.Smyth 56 yard field goal is GOOD, Center-49-Z.Wood, Holder-32-K.Kroeger.",2,4,6,NO,Field Goal,Kick Attempt Good,00-0039229,TEN,38.0,05:58:00,56.0,C.Smyth,2025,17,2025-12-28,TEN,NO,REG
2025_17_NO_TEN,2411,"(7:23) 6-J.Slye 28 yard field goal is GOOD, Center-46-M.Cox, Holder-3-J.Hekker.",3,4,10,TEN,Field Goal,Kick Attempt Good,00-0035192,NO,10.0,07:23:00,28.0,J.Slye,2025,17,2025-12-28,TEN,NO,REG
2025_17_NO_TEN,2711,"(1:56) 39-C.Smyth 57 yard field goal is GOOD, Center-49-Z.Wood, Holder-32-K.Kroeger.",3,4,9,NO,Field Goal,Kick Attempt Good,00-0039229,TEN,39.0,01:56:00,57.0,C.Smyth,2025,17,2025-12-28,TEN,NO,REG
2025_17_NO_TEN,3012,"(12:55) 6-J.Slye 58 yard field goal is GOOD, Center-46-M.Cox, Holder-3-J.Hekker.",4,4,12,TEN,Field Goal,Kick Attempt Good,00-0035192,NO,40.0,12:55:00,58.0,J.Slye,2025,17,2025-12-28,TEN,NO,REG
2025_17_NYG_LV,1238,"(9:46) 8-D.Carlson 42 yard field goal is GOOD, Center-50-J.Bobenmoyer, Holder-6-A.Cole.",2,4,8,LV,Field Goal,Kick Attempt Good,00-0034161,NYG,24.0,09:46:00,42.0,D.Carlson,2025,17,2025-12-28,LV,NYG,REG
2025_17_NYG_LV,1986,"(:02) 30-B.Sauls 32 yard field goal is GOOD, Center-59-C.Kreiter, Holder-12-J.Gillan.",2,4,14,NYG,Field Goal,Kick Attempt Good,00-0040530,LV,14.0,00:02:00,32.0,B.Sauls,2025,17,2025-12-28,LV,NYG,REG
2025_17_NYG_LV,2512,"(7:21) 30-B.Sauls 23 yard field goal is GOOD, Center-59-C.Kreiter, Holder-12-J.Gillan.",3,4,5,NYG,Field Goal,Kick Attempt Good,00-0040530,LV,5.0,07:21:00,23.0,B.Sauls,2025,17,2025-12-28,LV,NYG,REG
2025_17_PHI_BUF,1513,"(5:07) 4-J.Elliott 47 yard field goal is GOOD, Center-47-C.Hughlett, Holder-10-B.Mann.",2,4,5,PHI,Field Goal,Kick Attempt Good,00-0033787,BUF,29.0,05:07:00,47.0,J.Elliott,2025,17,2025-12-28,BUF,PHI,REG
2025_17_PHI_BUF,1944,"(:11) 4-J.Elliott 28 yard field goal is GOOD, Center-47-C.Hughlett, Holder-10-B.Mann.",2,4,5,PHI,Field Goal,Kick Attempt Good,00-0033787,BUF,10.0,00:11:00,28.0,J.Elliott,2025,17,2025-12-28,BUF,PHI,REG
2025_17_PIT_CLE,253,"(10:52) 25-A.Szmyt 50 yard field goal is GOOD, Center-50-R.Sunahara, Holder-13-C.Bojorquez.",1,4,7,CLE,Field Goal,Kick Attempt Good,00-0038428,PIT,32.0,10:52:00,50.0,A.Szmyt,2025,17,2025-12-28,CLE,PIT,REG
2025_17_PIT_CLE,929,"(14:58) 9-C.Boswell 44 yard field goal is GOOD, Center-46-C.Kuntz, Holder-3-C.Waitman.",2,4,13,PIT,Field Goal,Kick Attempt Good,00-0031136,CLE,25.0,14:58:00,44.0,C.Boswell,2025,17,2025-12-28,CLE,PIT,REG
2025_17_PIT_CLE,1912,"(:03) 9-C.Boswell 40 yard field goal is GOOD, Center-46-C.Kuntz, Holder-3-C.Waitman.",2,4,4,PIT,Field Goal,Kick Attempt Good,00-0031136,CLE,22.0,00:03:00,40.0,C.Boswell,2025,17,2025-12-28,CLE,PIT,REG
2025_17_PIT_CLE,2756,"(12:59) 9-C.Boswell 54 yard field goal is No Good, Wide Right, Center-46-C.Kuntz, Holder-3-C.Waitman.",4,4,19,PIT,Field Goal,Kick Attempt No Good,00-0031136,CLE,36.0,12:59:00,54.0,C.Boswell,2025,17,2025-12-28,CLE,PIT,REG
2025_17_PIT_CLE,3589,"(1:44) 25-A.Szmyt 33 yard field goal is GOOD, Center-50-R.Sunahara, Holder-13-C.Bojorquez.",4,4,5,CLE,Field Goal,Kick Attempt Good,00-0038428,PIT,15.0,01:44:00,33.0,A.Szmyt,2025,17,2025-12-28,CLE,PIT,REG
2025_17_SEA_CAR,707,"(3:28) 5-J.Myers 48 yard field goal is GOOD, Center-41-C.Stoll, Holder-4-M.Dickson.",1,4,4,SEA,Field Goal,Kick Attempt Good,00-0031492,CAR,30.0,03:28:00,48.0,J.Myers,2025,17,2025-12-28,CAR,SEA,REG
2025_17_SEA_CAR,1729,"(3:50) 10-R.Fitzgerald 35 yard field goal is GOOD, Center-44-J.Jansen, Holder-6-S.Martin.",2,4,1,CAR,Field Goal,Kick Attempt Good,00-0040279,SEA,17.0,03:50:00,35.0,R.Fitzgerald,2025,17,2025-12-28,CAR,SEA,REG
2025_17_SEA_CAR,3797,"(5:36) 5-J.Myers 30 yard field goal is GOOD, Center-41-C.Stoll, Holder-4-M.Dickson.",4,4,10,SEA,Field Goal,Kick Attempt Good,00-0031492,CAR,12.0,05:36:00,30.0,J.Myers,2025,17,2025-12-28,CAR,SEA,REG
2025_17_TB_MIA,1210,"(8:23) 47-R.Patterson 29 yard field goal is GOOD, Center-49-J.Cardona, Holder-16-J.Bailey.",2,4,11,MIA,Field Goal,Kick Attempt Good,00-0036816,TB,11.0,08:23:00,29.0,R.Patterson,2025,17,2025-12-28,MIA,TB,REG
2025_17_TB_MIA,1935,"(:27) 4-C.McLaughlin 55 yard field goal is BLOCKED (93-Z.Biggers), Center-86-E.Deckers, Holder-9-R.Dixon.",2,4,6,TB,Field Goal,Blocked Kick Attempt,00-0035358,MIA,37.0,00:27:00,55.0,C.McLaughlin,2025,17,2025-12-28,MIA,TB,REG
2025_17_TB_MIA,2656,"(3:53) 4-C.McLaughlin 33 yard field goal is GOOD, Center-86-E.Deckers, Holder-9-R.Dixon.",3,4,15,TB,Field Goal,Kick Attempt Good,00-0035358,MIA,15.0,03:53:00,33.0,C.McLaughlin,2025,17,2025-12-28,MIA,TB,REG
2025_17_TB_MIA,2943,"(14:19) 47-R.Patterson 31 yard field goal is GOOD, Center-49-J.Cardona, Holder-16-J.Bailey.",4,4,3,MIA,Field Goal,Kick Attempt Good,00-0036816,TB,13.0,14:19:00,31.0,R.Patterson,2025,17,2025-12-28,MIA,TB,REG
2025_18_ARI_LA,240,"(11:11) 92-H.Mevis 34 yard field goal is GOOD, Center-44-J.McQuaide, Holder-42-E.Evans.",1,4,3,LA,Field Goal,Kick Attempt Good,00-0039498,ARI,16.0,11:11:00,34.0,H.Mevis,2025,18,2026-01-04,LA,ARI,REG
2025_18_ARI_LA,647,"(3:30) 38-C.Ryland 45 yard field goal is GOOD, Center-46-A.Brewer, Holder-39-M.Haack.",1,4,18,ARI,Field Goal,Kick Attempt Good,00-0038567,LA,27.0,03:30:00,45.0,C.Ryland,2025,18,2026-01-04,LA,ARI,REG
2025_18_ARI_LA,1105,"(11:49) 92-H.Mevis 42 yard field goal is GOOD, Center-44-J.McQuaide, Holder-42-E.Evans.",2,4,13,LA,Field Goal,Kick Attempt Good,00-0039498,ARI,23.0,11:49:00,42.0,H.Mevis,2025,18,2026-01-04,LA,ARI,REG
2025_18_ARI_LA,1284,"(9:40) 38-C.Ryland 56 yard field goal is GOOD, Center-46-A.Brewer, Holder-39-M.Haack.",2,4,16,ARI,Field Goal,Kick Attempt Good,00-0038567,LA,38.0,09:40:00,56.0,C.Ryland,2025,18,2026-01-04,LA,ARI,REG
2025_18_ARI_LA,2135,"(:05) 92-H.Mevis 40 yard field goal is GOOD, Center-44-J.McQuaide, Holder-42-E.Evans.",2,4,2,LA,Field Goal,Kick Attempt Good,00-0039498,ARI,22.0,00:05:00,40.0,H.Mevis,2025,18,2026-01-04,LA,ARI,REG
2025_18_BAL_PIT,993,"(13:37) 33-T.Loop 40 yard field goal is GOOD, Center-46-N.Moore, Holder-11-J.Stout.",2,4,5,BAL,Field Goal,Kick Attempt Good,00-0040074,PIT,22.0,13:37:00,40.0,T.Loop,2025,18,2026-01-04,PIT,BAL,REG
2025_18_BAL_PIT,1220,"(8:56) 9-C.Boswell 57 yard field goal is GOOD, Center-46-C.Kuntz, Holder-3-C.Waitman.",2,4,6,PIT,Field Goal,Kick Attempt Good,00-0031136,BAL,39.0,08:56:00,57.0,C.Boswell,2025,18,2026-01-04,PIT,BAL,REG
2025_18_BAL_PIT,2686,"(4:31) 9-C.Boswell 25 yard field goal is GOOD, Center-46-C.Kuntz, Holder-3-C.Waitman.",3,4,2,PIT,Field Goal,Kick Attempt Good,00-0031136,BAL,7.0,04:31:00,25.0,C.Boswell,2025,18,2026-01-04,PIT,BAL,REG
2025_18_BAL_PIT,4139,"(:02) 33-T.Loop 44 yard field goal is No Good, Wide Right, Center-46-N.Moore, Holder-11-J.Stout.",4,2,12,BAL,Field Goal,Kick Attempt No Good,00-0040074,PIT,26.0,00:02:00,44.0,T.Loop,2025,18,2026-01-04,PIT,BAL,REG
2025_18_CAR_TB,730,"(2:01) 4-C.McLaughlin 29 yard field goal is GOOD, Center-86-E.Deckers, Holder-9-R.Dixon.",1,4,8,TB,Field Goal,Kick Attempt Good,00-0035358,CAR,11.0,02:01:00,29.0,C.McLaughlin,2025,18,2026-01-03,TB,CAR,REG
2025_18_CAR_TB,1861,"(:05) 4-C.McLaughlin 36 yard field goal is GOOD, Center-86-E.Deckers, Holder-9-R.Dixon. Penalty on CAR, Illegal Formation, declined.",2,2,8,TB,Field Goal,Kick Attempt Good,00-0035358,CAR,18.0,00:05:00,36.0,C.McLaughlin,2025,18,2026-01-03,TB,CAR,REG
2025_18_CAR_TB,2213,"(10:31) 10-R.Fitzgerald 54 yard field goal is No Good, Short, Center-44-J.Jansen, Holder-6-S.Martin.",3,4,12,CAR,Field Goal,Kick Attempt No Good,00-0040279,TB,36.0,10:31:00,54.0,R.Fitzgerald,2025,18,2026-01-03,TB,CAR,REG
2025_18_CAR_TB,2826,"(14:17) 4-C.McLaughlin 48 yard field goal is GOOD, Center-86-E.Deckers, Holder-9-R.Dixon.",4,4,5,TB,Field Goal,Kick Attempt Good,00-0035358,CAR,30.0,14:17:00,48.0,C.McLaughlin,2025,18,2026-01-03,TB,CAR,REG
2025_18_CAR_TB,3288,"(5:18) 4-C.McLaughlin 38 yard field goal is BLOCKED (92-C.Jackson), Center-86-E.Deckers, Holder-9-R.Dixon.",4,4,5,TB,Field Goal,Blocked Kick Attempt,00-0035358,CAR,20.0,05:18:00,38.0,C.McLaughlin,2025,18,2026-01-03,TB,CAR,REG
2025_18_CLE_CIN,2423,"(8:05) 25-A.Szmyt 27 yard field goal is GOOD, Center-50-R.Sunahara, Holder-13-C.Bojorquez.",3,4,9,CLE,Field Goal,Kick Attempt Good,00-0038428,CIN,9.0,08:05:00,27.0,A.Szmyt,2025,18,2026-01-04,CIN,CLE,REG
2025_18_CLE_CIN,3980,"(:03) 25-A.Szmyt 49 yard field goal is GOOD, Center-50-R.Sunahara, Holder-13-C.Bojorquez. ** Injury Update: CIN-23-D.Hill has returned to the game.",4,4,3,CLE,Field Goal,Kick Attempt Good,00-0038428,CIN,31.0,00:03:00,49.0,A.Szmyt,2025,18,2026-01-04,CIN,CLE,REG
2025_18_DAL_NYG,454,"(9:20) 30-B.Sauls 45 yard field goal is GOOD, Center-59-C.Kreiter, Holder-12-J.Gillan.",1,4,8,NYG,Field Goal,Kick Attempt Good,00-0040530,DAL,26.0,09:20:00,45.0,B.Sauls,2025,18,2026-01-04,NYG,DAL,REG
2025_18_DAL_NYG,757,"(5:24) 17-B.Aubrey 22 yard field goal is GOOD, Center-44-T.Sieg, Holder-5-B.Anger.",1,4,4,DAL,Field Goal,Kick Attempt Good,00-0037692,NYG,4.0,05:24:00,22.0,B.Aubrey,2025,18,2026-01-04,NYG,DAL,REG
2025_18_DAL_NYG,976,"(1:20) 30-B.Sauls 35 yard field goal is GOOD, Center-59-C.Kreiter, Holder-12-J.Gillan.",1,4,17,NYG,Field Goal,Kick Attempt Good,00-0040530,DAL,17.0,01:20:00,35.0,B.Sauls,2025,18,2026-01-04,NYG,DAL,REG
2025_18_DAL_NYG,1363,"(9:48) 30-B.Sauls 23 yard field goal is GOOD, Center-59-C.Kreiter, Holder-12-J.Gillan.",2,4,3,NYG,Field Goal,Kick Attempt Good,00-0040530,DAL,4.0,09:48:00,23.0,B.Sauls,2025,18,2026-01-04,NYG,DAL,REG
2025_18_DAL_NYG,2791,"(6:56) 17-B.Aubrey 57 yard field goal is No Good, Wide Left, Center-44-T.Sieg, Holder-5-B.Anger.",3,4,8,DAL,Field Goal,Kick Attempt No Good,00-0037692,NYG,39.0,06:56:00,57.0,B.Aubrey,2025,18,2026-01-04,NYG,DAL,REG
2025_18_DAL_NYG,3711,"(9:25) 30-B.Sauls 30 yard field goal is GOOD, Center-59-C.Kreiter, Holder-12-J.Gillan.",4,4,8,NYG,Field Goal,Kick Attempt Good,00-0040530,DAL,12.0,09:25:00,30.0,B.Sauls,2025,18,2026-01-04,NYG,DAL,REG
2025_18_DET_CHI,313,"(8:40) 39-J.Bates 34 yard field goal is GOOD, Center-49-H.Hatten, Holder-3-J.Fox.",1,4,5,DET,Field Goal,Kick Attempt Good,00-0039172,CHI,16.0,08:40:00,34.0,J.Bates,2025,18,2026-01-04,CHI,DET,REG
2025_18_DET_CHI,995,"(11:32) 39-J.Bates 30 yard field goal is GOOD, Center-49-H.Hatten, Holder-3-J.Fox.",2,4,10,DET,Field Goal,Kick Attempt Good,00-0039172,CHI,12.0,11:32:00,30.0,J.Bates,2025,18,2026-01-04,CHI,DET,REG
2025_18_DET_CHI,1888,"(:03) 39-J.Bates 53 yard field goal is No Good, Wide Left, Center-49-H.Hatten, Holder-3-J.Fox.",2,3,10,DET,Field Goal,Kick Attempt No Good,00-0039172,CHI,35.0,00:03:00,53.0,J.Bates,2025,18,2026-01-04,CHI,DET,REG
2025_18_DET_CHI,2692,"(2:15) 39-J.Bates 25 yard field goal is GOOD, Center-49-H.Hatten, Holder-3-J.Fox.",3,4,6,DET,Field Goal,Kick Attempt Good,00-0039172,CHI,6.0,02:15:00,25.0,J.Bates,2025,18,2026-01-04,CHI,DET,REG
2025_18_DET_CHI,4042,"(:02) 39-J.Bates 42 yard field goal is GOOD, Center-49-H.Hatten, Holder-3-J.Fox.",4,3,8,DET,Field Goal,Kick Attempt Good,00-0039172,CHI,24.0,00:02:00,42.0,J.Bates,2025,18,2026-01-04,CHI,DET,REG
2025_18_GB_MIN,244,"(10:32) 16-W.Reichard 43 yard field goal is GOOD, Center-42-A.DePaola, Holder-17-R.Wright.",1,4,6,MIN,Field Goal,Kick Attempt Good,00-0039404,GB,25.0,10:32:00,43.0,W.Reichard,2025,18,2026-01-04,MIN,GB,REG
2025_18_GB_MIN,1621,"(3:05) 16-W.Reichard 25 yard field goal is GOOD, Center-42-A.DePaola, Holder-17-R.Wright.",2,4,7,MIN,Field Goal,Kick Attempt Good,00-0039404,GB,7.0,03:05:00,25.0,W.Reichard,2025,18,2026-01-04,MIN,GB,REG
2025_18_GB_MIN,3342,"(4:13) 16-W.Reichard 37 yard field goal is GOOD, Center-42-A.DePaola, Holder-17-R.Wright.",4,4,12,MIN,Field Goal,Kick Attempt Good,00-0039404,GB,19.0,04:13:00,37.0,W.Reichard,2025,18,2026-01-04,MIN,GB,REG
2025_18_GB_MIN,3687,"(:01) 17-B.McManus 24 yard field goal is GOOD, Center-42-M.Orzech, Holder-19-D.Whelan.",4,4,4,GB,Field Goal,Kick Attempt Good,00-0029822,MIN,5.0,00:01:00,24.0,B.McManus,2025,18,2026-01-04,MIN,GB,REG
2025_18_IND_HOU,258,"(12:11) 15-K.Fairbairn 51 yard field goal is GOOD, Center-40-A.Brinkman, Holder-6-T.Townsend.",1,4,22,HOU,Field Goal,Kick Attempt Good,00-0032726,IND,33.0,12:11:00,51.0,K.Fairbairn,2025,18,2026-01-04,HOU,IND,REG
2025_18_IND_HOU,631,"(6:41) 15-K.Fairbairn 48 yard field goal is GOOD, Center-40-A.Brinkman, Holder-6-T.Townsend.",1,4,4,HOU,Field Goal,Kick Attempt Good,00-0032726,IND,30.0,06:41:00,48.0,K.Fairbairn,2025,18,2026-01-04,HOU,IND,REG
2025_18_IND_HOU,951,"(:39) 10-B.Grupe 50 yard field goal is GOOD, Center-46-L.Rhodes, Holder-8-R.Sanchez.",1,4,3,IND,Field Goal,Kick Attempt Good,00-0038905,HOU,32.0,00:39:00,50.0,B.Grupe,2025,18,2026-01-04,HOU,IND,REG
2025_18_IND_HOU,2445,"(:03) 15-K.Fairbairn 29 yard field goal is GOOD, Center-40-A.Brinkman, Holder-6-T.Townsend.",2,4,4,HOU,Field Goal,Kick Attempt Good,00-0032726,IND,11.0,00:03:00,29.0,K.Fairbairn,2025,18,2026-01-04,HOU,IND,REG
2025_18_IND_HOU,3101,"(6:58) 15-K.Fairbairn 43 yard field goal is GOOD, Center-40-A.Brinkman, Holder-6-T.Townsend.",3,4,7,HOU,Field Goal,Kick Attempt Good,00-0032726,IND,24.0,06:58:00,43.0,K.Fairbairn,2025,18,2026-01-04,HOU,IND,REG
2025_18_IND_HOU,3439,"(1:47) 10-B.Grupe 39 yard field goal is GOOD, Center-46-L.Rhodes, Holder-8-R.Sanchez.",3,4,21,IND,Field Goal,Kick Attempt Good,00-0038905,HOU,21.0,01:47:00,39.0,B.Grupe,2025,18,2026-01-04,HOU,IND,REG
2025_18_IND_HOU,3822,"(11:20) 15-K.Fairbairn 44 yard field goal is GOOD, Center-40-A.Brinkman, Holder-6-T.Townsend.",4,4,2,HOU,Field Goal,Kick Attempt Good,00-0032726,IND,25.0,11:20:00,44.0,K.Fairbairn,2025,18,2026-01-04,HOU,IND,REG
2025_18_IND_HOU,4215,"(2:42) 10-B.Grupe 22 yard field goal is GOOD, Center-46-L.Rhodes, Holder-8-R.Sanchez.",4,4,2,IND,Field Goal,Kick Attempt Good,00-0038905,HOU,4.0,02:42:00,22.0,B.Grupe,2025,18,2026-01-04,HOU,IND,REG
2025_18_IND_HOU,4418,"(:17) 15-K.Fairbairn 43 yard field goal is GOOD, Center-40-A.Brinkman, Holder-6-T.Townsend.",4,4,7,HOU,Field Goal,Kick Attempt Good,00-0032726,IND,25.0,00:17:00,43.0,K.Fairbairn,2025,18,2026-01-04,HOU,IND,REG
2025_18_KC_LV,622,"(5:03) 7-H.Butker 36 yard field goal is GOOD, Center-41-J.Winchester, Holder-14-M.Araiza.",1,4,4,KC,Field Goal,Kick Attempt Good,00-0033303,LV,18.0,05:03:00,36.0,H.Butker,2025,18,2026-01-04,LV,KC,REG
2025_18_KC_LV,1383,"(7:24) 8-D.Carlson 32 yard field goal is GOOD, Center-50-J.Bobenmoyer, Holder-6-A.Cole.",2,4,4,LV,Field Goal,Kick Attempt Good,00-0034161,KC,14.0,07:24:00,32.0,D.Carlson,2025,18,2026-01-04,LV,KC,REG
2025_18_KC_LV,1934,"(1:56) 8-D.Carlson 23 yard field goal is GOOD, Center-50-J.Bobenmoyer, Holder-6-A.Cole.",2,4,2,LV,Field Goal,Kick Attempt Good,00-0034161,KC,5.0,01:56:00,23.0,D.Carlson,2025,18,2026-01-04,LV,KC,REG
2025_18_KC_LV,2645,"(4:16) 7-H.Butker 40 yard field goal is GOOD, Center-41-J.Winchester, Holder-14-M.Araiza.",3,4,10,KC,Field Goal,Kick Attempt Good,00-0033303,LV,22.0,04:16:00,40.0,H.Butker,2025,18,2026-01-04,LV,KC,REG
2025_18_KC_LV,2956,"(13:21) 8-D.Carlson 55 yard field goal is GOOD, Center-50-J.Bobenmoyer, Holder-6-A.Cole.",4,4,9,LV,Field Goal,Kick Attempt Good,00-0034161,KC,37.0,13:21:00,55.0,D.Carlson,2025,18,2026-01-04,LV,KC,REG
2025_18_KC_LV,3684,"(3:37) 7-H.Butker 47 yard field goal is GOOD, Center-41-J.Winchester, Holder-14-M.Araiza.",4,4,18,KC,Field Goal,Kick Attempt Good,00-0033303,LV,29.0,03:37:00,47.0,H.Butker,2025,18,2026-01-04,LV,KC,REG
2025_18_KC_LV,3942,"(1:05) 7-H.Butker 41 yard field goal is GOOD, Center-41-J.Winchester, Holder-14-M.Araiza.",4,4,10,KC,Field Goal,Kick Attempt Good,00-0033303,LV,23.0,01:05:00,41.0,H.Butker,2025,18,2026-01-04,LV,KC,REG
2025_18_KC_LV,4095,"(:13) 8-D.Carlson 60 yard field goal is GOOD, Center-50-J.Bobenmoyer, Holder-6-A.Cole.",4,4,5,LV,Field Goal,Kick Attempt Good,00-0034161,KC,42.0,00:13:00,60.0,D.Carlson,2025,18,2026-01-04,LV,KC,REG
2025_18_LAC_DEN,538,"(5:09) 3-W.Lutz 24 yard field goal is GOOD, Center-48-M.Fraboni, Holder-16-J.Crawshaw.",1,4,6,DEN,Field Goal,Kick Attempt Good,00-0032569,LAC,6.0,05:09:00,24.0,W.Lutz,2025,18,2026-01-04,DEN,LAC,REG
2025_18_LAC_DEN,2020,"(:06) 11-C.Dicker 30 yard field goal is GOOD, Center-47-J.Harris, Holder-16-J.Scott.",2,1,10,LAC,Field Goal,Kick Attempt Good,00-0037224,DEN,12.0,00:06:00,30.0,C.Dicker,2025,18,2026-01-04,DEN,LAC,REG
2025_18_LAC_DEN,2482,"(10:10) 3-W.Lutz 26 yard field goal is GOOD, Center-48-M.Fraboni, Holder-16-J.Crawshaw.",3,4,8,DEN,Field Goal,Kick Attempt Good,00-0032569,LAC,8.0,10:10:00,26.0,W.Lutz,2025,18,2026-01-04,DEN,LAC,REG
2025_18_LAC_DEN,3243,"(11:49) 3-W.Lutz 41 yard field goal is GOOD, Center-48-M.Fraboni, Holder-16-J.Crawshaw.",4,4,12,DEN,Field Goal,Kick Attempt Good,00-0032569,LAC,22.0,11:49:00,41.0,W.Lutz,2025,18,2026-01-04,DEN,LAC,REG
2025_18_LAC_DEN,3781,"(2:26) 3-W.Lutz 23 yard field goal is GOOD, Center-48-M.Fraboni, Holder-16-J.Crawshaw.",4,4,3,DEN,Field Goal,Kick Attempt Good,00-0032569,LAC,4.0,02:26:00,23.0,W.Lutz,2025,18,2026-01-04,DEN,LAC,REG
2025_18_MIA_NE,1721,"(1:42) 36-A.Borregales 38 yard field goal is BLOCKED (92-Z.Sieler), Center-47-J.Ashby, Holder-17-B.Baringer, RECOVERED by MIA-33-J.Marshall at 50. 33-J.Marshall to NE 40 for 10 yards (81-A.Hooper).",2,4,6,NE,Field Goal,Blocked Kick Attempt,00-0040200,MIA,20.0,01:42:00,38.0,A.Borregales,2025,18,2026-01-04,NE,MIA,REG
2025_18_MIA_NE,1843,"(:32) 47-R.Patterson 52 yard field goal is GOOD, Center-49-J.Cardona, Holder-16-J.Bailey.",2,4,4,MIA,Field Goal,Kick Attempt Good,00-0036816,NE,34.0,00:32:00,52.0,R.Patterson,2025,18,2026-01-04,NE,MIA,REG
2025_18_MIA_NE,1980,"(:03) 36-A.Borregales 59 yard field goal is GOOD, Center-47-J.Ashby, Holder-17-B.Baringer.",2,2,10,NE,Field Goal,Kick Attempt Good,00-0040200,MIA,41.0,00:03:00,59.0,A.Borregales,2025,18,2026-01-04,NE,MIA,REG
2025_18_NO_ATL,1132,"(14:18) 39-C.Smyth 56 yard field goal is No Good, Wide Left, Center-49-Z.Wood, Holder-32-K.Kroeger.",2,4,10,NO,Field Goal,Kick Attempt No Good,00-0039229,ATL,38.0,14:18:00,56.0,C.Smyth,2025,18,2026-01-04,ATL,NO,REG
2025_18_NO_ATL,1372,"(10:23) 45-Z.Gonzalez 40 yard field goal is GOOD, Center-49-L.McCullough, Holder-13-B.Pinion.",2,4,7,ATL,Field Goal,Kick Attempt Good,00-0033862,NO,22.0,10:23:00,40.0,Z.Gonzalez,2025,18,2026-01-04,ATL,NO,REG
2025_18_NO_ATL,2695,"(8:55) 45-Z.Gonzalez 51 yard field goal is GOOD, Center-49-L.McCullough, Holder-13-B.Pinion. Penalty on NO-21-J.Reid, Defensive Offside, declined.",3,4,9,ATL,Field Goal,Kick Attempt Good,00-0033862,NO,33.0,08:55:00,51.0,Z.Gonzalez,2025,18,2026-01-04,ATL,NO,REG
2025_18_NO_ATL,3126,"(2:19) 39-C.Smyth 29 yard field goal is GOOD, Center-49-Z.Wood, Holder-32-K.Kroeger.",3,4,11,NO,Field Goal,Kick Attempt Good,00-0039229,ATL,11.0,02:19:00,29.0,C.Smyth,2025,18,2026-01-04,ATL,NO,REG
2025_18_NO_ATL,3508,"(10:47) 45-Z.Gonzalez 38 yard field goal is GOOD, Center-49-L.McCullough, Holder-13-B.Pinion.",4,4,11,ATL,Field Goal,Kick Attempt Good,00-0033862,NO,19.0,10:47:00,38.0,Z.Gonzalez,2025,18,2026-01-04,ATL,NO,REG
2025_18_NO_ATL,4084,"(2:57) 45-Z.Gonzalez 38 yard field goal is GOOD, Center-49-L.McCullough, Holder-13-B.Pinion.",4,4,3,ATL,Field Goal,Kick Attempt Good,00-0033862,NO,20.0,02:57:00,38.0,Z.Gonzalez,2025,18,2026-01-04,ATL,NO,REG
2025_18_SEA_SF,1008,"(12:32) 5-J.Myers 47 yard field goal is No Good, Wide Right, Center-41-C.Stoll, Holder-4-M.Dickson.",2,4,13,SEA,Field Goal,Kick Attempt No Good,00-0031492,SF,29.0,12:32:00,47.0,J.Myers,2025,18,2026-01-03,SF,SEA,REG
2025_18_SEA_SF,1427,"(5:23) 5-J.Myers 45 yard field goal is GOOD, Center-41-C.Stoll, Holder-4-M.Dickson.",2,4,6,SEA,Field Goal,Kick Attempt Good,00-0031492,SF,27.0,05:23:00,45.0,J.Myers,2025,18,2026-01-03,SF,SEA,REG
2025_18_SEA_SF,1709,"(1:10) 18-E.Pineiro 48 yard field goal is GOOD, Center-46-J.Weeks, Holder-7-T.Morstead.",2,4,3,SF,Field Goal,Kick Attempt Good,00-0034173,SEA,30.0,01:10:00,48.0,E.Pineiro,2025,18,2026-01-03,SF,SEA,REG
2025_18_SEA_SF,2674,"(14:18) 5-J.Myers 31 yard field goal is GOOD, Center-41-C.Stoll, Holder-4-M.Dickson.",4,4,6,SEA,Field Goal,Kick Attempt Good,00-0031492,SF,13.0,14:18:00,31.0,J.Myers,2025,18,2026-01-03,SF,SEA,REG
2025_18_SEA_SF,3315,"(2:24) 5-J.Myers 26 yard field goal is No Good, Hit Right Upright, Center-41-C.Stoll, Holder-4-M.Dickson.",4,4,6,SEA,Field Goal,Kick Attempt No Good,00-0031492,SF,8.0,02:24:00,26.0,J.Myers,2025,18,2026-01-03,SF,SEA,REG
2025_18_TEN_JAX,2027,"(:03) 39-C.Little 67 yard field goal is GOOD, Center-46-R.Matiscik, Holder-9-L.Cooke.",2,1,10,JAX,Field Goal,Kick Attempt Good,00-0039409,TEN,49.0,00:03:00,67.0,C.Little,2025,18,2026-01-04,JAX,TEN,REG
2025_18_TEN_JAX,2802,"(1:08) 39-C.Little 52 yard field goal is GOOD, Center-46-R.Matiscik, Holder-9-L.Cooke.",3,4,6,JAX,Field Goal,Kick Attempt Good,00-0039409,TEN,34.0,01:08:00,52.0,C.Little,2025,18,2026-01-04,JAX,TEN,REG
2025_18_TEN_JAX,3629,"(2:00) 6-J.Slye 52 yard field goal is No Good, Wide Right, Center-46-M.Cox, Holder-3-J.Hekker.",4,4,18,TEN,Field Goal,Kick Attempt No Good,00-0035192,JAX,34.0,02:00:00,52.0,J.Slye,2025,18,2026-01-04,JAX,TEN,REG
2025_18_WAS_PHI,667,"(2:36) 16-J.Moody 24 yard field goal is No Good, Hit Right Upright, Center-69-T.Ott, Holder-10-T.Way.",1,4,5,WAS,Field Goal,Kick Attempt No Good,00-0038562,PHI,6.0,02:36:00,24.0,J.Moody,2025,18,2026-01-04,PHI,WAS,REG
2025_18_WAS_PHI,1854,"(:05) 16-J.Moody 56 yard field goal is GOOD, Center-69-T.Ott, Holder-10-T.Way.",2,2,10,WAS,Field Goal,Kick Attempt Good,00-0038562,PHI,38.0,00:05:00,56.0,J.Moody,2025,18,2026-01-04,PHI,WAS,REG
2025_18_WAS_PHI,2943,"(:35) 4-J.Elliott 39 yard field goal is GOOD, Center-47-C.Hughlett, Holder-10-B.Mann.",3,4,8,PHI,Field Goal,Kick Attempt Good,00-0033787,WAS,21.0,00:35:00,39.0,J.Elliott,2025,18,2026-01-04,PHI,WAS,REG
2025_19_BUF_JAX,684,"(3:00) 15-M.Prater 50 yard field goal is GOOD, Center-69-R.Ferguson, Holder-19-M.Wishnowsky.",1,4,9,BUF,Field Goal,Kick Attempt Good,00-0023853,JAX,32.0,03:00:00,50.0,M.Prater,2025,19,2026-01-11,JAX,BUF,POST
2025_19_BUF_JAX,2064,"(:01) 39-C.Little 54 yard field goal is No Good, Hit Left Upright, Center-46-R.Matiscik, Holder-9-L.Cooke.",2,1,5,JAX,Field Goal,Kick Attempt No Good,00-0039409,BUF,36.0,00:01:00,54.0,C.Little,2025,19,2026-01-11,JAX,BUF,POST
2025_19_BUF_JAX,2408,"(8:16) 15-M.Prater 47 yard field goal is GOOD, Center-69-R.Ferguson, Holder-19-M.Wishnowsky.",3,4,4,BUF,Field Goal,Kick Attempt Good,00-0023853,JAX,29.0,08:16:00,47.0,M.Prater,2025,19,2026-01-11,JAX,BUF,POST
2025_19_BUF_JAX,2572,"(5:52) 39-C.Little 43 yard field goal is GOOD, Center-46-R.Matiscik, Holder-9-L.Cooke.",3,4,9,JAX,Field Goal,Kick Attempt Good,00-0039409,BUF,25.0,05:52:00,43.0,C.Little,2025,19,2026-01-11,JAX,BUF,POST
2025_19_GB_CHI,412,"(7:06) 8-C.Santos 27 yard field goal is GOOD, Center-46-S.Daly, Holder-19-T.Taylor.",1,4,5,CHI,Field Goal,Kick Attempt Good,00-0031203,GB,9.0,07:06:00,27.0,C.Santos,2025,19,2026-01-10,CHI,GB,POST
2025_19_GB_CHI,2017,"(:02) 17-B.McManus 55 yard field goal is No Good, Wide Left, Center-42-M.Orzech, Holder-19-D.Whelan.",2,3,10,GB,Field Goal,Kick Attempt No Good,00-0029822,CHI,36.0,00:02:00,55.0,B.McManus,2025,19,2026-01-10,CHI,GB,POST
2025_19_GB_CHI,2382,"(10:11) 8-C.Santos 34 yard field goal is GOOD, Center-46-S.Daly, Holder-19-T.Taylor.",3,4,14,CHI,Field Goal,Kick Attempt Good,00-0031203,GB,16.0,10:11:00,34.0,C.Santos,2025,19,2026-01-10,CHI,GB,POST
2025_19_GB_CHI,3145,"(13:34) 8-C.Santos 51 yard field goal is GOOD, Center-46-S.Daly, Holder-19-T.Taylor.",4,4,19,CHI,Field Goal,Kick Attempt Good,00-0031203,GB,33.0,13:34:00,51.0,C.Santos,2025,19,2026-01-10,CHI,GB,POST
2025_19_GB_CHI,4332,"(2:56) 17-B.McManus 44 yard field goal is No Good, Wide Right, Center-42-M.Orzech, Holder-19-D.Whelan.",4,4,15,GB,Field Goal,Kick Attempt No Good,00-0029822,CHI,26.0,02:56:00,44.0,B.McManus,2025,19,2026-01-10,CHI,GB,POST
2025_19_HOU_PIT,595,"(6:06) 9-C.Boswell 32 yard field goal is GOOD, Center-46-C.Kuntz, Holder-3-C.Waitman.",1,4,3,PIT,Field Goal,Kick Attempt Good,00-0031136,HOU,14.0,06:06:00,32.0,C.Boswell,2025,19,2026-01-12,PIT,HOU,POST
2025_19_HOU_PIT,1770,"(2:00) 9-C.Boswell 35 yard field goal is GOOD, Center-46-C.Kuntz, Holder-3-C.Waitman.",2,4,17,PIT,Field Goal,Kick Attempt Good,00-0031136,HOU,17.0,02:00:00,35.0,C.Boswell,2025,19,2026-01-12,PIT,HOU,POST
2025_19_HOU_PIT,3151,"(13:12) 15-K.Fairbairn 51 yard field goal is GOOD, Center-40-A.Brinkman, Holder-6-T.Townsend.",4,4,6,HOU,Field Goal,Kick Attempt Good,00-0032726,PIT,32.0,13:12:00,51.0,K.Fairbairn,2025,19,2026-01-12,PIT,HOU,POST
2025_19_LAC_NE,906,"(13:34) 36-A.Borregales 23 yard field goal is GOOD, Center-47-J.Ashby, Holder-17-B.Baringer.",2,4,4,NE,Field Goal,Kick Attempt Good,00-0040200,LAC,5.0,13:34:00,23.0,A.Borregales,2025,19,2026-01-11,NE,LAC,POST
2025_19_LAC_NE,1206,"(6:55) 11-C.Dicker 21 yard field goal is GOOD, Center-47-J.Harris, Holder-16-J.Scott.",2,4,2,LAC,Field Goal,Kick Attempt Good,00-0037224,NE,3.0,06:55:00,21.0,C.Dicker,2025,19,2026-01-11,NE,LAC,POST
2025_19_LAC_NE,1856,"(:06) 36-A.Borregales 35 yard field goal is GOOD, Center-47-J.Ashby, Holder-17-B.Baringer.",2,3,10,NE,Field Goal,Kick Attempt Good,00-0040200,LAC,17.0,00:06:00,35.0,A.Borregales,2025,19,2026-01-11,NE,LAC,POST
2025_19_LAC_NE,2662,"(1:38) 36-A.Borregales 39 yard field goal is GOOD, Center-47-J.Ashby, Holder-17-B.Baringer.",3,4,4,NE,Field Goal,Kick Attempt Good,00-0040200,LAC,21.0,01:38:00,39.0,A.Borregales,2025,19,2026-01-11,NE,LAC,POST
2025_19_LA_CAR,1485,"(5:28) 92-H.Mevis 46 yard field goal is GOOD, Center-44-J.McQuaide, Holder-42-E.Evans.",2,4,4,LA,Field Goal,Kick Attempt Good,00-0039498,CAR,28.0,05:28:00,46.0,H.Mevis,2025,19,2026-01-10,CAR,LA,POST
2025_19_LA_CAR,2727,"(7:34) 10-R.Fitzgerald 46 yard field goal is GOOD, Center-44-J.Jansen, Holder-6-S.Martin.",3,4,3,CAR,Field Goal,Kick Attempt Good,00-0040279,LA,28.0,07:34:00,46.0,R.Fitzgerald,2025,19,2026-01-10,CAR,LA,POST
2025_19_LA_CAR,3015,"(4:21) 92-H.Mevis 42 yard field goal is GOOD, Center-44-J.McQuaide, Holder-42-E.Evans.",3,4,6,LA,Field Goal,Kick Attempt Good,00-0039498,CAR,24.0,04:21:00,42.0,H.Mevis,2025,19,2026-01-10,CAR,LA,POST
2025_19_SF_PHI,1557,"(2:54) 18-E.Pineiro 36 yard field goal is GOOD, Center-46-J.Weeks, Holder-7-T.Morstead.",2,4,2,SF,Field Goal,Kick Attempt Good,00-0034173,PHI,18.0,02:54:00,36.0,E.Pineiro,2025,19,2026-01-11,PHI,SF,POST
2025_19_SF_PHI,2843,"(2:15) 4-J.Elliott 41 yard field goal is GOOD, Center-47-C.Hughlett, Holder-10-B.Mann.",3,4,9,PHI,Field Goal,Kick Attempt Good,00-0033787,SF,23.0,02:15:00,41.0,J.Elliott,2025,19,2026-01-11,PHI,SF,POST
2025_19_SF_PHI,3474,"(8:04) 4-J.Elliott 33 yard field goal is GOOD, Center-47-C.Hughlett, Holder-10-B.Mann.",4,4,4,PHI,Field Goal,Kick Attempt Good,00-0033787,SF,15.0,08:04:00,33.0,J.Elliott,2025,19,2026-01-11,PHI,SF,POST
2025_20_BUF_DEN,455,"(7:33) 3-W.Lutz 28 yard field goal is GOOD, Center-48-M.Fraboni, Holder-16-J.Crawshaw.",1,4,6,DEN,Field Goal,Kick Attempt Good,00-0032569,BUF,10.0,07:33:00,28.0,W.Lutz,2025,20,2026-01-17,DEN,BUF,POST
2025_20_BUF_DEN,1645,"(2:17) 15-M.Prater 33 yard field goal is GOOD, Center-69-R.Ferguson, Holder-19-M.Wishnowsky.",2,4,9,BUF,Field Goal,Kick Attempt Good,00-0023853,DEN,14.0,02:17:00,33.0,M.Prater,2025,20,2026-01-17,DEN,BUF,POST
2025_20_BUF_DEN,2141,"(:02) 3-W.Lutz 50 yard field goal is GOOD, Center-48-M.Fraboni, Holder-16-J.Crawshaw.",2,1,10,DEN,Field Goal,Kick Attempt Good,00-0032569,BUF,32.0,00:02:00,50.0,W.Lutz,2025,20,2026-01-17,DEN,BUF,POST
2025_20_BUF_DEN,2353,"(11:39) 3-W.Lutz 33 yard field goal is GOOD, Center-48-M.Fraboni, Holder-16-J.Crawshaw.",3,4,8,DEN,Field Goal,Kick Attempt Good,00-0032569,BUF,15.0,11:39:00,33.0,W.Lutz,2025,20,2026-01-17,DEN,BUF,POST
2025_20_BUF_DEN,3674,"(4:14) 15-M.Prater 31 yard field goal is GOOD, Center-69-R.Ferguson, Holder-19-M.Wishnowsky.",4,4,8,BUF,Field Goal,Kick Attempt Good,00-0023853,DEN,12.0,04:14:00,31.0,M.Prater,2025,20,2026-01-17,DEN,BUF,POST
2025_20_BUF_DEN,4227,"(:10) 15-M.Prater 50 yard field goal is GOOD, Center-69-R.Ferguson, Holder-19-M.Wishnowsky.",4,4,10,BUF,Field Goal,Kick Attempt Good,00-0023853,DEN,32.0,00:10:00,50.0,M.Prater,2025,20,2026-01-17,DEN,BUF,POST
2025_20_BUF_DEN,4921,"(4:46) 3-W.Lutz 23 yard field goal is GOOD, Center-48-M.Fraboni, Holder-16-J.Crawshaw.",5,1,5,DEN,Field Goal,Kick Attempt Good,00-0032569,BUF,5.0,04:46:00,23.0,W.Lutz,2025,20,2026-01-17,DEN,BUF,POST
2025_20_HOU_NE,749,"(5:29) 15-K.Fairbairn 25 yard field goal is GOOD, Center-40-A.Brinkman, Holder-6-T.Townsend.",1,4,6,HOU,Field Goal,Kick Attempt Good,00-0032726,NE,6.0,05:29:00,25.0,K.Fairbairn,2025,20,2026-01-18,NE,HOU,POST
2025_20_HOU_NE,2972,"(9:48) 15-K.Fairbairn 25 yard field goal is GOOD, Center-40-A.Brinkman, Holder-6-T.Townsend.",3,4,2,HOU,Field Goal,Kick Attempt Good,00-0032726,NE,7.0,09:48:00,25.0,K.Fairbairn,2025,20,2026-01-18,NE,HOU,POST
2025_20_HOU_NE,3514,"(1:37) 15-K.Fairbairn 51 yard field goal is GOOD, Center-40-A.Brinkman, Holder-6-T.Townsend.",3,4,8,HOU,Field Goal,Kick Attempt Good,00-0032726,NE,33.0,01:37:00,51.0,K.Fairbairn,2025,20,2026-01-18,NE,HOU,POST
2025_20_LA_CHI,1811,"(1:15) 8-C.Santos 48 yard field goal is GOOD, Center-46-S.Daly, Holder-19-T.Taylor. ** Injury Update: LA-1-E.Forbes has returned to the game.",2,4,4,CHI,Field Goal,Kick Attempt Good,00-0031203,LA,29.0,01:15:00,48.0,C.Santos,2025,20,2026-01-18,CHI,LA,POST
2025_20_LA_CHI,2061,"(:03) 92-H.Mevis 32 yard field goal is GOOD, Center-44-J.McQuaide, Holder-42-E.Evans.",2,4,10,LA,Field Goal,Kick Attempt Good,00-0039498,CHI,14.0,00:03:00,32.0,H.Mevis,2025,20,2026-01-18,CHI,LA,POST
2025_20_LA_CHI,4762,"(3:24) 92-H.Mevis 42 yard field goal is GOOD, Center-44-J.McQuaide, Holder-42-E.Evans.",5,4,7,LA,Field Goal,Kick Attempt Good,00-0039498,CHI,24.0,03:24:00,42.0,H.Mevis,2025,20,2026-01-18,CHI,LA,POST
2025_20_SF_SEA,601,"(5:10) 5-J.Myers 31 yard field goal is GOOD, Center-41-C.Stoll, Holder-4-M.Dickson.",1,4,4,SEA,Field Goal,Kick Attempt Good,00-0031492,SF,13.0,05:10:00,31.0,J.Myers,2025,20,2026-01-17,SEA,SF,POST
2025_20_SF_SEA,1174,"(12:01) 18-E.Pineiro 40 yard field goal is GOOD, Center-46-J.Weeks, Holder-7-T.Morstead.",2,4,3,SF,Field Goal,Kick Attempt Good,00-0034173,SEA,22.0,12:01:00,40.0,E.Pineiro,2025,20,2026-01-17,SEA,SF,POST
2025_20_SF_SEA,1549,"(4:37) 18-E.Pineiro 56 yard field goal is GOOD, Center-46-J.Weeks, Holder-7-T.Morstead.",2,4,6,SF,Field Goal,Kick Attempt Good,00-0034173,SEA,38.0,04:37:00,56.0,E.Pineiro,2025,20,2026-01-17,SEA,SF,POST
2025_20_SF_SEA,2412,"(7:10) 5-J.Myers 24 yard field goal is GOOD, Center-41-C.Stoll, Holder-4-M.Dickson.",3,4,2,SEA,Field Goal,Kick Attempt Good,00-0031492,SF,6.0,07:10:00,24.0,J.Myers,2025,20,2026-01-17,SEA,SF,POST
2025_21_LA_SEA,480,"(8:19) 92-H.Mevis 44 yard field goal is GOOD, Center-44-J.McQuaide, Holder-42-E.Evans.",1,4,10,LA,Field Goal,Kick Attempt Good,00-0039498,SEA,26.0,08:19:00,44.0,H.Mevis,2025,21,2026-01-25,SEA,LA,POST
2025_21_LA_SEA,848,"(:58) 5-J.Myers 27 yard field goal is GOOD, Center-41-C.Stoll, Holder-4-M.Dickson.",1,4,9,SEA,Field Goal,Kick Attempt Good,00-0031492,LA,9.0,00:58:00,27.0,J.Myers,2025,21,2026-01-25,SEA,LA,POST
2025_21_LA_SEA,1084,"(12:16) 92-H.Mevis 50 yard field goal is GOOD, Center-44-J.McQuaide, Holder-42-E.Evans.",2,4,19,LA,Field Goal,Kick Attempt Good,00-0039498,SEA,32.0,12:16:00,50.0,H.Mevis,2025,21,2026-01-25,SEA,LA,POST
2025_21_NE_DEN,2045,"(:24) 3-W.Lutz 54 yard field goal is No Good, Wide Right, Center-48-M.Fraboni, Holder-16-J.Crawshaw.",2,4,6,DEN,Field Goal,Kick Attempt No Good,00-0032569,NE,36.0,00:24:00,54.0,W.Lutz,2025,21,2026-01-25,DEN,NE,POST
2025_21_NE_DEN,2158,"(:01) 36-A.Borregales 63 yard field goal is No Good, Wide Left, Center-47-J.Ashby, Holder-17-B.Baringer.",2,1,10,NE,Field Goal,Kick Attempt No Good,00-0040200,DEN,45.0,00:01:00,63.0,A.Borregales,2025,21,2026-01-25,DEN,NE,POST
2025_21_NE_DEN,2642,"(5:32) 36-A.Borregales 23 yard field goal is GOOD, Center-47-J.Ashby, Holder-17-B.Baringer.",3,4,5,NE,Field Goal,Kick Attempt Good,00-0040200,DEN,5.0,05:32:00,23.0,A.Borregales,2025,21,2026-01-25,DEN,NE,POST
2025_21_NE_DEN,2977,"(:15) 36-A.Borregales 46 yard field goal is No Good, Wide Right, Center-47-J.Ashby, Holder-17-B.Baringer.",3,4,7,NE,Field Goal,Kick Attempt No Good,00-0040200,DEN,28.0,00:15:00,46.0,A.Borregales,2025,21,2026-01-25,DEN,NE,POST
2025_21_NE_DEN,3587,"(4:46) 3-W.Lutz 45 yard field goal is BLOCKED (93-L.Taylor), Center-48-M.Fraboni, Holder-16-J.Crawshaw.",4,4,5,DEN,Field Goal,Blocked Kick Attempt,00-0032569,NE,28.0,04:46:00,45.0,W.Lutz,2025,21,2026-01-25,DEN,NE,POST
2025_22_SEA_NE,229,"(12:02) 5-J.Myers 33 yard field goal is GOOD, Center-41-C.Stoll, Holder-4-M.Dickson.",1,4,7,SEA,Field Goal,Kick Attempt Good,00-0031492,NE,14.0,12:02:00,33.0,J.Myers,2025,22,2026-02-08,NE,SEA,POST
2025_22_SEA_NE,1159,"(11:20) 5-J.Myers 39 yard field goal is GOOD, Center-41-C.Stoll, Holder-4-M.Dickson.",2,4,14,SEA,Field Goal,Kick Attempt Good,00-0031492,NE,21.0,11:20:00,39.0,J.Myers,2025,22,2026-02-08,NE,SEA,POST
2025_22_SEA_NE,2018,"(:16) 5-J.Myers 41 yard field goal is GOOD, Center-41-C.Stoll, Holder-4-M.Dickson.",2,4,3,SEA,Field Goal,Kick Attempt Good,00-0031492,NE,23.0,00:16:00,41.0,J.Myers,2025,22,2026-02-08,NE,SEA,POST
2025_22_SEA_NE,2450,"(9:17) 5-J.Myers 41 yard field goal is GOOD, Center-41-C.Stoll, Holder-4-M.Dickson.",3,4,9,SEA,Field Goal,Kick Attempt Good,00-0031492,NE,22.0,09:17:00,41.0,J.Myers,2025,22,2026-02-08,NE,SEA,POST
2025_22_SEA_NE,3763,"(5:38) 5-J.Myers 26 yard field goal is GOOD, Center-41-C.Stoll, Holder-4-M.Dickson.",4,4,4,SEA,Field Goal,Kick Attempt Good,00-0031492,NE,8.0,05:38:00,26.0,J.Myers,2025,22,2026-02-08,NE,SEA,POST
