game_id,play_id,quarter,game_clock,down,yards_to_go,possession_team,defensive_team,side_of_field,yardline_100,play_description,play_type,yards_gained,shotgun,no_huddle,pass_length,pass_location,air_yards,yards_after_catch,run_location,run_gap,complete_pass,first_down,sack,interception,fumble_lost,penalty,penalty_yards,touchdown,expected_points_added,successful_play,win_probability_added
2025_01_MIN_CHI,1,1,15:00,,0,,,,,GAME,,,false,false,,,,,,,,,,,,,,,-0.0,false,-0.0
2025_01_MIN_CHI,41,1,15:00,,0,MIN,CHI,CHI,35.0,8-C.Santos kicks 65 yards from CHI 35 to MIN 0. 32-T.Chandler to MIN 25 for 25 yards (47-R.Hyppolite; 43-C.Jones).,kickoff,0.0,false,false,,,,,,,false,false,false,false,false,false,,false,0.028301195241510868,true,-0.0
2025_01_MIN_CHI,64,1,14:53,1,10,MIN,CHI,MIN,75.0,(14:53) 33-A.Jones right end pushed ob at MIN 28 for 3 yards (29-T.Stevenson).,run,3.0,false,false,,,,,right,end,false,false,false,false,false,false,,false,-0.39090497326105833,false,-0.011243313550949097
2025_01_MIN_CHI,91,1,14:17,2,7,MIN,CHI,MIN,72.0,(14:17) (No Huddle) 9-J.McCarthy pass short right to 84-J.Oliver pushed ob at MIN 33 for 5 yards (9-J.Brisker).,pass,5.0,false,true,short,right,-3.0,8.0,,,true,false,false,false,false,false,,false,0.2315415544435382,true,-0.002788841724395752
2025_01_MIN_CHI,125,1,13:40,3,2,MIN,CHI,MIN,67.0,(13:40) (Shotgun) 9-J.McCarthy sacked at MIN 32 for -1 yards (99-G.Dexter).,pass,-1.0,true,false,,,,,,,false,false,true,false,false,false,,false,-1.8499416001141071,false,-0.024263381958007812
2025_01_MIN_CHI,145,1,12:58,4,3,MIN,CHI,MIN,68.0,"(12:58) 17-R.Wright punts 51 yards to CHI 17, Center-42-A.DePaola. 12-D.Duvernay to CHI 39 for 22 yards (55-E.Wilson; 42-A.DePaola).",punt,0.0,false,false,,,,,,,false,false,false,false,false,false,,false,-1.2310555425938219,false,-0.03535759449005127
2025_01_MIN_CHI,171,1,12:45,1,10,CHI,MIN,CHI,61.0,(12:45) (Shotgun) 18-C.Williams pass short right to 4-D.Swift pushed ob at CHI 42 for 3 yards (0-I.Pace).,pass,3.0,true,false,short,right,0.0,3.0,,,true,false,false,false,false,false,,false,-0.3560941757168621,false,-0.010138750076293945
2025_01_MIN_CHI,201,1,12:15,2,7,CHI,MIN,CHI,58.0,(12:15) 18-C.Williams pass short left to 4-D.Swift to 50 for 8 yards (7-B.Murphy).,pass,8.0,false,false,short,left,-2.0,10.0,,,true,true,false,false,false,false,,false,0.9711297343019396,true,0.021274030208587646
2025_01_MIN_CHI,226,1,11:29,1,10,CHI,MIN,50,50.0,(11:29) 79-T.Benedet reported in as eligible. 4-D.Swift right guard to MIN 46 for 4 yards (0-I.Pace; 43-A.Van Ginkel).,run,4.0,false,false,,,,,right,guard,false,false,false,false,false,false,,false,-0.24387227976694703,false,-0.006205916404724121
2025_01_MIN_CHI,250,1,10:47,2,6,CHI,MIN,MIN,46.0,(10:47) 18-C.Williams pass short middle to 25-K.Monangai to MIN 35 for 11 yards (26-T.Jackson).,pass,11.0,false,false,short,middle,5.0,6.0,,,true,true,false,false,false,false,,false,1.068297045538202,true,0.053465962409973145
2025_01_MIN_CHI,275,1,10:13,1,10,CHI,MIN,MIN,35.0,(10:13) 18-C.Williams pass short middle to 2-D.Moore to MIN 30 for 5 yards (51-B.Cashman).,pass,5.0,false,false,short,middle,5.0,0.0,,,true,false,false,false,false,false,,false,0.05386133783031255,true,-0.0074384212493896484
2025_01_MIN_CHI,300,1,09:34,2,5,CHI,MIN,MIN,30.0,(9:34) 79-T.Benedet reported in as eligible. 4-D.Swift up the middle to MIN 30 for no gain (58-J.Greenard).,run,0.0,false,false,,,,,middle,,false,false,false,false,false,false,,false,-0.8386656123911962,false,-0.027168750762939453
2025_01_MIN_CHI,324,1,08:50,3,5,CHI,MIN,MIN,30.0,(8:50) (Shotgun) 18-C.Williams pass deep right to 15-R.Odunze ran ob at MIN 13 for 17 yards.,pass,17.0,true,false,deep,right,17.0,0.0,,,true,true,false,false,false,false,,false,2.095154565467965,true,0.052223801612854004
2025_01_MIN_CHI,341,1,08:50,,0,,,,,"Timeout #1 by CHI at 08:50.",no_play,0.0,false,false,,,,,,,false,false,false,false,false,false,,false,0.0,false,0.0
2025_01_MIN_CHI,366,1,08:29,1,10,CHI,MIN,MIN,13.0,(8:29) (No Huddle) 18-C.Williams pass short left to 14-O.Zaccheaus to MIN 6 for 7 yards (8-J.Okudah).,pass,7.0,false,true,short,left,3.0,4.0,,,true,false,false,false,false,false,,false,0.3874601889983751,true,0.012043654918670654
2025_01_MIN_CHI,391,1,07:52,2,3,CHI,MIN,MIN,6.0,(7:52) 4-D.Swift left tackle to MIN 9 for -3 yards (50-L.Rodriguez).,run,-3.0,false,false,,,,,left,tackle,false,false,false,false,false,false,,false,-1.3963677455321886,false,-0.030184626579284668
2025_01_MIN_CHI,403,1,07:52,,0,,,,,"Timeout #1 by MIN at 07:52.",no_play,0.0,false,false,,,,,,,false,false,false,false,false,false,,false,0.0,false,0.0
2025_01_MIN_CHI,420,1,07:12,3,6,CHI,MIN,MIN,9.0,"(7:12) (Shotgun) 18-C.Williams scrambles left end for 9 yards, TOUCHDOWN.",run,9.0,true,false,,,,,left,end,false,true,false,false,false,false,,true,2.817259941773955,true,0.05758909975506654
2025_01_MIN_CHI,443,1,07:04,,0,CHI,MIN,MIN,15.0,"8-C.Santos extra point is GOOD, Center-46-S.Daly, Holder-19-T.Taylor.",extra_point,0.0,false,false,,,,,,,false,false,false,false,false,false,,false,0.06757300310763314,true,0.0015778830148995837
2025_01_MIN_CHI,458,1,07:04,,0,MIN,CHI,CHI,35.0,8-C.Santos kicks 65 yards from CHI 35 to MIN 0. 4-M.Price to MIN 24 for 24 yards (92-D.Hardy).,kickoff,0.0,false,false,,,,,,,false,false,false,false,false,false,,false,-0.15562524506822228,false,-0.0
2025_01_MIN_CHI,493,1,06:59,1,10,MIN,CHI,MIN,76.0,(6:59) (Shotgun) 18-J.Jefferson right end pushed ob at MIN 28 for 4 yards (31-K.Byard).,run,4.0,true,false,,,,,right,end,false,false,false,false,false,false,,false,-0.06732257106341422,false,-0.0058613121509552
2025_01_MIN_CHI,520,1,06:21,2,6,MIN,CHI,MIN,72.0,(6:21) 33-A.Jones right tackle to MIN 30 for 2 yards (50-G.Jarrett; 55-D.Odeyingbo).,run,2.0,false,false,,,,,right,tackle,false,false,false,false,false,false,,false,-0.43330784514546394,false,-0.007108837366104126
2025_01_MIN_CHI,542,1,05:41,3,4,MIN,CHI,MIN,70.0,(5:41) (Shotgun) 9-J.McCarthy sacked at MIN 28 for -2 yards (55-D.Odeyingbo).,pass,-2.0,true,false,,,,,,,false,false,true,false,false,false,,false,-1.6428987176623195,false,-0.03318473696708679
2025_01_MIN_CHI,562,1,05:04,4,6,MIN,CHI,MIN,72.0,"(5:04) 17-R.Wright punts 54 yards to CHI 18, Center-42-A.DePaola. 12-D.Duvernay to CHI 25 for 7 yards (15-D.Turner; 37-T.Thomas).",punt,0.0,false,false,,,,,,,false,false,false,false,false,false,,false,0.09120887448079884,true,0.010095641016960144
2025_01_MIN_CHI,588,1,04:51,1,10,CHI,MIN,CHI,75.0,(4:51) 18-C.Williams pass short right to 4-D.Swift to CHI 26 for 1 yard (43-A.Van Ginkel).,pass,1.0,false,false,short,right,-3.0,4.0,,,true,false,false,false,false,false,,false,-0.5712025919929147,false,-0.0104636549949646
2025_01_MIN_CHI,620,1,04:07,2,9,CHI,MIN,CHI,74.0,(4:07) (Shotgun) 18-C.Williams scrambles right tackle to CHI 38 for 12 yards (43-A.Van Ginkel).,run,12.0,true,false,,,,,right,tackle,false,true,false,false,false,false,,false,1.389129645889625,true,0.03672921657562256
2025_01_MIN_CHI,642,1,03:22,1,10,CHI,MIN,CHI,62.0,(3:22) 2-D.Moore up the middle to CHI 43 for 5 yards (93-J.Allen; 0-I.Pace).,run,5.0,false,false,,,,,middle,,false,false,false,false,false,false,,false,0.0736074773594737,true,-0.0020626187324523926
2025_01_MIN_CHI,664,1,02:40,2,5,CHI,MIN,CHI,57.0,"(2:40) PENALTY on CHI-58-D.Wright, False Start, 5 yards, enforced at CHI 43 - No Play.",no_play,0.0,false,false,,,,,,,false,false,false,false,false,true,5.0,false,-0.5724264495074749,false,-0.009573221206665039
2025_01_MIN_CHI,688,1,02:22,2,10,CHI,MIN,CHI,62.0,(2:22) (Shotgun) 18-C.Williams pass short middle to 84-C.Loveland to CHI 46 for 8 yards (2-I.Rodgers).,pass,8.0,true,false,short,middle,4.0,4.0,,,true,false,false,false,false,false,,false,0.27447692467831075,true,-0.0029358863830566406
2025_01_MIN_CHI,713,1,01:45,3,2,CHI,MIN,CHI,54.0,(1:45) (Shotgun) 18-C.Williams pass short left to 15-R.Odunze to CHI 42 for -4 yards (2-I.Rodgers).,pass,-4.0,true,false,short,left,-4.0,0.0,,,true,false,false,false,false,false,,false,-2.2568025055807084,false,-0.034782469272613525
2025_01_MIN_CHI,748,1,01:04,4,6,CHI,MIN,CHI,58.0,"(1:04) 19-T.Taylor punts 39 yards to MIN 19, Center-46-S.Daly, out of bounds.",punt,0.0,false,false,,,,,,,false,false,false,false,false,false,,false,-0.25009634904563427,false,-0.0043983012437820435
2025_01_MIN_CHI,767,1,00:58,1,10,MIN,CHI,MIN,81.0,(:58) 27-J.Mason left end to MIN 25 for 6 yards (44-N.Sewell).,run,6.0,false,false,,,,,left,end,false,false,false,false,false,false,,false,0.24614631803706288,true,-0.0003296583890914917
2025_01_MIN_CHI,796,1,00:19,2,4,MIN,CHI,MIN,75.0,(:19) 27-J.Mason left tackle to MIN 31 for 6 yards (91-Ch.Williams).,run,6.0,false,false,,,,,left,tackle,false,true,false,false,false,false,,false,0.44133933586999774,true,0.007070228457450867
2025_01_MIN_CHI,818,1,00:00,,0,MIN,CHI,,,END QUARTER 1,,,false,false,,,,,,,,,,,,,,,-0.0,false,-0.0
2025_01_MIN_CHI,838,2,15:00,1,10,MIN,CHI,MIN,69.0,"(15:00) (Shotgun) 9-J.McCarthy pass incomplete deep left to 33-A.Jones. PENALTY on CHI-26-N.Wright, Defensive Pass Interference, 42 yards, enforced at MIN 31 - No Play.",no_play,0.0,true,false,,,,,,,false,true,false,false,false,true,42.0,false,2.914042810094543,true,0.06743063032627106
2025_01_MIN_CHI,872,2,14:53,1,10,MIN,CHI,CHI,27.0,(14:53) (Shotgun) 9-J.McCarthy scrambles left guard to CHI 16 for 11 yards (29-T.Stevenson).,run,11.0,true,false,,,,,left,guard,false,true,false,false,false,false,,false,0.6558267112122849,true,0.00900578498840332
2025_01_MIN_CHI,894,2,14:16,1,10,MIN,CHI,CHI,16.0,(14:16) 27-J.Mason left guard to CHI 11 for 5 yards (44-N.Sewell).,run,5.0,false,false,,,,,left,guard,false,false,false,false,false,false,,false,0.09281123150140047,true,0.00543522834777832
2025_01_MIN_CHI,916,2,13:39,2,5,MIN,CHI,CHI,11.0,"(13:39) 27-J.Mason left end to CHI 14 for -3 yards (26-N.Wright, 49-T.Edmunds).",run,-3.0,false,false,,,,,left,end,false,false,false,false,false,false,,false,-1.2246426693163812,false,-0.029475808143615723
2025_01_MIN_CHI,938,2,12:56,3,8,MIN,CHI,CHI,14.0,(12:56) (Shotgun) 9-J.McCarthy pass incomplete short right to 18-J.Jefferson.,pass,0.0,true,false,short,right,8.0,,,,false,false,false,false,false,false,,false,-0.8220554012377259,false,-0.038450658321380615
2025_01_MIN_CHI,961,2,12:51,4,8,MIN,CHI,CHI,14.0,"(12:51) 16-W.Reichard 31 yard field goal is GOOD, Center-42-A.DePaola, Holder-17-R.Wright.",field_goal,0.0,false,false,,,,,,,false,false,false,false,false,false,,false,0.21582090640817553,true,0.022641688585281372
2025_01_MIN_CHI,981,2,12:48,,0,CHI,MIN,MIN,35.0,"16-W.Reichard kicks 65 yards from MIN 35 to CHI 0. 12-D.Duvernay pushed ob at CHI 34 for 34 yards (13-T.Felton). PENALTY on MIN-24-J.Ward, Illegal Formation, 5 yards, enforced at CHI 34.",kickoff,0.0,false,false,,,,,,,false,false,false,false,false,true,5.0,false,0.8331907368265092,true,0.02313476800918579
2025_01_MIN_CHI,1027,2,12:41,1,10,CHI,MIN,CHI,61.0,(12:41) (Shotgun) 18-C.Williams pass deep right to 2-D.Moore to MIN 31 for 30 yards (26-T.Jackson).,pass,30.0,true,false,deep,right,19.0,11.0,,,true,true,false,false,false,false,,false,1.743657780229114,true,0.03983652591705322
2025_01_MIN_CHI,1052,2,11:50,1,10,CHI,MIN,MIN,31.0,(11:50) 2-D.Moore left tackle to MIN 30 for 1 yard (55-E.Wilson).,run,1.0,false,false,,,,,left,tackle,false,false,false,false,false,false,,false,-0.39528583007631823,false,-0.00799340009689331
2025_01_MIN_CHI,1074,2,11:10,2,9,CHI,MIN,MIN,30.0,"(11:10) (Shotgun) PENALTY on CHI-2-D.Moore, False Start, 5 yards, enforced at MIN 30 - No Play.",no_play,0.0,true,false,,,,,,,false,false,false,false,false,true,5.0,false,-0.6159204767900519,false,0.008275210857391357
2025_01_MIN_CHI,1098,2,10:47,2,14,CHI,MIN,MIN,35.0,(10:47) (Shotgun) 18-C.Williams scrambles left end to MIN 26 for 9 yards (7-B.Murphy).,run,9.0,true,false,,,,,left,end,false,false,false,false,false,false,,false,0.547525990055874,true,-0.004794478416442871
2025_01_MIN_CHI,1120,2,09:59,3,5,CHI,MIN,MIN,26.0,"(9:59) (Shotgun) PENALTY on CHI-73-J.Jackson, False Start, 5 yards, enforced at MIN 26 - No Play.",no_play,0.0,true,false,,,,,,,false,false,false,false,false,true,5.0,false,-0.5881196905393153,false,-0.01795142889022827
2025_01_MIN_CHI,1144,2,09:40,3,10,CHI,MIN,MIN,31.0,(9:40) (Shotgun) 4-D.Swift up the middle to MIN 24 for 7 yards (26-T.Jackson; 97-J.Hargrave).,run,7.0,true,false,,,,,middle,,false,false,false,false,false,false,,false,-0.15815825044410303,false,0.0030144453048706055
2025_01_MIN_CHI,1166,2,08:59,4,3,CHI,MIN,MIN,24.0,(8:59) (Shotgun) 18-C.Williams pass incomplete short middle to 2-D.Moore.,pass,0.0,true,false,short,middle,14.0,,,,false,false,false,false,false,false,,false,-3.5126483020721935,false,-0.07522109150886536
2025_01_MIN_CHI,1178,2,08:59,,0,,,,,"Timeout #2 by CHI at 08:59.",no_play,0.0,false,false,,,,,,,false,false,false,false,false,false,,false,0.0,false,0.0
2025_01_MIN_CHI,1196,2,08:55,1,10,MIN,CHI,MIN,75.0,(8:55) 33-A.Jones left end pushed ob at MIN 26 for 1 yard (44-N.Sewell).,run,1.0,false,false,,,,,left,end,false,false,false,false,false,false,,false,-0.463822805788368,false,-0.01249435544013977
2025_01_MIN_CHI,1230,2,08:23,2,9,MIN,CHI,MIN,74.0,(8:23) (Shotgun) 9-J.McCarthy pass short left to 87-T.Hockenson to MIN 30 for 4 yards (9-J.Brisker; 49-T.Edmunds).,pass,4.0,true,false,short,left,4.0,0.0,,,true,false,false,false,false,false,,false,-0.10984586412087083,false,-0.004251688718795776
2025_01_MIN_CHI,1255,2,07:43,3,5,MIN,CHI,MIN,70.0,"(7:43) (Shotgun) 9-J.McCarthy pass short middle to 18-J.Jefferson to MIN 34 for 4 yards (49-T.Edmunds, 44-N.Sewell).",pass,4.0,true,false,short,middle,3.0,1.0,,,true,false,false,false,false,false,,false,-0.6831983907613903,false,-0.0023621022701263428
2025_01_MIN_CHI,1280,2,06:58,4,1,MIN,CHI,MIN,66.0,"(6:58) 17-R.Wright punts 31 yards to CHI 35, Center-42-A.DePaola, out of bounds.",punt,0.0,false,false,,,,,,,false,false,false,false,false,false,,false,-1.3634528848342597,false,-0.04494273662567139
2025_01_MIN_CHI,1299,2,06:52,1,10,CHI,MIN,CHI,65.0,(6:52) 79-T.Benedet reported in as eligible. 18-C.Williams pass incomplete short right to 15-R.Odunze (90-T.Ingram-Dawkins).,pass,0.0,false,false,short,right,5.0,,,,false,false,false,false,false,false,,false,-0.46234034304507077,false,-0.011782407760620117
2025_01_MIN_CHI,1331,2,06:47,2,10,CHI,MIN,CHI,65.0,"(6:47) 18-C.Williams pass incomplete deep right to 14-O.Zaccheaus. Penalty on CHI-25-K.Monangai, Offensive Holding, declined.",pass,0.0,false,false,deep,right,28.0,,,,false,false,false,false,false,false,,false,-0.635145602049306,false,-0.024831116199493408
2025_01_MIN_CHI,1365,2,06:41,3,10,CHI,MIN,CHI,65.0,(6:41) (Shotgun) 18-C.Williams scrambles left end pushed ob at CHI 37 for 2 yards (44-J.Metellus).,run,2.0,true,false,,,,,left,end,false,false,false,false,false,false,,false,-0.9728438695892692,false,-0.012701570987701416
2025_01_MIN_CHI,1392,2,06:03,4,8,CHI,MIN,CHI,63.0,"(6:03) 19-T.Taylor punts 48 yards to MIN 15, Center-46-S.Daly. 4-M.Price to MIN 24 for 9 yards (92-D.Hardy; 33-J.Jones).",punt,0.0,false,false,,,,,,,false,false,false,false,false,false,,false,-0.2904109307564795,false,-0.018788784742355347
2025_01_MIN_CHI,1418,2,05:52,1,10,MIN,CHI,MIN,76.0,"(5:52) 27-J.Mason left guard to MIN 35 for 11 yards (31-K.Byard). PENALTY on MIN-67-J.Skule, Offensive Holding, 10 yards, enforced at MIN 24 - No Play.",no_play,0.0,false,false,,,,,,,false,false,false,false,false,true,10.0,false,-0.8140137745067477,false,-0.03434866666793823
2025_01_MIN_CHI,1458,2,05:23,1,20,MIN,CHI,MIN,86.0,(5:23) (Shotgun) 9-J.McCarthy pass incomplete short left to 87-T.Hockenson (49-T.Edmunds).,pass,0.0,true,false,short,left,2.0,,,,false,false,false,false,false,false,,false,-0.48431947850622237,false,-0.011407613754272461
2025_01_MIN_CHI,1481,2,05:20,2,20,MIN,CHI,MIN,86.0,"(5:20) (No Huddle, Shotgun) 9-J.McCarthy pass incomplete short right to 1-J.Nailor (55-D.Odeyingbo).",pass,0.0,true,true,short,right,1.0,,,,false,false,false,false,false,false,,false,-0.6305659774225205,false,-0.01802515983581543
2025_01_MIN_CHI,1504,2,05:15,3,20,MIN,CHI,MIN,86.0,"(5:15) (Shotgun) PENALTY on MIN, Delay of Game, 5 yards, enforced at MIN 14 - No Play.",no_play,0.0,true,false,,,,,,,false,false,false,false,false,true,5.0,false,-0.32231249299366027,false,-0.012669771909713745
2025_01_MIN_CHI,1533,2,05:15,3,25,MIN,CHI,MIN,91.0,(5:15) (Shotgun) 9-J.McCarthy pass short left to 27-J.Mason to MIN 16 for 7 yards (49-T.Edmunds).,pass,7.0,true,false,short,left,-5.0,12.0,,,true,false,false,false,false,false,,false,-0.07703274360392243,false,-0.011312171816825867
2025_01_MIN_CHI,1558,2,04:39,4,18,MIN,CHI,MIN,84.0,"(4:39) 17-R.Wright punts 51 yards to CHI 33, Center-42-A.DePaola. 12-D.Duvernay to CHI 41 for 8 yards (13-T.Felton).",punt,0.0,false,false,,,,,,,false,false,false,false,false,false,,false,-0.2539978608256206,false,0.010102078318595886
2025_01_MIN_CHI,1584,2,04:29,1,10,CHI,MIN,CHI,59.0,(4:29) 4-D.Swift right guard to CHI 45 for 4 yards (93-J.Allen).,run,4.0,false,false,,,,,right,guard,false,false,false,false,false,false,,false,-0.4018479962251149,false,4.6133995056152344e-05
2025_01_MIN_CHI,1618,2,03:43,2,6,CHI,MIN,CHI,55.0,"(3:43) PENALTY on CHI-73-J.Jackson, False Start, 5 yards, enforced at CHI 45 - No Play.",no_play,0.0,false,false,,,,,,,false,false,false,false,false,true,5.0,false,-0.38567468646215275,false,-0.015474140644073486
2025_01_MIN_CHI,1642,2,03:26,2,11,CHI,MIN,CHI,60.0,(3:26) (Shotgun) 18-C.Williams pass short middle to 14-O.Zaccheaus to MIN 44 for 16 yards (51-B.Cashman; 44-J.Metellus).,pass,16.0,true,false,short,middle,6.0,10.0,,,true,true,false,false,false,false,,false,1.495626121526584,true,0.047044575214385986
2025_01_MIN_CHI,1667,2,02:48,1,10,CHI,MIN,MIN,44.0,(2:48) 4-D.Swift left end to MIN 41 for 3 yards (15-D.Turner; 93-J.Allen).,run,3.0,false,false,,,,,left,end,false,false,false,false,false,false,,false,-0.2887715738033876,false,-0.010382652282714844
2025_01_MIN_CHI,1689,2,02:09,2,7,CHI,MIN,MIN,41.0,(2:09) 4-D.Swift up the middle to MIN 39 for 2 yards (0-I.Pace).,run,2.0,false,false,,,,,middle,,false,false,false,false,false,false,,false,-0.004997629846911877,false,-0.004752814769744873
2025_01_MIN_CHI,1711,2,02:00,3,5,CHI,MIN,MIN,39.0,(2:00) (Shotgun) 18-C.Williams pass short right to 14-O.Zaccheaus pushed ob at MIN 32 for 7 yards (8-J.Okudah).,pass,7.0,true,false,short,right,5.0,2.0,,,true,true,false,false,false,false,,false,1.0288327394519001,true,0.020837485790252686
2025_01_MIN_CHI,1748,2,01:55,1,10,CHI,MIN,MIN,32.0,(1:55) 4-D.Swift left tackle to MIN 29 for 3 yards (58-J.Greenard).,run,3.0,false,false,,,,,left,tackle,false,false,false,false,false,false,,false,-0.22421162738464773,false,-0.005977809429168701
2025_01_MIN_CHI,1770,2,01:18,2,7,CHI,MIN,MIN,29.0,(1:18) 4-D.Swift right guard to MIN 27 for 2 yards (15-D.Turner).,run,2.0,false,false,,,,,right,guard,false,false,false,false,false,false,,false,-0.09091025800444186,false,-0.013218581676483154
2025_01_MIN_CHI,1792,2,00:35,3,5,CHI,MIN,MIN,27.0,(:35) (Shotgun) 18-C.Williams pass short right to 15-R.Odunze pushed ob at MIN 24 for 3 yards (7-B.Murphy).,pass,3.0,true,false,short,right,3.0,0.0,,,true,false,false,false,false,false,,false,-0.6272876641342715,false,0.006206154823303223
2025_01_MIN_CHI,1822,2,00:28,4,2,CHI,MIN,MIN,24.0,"(:28) 8-C.Santos 42 yard field goal is GOOD, Center-46-S.Daly, Holder-19-T.Taylor.",field_goal,0.0,false,false,,,,,,,false,false,false,false,false,false,,false,0.6115634055787065,true,0.00582025945186615
2025_01_MIN_CHI,1834,2,00:28,,0,,,,,"Timeout #2 by MIN at 00:28.",no_play,0.0,false,false,,,,,,,false,false,false,false,false,false,,false,0.0,false,0.0
2025_01_MIN_CHI,1849,2,00:24,,0,MIN,CHI,CHI,35.0,8-C.Santos kicks 59 yards from CHI 35 to MIN 6. 4-M.Price to MIN 31 for 25 yards (33-J.Jones; 92-D.Hardy).,kickoff,0.0,false,false,,,,,,,false,false,false,false,false,false,,false,0.05430863439687528,true,0.00022473931312561035
2025_01_MIN_CHI,1872,2,00:19,1,10,MIN,CHI,MIN,69.0,(:19) (Shotgun) 9-J.McCarthy pass deep left to 1-J.Nailor pushed ob at CHI 41 for 28 yards (26-N.Wright) [55-D.Odeyingbo].,pass,28.0,true,false,deep,left,19.0,9.0,,,true,true,false,false,false,false,,false,0.8923141690288594,true,0.02847430109977722
2025_01_MIN_CHI,1902,2,00:11,1,10,MIN,CHI,CHI,41.0,"(:11) 16-W.Reichard 59 yard field goal is GOOD, Center-42-A.DePaola, Holder-17-R.Wright.",field_goal,0.0,false,false,,,,,,,false,false,false,false,false,false,,false,1.873164389809508,true,0.02627943456172943
2025_01_MIN_CHI,1914,2,00:11,,0,,,,,"Timeout #3 by MIN at 00:11.",no_play,0.0,false,false,,,,,,,false,false,false,false,false,false,,false,-0.0,false,-0.0
2025_01_MIN_CHI,1929,2,00:06,,0,CHI,MIN,MIN,35.0,16-W.Reichard kicks 59 yards from MIN 35 to CHI 6. 10-L.Burden to 50 for 44 yards (24-J.Ward).,kickoff,0.0,false,false,,,,,,,false,false,false,false,false,false,,false,-0.01983303570887074,false,-0.04359757900238037
2025_01_MIN_CHI,1962,2,00:00,,0,,,,,END QUARTER 2,,,false,false,,,,,,,,,,,,,,,,,0.0
2025_01_MIN_CHI,1982,3,15:00,,0,CHI,MIN,MIN,35.0,16-W.Reichard kicks 64 yards from MIN 35 to CHI 1. 12-D.Duvernay to CHI 22 for 21 yards (57-C.Chambliss).,kickoff,0.0,false,false,,,,,,,false,false,false,false,false,false,,false,-0.44137809704989195,false,-0.0007309913635253906
2025_01_MIN_CHI,2015,3,14:54,1,10,CHI,MIN,CHI,78.0,(14:54) 18-C.Williams pass incomplete short right to 4-D.Swift.,pass,0.0,false,false,short,right,-2.0,,,,false,false,false,false,false,false,,false,-0.5932365953922272,false,-0.015751421451568604
2025_01_MIN_CHI,2038,3,14:49,2,10,CHI,MIN,CHI,78.0,(14:49) 18-C.Williams pass incomplete short right to 85-C.Kmet.,pass,0.0,false,false,short,right,2.0,,,,false,false,false,false,false,false,,false,-0.8154302220791578,false,-0.02409309148788452
2025_01_MIN_CHI,2061,3,14:44,3,10,CHI,MIN,CHI,78.0,(14:44) (Shotgun) 18-C.Williams pass incomplete short left to 14-O.Zaccheaus [58-J.Greenard].,pass,0.0,true,false,short,left,6.0,,,,false,false,false,false,false,false,,false,-1.3978958721272647,false,-0.03772062063217163
2025_01_MIN_CHI,2084,3,14:41,4,10,CHI,MIN,CHI,78.0,"(14:41) 19-T.Taylor punts 47 yards to MIN 31, Center-46-S.Daly. 4-M.Price to CHI 49 for 20 yards (36-J.Owens).",punt,0.0,false,false,,,,,,,false,false,false,false,false,false,,false,-0.7887516575865448,false,0.011925101280212402
2025_01_MIN_CHI,2110,3,14:28,1,10,MIN,CHI,CHI,49.0,"(14:28) 9-J.McCarthy pass incomplete short right to 18-J.Jefferson (98-M.Sweat). PENALTY on CHI-55-D.Odeyingbo, Roughing the Passer, 15 yards, enforced at CHI 49 - No Play.",no_play,0.0,false,false,,,,,,,false,true,false,false,false,true,15.0,false,0.986660155816935,true,0.05542758107185364
2025_01_MIN_CHI,2144,3,14:21,1,10,MIN,CHI,CHI,34.0,(14:21) 33-A.Jones right guard to CHI 34 for no gain (31-K.Byard).,run,0.0,false,false,,,,,right,guard,false,false,false,false,false,false,,false,-0.5230165527900681,false,-0.006309539079666138
2025_01_MIN_CHI,2166,3,13:50,2,10,MIN,CHI,CHI,34.0,"(13:50) (No Huddle, Shotgun) 33-A.Jones right end to CHI 32 for 2 yards (9-J.Brisker).",run,2.0,true,true,,,,,right,end,false,false,false,false,false,false,,false,-0.3681291287066415,false,-0.04060453176498413
2025_01_MIN_CHI,2188,3,13:03,3,8,MIN,CHI,CHI,32.0,"(13:03) (Shotgun) 9-J.McCarthy pass short left intended for 18-J.Jefferson INTERCEPTED by 26-N.Wright at CHI 26. 26-N.Wright for 74 yards, TOUCHDOWN.",pass,0.0,true,false,short,left,6.0,,,,false,false,false,true,false,false,,true,-9.658109150710516,false,-0.22111286029595112
2025_01_MIN_CHI,2216,3,12:51,,0,CHI,MIN,MIN,15.0,"8-C.Santos extra point is GOOD, Center-46-S.Daly, Holder-19-T.Taylor.",extra_point,0.0,false,false,,,,,,,false,false,false,false,false,false,,false,0.06757300310763314,true,0.001788886334717521
2025_01_MIN_CHI,2231,3,12:51,,0,MIN,CHI,CHI,35.0,8-C.Santos kicks 63 yards from CHI 35 to MIN 2. 32-T.Chandler to MIN 28 for 26 yards (36-J.Owens).,kickoff,0.0,false,false,,,,,,,false,false,false,false,false,false,,false,0.11167768714949489,true,0.001114964485168457
2025_01_MIN_CHI,2261,3,12:45,1,10,MIN,CHI,MIN,72.0,(12:45) 27-J.Mason left end to MIN 31 for 3 yards (44-N.Sewell).,run,3.0,false,false,,,,,left,end,false,false,false,false,false,false,,false,-0.24498073104768991,false,-0.006755724549293518
2025_01_MIN_CHI,2283,3,12:04,2,7,MIN,CHI,MIN,69.0,(12:04) 9-J.McCarthy sacked at MIN 25 for -6 yards (69-T.Kpassagnon).,pass,-6.0,false,false,,,,,,,false,false,true,false,false,false,,false,-1.607929291203618,false,-0.03243187069892883
2025_01_MIN_CHI,2303,3,11:17,3,13,MIN,CHI,MIN,75.0,"(11:17) (Shotgun) PENALTY on MIN, Delay of Game, 5 yards, enforced at MIN 25 - No Play.",no_play,0.0,true,false,,,,,,,false,false,false,false,false,true,5.0,false,-0.4492560704238713,false,-0.009577766060829163
2025_01_MIN_CHI,2327,3,10:54,3,18,MIN,CHI,MIN,80.0,"(10:54) (Shotgun) 27-J.Mason up the middle to MIN 18 for -2 yards (98-M.Sweat, 99-G.Dexter).",run,-2.0,true,false,,,,,middle,,false,false,false,false,false,false,,false,-1.0870547536760569,false,-0.016206495463848114
2025_01_MIN_CHI,2349,3,10:18,4,20,MIN,CHI,MIN,82.0,"(10:18) 17-R.Wright punts 52 yards to CHI 30, Center-42-A.DePaola. 12-D.Duvernay pushed ob at CHI 36 for 6 yards (13-T.Felton). PENALTY on CHI-43-C.Jones, Offensive Holding, 10 yards, enforced at CHI 30.",punt,0.0,false,false,,,,,,,false,false,false,false,false,true,10.0,false,1.4394250358454883,true,0.02598128467798233
2025_01_MIN_CHI,2391,3,10:08,1,10,CHI,MIN,CHI,80.0,(10:08) 4-D.Swift right tackle to CHI 20 for no gain (97-J.Hargrave).,run,0.0,false,false,,,,,right,tackle,false,false,false,false,false,false,,false,-0.6043860833160579,false,-0.007894039154052734
2025_01_MIN_CHI,2420,3,09:29,2,10,CHI,MIN,CHI,80.0,(9:29) 18-C.Williams pass deep left to 2-D.Moore ran ob at CHI 42 for 22 yards.,pass,22.0,false,false,deep,left,22.0,0.0,,,true,true,false,false,false,false,,false,2.1308428910560906,true,0.029330313205718994
2025_01_MIN_CHI,2450,3,08:54,1,10,CHI,MIN,CHI,58.0,(8:54) 18-C.Williams pass short right to 10-L.Burden to CHI 39 for -3 yards (43-A.Van Ginkel).,pass,-3.0,false,false,short,right,-5.0,2.0,,,true,false,false,false,false,false,,false,-0.9794804314151406,false,-0.015908479690551758
2025_01_MIN_CHI,2475,3,08:15,2,13,CHI,MIN,CHI,61.0,(8:15) (Shotgun) 18-C.Williams pass incomplete short left to 14-O.Zaccheaus (43-A.Van Ginkel).,pass,0.0,true,false,short,left,4.0,,,,false,false,false,false,false,false,,false,-0.9599469634704292,false,-0.014057934284210205
2025_01_MIN_CHI,2498,3,08:11,3,13,CHI,MIN,CHI,61.0,(8:11) (Shotgun) 18-C.Williams pass short left to 84-C.Loveland to CHI 43 for 4 yards (44-J.Metellus).,pass,4.0,true,false,short,left,1.0,3.0,,,true,false,false,false,false,false,,false,-0.8582765157334507,false,-0.009689092636108398
2025_01_MIN_CHI,2523,3,07:27,4,9,CHI,MIN,CHI,57.0,"(7:27) 19-T.Taylor punts 51 yards to MIN 6, Center-46-S.Daly. 4-M.Price to MIN 23 for 17 yards (22-E.Hicks).",punt,0.0,false,false,,,,,,,false,false,false,false,false,false,,false,-0.6118806027807295,false,0.014514841139316559
2025_01_MIN_CHI,2549,3,07:14,1,10,MIN,CHI,MIN,77.0,"(7:14) 9-J.McCarthy pass short right to 87-T.Hockenson to MIN 25 for 2 yards (44-N.Sewell). Chicago challenged the runner was down by contact ruling, and the play was Upheld. The ruling on the field stands. (Timeout #1.)",pass,2.0,false,false,short,right,2.0,0.0,,,true,false,false,false,false,false,,false,-0.3554494734853506,false,-0.004450798034667969
2025_01_MIN_CHI,2626,3,06:39,2,8,MIN,CHI,MIN,75.0,(6:39) 9-J.McCarthy pass short left to 33-A.Jones pushed ob at MIN 31 for 6 yards (31-K.Byard).,pass,6.0,false,false,short,left,-4.0,10.0,,,true,false,false,false,false,false,,false,0.3021798930130899,true,0.021482892334461212
2025_01_MIN_CHI,2656,3,05:59,3,2,MIN,CHI,MIN,69.0,(5:59) (Shotgun) 9-J.McCarthy pass incomplete short right to 19-A.Thielen (29-T.Stevenson).,pass,0.0,true,false,short,right,7.0,,,,false,false,false,false,false,false,,false,-1.666348589817062,false,-0.025416500866413116
2025_01_MIN_CHI,2691,3,05:53,4,2,MIN,CHI,MIN,69.0,"(5:53) 17-R.Wright punts 45 yards to CHI 24, Center-42-A.DePaola, fair catch by 12-D.Duvernay.",punt,0.0,false,false,,,,,,,false,false,false,false,false,false,,false,-0.0991617888212204,false,-0.008765541017055511
2025_01_MIN_CHI,2711,3,05:46,1,10,CHI,MIN,CHI,76.0,(5:46) 4-D.Swift right guard to CHI 33 for 9 yards (51-B.Cashman).,run,9.0,false,false,,,,,right,guard,false,false,false,false,false,false,,false,1.038917210418731,true,0.004694581031799316
2025_01_MIN_CHI,2733,3,05:04,2,1,CHI,MIN,CHI,67.0,(5:04) 2-D.Moore left end to CHI 35 for 2 yards (61-J.Redmond; 43-A.Van Ginkel).,run,2.0,false,false,,,,,left,end,false,true,false,false,false,false,,false,-0.23653643438592553,false,-0.0037216544151306152
2025_01_MIN_CHI,2762,3,04:18,1,10,CHI,MIN,CHI,65.0,(4:18) 4-D.Swift up the middle to CHI 39 for 4 yards (50-L.Rodriguez; 0-I.Pace).,run,4.0,false,false,,,,,middle,,false,false,false,false,false,false,,false,-0.05242313607595861,false,0.0024727582931518555
2025_01_MIN_CHI,2784,3,03:47,2,6,CHI,MIN,CHI,61.0,(3:47) 18-C.Williams scrambles right end ran ob at MIN 48 for 13 yards (7-B.Murphy). MIN-51-B.Cashman was injured during the play.,run,13.0,false,false,,,,,right,end,false,true,false,false,false,false,,false,1.2017104633850977,true,0.017621278762817383
2025_01_MIN_CHI,2814,3,03:12,1,10,CHI,MIN,MIN,48.0,(3:12) 4-D.Swift left tackle to MIN 47 for 1 yard (97-J.Hargrave; 55-E.Wilson).,run,1.0,false,false,,,,,left,tackle,false,false,false,false,false,false,,false,-0.43219359207432717,false,-0.008440196514129639
2025_01_MIN_CHI,2836,3,02:32,2,9,CHI,MIN,MIN,47.0,(2:32) 4-D.Swift right guard to MIN 34 for 13 yards (2-I.Rodgers).,run,13.0,false,false,,,,,right,guard,false,true,false,false,false,false,,false,1.2760376585647464,true,0.035360515117645264
2025_01_MIN_CHI,2858,3,01:49,1,10,CHI,MIN,MIN,34.0,"(1:49) 79-T.Benedet reported in as eligible. PENALTY on MIN-97-J.Hargrave, Neutral Zone Infraction, 5 yards, enforced at MIN 34 - No Play.",no_play,0.0,false,false,,,,,,,false,false,false,false,false,true,5.0,false,0.5896392787108198,true,0.0028197765350341797
2025_01_MIN_CHI,2884,3,01:34,1,5,CHI,MIN,MIN,29.0,(1:34) 79-T.Benedet reported in as eligible. 4-D.Swift left end to MIN 24 for 5 yards (2-I.Rodgers; 44-J.Metellus).,run,5.0,false,false,,,,,left,end,false,true,false,false,false,false,,false,0.23846665327437222,true,6.93202018737793e-05
2025_01_MIN_CHI,2906,3,00:49,1,10,CHI,MIN,MIN,24.0,"(:49) 18-C.Williams pass short left to 4-D.Swift pushed ob at MIN 12 for 12 yards (15-D.Turner). PENALTY on CHI-58-D.Wright, Offensive Holding, 10 yards, enforced at MIN 24 - No Play.",no_play,0.0,false,false,,,,,,,false,false,false,false,false,true,10.0,false,-1.3896481494884938,false,-0.008852899074554443
2025_01_MIN_CHI,2952,3,00:19,1,20,CHI,MIN,MIN,34.0,(:19) (Shotgun) 18-C.Williams pass incomplete short middle to 85-C.Kmet.,pass,0.0,true,false,short,middle,13.0,,,,false,false,false,false,false,false,,false,-0.5351971236523241,false,-0.00891190767288208
2025_01_MIN_CHI,2975,3,00:15,2,20,CHI,MIN,MIN,34.0,"(:15) (Shotgun) 18-C.Williams pass incomplete short left. PENALTY on CHI-18-C.Williams, Intentional Grounding, 10 yards, enforced at MIN 34.",pass,0.0,true,false,short,left,-4.0,,,,false,false,false,false,false,true,10.0,false,-1.7348743822658435,false,-0.016077756881713867
2025_01_MIN_CHI,3009,3,00:05,3,30,CHI,MIN,MIN,44.0,(:05) (Shotgun) 18-C.Williams pass short left to 14-O.Zaccheaus to MIN 32 for 12 yards (24-J.Ward; 2-I.Rodgers).,pass,12.0,true,false,short,left,7.0,5.0,,,true,false,false,false,false,false,,false,0.4787347947874163,true,-0.005278408527374268
2025_01_MIN_CHI,3034,3,00:00,,0,CHI,MIN,,,END QUARTER 3,,,false,false,,,,,,,,,,,,,,,0.0,false,0.0
2025_01_MIN_CHI,3054,4,15:00,4,18,CHI,MIN,MIN,32.0,"(15:00) 8-C.Santos 50 yard field goal is No Good, Wide Right, Center-46-S.Daly, Holder-19-T.Taylor.",field_goal,0.0,false,false,,,,,,,false,false,false,false,false,false,,false,-3.3916667499740667,false,-0.046706631779670715
2025_01_MIN_CHI,3085,4,14:55,1,10,MIN,CHI,MIN,60.0,(14:55) 27-J.Mason up the middle to MIN 47 for 7 yards (49-T.Edmunds; 69-T.Kpassagnon).,run,7.0,false,false,,,,,middle,,false,false,false,false,false,false,,false,0.44856920605525374,true,-0.00713801383972168
2025_01_MIN_CHI,3107,4,14:19,2,3,MIN,CHI,MIN,53.0,(14:19) 27-J.Mason right guard to CHI 35 for 18 yards (31-K.Byard).,run,18.0,false,false,,,,,right,guard,false,true,false,false,false,false,,false,1.1110494644381106,true,0.016700178384780884
2025_01_MIN_CHI,3129,4,13:39,1,10,MIN,CHI,CHI,35.0,(13:39) 9-J.McCarthy pass deep left to 18-J.Jefferson ran ob at CHI 18 for 17 yards [69-T.Kpassagnon].,pass,17.0,false,false,deep,left,17.0,0.0,,,true,true,false,false,false,false,,false,1.1617460194975138,true,0.038431987166404724
2025_01_MIN_CHI,3159,4,13:00,1,10,MIN,CHI,CHI,18.0,(13:00) 27-J.Mason left end to CHI 13 for 5 yards (26-N.Wright).,run,5.0,false,false,,,,,left,end,false,false,false,false,false,false,,false,0.06734011752996594,true,-0.002950116991996765
2025_01_MIN_CHI,3181,4,12:23,2,5,MIN,CHI,CHI,13.0,(12:23) 9-J.McCarthy pass incomplete short left to 1-J.Nailor (98-M.Sweat).,pass,0.0,false,false,short,left,-5.0,,,,false,false,false,false,false,false,,false,-0.734092484402936,false,-0.010571897029876709
2025_01_MIN_CHI,3204,4,12:18,3,5,MIN,CHI,CHI,13.0,"(12:18) (Shotgun) 9-J.McCarthy pass short middle to 18-J.Jefferson for 13 yards, TOUCHDOWN.",pass,13.0,true,false,short,middle,13.0,0.0,,,true,true,false,false,false,false,,true,2.8834659578860737,true,0.06394681236147881
2025_01_MIN_CHI,3230,4,12:13,,0,MIN,CHI,CHI,2.0,"TWO-POINT CONVERSION ATTEMPT. 9-J.McCarthy pass to 19-A.Thielen is incomplete. ATTEMPT FAILS. PENALTY on CHI-55-D.Odeyingbo, Illegal Use of Hands, 1 yard, enforced at CHI 2 - No Play.",no_play,0.0,false,false,,,,,,,false,false,false,false,false,true,1.0,false,-0.0,false,-0.0
2025_01_MIN_CHI,3254,4,12:13,,0,MIN,CHI,CHI,1.0,TWO-POINT CONVERSION ATTEMPT. 9-J.McCarthy pass to 84-J.Oliver is complete. ATTEMPT FAILS.,pass,0.0,false,false,,,,,,,false,false,false,false,false,false,,false,-0.947,false,-0.0243325968682766
2025_01_MIN_CHI,3267,4,12:13,,0,CHI,MIN,MIN,35.0,16-W.Reichard kicks 66 yards from MIN 35 to CHI -1. 12-D.Duvernay to CHI 25 for 26 yards (55-E.Wilson).,kickoff,0.0,false,false,,,,,,,false,false,false,false,false,false,,false,-0.008373720105737448,false,0.0
2025_01_MIN_CHI,3299,4,12:09,1,10,CHI,MIN,CHI,75.0,(12:09) (Shotgun) 18-C.Williams sacked at CHI 17 for -8 yards (97-J.Hargrave).,pass,-8.0,true,false,,,,,,,false,false,true,false,false,false,,false,-1.4470694514457136,false,-0.03271591663360596
2025_01_MIN_CHI,3319,4,11:33,2,18,CHI,MIN,CHI,83.0,(11:33) (Shotgun) 4-D.Swift right guard to CHI 16 for -1 yards (55-E.Wilson).,run,-1.0,true,false,,,,,right,guard,false,false,false,false,false,false,,false,-0.8165794932283461,false,-0.024564743041992188
2025_01_MIN_CHI,3341,4,10:53,3,19,CHI,MIN,CHI,84.0,(10:53) (Shotgun) 18-C.Williams pass incomplete short right to 15-R.Odunze (43-A.Van Ginkel).,pass,0.0,true,false,short,right,-5.0,,,,false,false,false,false,false,false,,false,-0.8971525286324322,false,-0.0633692741394043
2025_01_MIN_CHI,3364,4,10:51,4,19,CHI,MIN,CHI,84.0,"(10:51) 19-T.Taylor punts 56 yards to MIN 28, Center-46-S.Daly. 4-M.Price to 50 for 22 yards (22-E.Hicks; 46-S.Daly).",punt,0.0,false,false,,,,,,,false,false,false,false,false,false,,false,-0.5942695017438382,false,0.015555143356323242
2025_01_MIN_CHI,3390,4,10:37,1,10,MIN,CHI,50,50.0,(10:37) 33-A.Jones right tackle to CHI 41 for 9 yards (29-T.Stevenson).,run,9.0,false,false,,,,,right,tackle,false,false,false,false,false,false,,false,0.6564568707253784,true,0.016605257987976074
2025_01_MIN_CHI,3419,4,10:03,2,1,MIN,CHI,CHI,41.0,(10:03) 9-J.McCarthy pass incomplete deep right to 18-J.Jefferson. CHI-26-N.Wright was injured during the play.,pass,0.0,false,false,deep,right,23.0,,,,false,false,false,false,false,false,,false,-0.5675516254268587,false,-0.027258068323135376
2025_01_MIN_CHI,3442,4,09:57,3,1,MIN,CHI,CHI,41.0,"(9:57) 9-J.McCarthy pass incomplete deep left to 1-J.Nailor [98-M.Sweat]. PENALTY on CHI-29-T.Stevenson, Defensive Pass Interference, 14 yards, enforced at CHI 41 - No Play.",no_play,0.0,false,false,,,,,,,false,true,false,false,false,true,14.0,false,1.3085647810949013,true,0.10282409191131592
2025_01_MIN_CHI,3486,4,09:52,1,10,MIN,CHI,CHI,27.0,"(9:52) (Shotgun) 9-J.McCarthy pass deep right to 33-A.Jones for 27 yards, TOUCHDOWN. ** Injury Update: CHI-26-N.Wright has returned to the game.",pass,27.0,true,false,deep,right,25.0,2.0,,,true,true,false,false,false,false,,true,2.822854483150877,true,0.11698184949159618
2025_01_MIN_CHI,3512,4,09:46,,0,MIN,CHI,CHI,2.0,TWO-POINT CONVERSION ATTEMPT. 9-J.McCarthy pass to 19-A.Thielen is complete. ATTEMPT SUCCEEDS.,pass,2.0,false,false,,,,,,,false,false,false,false,false,false,,false,1.053,true,0.0702156867384911
2025_01_MIN_CHI,3528,4,09:46,,0,CHI,MIN,MIN,35.0,"16-W.Reichard kicks 65 yards from MIN 35 to end zone, Touchback to the CHI 35.",kickoff,0.0,false,false,,,,,,,false,false,false,false,false,false,,false,0.45251535531133413,true,0.02154916524887085
2025_01_MIN_CHI,3545,4,09:46,1,10,CHI,MIN,CHI,65.0,(9:46) 4-D.Swift right end to CHI 35 for no gain (61-J.Redmond).,run,0.0,false,false,,,,,right,end,false,false,false,false,false,false,,false,-0.5449067503213882,false,-0.033104002475738525
2025_01_MIN_CHI,3567,4,09:05,2,10,CHI,MIN,CHI,65.0,(9:05) (Shotgun) 18-C.Williams pass short middle to 15-R.Odunze to CHI 47 for 12 yards (44-J.Metellus).,pass,12.0,true,false,short,middle,10.0,2.0,,,true,true,false,false,false,false,,false,1.3476821596268564,true,0.062324196100234985
2025_01_MIN_CHI,3592,4,08:24,1,10,CHI,MIN,CHI,53.0,(8:24) 18-C.Williams sacked ob at CHI 43 for -4 yards (97-J.Hargrave).,pass,-4.0,false,false,,,,,,,false,false,true,false,false,false,,false,-0.8765442506410182,false,-0.050568997859954834
2025_01_MIN_CHI,3612,4,07:48,2,14,CHI,MIN,CHI,57.0,(7:48) (Shotgun) 18-C.Williams pass incomplete deep right to 15-R.Odunze.,pass,0.0,true,false,deep,right,20.0,,,,false,false,false,false,false,false,,false,-0.8545479679014534,false,-0.046910226345062256
2025_01_MIN_CHI,3635,4,07:42,3,14,CHI,MIN,CHI,57.0,(7:42) (Shotgun) 18-C.Williams pass incomplete short left to 85-C.Kmet [58-J.Greenard].,pass,0.0,true,false,short,left,11.0,,,,false,false,false,false,false,false,,false,-1.1703871681820601,false,-0.043958574533462524
2025_01_MIN_CHI,3658,4,07:38,4,14,CHI,MIN,CHI,57.0,"(7:38) 19-T.Taylor punts 25 yards to MIN 32, Center-46-S.Daly, downed by CHI-46-S.Daly.",punt,0.0,false,false,,,,,,,false,false,false,false,false,false,,false,-1.0537154225166887,false,-0.06469464302062988
2025_01_MIN_CHI,3687,4,07:24,1,10,MIN,CHI,MIN,68.0,(7:24) 27-J.Mason right guard to CHI 49 for 19 yards (26-N.Wright; 49-T.Edmunds).,run,19.0,false,false,,,,,right,guard,false,true,false,false,false,false,,false,1.082621939247474,true,0.055217206478118896
2025_01_MIN_CHI,3709,4,06:39,1,10,MIN,CHI,CHI,49.0,(6:39) 27-J.Mason left tackle to CHI 49 for no gain (44-N.Sewell).,run,0.0,false,false,,,,,left,tackle,false,false,false,false,false,false,,false,-0.44896757369861007,false,-0.01781284809112549
2025_01_MIN_CHI,3731,4,06:02,2,10,MIN,CHI,CHI,49.0,(6:02) (Shotgun) 9-J.McCarthy pass short right to 87-T.Hockenson pushed ob at CHI 40 for 9 yards (49-T.Edmunds).,pass,9.0,true,false,short,right,5.0,4.0,,,true,false,false,false,false,false,,false,0.681981201749295,true,0.023624897003173828
2025_01_MIN_CHI,3761,4,05:20,3,1,MIN,CHI,CHI,40.0,(5:20) 33-A.Jones left guard to CHI 38 for 2 yards (9-J.Brisker).,run,2.0,false,false,,,,,left,guard,false,true,false,false,false,false,,false,0.4052444228436798,true,0.02195572853088379
2025_01_MIN_CHI,3783,4,04:38,1,10,MIN,CHI,CHI,38.0,(4:38) 33-A.Jones left tackle to CHI 34 for 4 yards (50-G.Jarrett; 47-R.Hyppolite).,run,4.0,false,false,,,,,left,tackle,false,false,false,false,false,false,,false,-0.2805694480193779,false,-0.002481400966644287
2025_01_MIN_CHI,3805,4,03:58,2,6,MIN,CHI,CHI,34.0,(3:58) 9-J.McCarthy pass short right to 33-A.Jones pushed ob at CHI 23 for 11 yards (44-N.Sewell).,pass,11.0,false,false,short,right,0.0,11.0,,,true,true,false,false,false,false,,false,1.0632557385251857,true,0.025000810623168945
2025_01_MIN_CHI,3835,4,03:52,1,10,MIN,CHI,CHI,23.0,"(3:52) 27-J.Mason left guard to CHI 24 for -1 yards (98-M.Sweat, 44-N.Sewell).",run,-1.0,false,false,,,,,left,guard,false,false,false,false,false,false,,false,-0.8675843711243942,false,-0.02390974760055542
2025_01_MIN_CHI,3857,4,03:09,2,11,MIN,CHI,CHI,24.0,(3:09) (Shotgun) 9-J.McCarthy pass short right to 18-J.Jefferson to CHI 14 for 10 yards (50-G.Jarrett).,pass,10.0,true,false,short,right,-1.0,11.0,,,true,false,false,false,false,false,,false,0.9277088721864857,true,0.04441899061203003
2025_01_MIN_CHI,3882,4,02:59,3,1,MIN,CHI,CHI,14.0,"(2:59) (Shotgun) 9-J.McCarthy right end for 14 yards, TOUCHDOWN.",run,14.0,true,false,,,,,right,end,false,true,false,false,false,false,,true,2.723166892887093,true,0.08488200932570789
2025_01_MIN_CHI,3894,4,02:59,,0,,,,,"Timeout #2 by CHI at 02:59.",no_play,0.0,false,false,,,,,,,false,false,false,false,false,false,,false,-0.0,false,-0.0
2025_01_MIN_CHI,3912,4,02:53,,0,MIN,CHI,CHI,15.0,"16-W.Reichard extra point is GOOD, Center-42-A.DePaola, Holder-17-R.Wright.",extra_point,0.0,false,false,,,,,,,false,false,false,false,false,false,,false,0.06757300310763314,true,0.0012972992675652772
2025_01_MIN_CHI,3927,4,02:53,,0,CHI,MIN,MIN,35.0,"16-W.Reichard kicks 65 yards from MIN 35 to end zone, Touchback to the CHI 35.",kickoff,0.0,false,false,,,,,,,false,false,false,false,false,false,,false,0.544464886886999,true,0.004157934337854385
2025_01_MIN_CHI,3944,4,02:53,1,10,CHI,MIN,CHI,65.0,(2:53) (Shotgun) 18-C.Williams pass deep middle to 85-C.Kmet to MIN 34 for 31 yards (24-J.Ward).,pass,31.0,true,false,deep,middle,31.0,0.0,,,true,true,false,false,false,false,,false,1.5810357221052982,true,0.016735386103391647
2025_01_MIN_CHI,3969,4,02:32,1,10,CHI,MIN,MIN,34.0,(2:32) (No Huddle) 18-C.Williams pass incomplete deep left to 2-D.Moore.,pass,0.0,false,true,deep,left,34.0,,,,false,false,false,false,false,false,,false,-0.4144427062710747,false,-0.006598424166440964
2025_01_MIN_CHI,3992,4,02:26,2,10,CHI,MIN,MIN,34.0,(2:26) (Shotgun) 18-C.Williams pass incomplete short right to 4-D.Swift.,pass,0.0,true,false,short,right,4.0,,,,false,false,false,false,false,false,,false,-0.46728532324777916,false,-0.0071356818079948425
2025_01_MIN_CHI,4015,4,02:21,3,10,CHI,MIN,MIN,34.0,"(2:21) (Shotgun) 18-C.Williams pass incomplete deep middle to 15-R.Odunze [97-J.Hargrave]. PENALTY on MIN-7-B.Murphy, Illegal Contact, 5 yards, enforced at MIN 34 - No Play.",no_play,0.0,true,false,,,,,,,false,true,false,false,false,true,5.0,false,1.1488972377264872,true,0.013734105974435806
2025_01_MIN_CHI,4049,4,02:16,1,10,CHI,MIN,MIN,29.0,"(2:16) (Shotgun) 18-C.Williams pass incomplete short middle to 2-D.Moore (24-J.Ward). CHI-2-D.Moore was injured during the play. PENALTY on MIN-0-I.Pace, Roughing the Passer, 15 yards, enforced at MIN 29 - No Play.",no_play,0.0,true,false,,,,,,,false,true,false,false,false,true,15.0,false,1.229525734554045,true,0.014106892049312592
2025_01_MIN_CHI,4086,4,02:12,1,10,CHI,MIN,MIN,14.0,"(2:12) (Shotgun) 18-C.Williams scrambles up the middle for 14 yards, TOUCHDOWN. Penalty on MIN-7-B.Murphy, Illegal Contact, declined. The Replay Official reviewed the runner broke the plane ruling, and the play was REVERSED. (Shotgun) 18-C.Williams scrambles up the middle pushed ob at MIN 1 for 13 yards (26-T.Jackson). PENALTY on MIN-7-B.Murphy, Illegal Contact, 0 yards, enforced at MIN 1.",run,13.0,true,false,,,,,middle,,false,true,false,false,false,true,0.0,false,1.6514920155896107,true,0.01998680830001831
2025_01_MIN_CHI,4181,4,02:05,1,1,CHI,MIN,MIN,1.0,"(2:05) 18-C.Williams pass short middle to 15-R.Odunze for 1 yard, TOUCHDOWN.",pass,1.0,false,false,short,middle,1.0,0.0,,,true,true,false,false,false,false,,true,0.6878001073928317,true,0.029554117304996685
2025_01_MIN_CHI,4210,4,02:02,,0,CHI,MIN,MIN,15.0,"8-C.Santos extra point is GOOD, Center-46-S.Daly, Holder-19-T.Taylor.",extra_point,0.0,false,false,,,,,,,false,false,false,false,false,false,,false,0.06757300310763314,true,0.001678046005054279
2025_01_MIN_CHI,4225,4,02:02,,0,MIN,CHI,CHI,35.0,8-C.Santos kicks 72 yards from CHI 35 to MIN -7. 32-T.Chandler to MIN 26 for 33 yards (47-R.Hyppolite).,kickoff,0.0,false,false,,,,,,,false,false,false,false,false,false,,false,-0.15827711892779917,false,-0.0
2025_01_MIN_CHI,4248,4,01:55,1,10,MIN,CHI,MIN,74.0,(1:55) 27-J.Mason right tackle to MIN 29 for 3 yards (31-K.Byard).,run,3.0,false,false,,,,,right,tackle,false,false,false,false,false,false,,false,-0.4556339194532484,false,-0.002272188663482666
2025_01_MIN_CHI,4277,4,01:47,2,7,MIN,CHI,MIN,71.0,(1:47) 27-J.Mason right tackle to MIN 30 for 1 yard (9-J.Brisker).,run,1.0,false,false,,,,,right,tackle,false,false,false,false,false,false,,false,-0.12684846099000424,false,0.04142731428146362
2025_01_MIN_CHI,4289,4,01:47,,0,,,,,"Timeout #3 by CHI at 01:47.",no_play,0.0,false,false,,,,,,,false,false,false,false,false,false,,false,-0.0,false,-0.0
2025_01_MIN_CHI,4306,4,01:02,3,6,MIN,CHI,MIN,70.0,(1:02) 27-J.Mason left tackle to MIN 31 for 1 yard (99-G.Dexter).,run,1.0,false,false,,,,,left,tackle,false,false,false,false,false,false,,false,-0.1526978790643625,false,-0.04413193464279175
2025_01_MIN_CHI,4318,4,01:02,,0,,,,,"Timeout #1 by MIN at 01:02.",no_play,0.0,false,false,,,,,,,false,false,false,false,false,false,,false,-0.0,false,-0.0
2025_01_MIN_CHI,4335,4,00:16,4,5,MIN,CHI,MIN,69.0,"(:16) 17-R.Wright punts 49 yards to CHI 20, Center-42-A.DePaola, fair catch by 12-D.Duvernay.",punt,0.0,false,false,,,,,,,false,false,false,false,false,false,,false,0.019655892479931936,true,0.05177876353263855
2025_01_MIN_CHI,4347,4,00:16,,0,,,,,"Timeout #2 by MIN at 00:16.",no_play,0.0,false,false,,,,,,,false,false,false,false,false,false,,false,-0.0,false,-0.0
2025_01_MIN_CHI,4362,4,00:09,1,10,CHI,MIN,CHI,80.0,"(:09) (Shotgun) 18-C.Williams Aborted. 52-D.Dalman FUMBLES at CHI 16, recovered by CHI-2-D.Moore at CHI 16. 2-D.Moore pushed ob at CHI 21 for 5 yards (2-I.Rodgers). ** Injury Update: CHI-2-D.Moore has returned to the game. PENALTY on CHI, Illegal Shift, 5 yards, enforced at CHI 20 - No Play.",no_play,0.0,true,false,,,,,,,false,false,false,false,false,true,5.0,false,-0.0680743106349837,false,-0.0077734291553497314
2025_01_MIN_CHI,4400,4,00:05,1,15,CHI,MIN,CHI,85.0,"(:05) (Shotgun) 18-C.Williams pass short right to 15-R.Odunze to CHI 23 for 8 yards. Lateral to 2-D.Moore to CHI 36 for 13 yards (44-J.Metellus, 37-T.Thomas). FUMBLES (37-T.Thomas), touched at CHI 34, RECOVERED by MIN-24-J.Ward at CHI 35. MIN-8-J.Okudah was injured during the play.",pass,19.0,true,false,short,right,8.0,0.0,,,true,false,false,false,true,false,,false,0.049861259874887764,true,-0.06613439321517944
2025_01_MIN_CHI,4451,4,00:00,,0,CHI,MIN,,,END GAME,,,false,false,,,,,,,,,,,,,,,,,
2025_02_ATL_MIN,1,1,15:00,,0,,,,,GAME,,,false,false,,,,,,,,,,,,,,,-0.0,false,-0.0
2025_02_ATL_MIN,40,1,15:00,,0,ATL,MIN,MIN,35.0,"16-W.Reichard kicks 65 yards from MIN 35 to end zone, Touchback to the ATL 35.",kickoff,0.0,false,false,,,,,,,false,false,false,false,false,false,,false,0.499796514865011,true,0.015445202589035034
2025_02_ATL_MIN,57,1,15:00,1,10,ATL,MIN,ATL,65.0,(15:00) (Shotgun) 7-B.Robinson left tackle to MIN 40 for 25 yards (26-T.Jackson).,run,25.0,true,false,,,,,left,tackle,false,true,false,false,false,false,,false,1.8952390179038048,true,0.06354081630706787
2025_02_ATL_MIN,79,1,14:20,1,10,ATL,MIN,MIN,40.0,(14:20) (Shotgun) 7-B.Robinson right tackle to MIN 23 for 17 yards (7-B.Murphy; 26-T.Jackson).,run,17.0,true,false,,,,,right,tackle,false,true,false,false,false,false,,false,1.1801370639586821,true,0.048534512519836426
2025_02_ATL_MIN,101,1,13:40,1,10,ATL,MIN,MIN,23.0,(13:40) (Shotgun) 7-B.Robinson right tackle to MIN 18 for 5 yards (15-D.Turner; 61-J.Redmond).,run,5.0,true,false,,,,,right,tackle,false,false,false,false,false,false,,false,0.19774275401141495,true,-0.013125240802764893
2025_02_ATL_MIN,123,1,13:00,2,5,ATL,MIN,MIN,18.0,(13:00) (Shotgun) 7-B.Robinson left guard to MIN 18 for no gain (93-J.Allen).,run,0.0,true,false,,,,,left,guard,false,false,false,false,false,false,,false,-0.8003350743092597,false,-0.029458463191986084
2025_02_ATL_MIN,145,1,12:16,3,5,ATL,MIN,MIN,18.0,"(12:16) (Shotgun) PENALTY on ATL-70-J.Matthews, False Start, 5 yards, enforced at MIN 18 - No Play.",no_play,0.0,true,false,,,,,,,false,false,false,false,false,true,5.0,false,-0.4659286158857867,false,-0.010967433452606201
2025_02_ATL_MIN,157,1,12:16,,0,,,,,"Timeout #1 by ATL at 12:16.",no_play,0.0,false,false,,,,,,,false,false,false,false,false,false,,false,-0.0,false,-0.0
2025_02_ATL_MIN,176,1,12:16,3,10,ATL,MIN,MIN,23.0,(12:16) (Shotgun) 9-M.Penix pass short right to 8-K.Pitts to MIN 15 for 8 yards (44-J.Metellus).,pass,8.0,true,false,short,right,6.0,2.0,,,true,false,false,false,false,false,,false,-0.5697740104515105,false,-0.021303564310073853
2025_02_ATL_MIN,201,1,11:27,4,2,ATL,MIN,MIN,15.0,"(11:27) (Run formation) PENALTY on ATL, Delay of Game, 5 yards, enforced at MIN 15 - No Play.",no_play,0.0,false,false,,,,,,,false,false,false,false,false,true,5.0,false,-0.4052862983315362,false,-0.02343490719795227
2025_02_ATL_MIN,225,1,11:15,4,7,ATL,MIN,MIN,20.0,"(11:15) 39-J.Romo 38 yard field goal is GOOD, Center-49-L.McCullough, Holder-13-B.Pinion.",field_goal,0.0,false,false,,,,,,,false,false,false,false,false,false,,false,0.4601572899499087,true,0.021342158317565918
2025_02_ATL_MIN,247,1,11:12,,0,MIN,ATL,ATL,35.0,13-B.Pinion kicks 62 yards from ATL 35 to MIN 3. 4-M.Price to MIN 27 for 24 yards (20-D.Alford; 51-D.Malone).,kickoff,0.0,false,false,,,,,,,false,false,false,false,false,false,,false,0.12106143031269312,true,0.0
2025_02_ATL_MIN,277,1,11:06,1,10,MIN,ATL,MIN,73.0,(11:06) (Shotgun) 9-J.McCarthy pass short left to 1-J.Nailor ran ob at MIN 29 for 2 yards.,pass,2.0,true,false,short,left,2.0,0.0,,,true,false,false,false,false,false,,false,-0.42388433404266834,false,-0.009958148002624512
2025_02_ATL_MIN,307,1,10:32,2,8,MIN,ATL,MIN,71.0,(10:32) 33-A.Jones right end to MIN 30 for 1 yard (0-D.Deablo).,run,1.0,false,false,,,,,right,end,false,false,false,false,false,false,,false,-0.6981805358082056,false,-0.022057533264160156
2025_02_ATL_MIN,329,1,09:51,3,7,MIN,ATL,MIN,70.0,(9:51) (Shotgun) 9-J.McCarthy scrambles right end to MIN 36 for 6 yards (3-J.Bates).,run,6.0,true,false,,,,,right,end,false,false,false,false,false,false,,false,-0.44626272935420275,false,0.011717677116394043
2025_02_ATL_MIN,351,1,09:26,4,1,MIN,ATL,MIN,64.0,"(9:26) (No Huddle) 9-J.McCarthy FUMBLES (Aborted) at MIN 36, and recovers at MIN 36. 9-J.McCarthy to MIN 36 for no gain (55-K.Elliss).",run,0.0,false,true,,,,,,,false,false,false,false,false,false,,false,-3.9757333528250456,false,-0.09893852472305298
2025_02_ATL_MIN,373,1,09:18,1,10,ATL,MIN,MIN,36.0,(9:18) (Shotgun) 7-B.Robinson right end to MIN 29 for 7 yards (7-B.Murphy).,run,7.0,true,false,,,,,right,end,false,false,false,false,false,false,,false,0.45482408348470926,true,-0.007809638977050781
2025_02_ATL_MIN,395,1,08:37,2,3,ATL,MIN,MIN,29.0,(8:37) (Shotgun) 9-M.Penix pass incomplete short right to 7-B.Robinson [58-J.Greenard].,pass,0.0,true,false,short,right,-6.0,,,,false,false,false,false,false,false,,false,-0.6816431439947337,false,-0.023983895778656006
2025_02_ATL_MIN,430,1,08:34,3,3,ATL,MIN,MIN,29.0,(8:34) (Shotgun) 9-M.Penix pass short right to 8-K.Pitts to MIN 15 for 14 yards (26-T.Jackson).,pass,14.0,true,false,short,right,5.0,9.0,,,true,true,false,false,false,false,,false,1.801840838859789,true,0.057630717754364014
2025_02_ATL_MIN,455,1,07:48,1,10,ATL,MIN,MIN,15.0,(7:48) (Shotgun) 9-M.Penix pass short right to 7-B.Robinson pushed ob at MIN 10 for 5 yards (44-J.Metellus).,pass,5.0,true,false,short,right,4.0,1.0,,,true,false,false,false,false,false,,false,-0.031017890898510814,false,0.012935817241668701
2025_02_ATL_MIN,485,1,07:07,2,5,ATL,MIN,MIN,10.0,(7:07) (Shotgun) 9-M.Penix pass incomplete short right to 7-B.Robinson.,pass,0.0,true,false,short,right,5.0,,,,false,false,false,false,false,false,,false,-0.7547997224610299,false,-0.014102578163146973
2025_02_ATL_MIN,508,1,06:58,3,5,ATL,MIN,MIN,10.0,(6:58) (Shotgun) 9-M.Penix pass incomplete short left to 1-D.Mooney.,pass,0.0,true,false,short,left,10.0,,,,false,false,false,false,false,false,,false,-1.3033991804131193,false,-0.052793681621551514
2025_02_ATL_MIN,531,1,06:51,4,5,ATL,MIN,MIN,10.0,"(6:51) 39-J.Romo 29 yard field goal is GOOD, Center-49-L.McCullough, Holder-13-B.Pinion.",field_goal,0.0,false,false,,,,,,,false,false,false,false,false,false,,false,0.06868313183252495,true,0.02031886577606201
2025_02_ATL_MIN,551,1,06:48,,0,MIN,ATL,ATL,35.0,"13-B.Pinion kicks 66 yards from ATL 35 to MIN -1. 4-M.Price to MIN 24 for 25 yards (28-M.Ford). PENALTY on MIN-59-G.Murphy, Offensive Holding, 10 yards, enforced at MIN 24.",kickoff,0.0,false,false,,,,,,,false,false,false,false,false,true,10.0,false,-0.7685726573690772,false,-0.012017011642456055
2025_02_ATL_MIN,612,1,06:43,1,10,MIN,ATL,MIN,86.0,(6:43) 33-A.Jones right end to MIN 21 for 7 yards (21-M.Hughes).,run,7.0,false,false,,,,,right,end,false,false,false,false,false,false,,false,0.2873841472901404,true,0.008212059736251831
2025_02_ATL_MIN,634,1,06:05,2,3,MIN,ATL,MIN,79.0,(6:05) 33-A.Jones left end to MIN 22 for 1 yard (17-A.Ebiketie).,run,1.0,false,false,,,,,left,end,false,false,false,false,false,false,,false,-0.5561892385594547,false,-0.009476453065872192
2025_02_ATL_MIN,656,1,05:26,3,2,MIN,ATL,MIN,78.0,(5:26) (Shotgun) 9-J.McCarthy sacked at MIN 13 for -9 yards (sack split by 27-J.Pearce and 54-B.Dorlus).,pass,-9.0,true,false,,,,,,,false,false,true,false,false,false,,false,-2.707258489448577,false,-0.06411504745483398
2025_02_ATL_MIN,676,1,04:42,4,11,MIN,ATL,MIN,87.0,"(4:42) 17-R.Wright punts 59 yards to ATL 28, Center-42-A.DePaola, fair catch by 20-D.Alford.",punt,0.0,false,false,,,,,,,false,false,false,false,false,false,,false,0.8275178896728903,true,-0.007738471031188965
2025_02_ATL_MIN,696,1,04:35,1,10,ATL,MIN,ATL,72.0,"(4:35) (Shotgun) 9-M.Penix pass short right to 25-T.Allgeier to ATL 31 for 3 yards (2-I.Rodgers). PENALTY on MIN-7-B.Murphy, Illegal Contact, 5 yards, enforced at ATL 28 - No Play.",no_play,0.0,true,false,,,,,,,false,true,false,false,false,true,5.0,false,0.37298308755271137,true,0.014530062675476074
2025_02_ATL_MIN,739,1,04:08,1,10,ATL,MIN,ATL,67.0,(4:08) (Shotgun) 25-T.Allgeier up the middle to ATL 38 for 5 yards (97-J.Hargrave).,run,5.0,true,false,,,,,middle,,false,false,false,false,false,false,,false,-0.0490651607979089,false,0.002010822296142578
2025_02_ATL_MIN,761,1,03:25,2,5,ATL,MIN,ATL,62.0,(3:25) (Shotgun) 25-T.Allgeier right guard to ATL 44 for 6 yards (58-J.Greenard; 0-I.Pace).,run,6.0,true,false,,,,,right,guard,false,true,false,false,false,false,,false,0.756637712707743,true,0.01715749502182007
2025_02_ATL_MIN,783,1,02:44,1,10,ATL,MIN,ATL,56.0,(2:44) (Shotgun) 9-M.Penix pass short right to 8-K.Pitts to MIN 44 for 12 yards (2-I.Rodgers).,pass,12.0,true,false,short,right,12.0,0.0,,,true,true,false,false,false,false,,false,0.8025328672956675,true,0.01201564073562622
2025_02_ATL_MIN,808,1,02:00,1,10,ATL,MIN,MIN,44.0,"(2:00) (Shotgun) PENALTY on ATL-8-K.Pitts, False Start, 4 yards, enforced at MIN 44 - No Play.",no_play,0.0,true,false,,,,,,,false,false,false,false,false,true,4.0,false,-0.604226132389158,false,-0.021461784839630127
2025_02_ATL_MIN,832,1,01:40,1,14,ATL,MIN,MIN,48.0,"(1:40) (Shotgun) 9-M.Penix pass short right to 5-D.London to MIN 30 for 18 yards (55-E.Wilson). FUMBLES (55-E.Wilson), RECOVERED by MIN-26-T.Jackson at MIN 23. 26-T.Jackson to MIN 32 for 9 yards (5-D.London).",pass,18.0,true,false,short,right,13.0,5.0,,,true,false,false,false,true,false,,false,-4.596817086916417,false,-0.11329132318496704
2025_02_ATL_MIN,873,1,01:28,1,10,MIN,ATL,MIN,68.0,(1:28) 9-J.McCarthy pass short right to 18-J.Jefferson ran ob at MIN 41 for 9 yards.,pass,9.0,false,false,short,right,11.0,-2.0,,,true,false,false,false,false,false,,false,0.5567257390357554,true,0.028932243585586548
2025_02_ATL_MIN,910,1,00:49,2,1,MIN,ATL,MIN,59.0,(:49) 27-J.Mason left end to MIN 40 for -1 yards (90-D.Onyemata).,run,-1.0,false,false,,,,,left,end,false,false,false,false,false,false,,false,-1.025422234321013,false,-0.0386219322681427
2025_02_ATL_MIN,932,1,00:07,3,2,MIN,ATL,MIN,60.0,(:07) (Shotgun) 27-J.Mason up the middle to MIN 43 for 3 yards (11-J.Walker; 54-B.Dorlus).,run,3.0,true,false,,,,,middle,,false,true,false,false,false,false,,false,0.8521034761797637,true,0.030923157930374146
2025_02_ATL_MIN,954,1,00:00,,0,MIN,ATL,,,END QUARTER 1,,,false,false,,,,,,,,,,,,,,,0.0,false,0.0
2025_02_ATL_MIN,974,2,15:00,1,10,MIN,ATL,MIN,57.0,(15:00) 9-J.McCarthy pass short right to 27-J.Mason to MIN 45 for 2 yards (33-B.Bowman; 90-D.Onyemata).,pass,2.0,false,false,short,right,-4.0,6.0,,,true,false,false,false,false,false,,false,-0.5504600007552654,false,-0.01645594835281372
2025_02_ATL_MIN,999,2,14:23,2,8,MIN,ATL,MIN,55.0,(14:23) 9-J.McCarthy scrambles left end ran ob at MIN 47 for 2 yards (33-B.Bowman; 27-J.Pearce).,run,2.0,false,false,,,,,left,end,false,false,false,false,false,false,,false,-0.5751894423738122,false,-0.022466838359832764
2025_02_ATL_MIN,1026,2,13:45,3,6,MIN,ATL,MIN,53.0,(13:45) (Shotgun) 9-J.McCarthy pass short right to 1-J.Nailor to ATL 41 for 12 yards (33-B.Bowman).,pass,12.0,true,false,short,right,11.0,1.0,,,true,true,false,false,false,false,,false,1.89004462887533,true,0.058645665645599365
2025_02_ATL_MIN,1051,2,13:03,1,10,MIN,ATL,ATL,41.0,(13:03) 27-J.Mason left tackle to ATL 35 for 6 yards (96-Z.Harrison).,run,6.0,false,false,,,,,left,tackle,false,false,false,false,false,false,,false,0.16278728062752634,true,0.012883603572845459
2025_02_ATL_MIN,1073,2,12:28,2,4,MIN,ATL,ATL,35.0,"(12:28) PENALTY on MIN-76-W.Fries, False Start, 5 yards, enforced at ATL 35 - No Play.",no_play,0.0,false,false,,,,,,,false,false,false,false,false,true,5.0,false,-0.7354737230343744,false,-0.026792138814926147
2025_02_ATL_MIN,1097,2,12:11,2,9,MIN,ATL,ATL,40.0,(12:11) (Shotgun) 27-J.Mason left guard to ATL 32 for 8 yards (24-A.Terrell; 55-K.Elliss).,run,8.0,true,false,,,,,left,guard,false,false,false,false,false,false,,false,0.6238303822465241,true,0.00993618369102478
2025_02_ATL_MIN,1119,2,11:24,3,1,MIN,ATL,ATL,32.0,(11:24) (Shotgun) 27-J.Mason up the middle to ATL 30 for 2 yards (17-A.Ebiketie).,run,2.0,true,false,,,,,middle,,false,true,false,false,false,false,,false,0.5375226590549573,true,0.03808906674385071
2025_02_ATL_MIN,1141,2,10:44,1,10,MIN,ATL,ATL,30.0,(10:44) (Shotgun) 9-J.McCarthy sacked at ATL 38 for -8 yards (56-L.Floyd).,pass,-8.0,true,false,,,,,,,false,false,true,false,false,false,,false,-1.533583389944397,false,-0.04247435927391052
2025_02_ATL_MIN,1161,2,10:04,2,18,MIN,ATL,ATL,38.0,(10:04) (Shotgun) 9-J.McCarthy pass incomplete short middle to 87-T.Hockenson (0-D.Deablo).,pass,0.0,true,false,short,middle,7.0,,,,false,false,false,false,false,false,,false,-0.918673112988472,false,-0.03763219714164734
2025_02_ATL_MIN,1184,2,10:00,3,18,MIN,ATL,ATL,38.0,(10:00) (Shotgun) 9-J.McCarthy pass deep right to 19-A.Thielen to ATL 19 for 19 yards (33-B.Bowman).,pass,19.0,true,false,deep,right,19.0,0.0,,,true,true,false,false,false,false,,false,3.0805224518990144,true,0.0904281735420227
2025_02_ATL_MIN,1209,2,09:18,1,10,MIN,ATL,ATL,19.0,"(9:18) (No Huddle, Shotgun) 9-J.McCarthy pass deep right to 1-J.Nailor pushed ob at ATL 2 for 17 yards (24-A.Terrell).",pass,17.0,true,true,deep,right,17.0,0.0,,,true,true,false,false,false,false,,false,1.5517639311146922,true,0.030811786651611328
2025_02_ATL_MIN,1239,2,08:39,1,2,MIN,ATL,ATL,2.0,"(8:39) 9-J.McCarthy to ATL 7 for -5 yards. FUMBLES, and recovers at ATL 8. 9-J.McCarthy pass incomplete short right to 18-J.Jefferson [55-K.Elliss].",pass,0.0,false,false,short,right,2.0,,,,false,false,false,false,false,false,,false,-0.3588565503596328,false,-0.012130379676818848
2025_02_ATL_MIN,1278,2,08:32,2,2,MIN,ATL,ATL,2.0,"(8:32) PENALTY on MIN, Delay of Game, 5 yards, enforced at ATL 2 - No Play.",no_play,0.0,false,false,,,,,,,false,false,false,false,false,true,5.0,false,-0.9332567196106538,false,-0.029609709978103638
2025_02_ATL_MIN,1302,2,08:32,2,7,MIN,ATL,ATL,7.0,(8:32) 9-J.McCarthy sacked at ATL 14 for -7 yards (11-J.Walker).,pass,-7.0,false,false,,,,,,,false,false,true,false,false,false,,false,-1.6671315662097186,false,-0.05342110991477966
2025_02_ATL_MIN,1322,2,07:50,3,14,MIN,ATL,ATL,14.0,(7:50) (Shotgun) 9-J.McCarthy sacked at ATL 15 for -1 yards (sack split by 98-R.Orhorhoro and 96-Z.Harrison).,pass,-1.0,true,false,,,,,,,false,false,true,false,false,false,,false,-0.5353316071024783,false,-0.03313472867012024
2025_02_ATL_MIN,1342,2,07:08,4,15,MIN,ATL,ATL,15.0,"(7:08) 16-W.Reichard 33 yard field goal is GOOD, Center-42-A.DePaola, Holder-17-R.Wright.",field_goal,0.0,false,false,,,,,,,false,false,false,false,false,false,,false,0.21677638136787936,true,0.04568031430244446
2025_02_ATL_MIN,1362,2,07:06,,0,ATL,MIN,MIN,35.0,"16-W.Reichard kicks 63 yards from MIN 35 to ATL 2. 20-D.Alford MUFFS catch, and recovers at ATL 2. 20-D.Alford to ATL 23 for 21 yards (0-I.Pace).",kickoff,0.0,false,false,,,,,,,false,false,false,false,false,false,,false,-0.17948390753008425,false,0.00032275915145874023
2025_02_ATL_MIN,1405,2,07:00,1,10,ATL,MIN,ATL,77.0,(7:00) (Shotgun) 7-B.Robinson up the middle to ATL 30 for 7 yards (97-J.Hargrave; 26-T.Jackson).,run,7.0,true,false,,,,,middle,,false,false,false,false,false,false,,false,0.3909233540762216,true,-0.009261488914489746
2025_02_ATL_MIN,1427,2,06:21,2,3,ATL,MIN,ATL,70.0,(6:21) (Shotgun) 7-B.Robinson right guard to ATL 32 for 2 yards (93-J.Allen).,run,2.0,true,false,,,,,right,guard,false,false,false,false,false,false,,false,-0.20756537606939673,false,0.006059587001800537
2025_02_ATL_MIN,1449,2,05:42,3,1,ATL,MIN,ATL,68.0,(5:42) 25-T.Allgeier up the middle to ATL 36 for 4 yards (0-I.Pace).,run,4.0,false,false,,,,,middle,,false,true,false,false,false,false,,false,0.564706233330071,true,0.02443331480026245
2025_02_ATL_MIN,1471,2,05:03,1,10,ATL,MIN,ATL,64.0,(5:03) (Shotgun) 9-M.Penix sacked at ATL 26 for -10 yards (15-D.Turner).,pass,-10.0,true,false,,,,,,,false,false,true,false,false,false,,false,-1.6323100556619465,false,-0.0540652871131897
2025_02_ATL_MIN,1491,2,04:16,2,20,ATL,MIN,ATL,74.0,(4:16) (Shotgun) 9-M.Penix pass incomplete short middle to 34-R.McCloud.,pass,0.0,true,false,short,middle,5.0,,,,false,false,false,false,false,false,,false,-0.6843461827374995,false,-0.014610826969146729
2025_02_ATL_MIN,1514,2,04:10,3,20,ATL,MIN,ATL,74.0,(4:10) (Shotgun) 9-M.Penix pass short right to 7-B.Robinson pushed ob at ATL 41 for 15 yards (2-I.Rodgers).,pass,15.0,true,false,short,right,-1.0,16.0,,,true,false,false,false,false,false,,false,-0.027680229977704585,false,0.0027955174446105957
2025_02_ATL_MIN,1549,2,03:31,4,5,ATL,MIN,ATL,59.0,"(3:31) 13-B.Pinion punts 46 yards to MIN 13, Center-49-L.McCullough. 4-M.Price to MIN 13 for no gain (28-M.Ford).",punt,0.0,false,false,,,,,,,false,false,false,false,false,false,,false,0.027875895728357136,true,0.006434977054595947
2025_02_ATL_MIN,1575,2,03:23,1,10,MIN,ATL,MIN,87.0,(3:23) (Shotgun) 33-A.Jones up the middle to MIN 19 for 6 yards (0-D.Deablo; 96-Z.Harrison).,run,6.0,true,false,,,,,middle,,false,false,false,false,false,false,,false,0.1927772567141801,true,0.006218641996383667
2025_02_ATL_MIN,1604,2,02:50,2,4,MIN,ATL,MIN,81.0,(2:50) (Shotgun) 9-J.McCarthy pass short middle to 19-A.Thielen to MIN 26 for 7 yards (24-A.Terrell).,pass,7.0,true,false,short,middle,7.0,0.0,,,true,true,false,false,false,false,,false,0.5569287753896788,true,1.3649463653564453e-05
2025_02_ATL_MIN,1629,2,02:12,1,10,MIN,ATL,MIN,74.0,(2:12) 9-J.McCarthy pass short right intended for 1-J.Nailor INTERCEPTED by 33-B.Bowman at MIN 38. 33-B.Bowman to MIN 38 for no gain (1-J.Nailor).,pass,0.0,false,false,short,right,12.0,,,,false,false,false,true,false,false,,false,-4.556995913037099,false,-0.12043145298957825
2025_02_ATL_MIN,1656,2,02:03,1,10,ATL,MIN,MIN,38.0,(2:03) (Shotgun) 7-B.Robinson right tackle to MIN 35 for 3 yards (61-J.Redmond).,run,3.0,true,false,,,,,right,tackle,false,false,false,false,false,false,,false,-0.25694859540089965,false,-0.012290477752685547
2025_02_ATL_MIN,1678,2,01:59,2,7,ATL,MIN,MIN,35.0,"(1:59) (Shotgun) 9-M.Penix pass incomplete short right to 5-D.London [58-J.Greenard]. MIN-58-J.Greenard was injured during the play. Penalty on MIN-58-J.Greenard, Defensive Offside, offsetting, enforced at MIN 35 - No Play. Penalty on ATL-71-E.Wilkinson, Offensive Holding, offsetting.",no_play,,true,false,,,,,,,,,,,,,,,0.09965252527035773,true,-0.0
2025_02_ATL_MIN,1722,2,01:56,2,7,ATL,MIN,MIN,35.0,(1:56) (Shotgun) 7-B.Robinson right end to MIN 29 for 6 yards (0-I.Pace; 93-J.Allen).,run,6.0,true,false,,,,,right,end,false,false,false,false,false,false,,false,0.44685689418110996,true,0.0026442408561706543
2025_02_ATL_MIN,1734,2,01:56,,0,,,,,"Timeout #1 by MIN at 01:56.",no_play,0.0,false,false,,,,,,,false,false,false,false,false,false,,false,-0.0,false,-0.0
2025_02_ATL_MIN,1751,2,01:14,3,1,ATL,MIN,MIN,29.0,(1:14) 25-T.Allgeier left tackle to MIN 19 for 10 yards (55-E.Wilson; 7-B.Murphy). ** Injury Update: MIN-58-J.Greenard has returned to the game.,run,10.0,false,false,,,,,left,tackle,false,true,false,false,false,false,,false,0.8912015352980234,true,0.05288732051849365
2025_02_ATL_MIN,1773,2,00:41,1,10,ATL,MIN,MIN,19.0,"(:41) (No Huddle, Shotgun) 9-M.Penix pass short left to 25-T.Allgeier pushed ob at MIN 15 for 4 yards (0-I.Pace).",pass,4.0,true,true,short,left,3.0,1.0,,,true,false,false,false,false,false,,false,-0.02851759613258764,false,-0.008561432361602783
2025_02_ATL_MIN,1803,2,00:36,2,6,ATL,MIN,MIN,15.0,(:36) (Shotgun) 9-M.Penix pass incomplete short left to 1-D.Mooney.,pass,0.0,true,false,short,left,15.0,,,,false,false,false,false,false,false,,false,-0.5820357642951421,false,-0.0030765533447265625
2025_02_ATL_MIN,1829,2,00:33,3,6,ATL,MIN,MIN,15.0,(:33) (Shotgun) 9-M.Penix pass incomplete short right to 34-R.McCloud [93-J.Allen].,pass,0.0,true,false,short,right,15.0,,,,false,false,false,false,false,false,,false,-0.9727479572221203,false,-0.05528879165649414
2025_02_ATL_MIN,1855,2,00:28,4,6,ATL,MIN,MIN,15.0,"(:28) 39-J.Romo 33 yard field goal is GOOD, Center-49-L.McCullough, Holder-13-B.Pinion.",field_goal,0.0,false,false,,,,,,,false,false,false,false,false,false,,false,0.174694952384991,true,0.027976810932159424
2025_02_ATL_MIN,1875,2,00:25,,0,MIN,ATL,ATL,35.0,13-B.Pinion kicks 60 yards from ATL 35 to MIN 5. 4-M.Price to MIN 20 for 15 yards (42-J.Woods).,kickoff,0.0,false,false,,,,,,,false,false,false,false,false,false,,false,-0.26534407993312925,false,-0.0044476985931396484
2025_02_ATL_MIN,1898,2,00:18,1,10,MIN,ATL,MIN,80.0,(:18) (Shotgun) 9-J.McCarthy sacked at MIN 17 for -3 yards (54-B.Dorlus). ATL-24-A.Terrell was injured during the play.,pass,-3.0,true,false,,,,,,,false,false,true,false,false,false,,false,-0.1682432993547991,false,-0.01546284556388855
2025_02_ATL_MIN,1921,2,00:12,2,13,MIN,ATL,MIN,83.0,(:12) (Shotgun) 9-J.McCarthy pass deep middle to 18-J.Jefferson to ATL 33 for 50 yards (31-X.Watts; 3-J.Bates).,pass,50.0,true,false,deep,middle,30.0,20.0,,,true,true,false,false,false,false,,false,2.0448595619137055,true,0.10359477996826172
2025_02_ATL_MIN,1933,2,00:12,,0,,,,,"Timeout #2 by ATL at 00:12.",no_play,0.0,false,false,,,,,,,false,false,false,false,false,false,,false,0.0,false,0.0
2025_02_ATL_MIN,1953,2,00:02,1,10,MIN,ATL,ATL,33.0,"(:02) 16-W.Reichard 51 yard field goal is GOOD, Center-42-A.DePaola, Holder-17-R.Wright.",field_goal,0.0,false,false,,,,,,,false,false,false,false,false,false,,false,0.8490100239095622,true,0.004028111696243286
2025_02_ATL_MIN,1965,2,00:02,,0,,,,,"Timeout #2 by MIN at 00:02.",no_play,0.0,false,false,,,,,,,false,false,false,false,false,false,,false,0.0,false,0.0
2025_02_ATL_MIN,1980,2,00:00,,0,,,,,END QUARTER 2,,,false,false,,,,,,,,,,,,,,,,,0.0
2025_02_ATL_MIN,1998,3,15:00,,0,MIN,ATL,ATL,35.0,13-B.Pinion kicks 62 yards from ATL 35 to MIN 3. 4-M.Price to MIN 22 for 19 yards (20-D.Alford).,kickoff,0.0,false,false,,,,,,,false,false,false,false,false,false,,false,-0.4047208274714649,false,0.0007062256336212158
2025_02_ATL_MIN,2031,3,14:55,1,10,MIN,ATL,MIN,78.0,(14:55) 33-A.Jones left end pushed ob at MIN 30 for 8 yards (31-X.Watts).,run,8.0,false,false,,,,,left,end,false,false,false,false,false,false,,false,0.7820284063927829,true,0.02163061499595642
2025_02_ATL_MIN,2058,3,14:20,2,2,MIN,ATL,MIN,70.0,(14:20) 9-J.McCarthy pass incomplete deep left to 19-A.Thielen.,pass,0.0,false,false,deep,left,32.0,,,,false,false,false,false,false,false,,false,-0.7655407069250941,false,-0.03023478388786316
2025_02_ATL_MIN,2081,3,14:14,3,2,MIN,ATL,MIN,70.0,"(14:14) (Shotgun) 9-J.McCarthy pass short right intended for 87-T.Hockenson INTERCEPTED by 33-B.Bowman at MIN 36. 33-B.Bowman to MIN 10 for 26 yards (67-J.Skule). The Replay Official reviewed the interception ruling, and the play was REVERSED. (Shotgun) 9-J.McCarthy pass incomplete short right to 87-T.Hockenson (33-B.Bowman).",pass,0.0,true,false,short,right,6.0,,,,false,false,false,false,false,false,,false,-1.9394248225726187,false,-0.054746776819229126
2025_02_ATL_MIN,2124,3,14:11,4,2,MIN,ATL,MIN,70.0,"(14:11) 17-R.Wright punts 49 yards to ATL 21, Center-42-A.DePaola, fair catch by 35-N.Brooks.",punt,0.0,false,false,,,,,,,false,false,false,false,false,false,,false,-0.19569242652505636,false,0.027939558029174805
2025_02_ATL_MIN,2200,3,14:04,1,10,ATL,MIN,ATL,79.0,(14:04) (Shotgun) 7-B.Robinson left tackle to ATL 30 for 9 yards (58-J.Greenard; 26-T.Jackson).,run,9.0,true,false,,,,,left,tackle,false,false,false,false,false,false,,false,0.946149337105453,true,0.01493138074874878
2025_02_ATL_MIN,2222,3,13:23,2,1,ATL,MIN,ATL,70.0,(13:23) (Shotgun) 7-B.Robinson right guard to ATL 32 for 2 yards (61-J.Redmond; 15-D.Turner).,run,2.0,true,false,,,,,right,guard,false,true,false,false,false,false,,false,-0.03562831785529852,false,-0.00016641616821289062
2025_02_ATL_MIN,2244,3,12:42,1,10,ATL,MIN,ATL,68.0,"(12:42) (Shotgun) PENALTY on ATL-71-E.Wilkinson, False Start, 5 yards, enforced at ATL 32 - No Play.",no_play,0.0,true,false,,,,,,,false,false,false,false,false,true,5.0,false,-0.7184704751707613,false,-0.02744162082672119
2025_02_ATL_MIN,2268,3,12:20,1,15,ATL,MIN,ATL,73.0,(12:20) (Shotgun) 9-M.Penix pass incomplete short right to 5-D.London.,pass,0.0,true,false,short,right,9.0,,,,false,false,false,false,false,false,,false,-0.6931274659000337,false,-0.018036305904388428
2025_02_ATL_MIN,2291,3,12:18,2,15,ATL,MIN,ATL,73.0,"(12:18) (No Huddle, Shotgun) Direct snap to 7-B.Robinson. 7-B.Robinson up the middle to ATL 38 for 11 yards (24-J.Ward).",run,11.0,true,true,,,,,middle,,false,false,false,false,false,false,,false,0.6214311355724931,true,0.028796672821044922
2025_02_ATL_MIN,2315,3,11:42,3,4,ATL,MIN,ATL,62.0,"(11:42) (No Huddle, Shotgun) 9-M.Penix pass short left to 1-D.Mooney to ATL 49 for 11 yards (7-B.Murphy).",pass,11.0,true,true,short,left,11.0,0.0,,,true,true,false,false,false,false,,false,1.8026110285427421,true,0.08037936687469482
2025_02_ATL_MIN,2340,3,11:04,1,10,ATL,MIN,ATL,51.0,"(11:04) (Shotgun) 25-T.Allgeier left end to ATL 48 for -1 yards (61-J.Redmond, 90-T.Ingram-Dawkins).",run,-1.0,true,false,,,,,left,end,false,false,false,false,false,false,,false,-0.8276074740570039,false,-0.02836078405380249
2025_02_ATL_MIN,2362,3,10:21,2,11,ATL,MIN,ATL,52.0,(10:21) (Shotgun) 9-M.Penix pass short right to 1-D.Mooney to MIN 43 for 9 yards (7-B.Murphy).,pass,9.0,true,false,short,right,4.0,5.0,,,true,false,false,false,false,false,,false,0.4840818380471319,true,0.0042893290519714355
2025_02_ATL_MIN,2387,3,09:39,3,2,ATL,MIN,MIN,43.0,(9:39) 25-T.Allgeier left tackle to MIN 40 for 3 yards (15-D.Turner).,run,3.0,false,false,,,,,left,tackle,false,true,false,false,false,false,,false,1.1198016710113734,true,0.05057042837142944
2025_02_ATL_MIN,2409,3,09:00,1,10,ATL,MIN,MIN,40.0,(9:00) (Shotgun) 7-B.Robinson up the middle to MIN 22 for 18 yards (26-T.Jackson).,run,18.0,true,false,,,,,middle,,false,true,false,false,false,false,,false,1.2934825747506693,true,0.024439573287963867
2025_02_ATL_MIN,2431,3,08:19,1,10,ATL,MIN,MIN,22.0,(8:19) (Shotgun) 7-B.Robinson left guard to MIN 19 for 3 yards (93-J.Allen; 26-T.Jackson).,run,3.0,true,false,,,,,left,guard,false,false,false,false,false,false,,false,-0.3633421533741057,false,0.0020157694816589355
2025_02_ATL_MIN,2453,3,07:47,2,7,ATL,MIN,MIN,19.0,"(7:47) (No Huddle, Shotgun) 9-M.Penix pass short left to 7-B.Robinson pushed ob at MIN 14 for 5 yards (7-B.Murphy).",pass,5.0,true,true,short,left,5.0,0.0,,,true,false,false,false,false,false,,false,0.28089062438812107,true,0.01425468921661377
2025_02_ATL_MIN,2483,3,07:07,3,2,ATL,MIN,MIN,14.0,"(7:07) 25-T.Allgeier right guard to MIN 15 for -1 yards (0-I.Pace, 93-J.Allen).",run,-1.0,false,false,,,,,right,guard,false,false,false,false,false,false,,false,-1.7860498249118066,false,-0.04597252607345581
2025_02_ATL_MIN,2505,3,06:20,4,3,ATL,MIN,MIN,15.0,"(6:20) 39-J.Romo 33 yard field goal is GOOD, Center-49-L.McCullough, Holder-13-B.Pinion.",field_goal,0.0,false,false,,,,,,,false,false,false,false,false,false,,false,0.1937111087662018,true,0.006327271461486816
2025_02_ATL_MIN,2525,3,06:17,,0,MIN,ATL,ATL,35.0,13-B.Pinion kicks 66 yards from ATL 35 to MIN -1. 4-M.Price to MIN 31 for 32 yards (23-D.Hellams).,kickoff,0.0,false,false,,,,,,,false,false,false,false,false,false,,false,0.3274800768122077,true,0.006979197263717651
2025_02_ATL_MIN,2555,3,06:11,1,10,MIN,ATL,MIN,69.0,(6:11) 27-J.Mason up the middle to MIN 34 for 3 yards (96-Z.Harrison; 90-D.Onyemata).,run,3.0,false,false,,,,,middle,,false,false,false,false,false,false,,false,-0.3256580699235201,false,-0.0048104822635650635
2025_02_ATL_MIN,2577,3,05:32,2,7,MIN,ATL,MIN,66.0,(5:32) (Shotgun) 9-J.McCarthy pass short right to 27-J.Mason to MIN 40 for 6 yards (20-D.Alford).,pass,6.0,true,false,short,right,-1.0,7.0,,,true,false,false,false,false,false,,false,0.4282250474207103,true,0.005578368902206421
2025_02_ATL_MIN,2602,3,04:50,3,1,MIN,ATL,MIN,60.0,(4:50) (Shotgun) 27-J.Mason up the middle to MIN 40 for no gain (0-D.Deablo; 55-K.Elliss).,run,0.0,true,false,,,,,middle,,false,false,false,false,false,false,,false,-1.8256965042091906,false,-0.06227728724479675
2025_02_ATL_MIN,2624,3,04:05,4,1,MIN,ATL,MIN,60.0,(4:05) 9-J.McCarthy up the middle to MIN 41 for 1 yard (90-D.Onyemata).,run,1.0,false,false,,,,,middle,,false,true,false,false,false,false,,false,2.2532054195180535,true,0.05306851863861084
2025_02_ATL_MIN,2646,3,03:21,1,10,MIN,ATL,MIN,59.0,"(3:21) 27-J.Mason left end to ATL 41 for 18 yards (31-X.Watts). PENALTY on MIN-73-W.Rouse, Offensive Holding, 10 yards, enforced at MIN 41 - No Play.",no_play,0.0,false,false,,,,,,,false,false,false,false,false,true,10.0,false,-0.8253023345023394,false,-0.029471099376678467
2025_02_ATL_MIN,2679,3,02:56,1,20,MIN,ATL,MIN,69.0,(2:56) 9-J.McCarthy pass incomplete short right to 33-A.Jones.,pass,0.0,false,false,short,right,-5.0,,,,false,false,false,false,false,false,,false,-0.6057117329910398,false,-0.026669710874557495
2025_02_ATL_MIN,2702,3,02:52,2,20,MIN,ATL,MIN,69.0,"(2:52) (No Huddle, Shotgun) 9-J.McCarthy scrambles left end to MIN 47 for 16 yards (55-K.Elliss).",run,16.0,true,true,,,,,left,end,false,false,false,false,false,false,,false,0.8026101703289896,true,0.03276103734970093
2025_02_ATL_MIN,2724,3,02:01,3,4,MIN,ATL,MIN,53.0,"(2:01) (Shotgun) PENALTY on MIN-75-B.O'Neill, False Start, 5 yards, enforced at MIN 47 - No Play.",no_play,0.0,true,false,,,,,,,false,false,false,false,false,true,5.0,false,-0.7342761282343417,false,-0.05101531744003296
2025_02_ATL_MIN,2748,3,01:42,3,9,MIN,ATL,MIN,58.0,(1:42) (Shotgun) 9-J.McCarthy pass incomplete short right to 18-J.Jefferson [56-L.Floyd].,pass,0.0,true,false,short,right,8.0,,,,false,false,false,false,false,false,,false,-1.5918832616880536,false,-0.017576947808265686
2025_02_ATL_MIN,2771,3,01:35,4,9,MIN,ATL,MIN,58.0,"(1:35) 17-R.Wright punts 41 yards to ATL 17, Center-42-A.DePaola, fair catch by 35-N.Brooks.",punt,0.0,false,false,,,,,,,false,false,false,false,false,false,,false,-0.18877627979964018,false,0.012111946940422058
2025_02_ATL_MIN,2791,3,01:28,1,10,ATL,MIN,ATL,83.0,(1:28) (Shotgun) 7-B.Robinson left tackle to ATL 21 for 4 yards (58-J.Greenard; 97-J.Hargrave).,run,4.0,true,false,,,,,left,tackle,false,false,false,false,false,false,,false,-0.17448687087744474,false,-0.004567086696624756
2025_02_ATL_MIN,2820,3,00:58,2,6,ATL,MIN,ATL,79.0,"(:58) (No Huddle, Shotgun) 9-M.Penix sacked at ATL 13 for -8 yards (58-J.Greenard).",pass,-8.0,true,true,,,,,,,false,false,true,false,false,false,,false,-1.943022188730538,false,-0.05461162328720093
2025_02_ATL_MIN,2840,3,00:15,3,14,ATL,MIN,ATL,87.0,(:15) (Shotgun) 9-M.Penix pass incomplete short right to 8-K.Pitts (44-J.Metellus).,pass,0.0,true,false,short,right,3.0,,,,false,false,false,false,false,false,,false,-1.0019241743721068,false,-0.035034239292144775
2025_02_ATL_MIN,2863,3,00:10,4,14,ATL,MIN,ATL,87.0,"(:10) 13-B.Pinion punts 45 yards to MIN 42, Center-49-L.McCullough. 4-M.Price to MIN 48 for 6 yards (23-D.Hellams; 42-J.Woods).",punt,0.0,false,false,,,,,,,false,false,false,false,false,false,,false,-0.38326019258238375,false,0.014512956142425537
2025_02_ATL_MIN,2889,3,00:00,,0,MIN,ATL,,,END QUARTER 3,,,false,false,,,,,,,,,,,,,,,0.0,false,0.0
2025_02_ATL_MIN,2909,4,15:00,1,10,MIN,ATL,MIN,52.0,"(15:00) (Shotgun) 9-J.McCarthy sacked at MIN 40 for -8 yards (96-Z.Harrison). FUMBLES (96-Z.Harrison) [96-Z.Harrison], RECOVERED by ATL-0-D.Deablo at MIN 38.",pass,-10.0,true,false,,,,,,,false,false,true,false,true,false,,false,-6.385581113398075,false,-0.14962667226791382
2025_02_ATL_MIN,2944,4,14:55,1,10,ATL,MIN,MIN,38.0,(14:55) (Shotgun) 7-B.Robinson right tackle to MIN 30 for 8 yards (97-J.Hargrave).,run,8.0,true,false,,,,,right,tackle,false,false,false,false,false,false,,false,0.5382540231803432,true,0.01013803482055664
2025_02_ATL_MIN,2966,4,14:17,2,2,ATL,MIN,MIN,30.0,(14:17) (Shotgun) 7-B.Robinson left end to MIN 28 for 2 yards (15-D.Turner).,run,2.0,true,false,,,,,left,end,false,true,false,false,false,false,,false,0.1795903603779152,true,0.008067607879638672
2025_02_ATL_MIN,2988,4,13:34,1,10,ATL,MIN,MIN,28.0,(13:34) (Shotgun) 7-B.Robinson left end to MIN 30 for -2 yards (2-I.Rodgers).,run,-2.0,true,false,,,,,left,end,false,false,false,false,false,false,,false,-0.969664010219276,false,-0.013239026069641113
2025_02_ATL_MIN,3010,4,12:53,2,12,ATL,MIN,MIN,30.0,(12:53) (Shotgun) 9-M.Penix sacked at MIN 39 for -9 yards (61-J.Redmond).,pass,-9.0,true,false,,,,,,,false,false,true,false,false,false,,false,-2.0208728110883385,false,-0.03236031532287598
2025_02_ATL_MIN,3030,4,12:06,3,21,ATL,MIN,MIN,39.0,(12:06) (Shotgun) 9-M.Penix pass short left to 8-K.Pitts to MIN 36 for 3 yards (44-J.Metellus).,pass,3.0,true,false,short,left,3.0,0.0,,,true,false,false,false,false,false,,false,0.07386337854004021,true,-0.01946192979812622
2025_02_ATL_MIN,3042,4,12:06,,0,,,,,"Timeout #1 by ATL at 12:06.",no_play,0.0,false,false,,,,,,,false,false,false,false,false,false,,false,-0.0,false,-0.0
2025_02_ATL_MIN,3062,4,11:21,4,18,ATL,MIN,MIN,36.0,"(11:21) 39-J.Romo 54 yard field goal is GOOD, Center-49-L.McCullough, Holder-13-B.Pinion.",field_goal,0.0,false,false,,,,,,,false,false,false,false,false,false,,false,1.7139369588807363,true,0.03468778729438782
2025_02_ATL_MIN,3082,4,11:16,,0,MIN,ATL,ATL,35.0,13-B.Pinion kicks 66 yards from ATL 35 to MIN -1. 4-M.Price to MIN 19 for 20 yards (28-M.Ford; 42-J.Woods).,kickoff,0.0,false,false,,,,,,,false,false,false,false,false,false,,false,-0.40603582677431405,false,-0.0040645599365234375
2025_02_ATL_MIN,3117,4,11:11,1,10,MIN,ATL,MIN,81.0,(11:11) (Shotgun) 27-J.Mason left tackle to MIN 26 for 7 yards (0-D.Deablo; 3-J.Bates).,run,7.0,true,false,,,,,left,tackle,false,false,false,false,false,false,,false,0.326474538538605,true,-0.024133428931236267
2025_02_ATL_MIN,3146,4,10:35,2,3,MIN,ATL,MIN,74.0,(10:35) (No Huddle) 27-J.Mason right end to MIN 28 for 2 yards (90-D.Onyemata).,run,2.0,false,true,,,,,right,end,false,false,false,false,false,false,,false,-0.13616994163021445,false,0.009335502982139587
2025_02_ATL_MIN,3168,4,09:52,3,1,MIN,ATL,MIN,72.0,(9:52) (Shotgun) 9-J.McCarthy pass incomplete deep left to 1-J.Nailor.,pass,0.0,true,false,deep,left,40.0,,,,false,false,false,false,false,false,,false,-1.6688362313434482,false,-0.04414268583059311
2025_02_ATL_MIN,3191,4,09:47,4,1,MIN,ATL,MIN,72.0,"(9:47) 17-R.Wright punts 55 yards to ATL 17, Center-42-A.DePaola, fair catch by 35-N.Brooks.",punt,0.0,false,false,,,,,,,false,false,false,false,false,false,,false,-0.4416834875009954,false,-0.01074046641588211
2025_02_ATL_MIN,3211,4,09:39,1,10,ATL,MIN,ATL,83.0,(9:39) (Shotgun) 7-B.Robinson right tackle to ATL 19 for 2 yards (97-J.Hargrave; 55-E.Wilson).,run,2.0,true,false,,,,,right,tackle,false,false,false,false,false,false,,false,-0.411142582539469,false,-0.010969281196594238
2025_02_ATL_MIN,3240,4,08:55,2,8,ATL,MIN,ATL,81.0,(8:55) (Shotgun) 7-B.Robinson left tackle to ATL 25 for 6 yards (93-J.Allen; 55-E.Wilson).,run,6.0,true,false,,,,,left,tackle,false,false,false,false,false,false,,false,0.3829377149231732,true,0.03960227966308594
2025_02_ATL_MIN,3262,4,08:12,3,2,ATL,MIN,ATL,75.0,(8:12) (Shotgun) 9-M.Penix pass short left to 5-D.London to ATL 35 for 10 yards (2-I.Rodgers).,pass,10.0,true,false,short,left,5.0,5.0,,,true,true,false,false,false,false,,false,1.1560763895977288,true,0.016253113746643066
2025_02_ATL_MIN,3292,4,07:29,1,10,ATL,MIN,ATL,65.0,"(7:29) (Shotgun) 25-T.Allgeier right end to ATL 37 for 2 yards (0-I.Pace; 55-E.Wilson). PENALTY on ATL-70-J.Matthews, Offensive Holding, 10 yards, enforced at ATL 35 - No Play.",no_play,0.0,true,false,,,,,,,false,false,false,false,false,true,10.0,false,-0.9290226416196674,false,-0.00915902853012085
2025_02_ATL_MIN,3325,4,07:02,1,20,ATL,MIN,ATL,75.0,(7:02) (Shotgun) 9-M.Penix pass short left to 5-D.London to ATL 46 for 21 yards (26-T.Jackson).,pass,21.0,true,false,short,left,6.0,15.0,,,true,true,false,false,false,false,,false,1.6237591640092432,true,0.015782594680786133
2025_02_ATL_MIN,3350,4,06:21,1,10,ATL,MIN,ATL,54.0,(6:21) (Shotgun) 25-T.Allgeier left tackle to 50 for 4 yards (61-J.Redmond; 50-L.Rodriguez). MIN-59-G.Murphy was injured during the play.,run,4.0,true,false,,,,,left,tackle,false,false,false,false,false,false,,false,-0.21463035303168,false,-0.002392709255218506
2025_02_ATL_MIN,3375,4,05:42,2,6,ATL,MIN,50,50.0,(5:42) (Shotgun) 25-T.Allgeier right end pushed ob at MIN 37 for 13 yards (7-B.Murphy).,run,13.0,true,false,,,,,right,end,false,true,false,false,false,false,,false,1.288679078221321,true,0.010340392589569092
2025_02_ATL_MIN,3414,4,05:06,1,10,ATL,MIN,MIN,37.0,(5:06) (Shotgun) 25-T.Allgeier left tackle to MIN 20 for 17 yards (26-T.Jackson).,run,17.0,true,false,,,,,left,tackle,false,true,false,false,false,false,,false,0.9079554249183275,true,0.006539762020111084
2025_02_ATL_MIN,3436,4,04:22,1,10,ATL,MIN,MIN,20.0,(4:22) (Shotgun) 25-T.Allgeier left guard to MIN 19 for 1 yard (0-I.Pace).,run,1.0,true,false,,,,,left,guard,false,false,false,false,false,false,,false,-0.3804102899739519,false,-0.00340193510055542
2025_02_ATL_MIN,3458,4,04:18,2,9,ATL,MIN,MIN,19.0,(4:18) (Shotgun) 7-B.Robinson right guard to MIN 17 for 2 yards (0-I.Pace).,run,2.0,true,false,,,,,right,guard,false,false,false,false,false,false,,false,-0.39593291509663686,false,0.003306269645690918
2025_02_ATL_MIN,3470,4,04:18,,0,,,,,"Timeout #1 by MIN at 04:18.",no_play,0.0,false,false,,,,,,,false,false,false,false,false,false,,false,-0.0,false,-0.0
2025_02_ATL_MIN,3492,4,04:15,3,7,ATL,MIN,MIN,17.0,(4:15) (Shotgun) 7-B.Robinson right tackle to MIN 11 for 6 yards (93-J.Allen).,run,6.0,true,false,,,,,right,tackle,false,false,false,false,false,false,,false,-0.6072402494028211,false,0.0005213618278503418
2025_02_ATL_MIN,3504,4,04:15,,0,,,,,"Timeout #2 by MIN at 04:15.",no_play,0.0,false,false,,,,,,,false,false,false,false,false,false,,false,-0.0,false,-0.0
2025_02_ATL_MIN,3521,4,04:08,4,1,ATL,MIN,MIN,11.0,"(4:08) (Run formation) PENALTY on MIN-61-J.Redmond, Neutral Zone Infraction, 5 yards, enforced at MIN 11 - No Play.",no_play,0.0,false,false,,,,,,,false,true,false,false,false,true,5.0,false,2.4108041537110694,true,0.010279595851898193
2025_02_ATL_MIN,3533,4,04:08,,0,,,,,"Timeout #3 by MIN at 04:08.",no_play,0.0,false,false,,,,,,,false,false,false,false,false,false,,false,-0.0,false,-0.0
2025_02_ATL_MIN,3552,4,04:08,1,6,ATL,MIN,MIN,6.0,(4:08) 25-T.Allgeier left tackle to MIN 5 for 1 yard (0-I.Pace).,run,1.0,false,false,,,,,left,tackle,false,false,false,false,false,false,,false,-0.38930878759128973,false,-0.0030527114868164062
2025_02_ATL_MIN,3574,4,03:25,2,5,ATL,MIN,MIN,5.0,"(3:25) 25-T.Allgeier right guard for 5 yards, TOUCHDOWN.",run,5.0,false,false,,,,,right,guard,false,true,false,false,false,false,,true,1.9319051635684446,true,0.019836600030081253
2025_02_ATL_MIN,3597,4,03:22,,0,ATL,MIN,MIN,15.0,"39-J.Romo extra point is GOOD, Center-49-L.McCullough, Holder-13-B.Pinion.",extra_point,0.0,false,false,,,,,,,false,false,false,false,false,false,,false,0.05117156607063911,true,0.00014192997640194438
2025_02_ATL_MIN,3612,4,03:22,,0,MIN,ATL,ATL,35.0,"13-B.Pinion kicks 65 yards from ATL 35 to end zone, Touchback to the MIN 35. PENALTY on MIN-85-B.Yurosek, Illegal Formation, 5 yards, enforced at MIN 35.",kickoff,0.0,false,false,,,,,,,false,false,false,false,false,true,5.0,false,0.289625845849514,true,-5.662906914949417e-06
2025_02_ATL_MIN,3636,4,03:22,1,10,MIN,ATL,MIN,70.0,(3:22) (Shotgun) 9-J.McCarthy pass incomplete short left to 27-J.Mason [56-L.Floyd].,pass,0.0,true,false,short,left,1.0,,,,false,false,false,false,false,false,,false,-0.43964305974077433,false,-0.0005479385145008564
2025_02_ATL_MIN,3671,4,03:18,2,10,MIN,ATL,MIN,70.0,(3:18) (Shotgun) 9-J.McCarthy pass short right to 87-T.Hockenson ran ob at MIN 42 for 12 yards (21-M.Hughes).,pass,12.0,true,false,short,right,6.0,6.0,,,true,true,false,false,false,false,,false,0.9645194709883071,true,0.0005479385145008564
2025_02_ATL_MIN,3701,4,03:10,1,10,MIN,ATL,MIN,58.0,(3:10) (Shotgun) 9-J.McCarthy pass deep right to 18-J.Jefferson to ATL 36 for 22 yards (20-D.Alford).,pass,22.0,true,false,deep,right,18.0,4.0,,,true,true,false,false,false,false,,false,1.1842930052953307,true,-4.7744251787662506e-05
2025_02_ATL_MIN,3726,4,02:41,1,10,MIN,ATL,ATL,36.0,"(2:41) (No Huddle, Shotgun) 9-J.McCarthy pass deep right intended for 18-J.Jefferson INTERCEPTED by 31-X.Watts at ATL 3. 31-X.Watts ran ob at ATL 3 for no gain. Penalty on MIN-19-A.Thielen, Illegal Shift, declined.",pass,0.0,true,true,deep,right,33.0,,,,false,false,false,true,false,false,,false,-3.4074007104791235,false,-0.0010397352743893862
2025_02_ATL_MIN,3769,4,02:35,1,10,ATL,MIN,ATL,97.0,(2:35) 25-T.Allgeier up the middle to ATL 10 for 7 yards (37-T.Thomas).,run,7.0,false,false,,,,,middle,,false,false,false,false,false,false,,false,-0.08737208682578057,false,-0.00024247169494628906
2025_02_ATL_MIN,3791,4,02:00,2,3,ATL,MIN,ATL,90.0,(2:00) 25-T.Allgeier up the middle to ATL 12 for 2 yards (90-T.Ingram-Dawkins; 50-L.Rodriguez).,run,2.0,false,false,,,,,middle,,false,false,false,false,false,false,,false,-0.04295378096867353,false,0.00044983625411987305
2025_02_ATL_MIN,3820,4,01:14,3,1,ATL,MIN,ATL,88.0,(1:14) (Shotgun) 25-T.Allgeier right tackle to ATL 12 for no gain (55-E.Wilson; 37-T.Thomas).,run,0.0,true,false,,,,,right,tackle,false,false,false,false,false,false,,false,-0.264306673547253,false,1.3887882232666016e-05
2025_02_ATL_MIN,3842,4,00:28,4,1,ATL,MIN,ATL,88.0,"(:28) 13-B.Pinion punts 46 yards to MIN 42, Center-49-L.McCullough. 4-M.Price MUFFS catch, RECOVERED by ATL-28-M.Ford at MIN 44.",punt,0.0,false,false,,,,,,,false,false,false,false,true,false,,false,1.9664482627995312,true,0.0005565285682678223
2025_02_ATL_MIN,3858,4,00:28,,0,,,,,"Timeout #2 by ATL at 00:28.",no_play,0.0,false,false,,,,,,,false,false,false,false,false,false,,false,-0.0,false,-0.0
2025_02_ATL_MIN,3879,4,00:20,1,10,ATL,MIN,MIN,44.0,(:20) 9-M.Penix kneels to MIN 45 for -1 yards.,qb_kneel,-1.0,false,false,,,,,,,false,false,false,false,false,false,,false,-1.6006159279495478,false,
2025_02_ATL_MIN,3901,4,00:00,,0,ATL,MIN,,,END GAME,,,false,false,,,,,,,,,,,,,,,,,
2025_03_CIN_MIN,1,1,15:00,,0,,,,,GAME,,,false,false,,,,,,,,,,,,,,,0.0,false,0.0
2025_03_CIN_MIN,40,1,15:00,,0,MIN,CIN,CIN,35.0,2-E.McPherson kicks 57 yards from CIN 35 to MIN 8. 4-M.Price to MIN 36 for 28 yards (24-M.Wilson).,kickoff,0.0,false,false,,,,,,,false,false,false,false,false,false,,false,0.6877557667903602,true,0.02631157636642456
2025_03_CIN_MIN,63,1,14:55,1,10,MIN,CIN,MIN,64.0,"(14:55) 27-J.Mason left end pushed ob at MIN 46 for 10 yards (28-J.Newton). PENALTY on CIN-92-B.Hill, Defensive Holding, 5 yards, enforced at MIN 46. Penalty on CIN-23-D.Hill, Illegal Use of Hands, declined.",run,10.0,false,false,,,,,left,end,false,true,false,false,false,true,5.0,false,0.786311702337116,true,0.011873304843902588
2025_03_CIN_MIN,96,1,14:41,1,10,MIN,CIN,CIN,49.0,"(14:41) (Shotgun) 11-C.Wentz pass short right to 18-J.Jefferson to CIN 48 for 1 yard (23-D.Hill). PENALTY on CIN-23-D.Hill, Low Block, 15 yards, enforced at CIN 48.",pass,1.0,true,false,short,right,-4.0,5.0,,,true,true,false,false,false,true,15.0,false,0.9326889754738659,true,0.04792904853820801
2025_03_CIN_MIN,137,1,14:25,1,10,MIN,CIN,CIN,33.0,(14:25) 11-C.Wentz pass short middle to 18-J.Jefferson to CIN 17 for 16 yards (22-G.Stone).,pass,16.0,false,false,short,middle,14.0,2.0,,,true,true,false,false,false,false,,false,0.9745909092016518,true,0.027356982231140137
2025_03_CIN_MIN,162,1,13:43,1,10,MIN,CIN,CIN,17.0,(13:43) 11-C.Wentz pass incomplete deep left to 19-A.Thielen.,pass,0.0,false,false,deep,left,17.0,,,,false,false,false,false,false,false,,false,-0.42500048712827265,false,-0.014106214046478271
2025_03_CIN_MIN,197,1,13:36,2,10,MIN,CIN,CIN,17.0,(13:36) (Shotgun) 27-J.Mason right tackle to CIN 12 for 5 yards (90-K.Jenkins).,run,5.0,true,false,,,,,right,tackle,false,false,false,false,false,false,,false,-0.25844889250583947,false,0.00029265880584716797
2025_03_CIN_MIN,219,1,13:01,3,5,MIN,CIN,CIN,12.0,"(13:01) (Shotgun) 11-C.Wentz pass short right to 84-J.Oliver for 12 yards, TOUCHDOWN.",pass,12.0,true,false,short,right,6.0,6.0,,,true,true,false,false,false,false,,true,2.460818041814491,true,0.05202852010200598
2025_03_CIN_MIN,245,1,12:57,,0,MIN,CIN,CIN,15.0,"16-W.Reichard extra point is GOOD, Center-42-A.DePaola, Holder-17-R.Wright.",extra_point,0.0,false,false,,,,,,,false,false,false,false,false,false,,false,0.05117156607063911,true,0.0013477969222249753
2025_03_CIN_MIN,260,1,12:57,,0,CIN,MIN,MIN,35.0,16-W.Reichard kicks 52 yards from MIN 35 to CIN 13. 34-S.Perine to CIN 29 for 16 yards (8-J.Okudah).,kickoff,0.0,false,false,,,,,,,false,false,false,false,false,false,,false,0.28175089228898287,true,0.0017806291580200195
2025_03_CIN_MIN,290,1,12:53,1,10,CIN,MIN,CIN,71.0,(12:53) 30-C.Brown right end to CIN 28 for -1 yards (58-J.Greenard).,run,-1.0,false,false,,,,,right,end,false,false,false,false,false,false,,false,-1.0175507934764028,false,-0.020296841859817505
2025_03_CIN_MIN,312,1,12:17,2,11,CIN,MIN,CIN,72.0,(12:17) (Shotgun) 6-J.Browning pass short left to 1-J.Chase pushed ob at CIN 29 for 1 yard (7-B.Murphy).,pass,1.0,true,false,short,left,-4.0,5.0,,,true,false,false,false,false,false,,false,-0.3896407135762274,false,-0.008835256099700928
2025_03_CIN_MIN,342,1,11:32,3,10,CIN,MIN,CIN,71.0,(11:32) (Shotgun) 6-J.Browning pass incomplete short right to 1-J.Chase (7-B.Murphy).,pass,0.0,true,false,short,right,4.0,,,,false,false,false,false,false,false,,false,-1.392638980410993,false,-0.021115213632583618
2025_03_CIN_MIN,365,1,11:28,4,10,CIN,MIN,CIN,71.0,"(11:28) 8-R.Rehkow punts 51 yards to MIN 20, Center-46-W.Wagner. 4-M.Price to MIN 26 for 6 yards (38-D.Ivey; 49-B.Carter).",punt,0.0,false,false,,,,,,,false,false,false,false,false,false,,false,-0.3628281196579337,false,0.029890239238739014
2025_03_CIN_MIN,391,1,11:16,1,10,MIN,CIN,MIN,74.0,(11:16) 27-J.Mason left tackle to MIN 29 for 3 yards (98-T.Slaton; 90-K.Jenkins).,run,3.0,false,false,,,,,left,tackle,false,false,false,false,false,false,,false,-0.27207356970757246,false,-0.005451500415802002
2025_03_CIN_MIN,425,1,10:39,2,7,MIN,CIN,MIN,71.0,(10:39) (Shotgun) 27-J.Mason left tackle to MIN 32 for 3 yards (92-B.Hill).,run,3.0,true,false,,,,,left,tackle,false,false,false,false,false,false,,false,-0.3878302574157715,false,0.02979058027267456
2025_03_CIN_MIN,447,1,10:02,3,4,MIN,CIN,MIN,68.0,"(10:02) (Shotgun) PENALTY on MIN-71-C.Darrisaw, False Start, 5 yards, enforced at MIN 32 - No Play.",no_play,0.0,true,false,,,,,,,false,false,false,false,false,true,5.0,false,-0.7242490919306874,false,-0.03399395942687988
2025_03_CIN_MIN,471,1,09:45,3,9,MIN,CIN,MIN,73.0,(9:45) (Shotgun) 11-C.Wentz sacked at MIN 17 for -10 yards (sack split by 90-K.Jenkins and 99-M.Murphy).,pass,-10.0,true,false,,,,,,,false,false,true,false,false,false,,false,-2.442123248707503,false,-0.03683209419250488
2025_03_CIN_MIN,491,1,09:02,4,19,MIN,CIN,MIN,83.0,"(9:02) 17-R.Wright punts 44 yards to CIN 39, Center-42-A.DePaola. 15-C.Jones pushed ob at CIN 48 for 9 yards (85-B.Yurosek).",punt,0.0,false,false,,,,,,,false,false,false,false,false,false,,false,-0.5027599025052041,false,-0.0015155673027038574
2025_03_CIN_MIN,527,1,08:49,1,10,CIN,MIN,CIN,52.0,(8:49) 1-J.Chase left end to MIN 43 for 9 yards (44-J.Metellus).,run,9.0,false,false,,,,,left,end,false,false,false,false,false,false,,false,0.6876874112058431,true,0.009319573640823364
2025_03_CIN_MIN,556,1,08:18,2,1,CIN,MIN,MIN,43.0,(8:18) 6-J.Browning up the middle to MIN 40 for 3 yards (0-I.Pace).,run,3.0,false,false,,,,,middle,,false,true,false,false,false,false,,false,0.13696190132759511,true,0.002682328224182129
2025_03_CIN_MIN,578,1,07:44,1,10,CIN,MIN,MIN,40.0,(7:44) 6-J.Browning pass short left to 86-N.Fant to MIN 30 for 10 yards (44-J.Metellus).,pass,10.0,false,false,short,left,5.0,5.0,,,true,true,false,false,false,false,,false,0.6628827109234408,true,0.03149726986885071
2025_03_CIN_MIN,603,1,07:08,1,10,CIN,MIN,MIN,30.0,"(7:08) 30-C.Brown right guard to MIN 29 for 1 yard (55-E.Wilson). FUMBLES (55-E.Wilson), and recovers at MIN 29.",run,1.0,false,false,,,,,right,guard,false,false,false,false,false,false,,false,-0.4061151340138167,false,-0.013097554445266724
2025_03_CIN_MIN,641,1,06:25,2,9,CIN,MIN,MIN,29.0,"(6:25) (Shotgun) 6-J.Browning pass deep right intended for 30-C.Brown INTERCEPTED by 2-I.Rodgers (22-H.Smith) [0-I.Pace] at MIN 13. 2-I.Rodgers for 87 yards, TOUCHDOWN.",pass,0.0,true,false,deep,right,16.0,,,,false,false,false,true,false,false,,true,-10.645283785299398,false,-0.20073451101779938
2025_03_CIN_MIN,669,1,06:08,,0,MIN,CIN,CIN,15.0,"16-W.Reichard extra point is GOOD, Center-42-A.DePaola, Holder-17-R.Wright.",extra_point,0.0,false,false,,,,,,,false,false,false,false,false,false,,false,0.05117156607063911,true,0.0
2025_03_CIN_MIN,684,1,06:08,,0,CIN,MIN,MIN,35.0,16-W.Reichard kicks 62 yards from MIN 35 to CIN 3. 15-C.Jones to CIN 25 for 22 yards (37-T.Thomas; 0-I.Pace).,kickoff,0.0,false,false,,,,,,,false,false,false,false,false,false,,false,-0.0002832743339240551,false,-0.0
2025_03_CIN_MIN,714,1,06:03,1,10,CIN,MIN,CIN,75.0,(6:03) (Shotgun) 30-C.Brown left tackle to CIN 27 for 2 yards (93-J.Allen).,run,2.0,true,false,,,,,left,tackle,false,false,false,false,false,false,,false,-0.5530275828205049,false,-0.008854135870933533
2025_03_CIN_MIN,736,1,05:25,2,8,CIN,MIN,CIN,73.0,(5:25) (Shotgun) 30-C.Brown up the middle to CIN 27 for no gain (15-D.Turner; 93-J.Allen).,run,0.0,true,false,,,,,middle,,false,false,false,false,false,false,,false,-0.7155372835695744,false,-0.014933392405509949
2025_03_CIN_MIN,758,1,04:39,3,8,CIN,MIN,CIN,73.0,(4:39) (Shotgun) 6-J.Browning sacked at CIN 18 for -9 yards (43-A.Van Ginkel).,pass,-9.0,true,false,,,,,,,false,false,true,false,false,false,,false,-2.1864629830233753,false,-0.01827383041381836
2025_03_CIN_MIN,778,1,03:59,4,17,CIN,MIN,CIN,82.0,"(3:59) 8-R.Rehkow punts 55 yards to MIN 27, Center-46-W.Wagner. 4-M.Price to MIN 43 for 16 yards (46-W.Wagner; 50-S.Heyward).",punt,0.0,false,false,,,,,,,false,false,false,false,false,false,,false,-0.3385904475580901,false,-0.012048587203025818
2025_03_CIN_MIN,804,1,03:46,1,10,MIN,CIN,MIN,57.0,(3:46) 11-C.Wentz sacked at MIN 38 for -5 yards (58-J.Ossai).,pass,-5.0,false,false,,,,,,,false,false,true,false,false,false,,false,-1.2309363654349,false,-0.01731884479522705
2025_03_CIN_MIN,831,1,03:01,2,15,MIN,CIN,MIN,62.0,(3:01) (Shotgun) 11-C.Wentz pass short right to 1-J.Nailor ran ob at MIN 46 for 8 yards (44-D.Knight).,pass,8.0,true,false,short,right,2.0,6.0,,,true,false,false,false,false,false,,false,0.07448833319358528,true,0.011276304721832275
2025_03_CIN_MIN,861,1,02:24,3,7,MIN,CIN,MIN,54.0,(2:24) (Shotgun) 11-C.Wentz scrambles left end to MIN 47 for 1 yard (99-M.Murphy).,run,1.0,true,false,,,,,left,end,false,false,false,false,false,false,,false,-1.5844657851848751,false,-0.02630615234375
2025_03_CIN_MIN,883,1,01:45,4,6,MIN,CIN,MIN,53.0,"(1:45) 17-R.Wright punts 46 yards to CIN 7, Center-42-A.DePaola, fair catch by 15-C.Jones.",punt,0.0,false,false,,,,,,,false,false,false,false,false,false,,false,0.13352666283026338,true,0.004869729280471802
2025_03_CIN_MIN,903,1,01:39,1,10,CIN,MIN,CIN,93.0,(1:39) 30-C.Brown up the middle to CIN 5 for -2 yards (50-L.Rodriguez).,run,-2.0,false,false,,,,,middle,,false,false,false,false,false,false,,false,-1.2039631006773561,false,-0.016998521983623505
2025_03_CIN_MIN,925,1,01:00,2,12,CIN,MIN,CIN,95.0,(1:00) (Shotgun) 6-J.Browning pass incomplete short left to 89-D.Sample [15-D.Turner].,pass,0.0,true,false,short,left,6.0,,,,false,false,false,false,false,false,,false,-0.6537230433896184,false,-0.011915355920791626
2025_03_CIN_MIN,948,1,00:55,3,12,CIN,MIN,CIN,95.0,"(:55) (Shotgun) 34-S.Perine up the middle to CIN 16 for 11 yards (44-J.Metellus, 97-J.Hargrave). (Virtual Measurement). Cincinnati challenged the short of the line to gain ruling, and the play was REVERSED. (Shotgun) 34-S.Perine up the middle to CIN 17 for 12 yards (44-J.Metellus, 97-J.Hargrave).",run,12.0,true,false,,,,,middle,,false,true,false,false,false,false,,false,2.59739621845074,true,0.04079032689332962
2025_03_CIN_MIN,983,1,00:23,1,10,CIN,MIN,CIN,83.0,(:23) (Shotgun) 6-J.Browning pass short right to 86-N.Fant to CIN 20 for 3 yards (55-E.Wilson) [0-I.Pace].,pass,3.0,true,false,short,right,2.0,1.0,,,true,false,false,false,false,false,,false,-0.3822600170969963,false,-0.002838313579559326
2025_03_CIN_MIN,1039,1,00:00,,0,CIN,MIN,,,END QUARTER 1,,,false,false,,,,,,,,,,,,,,,-0.0,false,-0.0
2025_03_CIN_MIN,1059,2,15:00,2,7,CIN,MIN,CIN,80.0,(15:00) 6-J.Browning pass incomplete short right [93-J.Allen].,pass,0.0,false,false,short,right,5.0,,,,false,false,false,false,false,false,,false,-0.7778024040162563,false,-0.01419919729232788
2025_03_CIN_MIN,1082,2,14:56,3,7,CIN,MIN,CIN,80.0,"(14:56) (Shotgun) 6-J.Browning pass short right to 1-J.Chase to CIN 36 for 16 yards (8-J.Okudah). PENALTY on CIN-63-D.Fairchild, Offensive Holding, 10 yards, enforced at CIN 20 - No Play.",no_play,0.0,true,false,,,,,,,false,false,false,false,false,true,10.0,false,-1.2109563564881682,false,-0.023897357285022736
2025_03_CIN_MIN,1118,2,14:39,3,17,CIN,MIN,CIN,90.0,"(14:39) (Shotgun) 34-S.Perine up the middle to CIN 11 for 1 yard (55-E.Wilson, 93-J.Allen).",run,1.0,true,false,,,,,middle,,false,false,false,false,false,false,,false,-0.8523098891600966,false,-0.004239290952682495
2025_03_CIN_MIN,1140,2,13:54,4,16,CIN,MIN,CIN,89.0,"(13:54) 8-R.Rehkow punts 32 yards to CIN 43, Center-46-W.Wagner, out of bounds.",punt,0.0,false,false,,,,,,,false,false,false,false,false,false,,false,-0.6216066724155098,false,-0.010612763464450836
2025_03_CIN_MIN,1159,2,13:48,1,10,MIN,CIN,CIN,43.0,(13:48) 27-J.Mason right guard to CIN 34 for 9 yards (27-J.Battle).,run,9.0,false,false,,,,,right,guard,false,false,false,false,false,false,,false,0.6991034653037786,true,0.005184769630432129
2025_03_CIN_MIN,1187,2,13:19,2,1,MIN,CIN,CIN,34.0,(13:19) 27-J.Mason left guard to CIN 32 for 2 yards (98-T.Slaton).,run,2.0,false,false,,,,,left,guard,false,true,false,false,false,false,,false,0.08506008528638631,true,-0.001564323902130127
2025_03_CIN_MIN,1209,2,12:40,1,10,MIN,CIN,CIN,32.0,"(12:40) (Shotgun) 36-Z.Scott left end to CIN 20 for 12 yards (22-G.Stone). PENALTY on MIN-76-W.Fries, Illegal Block Above the Waist, 10 yards, enforced at CIN 29.",run,3.0,true,false,,,,,left,end,false,false,false,false,false,true,10.0,false,-0.99559503456112,false,-0.0037245750427246094
2025_03_CIN_MIN,1242,2,12:23,1,17,MIN,CIN,CIN,39.0,(12:23) (Shotgun) 11-C.Wentz pass short middle to 87-T.Hockenson to CIN 26 for 13 yards (55-L.Wilson; 42-O.Burks).,pass,13.0,true,false,short,middle,7.0,6.0,,,true,false,false,false,false,false,,false,1.2434020759537816,true,0.006574511528015137
2025_03_CIN_MIN,1267,2,11:40,2,4,MIN,CIN,CIN,26.0,(11:40) 36-Z.Scott left guard to CIN 23 for 3 yards (55-L.Wilson).,run,3.0,false,false,,,,,left,guard,false,false,false,false,false,false,,false,0.037185752065852284,true,-0.0034009814262390137
2025_03_CIN_MIN,1289,2,10:58,3,1,MIN,CIN,CIN,23.0,(10:58) (Shotgun) 36-Z.Scott up the middle to CIN 21 for 2 yards (91-T.Hendrickson).,run,2.0,true,false,,,,,middle,,false,true,false,false,false,false,,false,0.4288170316722244,true,-3.713369369506836e-05
2025_03_CIN_MIN,1311,2,10:15,1,10,MIN,CIN,CIN,21.0,(10:15) (Shotgun) 11-C.Wentz pass incomplete short right to 87-T.Hockenson.,pass,0.0,true,false,short,right,14.0,,,,false,false,false,false,false,false,,false,-0.45693809539079666,false,-0.0059282779693603516
2025_03_CIN_MIN,1334,2,10:10,2,10,MIN,CIN,CIN,21.0,(10:10) 27-J.Mason left guard to CIN 17 for 4 yards (92-B.Hill; 27-J.Battle).,run,4.0,false,false,,,,,left,guard,false,false,false,false,false,false,,false,-0.39910205372143537,false,0.0011917352676391602
2025_03_CIN_MIN,1356,2,09:28,3,6,MIN,CIN,CIN,17.0,(9:28) (Shotgun) 11-C.Wentz pass incomplete short middle to 1-J.Nailor [22-G.Stone].,pass,0.0,true,false,short,middle,15.0,,,,false,false,false,false,false,false,,false,-1.1706757354673285,false,-0.015062272548675537
2025_03_CIN_MIN,1379,2,09:23,4,6,MIN,CIN,CIN,17.0,"(9:23) 16-W.Reichard 35 yard field goal is GOOD, Center-42-A.DePaola, Holder-17-R.Wright.",field_goal,0.0,false,false,,,,,,,false,false,false,false,false,false,,false,0.32264253929092623,true,-0.003987543284893036
2025_03_CIN_MIN,1399,2,09:20,,0,CIN,MIN,MIN,35.0,16-W.Reichard kicks 64 yards from MIN 35 to CIN 1. 34-S.Perine to CIN 25 for 24 yards (0-I.Pace; 37-T.Thomas).,kickoff,0.0,false,false,,,,,,,false,false,false,false,false,false,,false,0.0003320598043501377,true,-0.0
2025_03_CIN_MIN,1429,2,09:15,1,10,CIN,MIN,CIN,75.0,(9:15) (Shotgun) 6-J.Browning pass short right to 86-N.Fant to CIN 27 for 2 yards (2-I.Rodgers).,pass,2.0,true,false,short,right,-3.0,5.0,,,true,false,false,false,false,false,,false,-0.5231772353872657,false,-0.006435580551624298
2025_03_CIN_MIN,1458,2,08:35,2,8,CIN,MIN,CIN,73.0,(8:35) (Shotgun) 30-C.Brown up the middle to CIN 30 for 3 yards (50-L.Rodriguez; 0-I.Pace).,run,3.0,true,false,,,,,middle,,false,false,false,false,false,false,,false,-0.1884387880563736,false,-0.006698191165924072
2025_03_CIN_MIN,1484,2,07:55,3,5,CIN,MIN,CIN,70.0,"(7:55) (Shotgun) 6-J.Browning pass short middle to 5-T.Higgins to CIN 45 for 15 yards (8-J.Okudah). PENALTY on MIN-8-J.Okudah, Unnecessary Roughness, 15 yards, enforced at CIN 45.",pass,15.0,true,false,short,middle,12.0,3.0,,,true,true,false,false,false,true,15.0,false,2.810115628875792,true,0.03223058581352234
2025_03_CIN_MIN,1521,2,07:31,1,10,CIN,MIN,MIN,40.0,(7:31) (Shotgun) 6-J.Browning pass short middle to 1-J.Chase pushed ob at MIN 38 for 2 yards (7-B.Murphy).,pass,2.0,true,false,short,middle,-3.0,5.0,,,true,false,false,false,false,false,,false,-0.39119656186085194,false,-0.006207674741744995
2025_03_CIN_MIN,1551,2,06:52,2,8,CIN,MIN,MIN,38.0,(6:52) (Shotgun) 6-J.Browning pass short left to 30-C.Brown to MIN 29 for 9 yards (7-B.Murphy; 44-J.Metellus).,pass,9.0,true,false,short,left,-3.0,12.0,,,true,true,false,false,false,false,,false,1.0448821788304485,true,0.016982123255729675
2025_03_CIN_MIN,1576,2,06:15,1,10,CIN,MIN,MIN,29.0,"(6:15) 30-C.Brown right guard to MIN 29 for no gain (0-I.Pace, 55-E.Wilson).",run,0.0,false,false,,,,,right,guard,false,false,false,false,false,false,,false,-0.41930562973720953,false,-0.006646454334259033
2025_03_CIN_MIN,1598,2,05:39,2,10,CIN,MIN,MIN,29.0,(5:39) (Shotgun) 6-J.Browning pass short right to 30-C.Brown to MIN 27 for 2 yards (55-E.Wilson).,pass,2.0,true,false,short,right,1.0,1.0,,,true,false,false,false,false,false,,false,-0.7503814594238065,false,-0.02511782944202423
2025_03_CIN_MIN,1623,2,04:51,3,8,CIN,MIN,MIN,27.0,(4:51) (Shotgun) 6-J.Browning pass incomplete deep left to 5-T.Higgins (2-I.Rodgers) [58-J.Greenard].,pass,0.0,true,false,deep,left,27.0,,,,false,false,false,false,false,false,,false,-0.9270178545415322,false,-0.00785645842552185
2025_03_CIN_MIN,1635,2,04:51,,0,,,,,"Timeout #1 by CIN at 04:51.",no_play,0.0,false,false,,,,,,,false,false,false,false,false,false,,false,-0.0,false,-0.0
2025_03_CIN_MIN,1653,2,04:46,4,8,CIN,MIN,MIN,27.0,"(4:46) 2-E.McPherson 45 yard field goal is GOOD, Center-46-W.Wagner, Holder-8-R.Rehkow.",field_goal,0.0,false,false,,,,,,,false,false,false,false,false,false,,false,1.047156443310428,true,-4.8980116844177246e-05
2025_03_CIN_MIN,1673,2,04:42,,0,MIN,CIN,CIN,35.0,2-E.McPherson kicks 64 yards from CIN 35 to MIN 1. 4-M.Price to MIN 23 for 22 yards (26-T.Anderson; 42-O.Burks).,kickoff,0.0,false,false,,,,,,,false,false,false,false,false,false,,false,-0.11652173846960068,false,-0.0012484192848205566
2025_03_CIN_MIN,1703,2,04:37,1,10,MIN,CIN,MIN,77.0,"(4:37) (Shotgun) PENALTY on MIN-87-T.Hockenson, False Start, 5 yards, enforced at MIN 23 - No Play.",no_play,0.0,true,false,,,,,,,false,false,false,false,false,true,5.0,false,-0.6259311593603343,false,-0.0063002705574035645
2025_03_CIN_MIN,1727,2,04:37,1,15,MIN,CIN,MIN,82.0,(4:37) (Shotgun) 11-C.Wentz pass incomplete short left to 18-J.Jefferson (20-D.Turner).,pass,0.0,true,false,short,left,3.0,,,,false,false,false,false,false,false,,false,-0.5509607475250959,false,-0.006257772445678711
2025_03_CIN_MIN,1750,2,04:34,2,15,MIN,CIN,MIN,82.0,(4:34) (Shotgun) 11-C.Wentz pass short left to 18-J.Jefferson to MIN 26 for 8 yards (49-B.Carter; 22-G.Stone).,pass,8.0,true,false,short,left,-3.0,11.0,,,true,false,false,false,false,false,,false,0.32965263281948864,true,0.002032160758972168
2025_03_CIN_MIN,1775,2,03:54,3,7,MIN,CIN,MIN,74.0,"(3:54) (Shotgun) PENALTY on MIN-65-M.Jurgens, False Start, 5 yards, enforced at MIN 26 - No Play.",no_play,0.0,true,false,,,,,,,false,false,false,false,false,true,5.0,false,-0.6053226504009217,false,-0.010273754596710205
2025_03_CIN_MIN,1799,2,03:38,3,12,MIN,CIN,MIN,79.0,(3:38) (Shotgun) 11-C.Wentz sacked at MIN 17 for -4 yards (90-K.Jenkins).,pass,-4.0,true,false,,,,,,,false,false,true,false,false,false,,false,-1.0242600755300373,false,-0.02166152000427246
2025_03_CIN_MIN,1819,2,02:59,4,16,MIN,CIN,MIN,83.0,"(2:59) 17-R.Wright punts 46 yards to CIN 37, Center-42-A.DePaola, fair catch by 15-C.Jones. PENALTY on MIN-37-T.Thomas, Fair Catch Interference, 15 yards, enforced at CIN 37.",punt,0.0,false,false,,,,,,,false,false,false,false,false,true,15.0,false,-1.0344380020396784,false,-0.007629290223121643
2025_03_CIN_MIN,1850,2,02:52,1,10,CIN,MIN,MIN,48.0,(2:52) 6-J.Browning pass short middle to 86-N.Fant to MIN 39 for 9 yards (55-E.Wilson) [0-I.Pace].,pass,9.0,false,false,short,middle,9.0,0.0,,,true,false,false,false,false,false,,false,0.6717922260868363,true,0.005145758390426636
2025_03_CIN_MIN,1882,2,02:15,2,1,CIN,MIN,MIN,39.0,(2:15) (Shotgun) 34-S.Perine right guard to MIN 36 for 3 yards (0-I.Pace).,run,3.0,true,false,,,,,right,guard,false,true,false,false,false,false,,false,0.053763533011078835,true,-0.006829291582107544
2025_03_CIN_MIN,1904,2,02:00,1,10,CIN,MIN,MIN,36.0,"(2:00) (Shotgun) 6-J.Browning pass short right to 86-N.Fant to MIN 32 for 4 yards (2-I.Rodgers). FUMBLES (2-I.Rodgers), RECOVERED by MIN-2-I.Rodgers at MIN 34. 2-I.Rodgers for 66 yards, TOUCHDOWN.",pass,2.0,true,false,short,right,0.0,2.0,,,true,false,false,false,true,false,,true,-10.271178221853916,false,-0.09822763075666063
2025_03_CIN_MIN,1953,2,01:47,,0,MIN,CIN,CIN,15.0,"16-W.Reichard extra point is GOOD, Center-42-A.DePaola, Holder-17-R.Wright.",extra_point,0.0,false,false,,,,,,,false,false,false,false,false,false,,false,0.05117156607063911,true,-0.0006587276382886698
2025_03_CIN_MIN,1968,2,01:47,,0,CIN,MIN,MIN,35.0,16-W.Reichard kicks 59 yards from MIN 35 to CIN 6. 34-S.Perine to CIN 27 for 21 yards (0-I.Pace).,kickoff,0.0,false,false,,,,,,,false,false,false,false,false,false,,false,0.23981719987932593,true,-0.0
2025_03_CIN_MIN,1991,2,01:42,1,10,CIN,MIN,CIN,73.0,(1:42) (Shotgun) 6-J.Browning pass incomplete short right to 88-M.Gesicki.,pass,0.0,true,false,short,right,1.0,,,,false,false,false,false,false,false,,false,-0.2798381602624431,false,-0.004715923219919205
2025_03_CIN_MIN,2014,2,01:38,2,10,CIN,MIN,CIN,73.0,"(1:38) (Shotgun) 6-J.Browning pass short middle to 88-M.Gesicki to CIN 36 for 9 yards (44-J.Metellus). PENALTY on MIN-93-J.Allen, Defensive Offside, 5 yards, enforced at CIN 27 - No Play.",no_play,0.0,true,false,,,,,,,false,false,false,false,false,true,5.0,false,0.45857643941417336,true,0.006444685161113739
2025_03_CIN_MIN,2050,2,01:31,2,5,CIN,MIN,CIN,68.0,"(1:31) (Shotgun) 6-J.Browning pass short right to 1-J.Chase to CIN 47 for 15 yards (2-I.Rodgers). FUMBLES (2-I.Rodgers), RECOVERED by MIN-8-J.Okudah at MIN 48. 8-J.Okudah to MIN 48 for no gain (1-J.Chase). Penalty on CIN-5-T.Higgins, Illegal Motion, declined. Penalty on CIN-6-J.Browning, Illegal Forward Pass, declined.",pass,15.0,true,false,short,right,9.0,6.0,,,true,false,false,false,true,false,,false,-3.5878798582125455,false,-0.0199984610080719
2025_03_CIN_MIN,2106,2,01:21,1,10,MIN,CIN,MIN,52.0,(1:21) (Shotgun) 11-C.Wentz pass short left to 18-J.Jefferson to CIN 16 for 36 yards (44-D.Knight; 55-L.Wilson).,pass,36.0,true,false,short,left,14.0,22.0,,,true,true,false,false,false,false,,false,2.137204084021505,true,0.007269680500030518
2025_03_CIN_MIN,2131,2,00:40,1,10,MIN,CIN,CIN,16.0,(:40) (Shotgun) 11-C.Wentz pass short right to 87-T.Hockenson pushed ob at CIN 5 for 11 yards (27-J.Battle).,pass,11.0,true,false,short,right,10.0,1.0,,,true,true,false,false,false,false,,false,1.1535355431842618,true,0.00041043758392333984
2025_03_CIN_MIN,2166,2,00:36,1,5,MIN,CIN,CIN,5.0,"(:36) (Shotgun) 27-J.Mason left guard for 5 yards, TOUCHDOWN.",run,5.0,true,false,,,,,left,guard,false,true,false,false,false,false,,true,1.3831255732802674,true,0.02347906120121479
2025_03_CIN_MIN,2189,2,00:33,,0,MIN,CIN,CIN,15.0,"16-W.Reichard extra point is GOOD, Center-42-A.DePaola, Holder-17-R.Wright.",extra_point,0.0,false,false,,,,,,,false,false,false,false,false,false,,false,0.05117156607063911,true,0.0
2025_03_CIN_MIN,2209,2,00:33,,0,CIN,MIN,MIN,35.0,"16-W.Reichard kicks 62 yards from MIN 35 to CIN 3. 34-S.Perine to CIN 30 for 27 yards (0-I.Pace, 57-C.Chambliss).",kickoff,0.0,false,false,,,,,,,false,false,false,false,false,false,,false,-0.004996504576411098,false,0.00027716439217329025
2025_03_CIN_MIN,2248,2,00:28,1,10,CIN,MIN,CIN,70.0,"(:28) (Shotgun) 34-S.Perine left guard to CIN 35 for 5 yards (61-J.Redmond). FUMBLES (61-J.Redmond), touched at CIN 47, RECOVERED by MIN-93-J.Allen at CIN 47.",run,5.0,true,false,,,,,left,guard,false,false,false,false,true,false,,false,-2.4255440711858682,false,-0.0006614783778786659
2025_03_CIN_MIN,2286,2,00:20,1,10,MIN,CIN,CIN,47.0,"(:20) (Shotgun) 18-J.Jefferson pass short right to 36-Z.Scott pushed ob at CIN 39 for 8 yards (55-L.Wilson). PENALTY on MIN-64-B.Brandel, Illegal Formation, 5 yards, enforced at CIN 47 - No Play.",no_play,0.0,true,false,,,,,,,false,false,false,false,false,true,5.0,false,-0.7552878544083796,false,-4.7326087951660156e-05
2025_03_CIN_MIN,2331,2,00:14,1,15,MIN,CIN,MIN,52.0,(:14) (Shotgun) 11-C.Wentz pass incomplete deep right to 1-J.Nailor.,pass,0.0,true,false,deep,right,25.0,,,,false,false,false,false,false,false,,false,-0.34417739580385387,false,-0.000270843505859375
2025_03_CIN_MIN,2354,2,00:09,2,15,MIN,CIN,MIN,52.0,(:09) (Shotgun) 36-Z.Scott right guard to CIN 44 for 8 yards (44-D.Knight).,run,8.0,true,false,,,,,right,guard,false,false,false,false,false,false,,false,0.26350409333826974,true,-0.0007004141807556152
2025_03_CIN_MIN,2376,2,00:06,3,7,MIN,CIN,CIN,44.0,(:06) (Shotgun) 11-C.Wentz pass incomplete short left to 18-J.Jefferson.,pass,0.0,true,false,short,left,15.0,,,,false,false,false,false,false,false,,false,0.26330744209736534,true,-0.0010003447532653809
2025_03_CIN_MIN,2388,2,00:06,,0,,,,,"Timeout #1 by MIN at 00:06.",no_play,0.0,false,false,,,,,,,false,false,false,false,false,false,,false,0.0,false,0.0
2025_03_CIN_MIN,2395,2,00:06,,0,,,,,"Timeout #2 by CIN at 00:06.",no_play,0.0,false,false,,,,,,,false,false,false,false,false,false,,false,0.0,false,0.0
2025_03_CIN_MIN,2413,2,00:03,4,7,MIN,CIN,CIN,44.0,"(:03) 16-W.Reichard 62 yard field goal is GOOD, Center-42-A.DePaola, Holder-17-R.Wright.",field_goal,0.0,false,false,,,,,,,false,false,false,false,false,false,,false,1.8051533956076955,true,-0.00022311322391033173
2025_03_CIN_MIN,2431,2,00:03,,0,,,,,"Timeout #3 by CIN at 00:03.",no_play,0.0,false,false,,,,,,,false,false,false,false,false,false,,false,0.0,false,0.0
2025_03_CIN_MIN,2440,2,00:00,,0,,,,,END QUARTER 2,,,false,false,,,,,,,,,,,,,,,,,-0.0
2025_03_CIN_MIN,2458,3,15:00,,0,CIN,MIN,MIN,35.0,16-W.Reichard kicks 58 yards from MIN 35 to CIN 7. 15-C.Jones to CIN 24 for 17 yards (57-C.Chambliss).,kickoff,0.0,false,false,,,,,,,false,false,false,false,false,false,,false,-0.24408097937703133,false,-0.00015443004667758942
2025_03_CIN_MIN,2498,3,14:54,1,10,CIN,MIN,CIN,76.0,(14:54) 30-C.Brown right guard to CIN 23 for -1 yards (58-J.Greenard).,run,-1.0,false,false,,,,,right,guard,false,false,false,false,false,false,,false,-0.8792420900426805,false,-0.0005672881379723549
2025_03_CIN_MIN,2520,3,14:18,2,11,CIN,MIN,CIN,77.0,(14:18) (Shotgun) 30-C.Brown right guard to CIN 27 for 4 yards (55-E.Wilson; 58-J.Greenard).,run,4.0,true,false,,,,,right,guard,false,false,false,false,false,false,,false,-0.03018755605444312,false,0.00028383592143654823
2025_03_CIN_MIN,2542,3,13:34,3,7,CIN,MIN,CIN,73.0,(13:34) (Shotgun) 6-J.Browning sacked ob at CIN 27 for 0 yards (43-A.Van Ginkel).,pass,0.0,true,false,,,,,,,false,false,true,false,false,false,,false,-1.5142266168259084,false,0.0003163903020322323
2025_03_CIN_MIN,2571,3,12:55,4,7,CIN,MIN,CIN,73.0,"(12:55) 8-R.Rehkow punts 68 yards to MIN 5, Center-46-W.Wagner. 4-M.Price to MIN 11 for 6 yards (42-O.Burks). PENALTY on CIN-37-P.Jules, Face Mask, 15 yards, enforced at MIN 11.",punt,0.0,false,false,,,,,,,false,false,false,false,false,true,15.0,false,-0.2217733827419579,false,-0.003215367905795574
2025_03_CIN_MIN,2613,3,12:42,1,10,MIN,CIN,MIN,74.0,(12:42) 27-J.Mason left end to MIN 45 for 19 yards (44-D.Knight; 27-J.Battle).,run,19.0,false,false,,,,,left,end,false,true,false,false,false,false,,false,1.0520251719281077,true,0.00027245283126831055
2025_03_CIN_MIN,2642,3,11:59,1,10,MIN,CIN,MIN,55.0,(11:59) 27-J.Mason right end pushed ob at CIN 47 for 8 yards (27-J.Battle).,run,8.0,false,false,,,,,right,end,false,false,false,false,false,false,,false,0.48819706751964986,true,-0.0001081228256225586
2025_03_CIN_MIN,2669,3,11:33,2,2,MIN,CIN,CIN,47.0,"(11:33) (No Huddle, Shotgun) PENALTY on MIN-74-D.Jackson, False Start, 5 yards, enforced at CIN 47 - No Play.",no_play,0.0,true,true,,,,,,,false,false,false,false,false,true,5.0,false,-0.7897345726378262,false,2.866983413696289e-05
2025_03_CIN_MIN,2693,3,11:17,2,7,MIN,CIN,MIN,52.0,(11:17) (Shotgun) 27-J.Mason up the middle to CIN 47 for 5 yards (92-B.Hill; 55-L.Wilson).,run,5.0,true,false,,,,,middle,,false,false,false,false,false,false,,false,-0.015945334685966372,false,0.0001596212387084961
2025_03_CIN_MIN,2715,3,10:37,3,2,MIN,CIN,CIN,47.0,(10:37) (Shotgun) 11-C.Wentz pass short right to 1-J.Nailor to CIN 40 for 7 yards (23-D.Hill).,pass,7.0,true,false,short,right,5.0,2.0,,,true,true,false,false,false,false,,false,1.1154542013537139,true,9.79304313659668e-05
2025_03_CIN_MIN,2745,3,09:52,1,10,MIN,CIN,CIN,40.0,"(9:52) 27-J.Mason left end to CIN 35 for 5 yards (96-C.Sample, 22-G.Stone). PENALTY on MIN-65-M.Jurgens, Offensive Holding, 10 yards, enforced at CIN 40 - No Play.",no_play,0.0,false,false,,,,,,,false,false,false,false,false,true,10.0,false,-0.8656121715903282,false,2.6881694793701172e-05
2025_03_CIN_MIN,2778,3,09:27,1,20,MIN,CIN,50,50.0,(9:27) (Shotgun) 11-C.Wentz pass short right to 18-J.Jefferson to CIN 36 for 14 yards (20-D.Turner).,pass,14.0,true,false,short,right,10.0,4.0,,,true,false,false,false,false,false,,false,0.6759710765909404,true,-5.4001808166503906e-05
2025_03_CIN_MIN,2803,3,08:42,2,6,MIN,CIN,CIN,36.0,(8:42) 36-Z.Scott left end to CIN 25 for 11 yards (55-L.Wilson). MIN-74-D.Jackson was injured during the play.,run,11.0,false,false,,,,,left,end,false,true,false,false,false,false,,false,1.1553758492227644,true,6.890296936035156e-05
2025_03_CIN_MIN,2825,3,08:00,1,10,MIN,CIN,CIN,25.0,(8:00) 27-J.Mason right tackle to CIN 24 for 1 yard (42-O.Burks; 90-K.Jenkins).,run,1.0,false,false,,,,,right,tackle,false,false,false,false,false,false,,false,-0.30561416456475854,false,-0.00014925003051757812
2025_03_CIN_MIN,2857,3,07:21,2,9,MIN,CIN,CIN,24.0,(7:21) (Shotgun) 11-C.Wentz pass short middle to 87-T.Hockenson to CIN 15 for 9 yards (27-J.Battle).,pass,9.0,true,false,short,middle,7.0,2.0,,,true,true,false,false,false,false,,false,0.9351330201607198,true,0.00012934207916259766
2025_03_CIN_MIN,2882,3,06:44,1,10,MIN,CIN,CIN,15.0,(6:44) (Shotgun) 11-C.Wentz pass short right to 87-T.Hockenson pushed ob at CIN 4 for 11 yards (44-D.Knight).,pass,11.0,true,false,short,right,2.0,9.0,,,true,true,false,false,false,false,,false,0.8393819449702278,true,9.995698928833008e-05
2025_03_CIN_MIN,2912,3,06:04,1,4,MIN,CIN,CIN,4.0,"(6:04) 27-J.Mason up the middle for 4 yards, TOUCHDOWN.",run,4.0,false,false,,,,,middle,,false,true,false,false,false,false,,true,0.8341086449800059,true,0.0002575736741290413
2025_03_CIN_MIN,2935,3,06:00,,0,MIN,CIN,CIN,15.0,"16-W.Reichard extra point is GOOD, Center-42-A.DePaola, Holder-17-R.Wright.",extra_point,0.0,false,false,,,,,,,false,false,false,false,false,false,,false,0.05117156607063911,true,1.3880765310503307e-06
2025_03_CIN_MIN,2950,3,06:00,,0,CIN,MIN,MIN,35.0,16-W.Reichard kicks 57 yards from MIN 35 to CIN 8. 15-C.Jones to CIN 30 for 22 yards (13-T.Felton).,kickoff,0.0,false,false,,,,,,,false,false,false,false,false,false,,false,0.2694543800316751,true,5.138077540323138e-05
2025_03_CIN_MIN,2980,3,05:55,1,10,CIN,MIN,CIN,70.0,(5:55) (Shotgun) 6-J.Browning pass short left to 1-J.Chase pushed ob at CIN 34 for 4 yards (0-I.Pace).,pass,4.0,true,false,short,left,1.0,3.0,,,true,false,false,false,false,false,,false,-0.13534631300717592,false,-9.381386917084455e-06
2025_03_CIN_MIN,3010,3,05:20,2,6,CIN,MIN,CIN,66.0,(5:20) (Shotgun) 6-J.Browning pass short right to 30-C.Brown pushed ob at CIN 38 for 4 yards (50-L.Rodriguez).,pass,4.0,true,false,short,right,3.0,1.0,,,true,false,false,false,false,false,,false,-0.14688266394659877,false,-0.00016079438501037657
2025_03_CIN_MIN,3040,3,04:38,3,2,CIN,MIN,CIN,62.0,(4:38) (Shotgun) 6-J.Browning pass short middle to 89-D.Sample to MIN 46 for 16 yards (44-J.Metellus).,pass,16.0,true,false,short,middle,4.0,12.0,,,true,true,false,false,false,false,,false,1.8590934399981052,true,-3.0333263566717505e-05
2025_03_CIN_MIN,3065,3,03:59,1,10,CIN,MIN,MIN,46.0,(3:59) 6-J.Browning pass incomplete short left to 82-M.Tinsley.,pass,0.0,false,false,short,left,0.0,,,,false,false,false,false,false,false,,false,-0.547401865478605,false,1.2483680620789528e-05
2025_03_CIN_MIN,3088,3,03:55,2,10,CIN,MIN,MIN,46.0,(3:55) (Shotgun) 6-J.Browning pass short middle intended for 88-M.Gesicki INTERCEPTED by 44-J.Metellus at MIN 32. 44-J.Metellus to MIN 32 for no gain (88-M.Gesicki).,pass,0.0,true,false,short,middle,14.0,,,,false,false,false,true,false,false,,false,-4.511247082613409,false,-0.00031696719815954566
2025_03_CIN_MIN,3115,3,03:49,1,10,MIN,CIN,MIN,68.0,(3:49) 27-J.Mason left end pushed ob at CIN 44 for 24 yards (22-G.Stone). ** Injury Update: MIN-74-D.Jackson has returned to the game.,run,24.0,false,false,,,,,left,end,false,true,false,false,false,false,,false,1.2772430994082242,true,0.0
2025_03_CIN_MIN,3149,3,03:05,1,10,MIN,CIN,CIN,44.0,(3:05) 11-C.Wentz pass deep right to 1-J.Nailor to CIN 22 for 22 yards (20-D.Turner).,pass,22.0,false,false,deep,right,17.0,5.0,,,true,true,false,false,false,false,,false,1.5212030299007893,true,1.8358230590820312e-05
2025_03_CIN_MIN,3174,3,02:26,1,10,MIN,CIN,CIN,22.0,(2:26) 27-J.Mason right end to CIN 9 for 13 yards (27-J.Battle).,run,13.0,false,false,,,,,right,end,false,true,false,false,false,false,,false,0.5728571850340813,true,-1.2874603271484375e-05
2025_03_CIN_MIN,3196,3,01:43,1,9,MIN,CIN,CIN,9.0,(1:43) 27-J.Mason right tackle to CIN 8 for 1 yard (49-B.Carter).,run,1.0,false,false,,,,,right,tackle,false,false,false,false,false,false,,false,-0.42832217714749277,false,-2.014636993408203e-05
2025_03_CIN_MIN,3221,3,01:02,2,8,MIN,CIN,CIN,8.0,(1:02) 11-C.Wentz scrambles right tackle to CIN 5 for 3 yards (69-M.Pennel).,run,3.0,false,false,,,,,right,tackle,false,false,false,false,false,false,,false,-0.5018228250555694,false,1.430511474609375e-06
2025_03_CIN_MIN,3243,3,00:20,3,5,MIN,CIN,CIN,5.0,"(:20) (Shotgun) 11-C.Wentz pass short right to 87-T.Hockenson for 5 yards, TOUCHDOWN.",pass,5.0,true,false,short,right,5.0,0.0,,,true,true,false,false,false,false,,true,2.431790661532432,true,5.053538188803941e-05
2025_03_CIN_MIN,3269,3,00:17,,0,MIN,CIN,CIN,15.0,"16-W.Reichard extra point is GOOD, Center-42-A.DePaola, Holder-17-R.Wright.",extra_point,0.0,false,false,,,,,,,false,false,false,false,false,false,,false,0.05117156607063911,true,0.0
2025_03_CIN_MIN,3284,3,00:17,,0,CIN,MIN,MIN,35.0,"16-W.Reichard kicks 61 yards from MIN 35 to CIN 4. 15-C.Jones to CIN 40 for 36 yards (8-J.Okudah). Penalty on MIN-0-I.Pace, Illegal Formation, offsetting, enforced at MIN 35 - No Play. Penalty on CIN-85-C.Grandy, Illegal Block Above the Waist, offsetting. Penalty on CIN-96-C.Sample, Illegal Block Above the Waist, offsetting.",kickoff,,false,false,,,,,,,,,,,,,,,-0.0,false,-0.0
2025_03_CIN_MIN,3329,3,00:04,,0,CIN,MIN,MIN,35.0,"16-W.Reichard kicks 65 yards from MIN 35 to end zone, Touchback to the CIN 35.",kickoff,0.0,false,false,,,,,,,false,false,false,false,false,false,,false,0.48054250003769994,true,-6.339774699881673e-06
2025_03_CIN_MIN,3346,3,00:04,1,10,CIN,MIN,CIN,65.0,(:04) (Shotgun) 25-T.Brooks right end to CIN 42 for 7 yards (57-C.Chambliss).,run,7.0,true,false,,,,,right,end,false,false,false,false,false,false,,false,0.3874806647654623,true,1.101634552469477e-05
2025_03_CIN_MIN,3368,3,00:00,,0,CIN,MIN,,,END QUARTER 3,,,false,false,,,,,,,,,,,,,,,-0.0,false,-0.0
2025_03_CIN_MIN,3388,4,15:00,2,3,CIN,MIN,CIN,58.0,(15:00) (Shotgun) 6-J.Browning pass deep right to 1-J.Chase to MIN 30 for 28 yards (8-J.Okudah).,pass,28.0,true,false,deep,right,23.0,5.0,,,true,true,false,false,false,false,,false,1.9886500464053825,true,-4.013389116153121e-06
2025_03_CIN_MIN,3413,4,14:18,1,10,CIN,MIN,MIN,30.0,(14:18) (Shotgun) 25-T.Brooks left end to MIN 29 for 1 yard (90-T.Ingram-Dawkins).,run,1.0,true,false,,,,,left,end,false,false,false,false,false,false,,false,-0.4122035871259868,false,1.0182593541685492e-05
2025_03_CIN_MIN,3440,4,13:43,2,9,CIN,MIN,MIN,29.0,"(13:43) 6-J.Browning pass short left to 85-C.Grandy to MIN 23 for 6 yards (26-T.Jackson). FUMBLES (26-T.Jackson), recovered by CIN-15-C.Jones at MIN 23.",pass,6.0,false,false,short,left,-2.0,8.0,,,true,false,false,false,false,false,,false,0.1620441589038819,true,-8.812392479740083e-06
2025_03_CIN_MIN,3481,4,13:03,3,3,CIN,MIN,MIN,23.0,(13:03) (Shotgun) 6-J.Browning pass short left to 30-C.Brown to MIN 21 for 2 yards (0-I.Pace).,pass,2.0,true,false,short,left,0.0,2.0,,,true,false,false,false,false,false,,false,-0.875145667931065,false,1.4832286979071796e-05
2025_03_CIN_MIN,3493,4,13:03,,0,,,,,"Timeout #1 by CIN at 13:03.",no_play,0.0,false,false,,,,,,,false,false,false,false,false,false,,false,-0.0,false,-0.0
2025_03_CIN_MIN,3513,4,12:30,4,1,CIN,MIN,MIN,21.0,"(12:30) 6-J.Browning up the middle to MIN 19 for 2 yards (61-J.Redmond; 50-L.Rodriguez). PENALTY on MIN, Defensive Too Many Men on Field, 6 yards, enforced at MIN 21 - No Play.",no_play,0.0,false,false,,,,,,,false,true,false,false,false,true,6.0,false,2.0923666961025447,true,1.854411675594747e-05
2025_03_CIN_MIN,3535,4,12:03,1,10,CIN,MIN,MIN,15.0,"(12:03) (Shotgun) 6-J.Browning pass incomplete short right to 5-T.Higgins. PENALTY on MIN-6-D.McGlothern, Defensive Pass Interference, 14 yards, enforced at MIN 15 - No Play.",no_play,0.0,true,false,,,,,,,false,true,false,false,false,true,14.0,false,1.4391482890350744,true,0.00025903435016516596
2025_03_CIN_MIN,3581,4,11:58,1,1,CIN,MIN,MIN,1.0,(11:58) 30-C.Brown right guard to MIN 4 for -3 yards (50-L.Rodriguez).,run,-3.0,false,false,,,,,right,guard,false,false,false,false,false,false,,false,-0.9220347813679837,false,-5.6801363825798035e-05
2025_03_CIN_MIN,3603,4,11:20,2,4,CIN,MIN,MIN,4.0,"(11:20) (Shotgun) 6-J.Browning pass short left to 89-D.Sample for 4 yards, TOUCHDOWN. Penalty on MIN-8-J.Okudah, Illegal Use of Hands, declined.",pass,4.0,true,false,short,left,-1.0,5.0,,,true,true,false,false,false,false,,true,1.4861924074939452,true,-0.00023789054830558598
2025_03_CIN_MIN,3640,4,11:12,,0,CIN,MIN,MIN,15.0,"2-E.McPherson extra point is GOOD, Center-46-W.Wagner, Holder-8-R.Rehkow.",extra_point,0.0,false,false,,,,,,,false,false,false,false,false,false,,false,0.05117156607063911,true,-0.0
2025_03_CIN_MIN,3655,4,11:12,,0,MIN,CIN,CIN,35.0,2-E.McPherson kicks 64 yards from CIN 35 to MIN 1. 13-T.Felton to MIN 35 for 34 yards (25-T.Brooks).,kickoff,0.0,false,false,,,,,,,false,false,false,false,false,false,,false,0.4544151166919619,true,-1.4066696166992188e-05
2025_03_CIN_MIN,3685,4,11:07,1,10,MIN,CIN,MIN,65.0,"(11:07) 36-Z.Scott left tackle to MIN 36 for 1 yard (42-O.Burks). FUMBLES (42-O.Burks), touched at MIN 37, recovered by MIN-64-B.Brandel at MIN 38.",run,1.0,false,false,,,,,left,tackle,false,false,false,false,false,false,,false,-0.271984008140862,false,-2.777576446533203e-05
2025_03_CIN_MIN,3723,4,10:28,2,7,MIN,CIN,MIN,62.0,(10:28) (Shotgun) 12-M.Brosmer pass incomplete short middle to 19-A.Thielen.,pass,0.0,true,false,short,middle,12.0,,,,false,false,false,false,false,false,,false,-0.8042024709284306,false,-5.245208740234375e-06
2025_03_CIN_MIN,3746,4,10:22,3,7,MIN,CIN,MIN,62.0,(10:22) (Shotgun) 12-M.Brosmer pass incomplete short left to 31-C.Akers.,pass,0.0,true,false,short,left,-6.0,,,,false,false,false,false,false,false,,false,-1.4301598633173853,false,-3.1113624572753906e-05
2025_03_CIN_MIN,3769,4,10:20,4,7,MIN,CIN,MIN,62.0,"(10:20) 17-R.Wright punts 42 yards to CIN 20, Center-42-A.DePaola, fair catch by 15-C.Jones.",punt,0.0,false,false,,,,,,,false,false,false,false,false,false,,false,-0.5748250740580261,false,6.857168045826256e-05
2025_03_CIN_MIN,3789,4,10:13,1,10,CIN,MIN,CIN,80.0,(10:13) (Shotgun) 6-J.Browning pass short left to 88-M.Gesicki to CIN 26 for 6 yards (37-T.Thomas).,pass,6.0,true,false,short,left,3.0,3.0,,,true,false,false,false,false,false,,false,0.09854473965242505,true,-1.7129081243183464e-05
2025_03_CIN_MIN,3821,4,09:39,2,4,CIN,MIN,CIN,74.0,(9:39) (Shotgun) 25-T.Brooks left end to CIN 27 for 1 yard (61-J.Redmond).,run,1.0,true,false,,,,,left,end,false,false,false,false,false,false,,false,-0.6622093734331429,false,9.002978913486004e-07
2025_03_CIN_MIN,3843,4,08:57,3,3,CIN,MIN,CIN,73.0,(8:57) (Shotgun) 6-J.Browning sacked at CIN 16 for -11 yards (56-A.Keys).,pass,-11.0,true,false,,,,,,,false,false,true,false,false,false,,false,-2.470558271743357,false,2.457371010677889e-05
2025_03_CIN_MIN,3863,4,08:14,4,14,CIN,MIN,CIN,84.0,"(8:14) 8-R.Rehkow punts 70 yards to MIN 14, Center-46-W.Wagner. 4-M.Price to MIN 43 for 29 yards (25-T.Brooks).",punt,0.0,false,false,,,,,,,false,false,false,false,false,false,,false,-0.4020538474433124,false,-4.146262654103339e-06
2025_03_CIN_MIN,3889,4,07:57,1,10,MIN,CIN,MIN,57.0,"(7:57) PENALTY on MIN-60-J.Huber, False Start, 5 yards, enforced at MIN 43 - No Play.",no_play,0.0,false,false,,,,,,,false,false,false,false,false,true,5.0,false,-0.5403367620892823,false,-3.0994415283203125e-05
2025_03_CIN_MIN,3918,4,07:57,1,15,MIN,CIN,MIN,62.0,(7:57) 36-Z.Scott left tackle to MIN 38 for no gain (96-C.Sample).,run,0.0,false,false,,,,,left,tackle,false,false,false,false,false,false,,false,-0.5793444635346532,false,-3.707408905029297e-05
2025_03_CIN_MIN,3940,4,07:20,2,15,MIN,CIN,MIN,62.0,(7:20) (Shotgun) 36-Z.Scott left tackle to MIN 40 for 2 yards (90-K.Jenkins; 44-D.Knight).,run,2.0,true,false,,,,,left,tackle,false,false,false,false,false,false,,false,-0.7468221317976713,false,1.621246337890625e-05
2025_03_CIN_MIN,3962,4,06:42,3,13,MIN,CIN,MIN,60.0,(6:42) (Shotgun) 12-M.Brosmer pass short left to 13-T.Felton to MIN 49 for 9 yards (24-M.Wilson).,pass,9.0,true,false,short,left,7.0,2.0,,,true,false,false,false,false,false,,false,-0.4868191306013614,false,-6.079673767089844e-06
2025_03_CIN_MIN,3987,4,06:05,4,4,MIN,CIN,MIN,51.0,"(6:05) 17-R.Wright punts 42 yards to CIN 9, Center-42-A.DePaola, fair catch by 15-C.Jones.",punt,0.0,false,false,,,,,,,false,false,false,false,false,false,,false,-0.18572042020969093,false,6.485519406851381e-05
2025_03_CIN_MIN,4007,4,05:58,1,10,CIN,MIN,CIN,91.0,"(5:58) 25-T.Brooks up the middle to CIN 11 for 2 yards (0-I.Pace, 41-K.King).",run,2.0,false,false,,,,,middle,,false,false,false,false,false,false,,false,-0.4962143059819937,false,2.0173749362584203e-05
2025_03_CIN_MIN,4029,4,05:22,2,8,CIN,MIN,CIN,89.0,(5:22) 25-T.Brooks right end to CIN 17 for 6 yards (0-I.Pace).,run,6.0,false,false,,,,,right,end,false,false,false,false,false,false,,false,0.18681320152245462,true,-8.976661774795502e-06
2025_03_CIN_MIN,4051,4,04:36,3,2,CIN,MIN,CIN,83.0,(4:36) (Shotgun) 11-B.Rypien sacked at CIN 15 for -2 yards (57-C.Chambliss).,pass,-2.0,true,false,,,,,,,false,false,true,false,false,false,,false,-1.2378779940772802,false,1.3867305824533105e-05
2025_03_CIN_MIN,4071,4,03:53,4,4,CIN,MIN,CIN,85.0,"(3:53) 8-R.Rehkow punts 52 yards to MIN 33, Center-46-W.Wagner. 4-M.Price to MIN 44 for 11 yards (37-P.Jules).",punt,0.0,false,false,,,,,,,false,false,false,false,false,false,,false,-0.4892743529053405,false,-2.0409890566952527e-05
2025_03_CIN_MIN,4097,4,03:41,1,10,MIN,CIN,MIN,56.0,(3:41) (Shotgun) 31-C.Akers up the middle to MIN 45 for 1 yard (96-C.Sample; 99-M.Murphy).,run,1.0,true,false,,,,,middle,,false,false,false,false,false,false,,false,-0.4879257659194991,false,-3.6716461181640625e-05
2025_03_CIN_MIN,4119,4,03:00,2,9,MIN,CIN,MIN,55.0,(3:00) 31-C.Akers up the middle to CIN 41 for 14 yards (37-P.Jules; 49-B.Carter).,run,14.0,false,false,,,,,middle,,false,true,false,false,false,false,,false,1.4708555861725472,true,4.9591064453125e-05
2025_03_CIN_MIN,4141,4,02:19,1,10,MIN,CIN,CIN,41.0,(2:19) 31-C.Akers left tackle to CIN 36 for 5 yards (95-H.Cross).,run,5.0,false,false,,,,,left,tackle,false,false,false,false,false,false,,false,0.11763646063627675,true,-2.574920654296875e-05
2025_03_CIN_MIN,4163,4,02:00,2,5,MIN,CIN,CIN,36.0,"(2:00) (Shotgun) 31-C.Akers left tackle to CIN 37 for -1 yards (37-P.Jules, 99-M.Murphy).",run,-1.0,true,false,,,,,left,tackle,false,false,false,false,false,false,,false,-0.6176438416005112,false,2.0503997802734375e-05
2025_03_CIN_MIN,4192,4,01:19,3,6,MIN,CIN,CIN,37.0,(1:19) (Shotgun) 31-C.Akers up the middle to CIN 37 for no gain (96-C.Sample).,run,0.0,true,false,,,,,middle,,false,false,false,false,false,false,,false,-1.3976233033463359,false,-1.6808509826660156e-05
2025_03_CIN_MIN,4214,4,00:33,4,6,MIN,CIN,CIN,37.0,(:33) (Shotgun) 12-M.Brosmer pass short right to 36-Z.Scott to CIN 17 for 20 yards (69-M.Pennel).,pass,20.0,true,false,short,right,-6.0,26.0,,,true,true,false,false,false,false,,false,-1.101800246105995,false,8.857250213623047e-05
2025_03_CIN_MIN,4226,4,00:33,,0,,,,,"Timeout #1 by MIN at 00:33.",no_play,0.0,false,false,,,,,,,false,false,false,false,false,false,,false,0.0,false,0.0
2025_03_CIN_MIN,4246,4,00:00,,0,MIN,CIN,,,END GAME,,,false,false,,,,,,,,,,,,,,,,,
2025_04_MIN_PIT,1,1,15:00,,0,,,,,GAME,,,false,false,,,,,,,,,,,,,,,0.0,false,0.0
2025_04_MIN_PIT,39,1,15:00,,0,PIT,MIN,MIN,35.0,16-W.Reichard kicks 56 yards from MIN 35 to PIT 9. 37-T.Sermon to PIT 35 for 26 yards (99-E.Williams).,kickoff,0.0,false,false,,,,,,,false,false,false,false,false,false,,false,0.5627140537835658,true,0.02012842893600464
2025_04_MIN_PIT,62,1,14:55,1,10,PIT,MIN,PIT,65.0,(14:55) (Shotgun) 8-A.Rodgers sacked at PIT 27 for -8 yards (61-J.Redmond).,pass,-8.0,true,false,,,,,,,false,false,true,false,false,false,,false,-1.3627301268279552,false,-0.04650324583053589
2025_04_MIN_PIT,82,1,14:15,2,18,PIT,MIN,PIT,73.0,(14:15) 74-S.Anderson reported in as eligible. 8-A.Rodgers pass short left to 14-K.Gainwell to PIT 33 for 6 yards (55-E.Wilson).,pass,6.0,false,false,short,left,1.0,5.0,,,true,false,false,false,false,false,,false,-0.30283613922074437,false,-0.009341239929199219
2025_04_MIN_PIT,107,1,13:33,3,12,PIT,MIN,PIT,67.0,(13:33) (Shotgun) 8-A.Rodgers pass short right to 81-J.Smith to PIT 33 for no gain (44-J.Metellus).,pass,0.0,true,false,short,right,-1.0,1.0,,,true,false,false,false,false,false,,false,-1.1685384949669242,false,-0.02249249815940857
2025_04_MIN_PIT,134,1,13:00,4,12,PIT,MIN,PIT,67.0,"(13:00) 3-C.Waitman punts 54 yards to MIN 13, Center-46-C.Kuntz. 4-M.Price to MIN 26 for 13 yards (33-J.Sawyer; 15-B.Skowronek).",punt,0.0,false,false,,,,,,,false,false,false,false,false,false,,false,0.5862425887025893,true,0.018239825963974
2025_04_MIN_PIT,160,1,12:49,1,10,MIN,PIT,MIN,74.0,(12:49) (Shotgun) 11-C.Wentz pass short right to 18-J.Jefferson pushed ob at MIN 30 for 4 yards (23-D.Slay).,pass,4.0,true,false,short,right,4.0,0.0,,,true,false,false,false,false,false,,false,-0.07173603167757392,false,-0.003293633460998535
2025_04_MIN_PIT,190,1,12:20,2,6,MIN,PIT,MIN,70.0,(12:20) 27-J.Mason right end pushed ob at MIN 37 for 7 yards (23-D.Slay).,run,7.0,false,false,,,,,right,end,false,true,false,false,false,false,,false,0.8140510348603129,true,0.03202104568481445
2025_04_MIN_PIT,217,1,11:46,1,10,MIN,PIT,MIN,63.0,(11:46) (Shotgun) 11-C.Wentz pass short left to 18-J.Jefferson to MIN 46 for 9 yards (21-C.Clark).,pass,9.0,true,false,short,left,4.0,5.0,,,true,false,false,false,false,false,,false,0.8617348303087056,true,0.008629262447357178
2025_04_MIN_PIT,242,1,11:06,2,1,MIN,PIT,MIN,54.0,(11:06) 27-J.Mason right guard to MIN 49 for 3 yards (25-D.Elliott).,run,3.0,false,false,,,,,right,guard,false,true,false,false,false,false,,false,-0.05109423748217523,false,0.01657181978225708
2025_04_MIN_PIT,264,1,10:24,1,10,MIN,PIT,MIN,51.0,(10:24) (Shotgun) 11-C.Wentz pass short right to 27-J.Mason to PIT 45 for 6 yards (41-P.Wilson; 90-T.Watt).,pass,6.0,true,false,short,right,-5.0,11.0,,,true,false,false,false,false,false,,false,0.28544420399703085,true,-0.010676681995391846
2025_04_MIN_PIT,289,1,09:47,2,4,MIN,PIT,PIT,45.0,"(9:47) 27-J.Mason left end to PIT 38 for 7 yards (21-C.Clark). FUMBLES (21-C.Clark), RECOVERED by PIT-5-J.Ramsey at PIT 38. 5-J.Ramsey for 62 yards, TOUCHDOWN. The Replay Official reviewed the ball was inbounds ruling, and the play was REVERSED. 27-J.Mason left end to PIT 38 for 7 yards (21-C.Clark). FUMBLES (21-C.Clark), ball out of bounds at PIT 38.",run,7.0,false,false,,,,,left,end,false,true,false,false,false,false,,false,0.5954345630016178,true,0.059922993183135986
2025_04_MIN_PIT,323,1,09:28,1,10,MIN,PIT,PIT,38.0,(9:28) (Shotgun) 11-C.Wentz pass deep middle to 18-J.Jefferson to PIT 16 for 22 yards (25-D.Elliott).,pass,22.0,true,false,deep,middle,17.0,5.0,,,true,true,false,false,false,false,,false,1.416413227969315,true,0.024643778800964355
2025_04_MIN_PIT,358,1,08:49,1,10,MIN,PIT,PIT,16.0,(8:49) 27-J.Mason up the middle to PIT 13 for 3 yards (51-N.Herbig; 25-D.Elliott).,run,3.0,false,false,,,,,middle,,false,false,false,false,false,false,,false,-0.16735927911940962,false,-0.009923994541168213
2025_04_MIN_PIT,380,1,08:10,2,7,MIN,PIT,PIT,13.0,"(8:10) 11-C.Wentz pass short right to 18-J.Jefferson to PIT 6 for 7 yards (5-J.Ramsey; 22-J.Thornhill). PENALTY on MIN-76-W.Fries, Ineligible Downfield Pass, 5 yards, enforced at PIT 13 - No Play.",no_play,0.0,false,false,,,,,,,false,false,false,false,false,true,5.0,false,-0.679119493404869,false,-0.0021206140518188477
2025_04_MIN_PIT,457,1,07:44,2,12,MIN,PIT,PIT,18.0,(7:44) (Shotgun) 11-C.Wentz pass short right to 18-J.Jefferson to PIT 15 for 3 yards (55-C.Holcomb).,pass,3.0,true,false,short,right,3.0,0.0,,,true,false,false,false,false,false,,false,-0.28062613622751087,false,-0.02228987216949463
2025_04_MIN_PIT,482,1,07:06,3,9,MIN,PIT,PIT,15.0,(7:06) (Shotgun) 11-C.Wentz sacked at PIT 23 for -8 yards (6-P.Queen).,pass,-8.0,true,false,,,,,,,false,false,true,false,false,false,,false,-1.3366835341893322,false,-0.03735250234603882
2025_04_MIN_PIT,502,1,06:28,4,17,MIN,PIT,PIT,23.0,"(6:28) 16-W.Reichard 41 yard field goal is GOOD, Center-42-A.DePaola, Holder-17-R.Wright. MIN-75-B.O'Neill was injured during the play.",field_goal,0.0,false,false,,,,,,,false,false,false,false,false,false,,false,0.6986151002219132,true,0.011747479438781738
2025_04_MIN_PIT,522,1,06:24,,0,PIT,MIN,MIN,35.0,16-W.Reichard kicks 61 yards from MIN 35 to PIT 4. 37-T.Sermon to PIT 29 for 25 yards (99-E.Williams).,kickoff,0.0,false,false,,,,,,,false,false,false,false,false,false,,false,0.2937777768820524,true,0.0068142712116241455
2025_04_MIN_PIT,558,1,06:19,1,10,PIT,MIN,PIT,71.0,(6:19) 74-S.Anderson reported in as eligible. 14-K.Gainwell left end to PIT 38 for 9 yards (44-J.Metellus; 55-E.Wilson).,run,9.0,false,false,,,,,left,end,false,false,false,false,false,false,,false,0.7454586727544665,true,0.030301541090011597
2025_04_MIN_PIT,582,1,05:42,2,1,PIT,MIN,PIT,62.0,(5:42) (Shotgun) 8-A.Rodgers pass short right to 19-C.Austin to PIT 43 for 5 yards (15-D.Turner; 7-B.Murphy).,pass,5.0,true,false,short,right,0.0,5.0,,,true,true,false,false,false,false,,false,0.13372606574557722,true,-0.00312727689743042
2025_04_MIN_PIT,607,1,05:01,1,10,PIT,MIN,PIT,57.0,(5:01) (Shotgun) 8-A.Rodgers pass short middle to 4-D.Metcalf to MIN 43 for 14 yards (15-D.Turner).,pass,14.0,true,false,short,middle,4.0,10.0,,,true,true,false,false,false,false,,false,0.8319461967330426,true,0.04511457681655884
2025_04_MIN_PIT,632,1,04:25,1,10,PIT,MIN,MIN,43.0,(4:25) 20-K.Johnson right tackle to MIN 41 for 2 yards (99-E.Williams).,run,2.0,false,false,,,,,right,tackle,false,false,false,false,false,false,,false,-0.2964018904604018,false,-0.01952102780342102
2025_04_MIN_PIT,654,1,03:44,2,8,PIT,MIN,MIN,41.0,(3:44) (Shotgun) 8-A.Rodgers pass short left to 81-J.Smith pushed ob at MIN 35 for 6 yards (44-J.Metellus).,pass,6.0,true,false,short,left,0.0,6.0,,,true,false,false,false,false,false,,false,0.18223993154242635,true,0.014625996351242065
2025_04_MIN_PIT,684,1,03:17,3,2,PIT,MIN,MIN,35.0,(3:17) (Shotgun) 8-A.Rodgers pass short left to 4-D.Metcalf to MIN 18 for 17 yards (8-J.Okudah).,pass,17.0,true,false,short,left,14.0,3.0,,,true,true,false,false,false,false,,false,1.9722878781030886,true,0.052699923515319824
2025_04_MIN_PIT,709,1,02:36,1,10,PIT,MIN,MIN,18.0,(2:36) 74-S.Anderson reported in as eligible. 8-A.Rodgers pass short left to 4-D.Metcalf to MIN 7 for 11 yards (2-I.Rodgers; 0-I.Pace).,pass,11.0,false,false,short,left,3.0,8.0,,,true,true,false,false,false,false,,false,0.6846059696399607,true,0.028734326362609863
2025_04_MIN_PIT,741,1,01:39,1,7,PIT,MIN,MIN,7.0,(1:39) (Shotgun) 8-A.Rodgers pass short left to 14-K.Gainwell to MIN 1 for 6 yards (44-J.Metellus).,pass,6.0,true,false,short,left,0.0,6.0,,,true,false,false,false,false,false,,false,0.7017511109006591,true,0.015041768550872803
2025_04_MIN_PIT,766,1,00:58,2,1,PIT,MIN,MIN,1.0,"(:58) 14-K.Gainwell left tackle for 1 yard, TOUCHDOWN.",run,1.0,false,false,,,,,left,tackle,false,true,false,false,false,false,,true,0.8785503086983226,true,0.00987406878110908
2025_04_MIN_PIT,789,1,00:55,,0,PIT,MIN,MIN,15.0,"9-C.Boswell extra point is GOOD, Center-46-C.Kuntz, Holder-3-C.Waitman.",extra_point,0.0,false,false,,,,,,,false,false,false,false,false,false,,false,0.06757300310763314,true,0.0019829341924474386
2025_04_MIN_PIT,804,1,00:55,,0,MIN,PIT,PIT,35.0,9-C.Boswell kicks 63 yards from PIT 35 to MIN 2. 13-T.Felton to MIN 30 for 28 yards (44-C.Bruener).,kickoff,0.0,false,false,,,,,,,false,false,false,false,false,false,,false,0.2740646549500525,true,0.006723284721374512
2025_04_MIN_PIT,834,1,00:50,1,10,MIN,PIT,MIN,70.0,(:50) 27-J.Mason right end to MIN 31 for 1 yard (5-J.Ramsey).,run,1.0,false,false,,,,,right,end,false,false,false,false,false,false,,false,-0.5208630324341357,false,-0.023315101861953735
2025_04_MIN_PIT,856,1,00:09,2,9,MIN,PIT,MIN,69.0,(:09) (Shotgun) 11-C.Wentz pass deep right to 3-J.Addison to PIT 47 for 22 yards (23-D.Slay) [90-T.Watt].,pass,22.0,true,false,deep,right,17.0,5.0,,,true,true,false,false,false,false,,false,2.0353473818395287,true,0.05949455499649048
2025_04_MIN_PIT,881,1,00:00,,0,MIN,PIT,,,END QUARTER 1,,,false,false,,,,,,,,,,,,,,,-0.0,false,-0.0
2025_04_MIN_PIT,901,2,15:00,1,10,MIN,PIT,PIT,47.0,(15:00) (Shotgun) 11-C.Wentz pass short left to 18-J.Jefferson pushed ob at PIT 42 for 5 yards (6-P.Queen).,pass,5.0,true,false,short,left,-3.0,8.0,,,true,false,false,false,false,false,,false,-0.03970590443350375,false,0.01886126399040222
2025_04_MIN_PIT,931,2,14:24,2,5,MIN,PIT,PIT,42.0,(14:24) 27-J.Mason left end to PIT 44 for -2 yards (41-P.Wilson).,run,-2.0,false,false,,,,,left,end,false,false,false,false,false,false,,false,-1.1446245645638555,false,-0.031226307153701782
2025_04_MIN_PIT,953,2,13:42,3,7,MIN,PIT,PIT,44.0,"(13:42) (Shotgun) PENALTY on MIN-71-C.Darrisaw, False Start, 6 yards, enforced at PIT 44 - No Play.",no_play,0.0,true,false,,,,,,,false,false,false,false,false,true,6.0,false,-0.8324367832392454,false,-0.057923078536987305
2025_04_MIN_PIT,977,2,13:20,3,13,MIN,PIT,50,50.0,(13:20) (Shotgun) 11-C.Wentz sacked at MIN 41 for -9 yards (51-N.Herbig).,pass,-9.0,true,false,,,,,,,false,false,true,false,false,false,,false,-1.4788371652830392,false,-0.02286013960838318
2025_04_MIN_PIT,997,2,12:38,4,22,MIN,PIT,MIN,59.0,"(12:38) 17-R.Wright punts 39 yards to PIT 20, Center-42-A.DePaola, downed by MIN-13-T.Felton.",punt,0.0,false,false,,,,,,,false,false,false,false,false,false,,false,0.1720431288704276,true,0.026860684156417847
2025_04_MIN_PIT,1017,2,12:28,1,10,PIT,MIN,PIT,80.0,"(12:28) (Shotgun) 8-A.Rodgers pass short middle to 4-D.Metcalf for 80 yards, TOUCHDOWN.",pass,80.0,true,false,short,middle,14.0,66.0,,,true,true,false,false,false,false,,true,6.403278690297157,true,0.16106871210064688
2025_04_MIN_PIT,1055,2,12:16,,0,PIT,MIN,MIN,15.0,"9-C.Boswell extra point is GOOD, Center-46-C.Kuntz, Holder-3-C.Waitman.",extra_point,0.0,false,false,,,,,,,false,false,false,false,false,false,,false,0.06757300310763314,true,0.0022459135201950975
2025_04_MIN_PIT,1070,2,12:16,,0,MIN,PIT,PIT,35.0,9-C.Boswell kicks 60 yards from PIT 35 to MIN 5. 13-T.Felton to MIN 26 for 21 yards (83-Co.Heyward; 55-C.Holcomb).,kickoff,0.0,false,false,,,,,,,false,false,false,false,false,false,,false,0.02288547670468688,true,-0.0
2025_04_MIN_PIT,1093,2,12:11,1,10,MIN,PIT,MIN,74.0,(12:11) 27-J.Mason left tackle to MIN 26 for no gain (95-K.Benton; 41-P.Wilson).,run,0.0,false,false,,,,,left,tackle,false,false,false,false,false,false,,false,-0.5229496513493359,false,-0.010266706347465515
2025_04_MIN_PIT,1115,2,11:28,2,10,MIN,PIT,MIN,74.0,(11:28) (Shotgun) 11-C.Wentz pass short left to 3-J.Addison to MIN 31 for 5 yards (51-N.Herbig).,pass,5.0,true,false,short,left,4.0,1.0,,,true,false,false,false,false,false,,false,-0.028553627198562026,false,-0.0015164762735366821
2025_04_MIN_PIT,1140,2,10:47,3,5,MIN,PIT,MIN,69.0,(10:47) (Shotgun) 11-C.Wentz pass short left to 19-A.Thielen to MIN 37 for 6 yards (26-B.Echols).,pass,6.0,true,false,short,left,6.0,0.0,,,true,true,false,false,false,false,,false,1.4522004667669535,true,0.026192665100097656
2025_04_MIN_PIT,1152,2,10:47,,0,,,,,"Timeout #1 by PIT at 10:47.",no_play,0.0,false,false,,,,,,,false,false,false,false,false,false,,false,-0.0,false,-0.0
2025_04_MIN_PIT,1179,2,10:03,1,10,MIN,PIT,MIN,63.0,(10:03) 11-C.Wentz scrambles up the middle to MIN 38 for 1 yard (90-T.Watt).,run,1.0,false,false,,,,,middle,,false,false,false,false,false,false,,false,-0.5437185931950808,false,-0.010849282145500183
2025_04_MIN_PIT,1201,2,09:22,2,9,MIN,PIT,MIN,62.0,(9:22) (Shotgun) 11-C.Wentz pass short right to 18-J.Jefferson to MIN 46 for 8 yards (25-D.Elliott; 5-J.Ramsey).,pass,8.0,true,false,short,right,5.0,3.0,,,true,false,false,false,false,false,,false,0.7438042690046132,true,0.01103585958480835
2025_04_MIN_PIT,1226,2,08:41,3,1,MIN,PIT,MIN,54.0,(8:41) (Shotgun) 27-J.Mason right tackle to MIN 46 for no gain (99-D.Harmon; 90-T.Watt). (Virtual Measurement).,run,0.0,true,false,,,,,right,tackle,false,false,false,false,false,false,,false,-1.6029616959858686,false,-0.021944314241409302
2025_04_MIN_PIT,1252,2,08:02,4,1,MIN,PIT,MIN,54.0,(8:02) 27-J.Mason right tackle to PIT 45 for 9 yards (25-D.Elliott).,run,9.0,false,false,,,,,right,tackle,false,true,false,false,false,false,,false,2.5122315387707204,true,0.048948660492897034
2025_04_MIN_PIT,1274,2,07:24,1,10,MIN,PIT,PIT,45.0,(7:24) (Shotgun) 11-C.Wentz pass short left to 36-Z.Scott to PIT 42 for 3 yards (51-N.Herbig).,pass,3.0,true,false,short,left,-1.0,4.0,,,true,false,false,false,false,false,,false,-0.26003338396549225,false,-0.020478546619415283
2025_04_MIN_PIT,1299,2,06:41,2,7,MIN,PIT,PIT,42.0,(6:41) 36-Z.Scott right end to PIT 43 for -1 yards (22-J.Thornhill).,run,-1.0,false,false,,,,,right,end,false,false,false,false,false,false,,false,-0.8664919515140355,false,-0.02583126723766327
2025_04_MIN_PIT,1321,2,05:58,3,8,MIN,PIT,PIT,43.0,(5:58) (Shotgun) 11-C.Wentz pass short middle intended for 3-J.Addison INTERCEPTED by 25-D.Elliott (99-D.Harmon) at PIT 36. 25-D.Elliott to PIT 32 for -4 yards (87-T.Hockenson).,pass,0.0,true,false,short,middle,7.0,,,,false,false,false,true,false,false,,false,-3.0652074695099145,false,-0.041454821825027466
2025_04_MIN_PIT,1360,2,05:50,1,10,PIT,MIN,PIT,68.0,(5:50) (Shotgun) 8-A.Rodgers pass short left to 80-D.Washington to PIT 39 for 7 yards (0-I.Pace).,pass,7.0,true,false,short,left,4.0,3.0,,,true,false,false,false,false,false,,false,0.25193721149116755,true,0.009139955043792725
2025_04_MIN_PIT,1392,2,05:13,2,3,PIT,MIN,PIT,61.0,"(5:13) (No Huddle, Shotgun) 14-K.Gainwell left guard to PIT 43 for 4 yards (0-I.Pace; 93-J.Allen).",run,4.0,true,true,,,,,left,guard,false,true,false,false,false,false,,false,0.3497079835506156,true,0.0019615888595581055
2025_04_MIN_PIT,1414,2,04:33,1,10,PIT,MIN,PIT,57.0,"(4:33) (No Huddle, Shotgun) 8-A.Rodgers pass incomplete short left to 81-J.Smith.",pass,0.0,true,true,short,left,3.0,,,,false,false,false,false,false,false,,false,-0.4968720094766468,false,-0.010131895542144775
2025_04_MIN_PIT,1437,2,04:31,2,10,PIT,MIN,PIT,57.0,(4:31) 74-S.Anderson reported in as eligible. 14-K.Gainwell left end to MIN 48 for 9 yards (97-J.Hargrave).,run,9.0,false,false,,,,,left,end,false,false,false,false,false,false,,false,0.6601806284161285,true,0.015991508960723877
2025_04_MIN_PIT,1461,2,03:48,3,1,PIT,MIN,MIN,48.0,"(3:48) 74-S.Anderson reported in as eligible. 14-K.Gainwell left tackle to MIN 47 for 1 yard (15-D.Turner; 0-I.Pace). PENALTY on MIN-7-B.Murphy, Unnecessary Roughness, 15 yards, enforced at MIN 47.",run,1.0,false,false,,,,,left,tackle,false,true,false,false,false,true,15.0,false,1.3772462927154265,true,0.012022554874420166
2025_04_MIN_PIT,1496,2,03:21,1,10,PIT,MIN,MIN,32.0,(3:21) 20-K.Johnson left end to MIN 31 for 1 yard (0-I.Pace; 98-B.Richter).,run,1.0,false,false,,,,,left,end,false,false,false,false,false,false,,false,-0.5176432225271128,false,-0.006372988224029541
2025_04_MIN_PIT,1518,2,02:37,2,9,PIT,MIN,MIN,31.0,(2:37) (Shotgun) 8-A.Rodgers pass incomplete short left to 20-K.Johnson.,pass,0.0,true,false,short,left,-3.0,,,,false,false,false,false,false,false,,false,-0.4310725008836016,false,-0.011564075946807861
2025_04_MIN_PIT,1541,2,02:34,3,9,PIT,MIN,MIN,31.0,"(2:34) (Shotgun) 8-A.Rodgers scrambles up the middle to MIN 20 for 11 yards (58-J.Greenard). FUMBLES (58-J.Greenard), recovered by PIT-77-B.Jones at MIN 21. 77-B.Jones to MIN 15 for 6 yards (97-J.Hargrave).",run,10.0,true,false,,,,,middle,,false,true,false,false,false,false,,false,2.186284309369512,true,0.034817278385162354
2025_04_MIN_PIT,1579,2,02:00,1,10,PIT,MIN,MIN,15.0,(2:00) 8-A.Rodgers pass short left to 80-D.Washington pushed ob at MIN 10 for 5 yards (44-J.Metellus; 50-L.Rodriguez).,pass,5.0,false,false,short,left,1.0,4.0,,,true,false,false,false,false,false,,false,0.056550991197582334,true,0.0016141533851623535
2025_04_MIN_PIT,1616,2,01:53,2,5,PIT,MIN,MIN,10.0,(1:53) (Shotgun) 8-A.Rodgers sacked at MIN 20 for -10 yards (61-J.Redmond).,pass,-10.0,true,false,,,,,,,false,false,true,false,false,false,,false,-1.7534206615528092,false,-0.02563375234603882
2025_04_MIN_PIT,1636,2,01:49,3,15,PIT,MIN,MIN,20.0,(1:49) (Shotgun) 8-A.Rodgers pass short middle to 14-K.Gainwell to MIN 12 for 8 yards (55-E.Wilson; 44-J.Metellus).,pass,8.0,true,false,short,middle,2.0,6.0,,,true,false,false,false,false,false,,false,-0.001279028501444568,false,0.007110118865966797
2025_04_MIN_PIT,1648,2,01:49,,0,,,,,"Timeout #1 by MIN at 01:49.",no_play,0.0,false,false,,,,,,,false,false,false,false,false,false,,false,0.0,false,0.0
2025_04_MIN_PIT,1668,2,01:42,4,7,PIT,MIN,MIN,12.0,"(1:42) 9-C.Boswell 30 yard field goal is BLOCKED (2-I.Rodgers), Center-46-C.Kuntz, Holder-3-C.Waitman, RECOVERED by MIN-0-I.Pace at MIN 9.",field_goal,0.0,false,false,,,,,,,false,false,false,false,false,false,,false,-3.091465685205917,false,-0.032334208488464355
2025_04_MIN_PIT,1680,2,01:42,,0,,,,,"Timeout #2 by MIN at 01:42.",no_play,0.0,false,false,,,,,,,false,false,false,false,false,false,,false,0.0,false,0.0
2025_04_MIN_PIT,1705,2,01:38,1,10,MIN,PIT,MIN,91.0,"(1:38) (Shotgun) 11-C.Wentz pass short middle to 36-Z.Scott to MIN 19 for 10 yards (33-J.Sawyer; 6-P.Queen). PENALTY on PIT-99-D.Harmon, Roughing the Passer, 15 yards, enforced at MIN 19.",pass,10.0,true,false,short,middle,0.0,10.0,,,true,true,false,false,false,true,15.0,false,1.1618741512065753,true,0.018865808844566345
2025_04_MIN_PIT,1748,2,01:32,1,10,MIN,PIT,MIN,66.0,(1:32) (Shotgun) 11-C.Wentz pass incomplete deep left to 36-Z.Scott.,pass,0.0,true,false,deep,left,26.0,,,,false,false,false,false,false,false,,false,-0.2835466933902353,false,-0.013475418090820312
2025_04_MIN_PIT,1771,2,01:28,2,10,MIN,PIT,MIN,66.0,(1:28) (Shotgun) 11-C.Wentz pass short middle to 18-J.Jefferson to PIT 49 for 17 yards (26-B.Echols) [41-P.Wilson].,pass,17.0,true,false,short,middle,14.0,3.0,,,true,true,false,false,false,false,,false,1.0524379577836953,true,0.03563927114009857
2025_04_MIN_PIT,1796,2,01:07,1,10,MIN,PIT,PIT,49.0,"(1:07) (No Huddle, Shotgun) 11-C.Wentz pass short right to 36-Z.Scott pushed ob at PIT 42 for 7 yards (41-P.Wilson).",pass,7.0,true,true,short,right,7.0,0.0,,,true,false,false,false,false,false,,false,0.24037949478952214,true,-0.0037611424922943115
2025_04_MIN_PIT,1826,2,00:59,2,3,MIN,PIT,PIT,42.0,(:59) (Shotgun) 11-C.Wentz pass deep left to 18-J.Jefferson to PIT 13 for 29 yards (41-P.Wilson).,pass,29.0,true,false,deep,left,24.0,5.0,,,true,true,false,false,false,false,,false,2.1246408883598633,true,0.040295034646987915
2025_04_MIN_PIT,1851,2,00:30,1,10,MIN,PIT,PIT,13.0,"(:30) (No Huddle, Shotgun) 11-C.Wentz pass short right to 36-Z.Scott to PIT 15 for -2 yards (6-P.Queen) [99-D.Harmon].",pass,-2.0,true,true,short,right,-5.0,3.0,,,true,false,false,false,false,false,,false,-0.9466532439109869,false,-0.01181495189666748
2025_04_MIN_PIT,1876,2,00:24,2,12,MIN,PIT,PIT,15.0,(:24) (Shotgun) 11-C.Wentz pass incomplete short left to 87-T.Hockenson.,pass,0.0,true,false,short,left,7.0,,,,false,false,false,false,false,false,,false,-0.5941687980666757,false,-0.023771077394485474
2025_04_MIN_PIT,1888,2,00:24,,0,,,,,"Timeout #3 by MIN at 00:24.",no_play,0.0,false,false,,,,,,,false,false,false,false,false,false,,false,-0.0,false,-0.0
2025_04_MIN_PIT,1906,2,00:20,3,12,MIN,PIT,PIT,15.0,(:20) (Shotgun) 11-C.Wentz pass incomplete short right [95-K.Benton].,pass,0.0,true,false,short,right,15.0,,,,false,false,false,false,false,false,,false,-0.6215739231556654,false,-0.022199034690856934
2025_04_MIN_PIT,1929,2,00:16,4,12,MIN,PIT,PIT,15.0,"(:16) (Field Goal formation) PENALTY on PIT-5-J.Ramsey, Defensive Offside, 5 yards, enforced at PIT 15 - No Play.",no_play,0.0,false,false,,,,,,,false,false,false,false,false,true,5.0,false,0.5121212442498506,true,0.006866484880447388
2025_04_MIN_PIT,1959,2,00:16,4,7,MIN,PIT,PIT,10.0,"(:16) 16-W.Reichard 28 yard field goal is GOOD, Center-42-A.DePaola, Holder-17-R.Wright.",field_goal,0.0,false,false,,,,,,,false,false,false,false,false,false,,false,0.10421899947339286,true,-0.0012340843677520752
2025_04_MIN_PIT,1982,2,00:12,,0,PIT,MIN,MIN,35.0,16-W.Reichard kicks 65 yards from MIN 35 to PIT 0. 14-K.Gainwell to PIT 24 for 24 yards (41-K.King). MIN-24-J.Ward was injured during the play.,kickoff,0.0,false,false,,,,,,,false,false,false,false,false,false,,false,-0.043680007103830576,false,0.0
2025_04_MIN_PIT,2005,2,00:06,1,10,PIT,MIN,PIT,76.0,(:06) 8-A.Rodgers kneels to PIT 23 for -1 yards.,qb_kneel,-1.0,false,false,,,,,,,false,false,false,false,false,false,,false,0.0,false,
2025_04_MIN_PIT,2027,2,00:00,,0,,,,,END QUARTER 2,,,false,false,,,,,,,,,,,,,,,,,-0.0
2025_04_MIN_PIT,2050,3,15:00,,0,MIN,PIT,PIT,35.0,9-C.Boswell kicks 61 yards from PIT 35 to MIN 4. 4-M.Price to MIN 32 for 28 yards (55-C.Holcomb). ** Injury Update: MIN-24-J.Ward has returned to the game.,kickoff,0.0,false,false,,,,,,,false,false,false,false,false,false,,false,0.5204916815273464,true,0.004367634654045105
2025_04_MIN_PIT,2078,3,14:54,1,10,MIN,PIT,MIN,68.0,(14:54) 27-J.Mason right guard to MIN 35 for 3 yards (95-K.Benton; 5-J.Ramsey).,run,3.0,false,false,,,,,right,guard,false,false,false,false,false,false,,false,-0.4132848856970668,false,-0.006758391857147217
2025_04_MIN_PIT,2103,3,14:19,2,7,MIN,PIT,MIN,65.0,(14:19) (Shotgun) 11-C.Wentz pass short left to 27-J.Mason to MIN 31 for -4 yards (41-P.Wilson).,pass,-4.0,true,false,short,left,-5.0,1.0,,,true,false,false,false,false,false,,false,-1.2689691744744778,false,-0.031240731477737427
2025_04_MIN_PIT,2128,3,13:41,3,11,MIN,PIT,MIN,69.0,"(13:41) (Shotgun) 11-C.Wentz sacked at MIN 23 for -8 yards (sack split by 95-K.Benton and 51-N.Herbig). Penalty on MIN-27-J.Mason, Offensive Holding, declined.",pass,-8.0,true,false,,,,,,,false,false,true,false,false,false,,false,-1.8661955571733415,false,-0.03358431160449982
2025_04_MIN_PIT,2159,3,13:18,4,19,MIN,PIT,MIN,77.0,"(13:18) 17-R.Wright punts 48 yards to PIT 29, Center-42-A.DePaola. 19-C.Austin to PIT 26 for -3 yards (13-T.Felton; 37-T.Thomas).",punt,0.0,false,false,,,,,,,false,false,false,false,false,false,,false,1.3419340229593217,true,0.012650176882743835
2025_04_MIN_PIT,2190,3,13:09,1,10,PIT,MIN,PIT,74.0,(13:09) 74-S.Anderson reported in as eligible. 14-K.Gainwell right tackle to PIT 25 for -1 yards (55-E.Wilson).,run,-1.0,false,false,,,,,right,tackle,false,false,false,false,false,false,,false,-0.8223276492208242,false,-0.018642127513885498
2025_04_MIN_PIT,2221,3,12:28,2,11,PIT,MIN,PIT,75.0,(12:28) 74-S.Anderson reported in as eligible. 14-K.Gainwell left guard to PIT 32 for 7 yards (97-J.Hargrave).,run,7.0,false,false,,,,,left,guard,false,false,false,false,false,false,,false,0.32796701742336154,true,0.018996119499206543
2025_04_MIN_PIT,2243,3,11:43,3,4,PIT,MIN,PIT,68.0,(11:43) (Shotgun) 8-A.Rodgers pass short right to 14-K.Gainwell to PIT 33 for 1 yard (55-E.Wilson).,pass,1.0,true,false,short,right,0.0,1.0,,,true,false,false,false,false,false,,false,-1.4878102545626462,false,-0.01449507474899292
2025_04_MIN_PIT,2268,3,11:11,4,3,PIT,MIN,PIT,67.0,"(11:11) 3-C.Waitman punts 47 yards to MIN 20, Center-46-C.Kuntz. 4-M.Price to MIN 20 for no gain (15-B.Skowronek). PENALTY on MIN-24-J.Ward, Illegal Block Above the Waist, 10 yards, enforced at MIN 20.",punt,0.0,false,false,,,,,,,false,false,false,false,false,true,10.0,false,1.284679954405874,true,-0.014602258801460266
2025_04_MIN_PIT,2307,3,11:03,1,10,MIN,PIT,MIN,90.0,(11:03) 11-C.Wentz pass incomplete deep left to 3-J.Addison [97-Ca.Heyward].,pass,0.0,false,false,deep,left,20.0,,,,false,false,false,false,false,false,,false,-0.5518218255601823,false,-0.011852189898490906
2025_04_MIN_PIT,2337,3,10:58,2,10,MIN,PIT,MIN,90.0,(10:58) (Shotgun) 27-J.Mason right guard to MIN 17 for 7 yards (6-P.Queen).,run,7.0,true,false,,,,,right,guard,false,false,false,false,false,false,,false,0.09465106064453721,true,0.004827529191970825
2025_04_MIN_PIT,2359,3,10:13,3,3,MIN,PIT,MIN,83.0,(10:13) (Shotgun) 11-C.Wentz pass short left to 19-A.Thielen to MIN 22 for 5 yards (23-D.Slay).,pass,5.0,true,false,short,left,5.0,0.0,,,true,true,false,false,false,false,,false,1.1389287034980953,true,0.01961521804332733
2025_04_MIN_PIT,2384,3,09:39,1,10,MIN,PIT,MIN,78.0,(9:39) (Shotgun) 27-J.Mason left tackle to MIN 30 for 8 yards (90-T.Watt).,run,8.0,true,false,,,,,left,tackle,false,false,false,false,false,false,,false,0.7733297259546816,true,0.0013974756002426147
2025_04_MIN_PIT,2406,3,09:01,2,2,MIN,PIT,MIN,70.0,(9:01) 11-C.Wentz pass short right to 27-J.Mason pushed ob at MIN 43 for 13 yards (21-C.Clark).,pass,13.0,false,false,short,right,0.0,13.0,,,true,true,false,false,false,false,,false,0.8505961582995951,true,0.02710309624671936
2025_04_MIN_PIT,2441,3,08:22,1,10,MIN,PIT,MIN,57.0,(8:22) 36-Z.Scott left end to MIN 45 for 2 yards (41-P.Wilson).,run,2.0,false,false,,,,,left,end,false,false,false,false,false,false,,false,-0.4706947801169008,false,-0.01864725351333618
2025_04_MIN_PIT,2463,3,07:42,2,8,MIN,PIT,MIN,55.0,(7:42) (Shotgun) 11-C.Wentz pass incomplete short left to 3-J.Addison.,pass,0.0,true,false,short,left,10.0,,,,false,false,false,false,false,false,,false,-0.8570698050316423,false,-0.02203872799873352
2025_04_MIN_PIT,2486,3,07:38,3,8,MIN,PIT,MIN,55.0,(7:38) (Shotgun) 11-C.Wentz scrambles left end ran ob at PIT 44 for 11 yards (6-P.Queen).,run,11.0,true,false,,,,,left,end,false,true,false,false,false,false,,false,2.1273406713735312,true,0.029489770531654358
2025_04_MIN_PIT,2513,3,06:53,1,10,MIN,PIT,PIT,44.0,"(6:53) 11-C.Wentz sacked at MIN 48 for -8 yards (25-D.Elliott). FUMBLES (25-D.Elliott) [25-D.Elliott], touched at MIN 48, recovered by MIN-84-J.Oliver at PIT 45.",pass,-8.0,false,false,,,,,,,false,false,true,false,false,false,,false,-0.8059693884570152,false,-0.024486973881721497
2025_04_MIN_PIT,2543,3,06:04,2,11,MIN,PIT,PIT,45.0,(6:04) 11-C.Wentz sacked at 50 for -5 yards (90-T.Watt).,pass,-5.0,false,false,,,,,,,false,false,true,false,false,false,,false,-1.421506123850122,false,-0.021077781915664673
2025_04_MIN_PIT,2563,3,05:22,3,16,MIN,PIT,50,50.0,(5:22) (Shotgun) 11-C.Wentz pass short middle intended for 36-Z.Scott INTERCEPTED by 90-T.Watt at MIN 48. 90-T.Watt to MIN 35 for 13 yards (36-Z.Scott).,pass,0.0,true,false,short,middle,-2.0,,,,false,false,false,true,false,false,,false,-4.185406570555642,false,-0.056116342544555664
2025_04_MIN_PIT,2614,3,05:15,1,10,PIT,MIN,MIN,35.0,(5:15) (Shotgun) 8-A.Rodgers pass short middle to 80-D.Washington to MIN 27 for 8 yards (44-J.Metellus; 26-T.Jackson).,pass,8.0,true,false,short,middle,5.0,3.0,,,true,false,false,false,false,false,,false,0.5959179416531697,true,0.013185858726501465
2025_04_MIN_PIT,2646,3,04:35,2,2,PIT,MIN,MIN,27.0,(4:35) (Shotgun) 14-K.Gainwell left end to MIN 20 for 7 yards (22-H.Smith).,run,7.0,true,false,,,,,left,end,false,true,false,false,false,false,,false,0.4065021075075492,true,0.003429889678955078
2025_04_MIN_PIT,2668,3,03:48,1,10,PIT,MIN,MIN,20.0,(3:48) 14-K.Gainwell right end pushed ob at MIN 14 for 6 yards (44-J.Metellus; 7-B.Murphy).,run,6.0,false,false,,,,,right,end,false,false,false,false,false,false,,false,0.3228520287084393,true,0.008198559284210205
2025_04_MIN_PIT,2695,3,03:09,2,4,PIT,MIN,MIN,14.0,(3:09) 74-S.Anderson reported in as eligible. 14-K.Gainwell left tackle to MIN 4 for 10 yards (7-B.Murphy).,run,10.0,false,false,,,,,left,tackle,false,true,false,false,false,false,,false,1.0524574323208071,true,0.004202544689178467
2025_04_MIN_PIT,2717,3,02:26,1,4,PIT,MIN,MIN,4.0,"(2:26) 74-S.Anderson reported in as eligible. 14-K.Gainwell left tackle for 4 yards, TOUCHDOWN.",run,4.0,false,false,,,,,left,tackle,false,true,false,false,false,false,,true,1.0963377018924803,true,0.027120291396527718
2025_04_MIN_PIT,2740,3,02:23,,0,PIT,MIN,MIN,15.0,"9-C.Boswell extra point is GOOD, Center-46-C.Kuntz, Holder-3-C.Waitman.",extra_point,0.0,false,false,,,,,,,false,false,false,false,false,false,,false,0.06757300310763314,true,0.0009053916190572275
2025_04_MIN_PIT,2755,3,02:23,,0,MIN,PIT,PIT,35.0,"9-C.Boswell kicks 56 yards from PIT 35 to MIN 9. 4-M.Price ran ob at PIT 37 for 54 yards (9-C.Boswell). PENALTY on MIN-37-T.Thomas, Offensive Holding, 10 yards, enforced at MIN 28.",kickoff,0.0,false,false,,,,,,,false,false,false,false,false,true,10.0,false,-0.554373690392822,false,-0.005801670253276825
2025_04_MIN_PIT,2825,3,02:14,1,10,MIN,PIT,MIN,82.0,(2:14) 11-C.Wentz pass incomplete deep right to 18-J.Jefferson. PIT-5-J.Ramsey was injured during the play.,pass,0.0,false,false,deep,right,38.0,,,,false,false,false,false,false,false,,false,-0.5885909316129982,false,-0.00642719492316246
2025_04_MIN_PIT,2848,3,02:08,2,10,MIN,PIT,MIN,82.0,(2:08) 27-J.Mason left tackle to MIN 19 for 1 yard (6-P.Queen; 41-P.Wilson).,run,1.0,false,false,,,,,left,tackle,false,false,false,false,false,false,,false,-0.700333050917834,false,-0.004665356129407883
2025_04_MIN_PIT,2873,3,01:25,3,9,MIN,PIT,MIN,81.0,(1:25) (Shotgun) 11-C.Wentz sacked at MIN 9 for -10 yards (95-K.Benton).,pass,-10.0,true,false,,,,,,,false,false,true,false,false,false,,false,-1.7541647455655038,false,-0.012922458350658417
2025_04_MIN_PIT,2893,3,00:47,4,19,MIN,PIT,MIN,91.0,"(:47) 17-R.Wright punts 49 yards to PIT 42, Center-42-A.DePaola. 19-C.Austin pushed ob at MIN 46 for 12 yards (98-B.Richter).",punt,0.0,false,false,,,,,,,false,false,false,false,false,false,,false,-0.09008323564194143,false,-0.007603596895933151
2025_04_MIN_PIT,2924,3,00:35,1,10,PIT,MIN,MIN,46.0,(:35) 74-S.Anderson reported in as eligible. 20-K.Johnson right tackle to MIN 37 for 9 yards (97-J.Hargrave).,run,9.0,false,false,,,,,right,tackle,false,false,false,false,false,false,,false,0.6857814927352592,true,0.0007319450378417969
2025_04_MIN_PIT,2959,3,00:00,,0,PIT,MIN,,,END QUARTER 3,,,false,false,,,,,,,,,,,,,,,0.0,false,0.0
2025_04_MIN_PIT,2979,4,15:00,2,1,PIT,MIN,MIN,37.0,(15:00) 74-S.Anderson reported in as eligible. 8-A.Rodgers pass short right to 4-D.Metcalf pushed ob at MIN 33 for 4 yards (2-I.Rodgers).,pass,4.0,false,false,short,right,-1.0,5.0,,,true,true,false,false,false,false,,false,0.16314028180204332,true,0.00043833255767822266
2025_04_MIN_PIT,3011,4,14:21,1,10,PIT,MIN,MIN,33.0,(14:21) (Shotgun) 8-A.Rodgers pass short left to 19-C.Austin to MIN 25 for 8 yards (7-B.Murphy). PIT-19-C.Austin was injured during the play.,pass,8.0,true,false,short,left,4.0,4.0,,,true,false,false,false,false,false,,false,0.5543702210998163,true,0.0011327266693115234
2025_04_MIN_PIT,3036,4,13:36,2,2,PIT,MIN,MIN,25.0,(13:36) (Shotgun) 20-K.Johnson up the middle to MIN 19 for 6 yards (0-I.Pace; 55-E.Wilson).,run,6.0,true,false,,,,,middle,,false,true,false,false,false,false,,false,0.3707683309330605,true,0.0011739730834960938
2025_04_MIN_PIT,3073,4,12:54,1,10,PIT,MIN,MIN,19.0,(12:54) 74-S.Anderson reported in as eligible. 20-K.Johnson right tackle to MIN 18 for 1 yard (61-J.Redmond; 58-J.Greenard).,run,1.0,false,false,,,,,right,tackle,false,false,false,false,false,false,,false,-0.38540183374425396,false,-0.00339353084564209
2025_04_MIN_PIT,3097,4,12:09,2,9,PIT,MIN,MIN,18.0,(12:09) (Shotgun) 20-K.Johnson right tackle to MIN 15 for 3 yards (22-H.Smith).,run,3.0,true,false,,,,,right,tackle,false,false,false,false,false,false,,false,-0.5170138172106817,false,-0.0015720725059509277
2025_04_MIN_PIT,3119,4,11:25,3,6,PIT,MIN,MIN,15.0,(11:25) (Shotgun) 8-A.Rodgers pass incomplete short left to 13-S.Miller.,pass,0.0,true,false,short,left,8.0,,,,false,false,false,false,false,false,,false,-0.8875529176170551,false,-0.010371267795562744
2025_04_MIN_PIT,3131,4,11:25,,0,,,,,"Timeout #1 by PIT at 11:25.",no_play,0.0,false,false,,,,,,,false,false,false,false,false,false,,false,0.0,false,0.0
2025_04_MIN_PIT,3154,4,11:21,4,6,PIT,MIN,MIN,15.0,"(11:21) 9-C.Boswell 33 yard field goal is GOOD, Center-46-C.Kuntz, Holder-3-C.Waitman.",field_goal,0.0,false,false,,,,,,,false,false,false,false,false,false,,false,0.23700727525507892,true,0.014037232846021652
2025_04_MIN_PIT,3174,4,11:18,,0,MIN,PIT,PIT,35.0,9-C.Boswell kicks 63 yards from PIT 35 to MIN 2. 13-T.Felton to MIN 30 for 28 yards (15-B.Skowronek).,kickoff,0.0,false,false,,,,,,,false,false,false,false,false,false,,false,0.27041106834076345,true,0.0028003547340631485
2025_04_MIN_PIT,3204,4,11:12,1,10,MIN,PIT,MIN,70.0,(11:12) (Shotgun) 11-C.Wentz pass short left to 3-J.Addison pushed ob at MIN 36 for 6 yards (26-B.Echols). ** Injury Update: PIT-5-J.Ramsey has returned to the game.,pass,6.0,true,false,short,left,6.0,0.0,,,true,false,false,false,false,false,,false,0.343692765571177,true,-0.0001754220575094223
2025_04_MIN_PIT,3234,4,10:44,2,4,MIN,PIT,MIN,64.0,(10:44) 27-J.Mason left guard to MIN 41 for 5 yards (41-P.Wilson).,run,5.0,false,false,,,,,left,guard,false,true,false,false,false,false,,false,0.31746960664168,true,0.0010619517415761948
2025_04_MIN_PIT,3256,4,10:21,1,10,MIN,PIT,MIN,59.0,"(10:21) (No Huddle, Shotgun) 11-C.Wentz pass short middle to 87-T.Hockenson to MIN 47 for 6 yards (5-J.Ramsey). PIT-97-Ca.Heyward was injured during the play.",pass,6.0,true,true,short,middle,5.0,1.0,,,true,false,false,false,false,false,,false,0.29645290691405535,true,-0.0008317120373249054
2025_04_MIN_PIT,3284,4,09:42,2,4,MIN,PIT,MIN,53.0,(9:42) (Shotgun) 11-C.Wentz pass short middle to 18-J.Jefferson to PIT 35 for 18 yards (41-P.Wilson).,pass,18.0,true,false,short,middle,15.0,3.0,,,true,true,false,false,false,false,,false,1.1661256552906707,true,0.004848049953579903
2025_04_MIN_PIT,3312,4,09:11,1,10,MIN,PIT,PIT,35.0,(9:11) 11-C.Wentz pass incomplete short middle [25-D.Elliott].,pass,0.0,false,false,short,middle,-3.0,,,,false,false,false,false,false,false,,false,-0.4313642628258094,false,-0.0026214905083179474
2025_04_MIN_PIT,3335,4,09:08,2,10,MIN,PIT,PIT,35.0,(9:08) (Shotgun) 11-C.Wentz pass short right to 87-T.Hockenson to PIT 23 for 12 yards (22-J.Thornhill).,pass,12.0,true,false,short,right,5.0,7.0,,,true,true,false,false,false,false,,false,1.2360293946694583,true,-0.0034645479172468185
2025_04_MIN_PIT,3360,4,08:38,1,10,MIN,PIT,PIT,23.0,"(8:38) (No Huddle, Shotgun) 11-C.Wentz pass short middle to 87-T.Hockenson to PIT 16 for 7 yards (41-P.Wilson; 6-P.Queen).",pass,7.0,true,true,short,middle,4.0,3.0,,,true,false,false,false,false,false,,false,0.3314564489410259,true,0.0033109355717897415
2025_04_MIN_PIT,3385,4,08:00,2,3,MIN,PIT,PIT,16.0,(8:00) 11-C.Wentz pass incomplete short left to 84-J.Oliver (33-J.Sawyer).,pass,0.0,false,false,short,left,0.0,,,,false,false,false,false,false,false,,false,-0.6760007131379098,false,-0.0013125520199537277
2025_04_MIN_PIT,3408,4,07:56,3,3,MIN,PIT,PIT,16.0,"(7:56) (Shotgun) 11-C.Wentz pass deep right to 36-Z.Scott for 16 yards, TOUCHDOWN.",pass,16.0,true,false,deep,right,16.0,0.0,,,true,true,false,false,false,false,,true,2.9189159818342887,true,0.016207383260130825
2025_04_MIN_PIT,3439,4,07:50,,0,MIN,PIT,PIT,2.0,TWO-POINT CONVERSION ATTEMPT. 11-C.Wentz pass to 1-J.Nailor is complete. ATTEMPT SUCCEEDS.,pass,2.0,false,false,,,,,,,false,false,false,false,false,false,,false,1.053,true,0.010638163179159221
2025_04_MIN_PIT,3452,4,07:50,,0,PIT,MIN,MIN,35.0,16-W.Reichard kicks 55 yards from MIN 35 to PIT 10. 14-K.Gainwell to PIT 35 for 25 yards (37-T.Thomas; 99-E.Williams).,kickoff,0.0,false,false,,,,,,,false,false,false,false,false,false,,false,0.4975164618808776,true,0.004527747631072998
2025_04_MIN_PIT,3482,4,07:46,1,10,PIT,MIN,PIT,65.0,(7:46) 14-K.Gainwell right end to 50 for 15 yards (44-J.Metellus).,run,15.0,false,false,,,,,right,end,false,true,false,false,false,false,,false,0.9823499846970662,true,0.005124807357788086
2025_04_MIN_PIT,3504,4,07:00,1,10,PIT,MIN,50,50.0,(7:00) 74-S.Anderson reported in as eligible. 8-A.Rodgers pass short right to 14-K.Gainwell to MIN 44 for 6 yards (55-E.Wilson) [58-J.Greenard].,pass,6.0,false,false,short,right,0.0,6.0,,,true,false,false,false,false,false,,false,0.326097815297544,true,0.00028771162033081055
2025_04_MIN_PIT,3531,4,06:16,2,4,PIT,MIN,MIN,44.0,(6:16) (Shotgun) 14-K.Gainwell up the middle to MIN 41 for 3 yards (97-J.Hargrave; 55-E.Wilson).,run,3.0,true,false,,,,,middle,,false,false,false,false,false,false,,false,0.007160361739806831,true,0.0017989873886108398
2025_04_MIN_PIT,3553,4,05:37,3,1,PIT,MIN,MIN,41.0,"(5:37) Direct snap to 83-Co.Heyward. 83-Co.Heyward up the middle to MIN 39 for 2 yards (93-J.Allen). PENALTY on MIN-15-D.Turner, Unnecessary Roughness, 15 yards, enforced at MIN 39.",run,2.0,false,false,,,,,middle,,false,true,false,false,false,true,15.0,false,1.3919957304606214,true,0.006687760353088379
2025_04_MIN_PIT,3593,4,05:10,1,10,PIT,MIN,MIN,24.0,(5:10) 74-S.Anderson reported in as eligible. 14-K.Gainwell right guard to MIN 9 for 15 yards (93-J.Allen).,run,15.0,false,false,,,,,right,guard,false,true,false,false,false,false,,false,0.8084443138213828,true,0.010183572769165039
2025_04_MIN_PIT,3615,4,04:25,1,9,PIT,MIN,MIN,9.0,(4:25) 14-K.Gainwell left tackle to MIN 11 for -2 yards (93-J.Allen).,run,-2.0,false,false,,,,,left,tackle,false,false,false,false,false,false,,false,-0.7897733965655789,false,-0.0014010071754455566
2025_04_MIN_PIT,3637,4,04:21,2,11,PIT,MIN,MIN,11.0,(4:21) 8-A.Rodgers pass incomplete short left to 15-B.Skowronek.,pass,0.0,false,false,short,left,11.0,,,,false,false,false,false,false,false,,false,-0.7013075136928819,false,-0.002210080623626709
2025_04_MIN_PIT,3649,4,04:21,,0,,,,,"Timeout #1 by MIN at 04:21.",no_play,0.0,false,false,,,,,,,false,false,false,false,false,false,,false,0.0,false,0.0
2025_04_MIN_PIT,3667,4,04:17,3,11,PIT,MIN,MIN,11.0,(4:17) (Shotgun) 8-A.Rodgers pass short middle to 14-K.Gainwell to MIN 3 for 8 yards (22-H.Smith).,pass,8.0,true,false,short,middle,4.0,4.0,,,true,false,false,false,false,false,,false,-0.4646978983655572,false,-0.0010989904403686523
2025_04_MIN_PIT,3692,4,04:14,4,3,PIT,MIN,MIN,3.0,(4:14) 74-S.Anderson reported in as eligible. 14-K.Gainwell left guard to MIN 1 for 2 yards (7-B.Murphy).,run,2.0,false,false,,,,,left,guard,false,false,false,false,false,false,,false,-2.540323351684492,false,-0.01867605745792389
2025_04_MIN_PIT,3704,4,04:14,,0,,,,,"Timeout #2 by MIN at 04:14.",no_play,0.0,false,false,,,,,,,false,false,false,false,false,false,,false,0.0,false,0.0
2025_04_MIN_PIT,3723,4,04:09,1,10,MIN,PIT,MIN,99.0,(4:09) 27-J.Mason up the middle to MIN 7 for 6 yards (6-P.Queen). ** Injury Update: PIT-97-Ca.Heyward has returned to the game.,run,6.0,false,false,,,,,middle,,false,false,false,false,false,false,,false,0.3195020833518356,true,0.002342265099287033
2025_04_MIN_PIT,3747,4,03:40,2,4,MIN,PIT,MIN,93.0,"(3:40) (No Huddle, Shotgun) 11-C.Wentz pass short middle to 18-J.Jefferson to MIN 18 for 11 yards (23-D.Slay; 22-J.Thornhill). PIT-26-B.Echols was injured during the play.",pass,11.0,true,true,short,middle,11.0,0.0,,,true,true,false,false,false,false,,false,0.7245381174143404,true,0.00442909449338913
2025_04_MIN_PIT,3775,4,03:25,1,10,MIN,PIT,MIN,82.0,(3:25) (Shotgun) 11-C.Wentz pass deep right to 3-J.Addison to PIT 1 for 81 yards (41-P.Wilson).,pass,81.0,true,false,deep,right,29.0,52.0,,,true,true,false,false,false,false,,false,5.649734816310229,true,0.06667819246649742
2025_04_MIN_PIT,3803,4,02:51,1,1,MIN,PIT,PIT,1.0,(2:51) (No Huddle) 27-J.Mason right tackle to PIT 2 for -1 yards (6-P.Queen).,run,-1.0,false,true,,,,,right,tackle,false,false,false,false,false,false,,false,-0.6090705619135406,false,-0.03171055018901825
2025_04_MIN_PIT,3825,4,02:20,2,2,MIN,PIT,PIT,2.0,(2:20) (Shotgun) 11-C.Wentz pass incomplete short left to 1-J.Nailor (42-J.Pierre).,pass,0.0,true,false,short,left,2.0,,,,false,false,false,false,false,false,,false,-0.7684317374078091,false,-0.012557491660118103
2025_04_MIN_PIT,3848,4,02:16,3,2,MIN,PIT,PIT,2.0,(2:16) (Shotgun) 11-C.Wentz pass incomplete short left to 1-J.Nailor (22-J.Thornhill).,pass,0.0,true,false,short,left,1.0,,,,false,false,false,false,false,false,,false,-1.7750423701654654,false,-0.02754322439432144
2025_04_MIN_PIT,3871,4,02:13,4,2,MIN,PIT,PIT,2.0,"(2:13) (Shotgun) 11-C.Wentz pass short right to 1-J.Nailor for 2 yards, TOUCHDOWN.",pass,2.0,true,false,short,right,1.0,1.0,,,true,true,false,false,false,false,,true,3.8457823916105554,true,0.09948772255515803
2025_04_MIN_PIT,3897,4,02:08,,0,MIN,PIT,PIT,15.0,"16-W.Reichard extra point is GOOD, Center-42-A.DePaola, Holder-17-R.Wright.",extra_point,0.0,false,false,,,,,,,false,false,false,false,false,false,,false,0.06757300310763314,true,0.0016317882742906686
2025_04_MIN_PIT,3912,4,02:08,,0,PIT,MIN,MIN,35.0,16-W.Reichard kicks onside 14 yards from MIN 35 to MIN 49. 10-R.Wilson (didn't try to advance) to MIN 49 for no gain.,kickoff,0.0,false,false,,,,,,,false,false,false,false,false,false,,false,1.1099315048195422,true,0.0368991494178772
2025_04_MIN_PIT,3925,4,02:08,,0,,,,,"Timeout #2 by PIT at 02:08.",no_play,0.0,false,false,,,,,,,false,false,false,false,false,false,,false,0.0,false,0.0
2025_04_MIN_PIT,3945,4,02:07,1,10,PIT,MIN,MIN,49.0,(2:07) 14-K.Gainwell up the middle to MIN 45 for 4 yards (55-E.Wilson).,run,4.0,false,false,,,,,middle,,false,false,false,false,false,false,,false,-0.15828882239293307,false,0.018620610237121582
2025_04_MIN_PIT,3967,4,02:00,2,6,PIT,MIN,MIN,45.0,(2:00) 14-K.Gainwell left end to MIN 40 for 5 yards (0-I.Pace).,run,5.0,false,false,,,,,left,end,false,false,false,false,false,false,,false,-0.3949637713958509,false,-0.0030083060264587402
2025_04_MIN_PIT,3996,4,01:52,3,1,PIT,MIN,MIN,40.0,(1:52) 74-S.Anderson reported in as eligible. 14-K.Gainwell up the middle to MIN 40 for no gain (93-J.Allen; 15-D.Turner).,run,0.0,false,false,,,,,middle,,false,false,false,false,false,false,,false,-0.8928996817558073,false,0.02259272336959839
2025_04_MIN_PIT,4008,4,01:52,,0,,,,,"Timeout #3 by MIN at 01:52.",no_play,0.0,false,false,,,,,,,false,false,false,false,false,false,,false,0.0,false,0.0
2025_04_MIN_PIT,4017,4,01:52,,0,,,,,"Timeout #3 by PIT at 01:52.",no_play,0.0,false,false,,,,,,,false,false,false,false,false,false,,false,0.0,false,0.0
2025_04_MIN_PIT,4034,4,01:08,4,1,PIT,MIN,MIN,40.0,"(1:08) (Run formation) PENALTY on PIT, Delay of Game, 5 yards, enforced at MIN 40 - No Play.",no_play,0.0,false,false,,,,,,,false,false,false,false,false,true,5.0,false,-0.2652253888081759,false,-0.015602290630340576
2025_04_MIN_PIT,4058,4,01:08,4,6,PIT,MIN,MIN,45.0,"(1:08) 3-C.Waitman punts 45 yards to end zone, Center-46-C.Kuntz, Touchback.",punt,0.0,false,false,,,,,,,false,false,false,false,false,false,,false,-0.5536128670210019,false,-0.15498177707195282
2025_04_MIN_PIT,4076,4,01:02,1,10,MIN,PIT,MIN,80.0,"(1:02) (Shotgun) 11-C.Wentz pass deep left intended for 1-J.Nailor INTERCEPTED by 42-J.Pierre at MIN 37. 42-J.Pierre pushed ob at MIN 37 for no gain (1-J.Nailor). The Replay Official reviewed the interception ruling, and the play was REVERSED. (Shotgun) 11-C.Wentz pass incomplete deep left to 1-J.Nailor (42-J.Pierre). ** Injury Update: PIT-26-B.Echols has returned to the game.",pass,0.0,true,false,deep,left,17.0,,,,false,false,false,false,false,false,,false,-0.09977127140155062,false,-0.054273128509521484
2025_04_MIN_PIT,4160,4,00:58,2,10,MIN,PIT,MIN,80.0,"(:58) (Shotgun) 11-C.Wentz pass incomplete short left to 36-Z.Scott (26-B.Echols). PENALTY on PIT-6-P.Queen, Defensive Holding, 5 yards, enforced at MIN 20 - No Play.",no_play,0.0,true,false,,,,,,,false,true,false,false,false,true,5.0,false,0.16027845366625115,true,0.04953420162200928
2025_04_MIN_PIT,4197,4,00:54,1,10,MIN,PIT,MIN,75.0,"(:54) (Shotgun) 11-C.Wentz sacked at MIN 25 for 0 yards (51-N.Herbig). PENALTY on PIT-90-T.Watt, Defensive Offside, 5 yards, enforced at MIN 25 - No Play.",no_play,0.0,true,false,,,,,,,false,false,false,false,false,true,5.0,false,-0.0002943217405118048,false,0.022286221385002136
2025_04_MIN_PIT,4228,4,00:48,1,5,MIN,PIT,MIN,70.0,(:48) (Shotgun) 11-C.Wentz pass short left to 36-Z.Scott ran ob at MIN 39 for 9 yards (42-J.Pierre; 41-P.Wilson).,pass,9.0,true,false,short,left,5.0,4.0,,,true,true,false,false,false,false,,false,0.242204959387891,true,-0.008250221610069275
2025_04_MIN_PIT,4258,4,00:43,1,10,MIN,PIT,MIN,61.0,"(:43) (Shotgun) 11-C.Wentz pass incomplete short left [51-N.Herbig]. PENALTY on MIN-11-C.Wentz, Intentional Grounding, 16 yards, enforced at MIN 39.",pass,0.0,true,false,short,left,-13.0,,,,false,false,false,false,false,true,16.0,false,-0.5673378559877165,false,-0.15123073011636734
2025_04_MIN_PIT,4292,4,00:28,2,26,MIN,PIT,MIN,77.0,(:28) (Shotgun) 11-C.Wentz pass short middle to 87-T.Hockenson to MIN 37 for 14 yards (6-P.Queen).,pass,14.0,true,false,short,middle,2.0,12.0,,,true,false,false,false,false,false,,false,0.03325933337328024,true,0.02932605892419815
2025_04_MIN_PIT,4317,4,00:15,3,12,MIN,PIT,MIN,63.0,(:15) (No Huddle) 11-C.Wentz spiked the ball to stop the clock.,qb_spike,0.0,false,true,,,0.0,,,,false,false,false,false,false,false,,false,-0.07807284893351607,false,-0.05386602133512497
2025_04_MIN_PIT,4340,4,00:14,4,12,MIN,PIT,MIN,63.0,"(:14) (Shotgun) PENALTY on MIN, Delay of Game, 5 yards, enforced at MIN 37 - No Play.",no_play,0.0,true,false,,,,,,,false,false,false,false,false,true,5.0,false,-0.0354144653538242,false,0.0019824057817459106
2025_04_MIN_PIT,4364,4,00:14,4,17,MIN,PIT,MIN,68.0,(:14) (Shotgun) 11-C.Wentz pass incomplete deep middle to 3-J.Addison (25-D.Elliott).,pass,0.0,true,false,deep,middle,20.0,,,,false,false,false,false,false,false,,false,-1.3276411854894832,false,-0.04847723990678787
2025_04_MIN_PIT,4387,4,00:08,1,10,PIT,MIN,MIN,32.0,(:08) 8-A.Rodgers kneels to MIN 33 for -1 yards.,qb_kneel,-1.0,false,false,,,,,,,false,false,false,false,false,false,,false,-1.3868606180767529,false,
2025_04_MIN_PIT,4409,4,00:00,,0,PIT,MIN,,,END GAME,,,false,false,,,,,,,,,,,,,,,,,
2025_05_MIN_CLE,1,1,15:00,,0,,,,,GAME,,,false,false,,,,,,,,,,,,,,,0.0,false,0.0
2025_05_MIN_CLE,39,1,15:00,,0,CLE,MIN,MIN,35.0,"16-W.Reichard kicks 42 yards from MIN 35 to CLE 23, short of landing zone. PENALTY on MIN-16-W.Reichard, Kickoff Short of Landing Zone, placed at CLE 40.",kickoff,0.0,false,false,,,,,,,false,false,false,false,false,true,0.0,false,0.8947232952341437,true,0.02631157636642456
2025_05_MIN_CLE,79,1,15:00,1,10,CLE,MIN,CLE,60.0,(15:00) (Shotgun) 10-Q.Judkins up the middle to CLE 44 for 4 yards (0-I.Pace).,run,4.0,true,false,,,,,middle,,false,false,false,false,false,false,,false,0.05089851375669241,true,-0.005381464958190918
2025_05_MIN_CLE,101,1,14:28,2,6,CLE,MIN,CLE,56.0,"(14:28) (Shotgun) 10-Q.Judkins up the middle to CLE 47 for 3 yards (15-D.Turner). PENALTY on CLE-72-K.Leveston, Offensive Holding, 10 yards, enforced at CLE 45.",run,1.0,true,false,,,,,middle,,false,false,false,false,false,true,10.0,false,-1.2323314012028277,false,-0.02699124813079834
2025_05_MIN_CLE,134,1,13:58,2,15,CLE,MIN,CLE,65.0,(13:58) (Shotgun) 8-D.Gabriel pass short middle to 85-D.Njoku to CLE 47 for 12 yards (2-I.Rodgers; 26-T.Jackson).,pass,12.0,true,false,short,middle,0.0,12.0,,,true,false,false,false,false,false,,false,0.9795063000638038,true,0.017892539501190186
2025_05_MIN_CLE,159,1,13:13,3,3,CLE,MIN,CLE,53.0,(13:13) 8-D.Gabriel pass incomplete deep right to 16-I.Bond.,pass,0.0,false,false,deep,right,22.0,,,,false,false,false,false,false,false,,false,-1.9559710046742111,false,-0.05473273992538452
2025_05_MIN_CLE,182,1,13:08,4,3,CLE,MIN,CLE,53.0,"(13:08) 13-C.Bojorquez punts 45 yards to MIN 8, Center-50-R.Sunahara, fair catch by 4-M.Price.",punt,0.0,false,false,,,,,,,false,false,false,false,false,false,,false,0.8529946301132441,true,0.025142639875411987
2025_05_MIN_CLE,202,1,13:01,1,10,MIN,CLE,MIN,92.0,(13:01) 27-J.Mason right guard to MIN 17 for 9 yards (49-C.Schwesinger; 9-G.Delpit).,run,9.0,false,false,,,,,right,guard,false,false,false,false,false,false,,false,0.7568673770874739,true,0.027101784944534302
2025_05_MIN_CLE,224,1,12:26,2,1,MIN,CLE,MIN,83.0,(12:26) (Shotgun) 27-J.Mason left guard to MIN 22 for 5 yards (49-C.Schwesinger).,run,5.0,true,false,,,,,left,guard,false,true,false,false,false,false,,false,0.09499378921464086,true,-0.004178434610366821
2025_05_MIN_CLE,246,1,11:51,1,10,MIN,CLE,MIN,78.0,(11:51) (Shotgun) 11-C.Wentz pass short left to 87-T.Hockenson to MIN 31 for 9 yards (0-G.Newsome).,pass,9.0,true,false,short,left,-3.0,12.0,,,true,false,false,false,false,false,,false,0.9340820168145001,true,0.0074780285358428955
2025_05_MIN_CLE,271,1,11:11,2,1,MIN,CLE,MIN,69.0,(11:11) 11-C.Wentz pass short right to 18-J.Jefferson to MIN 42 for 11 yards (17-J.Baker).,pass,11.0,false,false,short,right,0.0,11.0,,,true,true,false,false,false,false,,false,0.5154872622806579,true,0.020536065101623535
2025_05_MIN_CLE,296,1,10:30,1,10,MIN,CLE,MIN,58.0,(10:30) (Shotgun) 11-C.Wentz pass incomplete deep left to 18-J.Jefferson (0-G.Newsome).,pass,0.0,true,false,deep,left,28.0,,,,false,false,false,false,false,false,,false,-0.5139443066436797,false,-0.015663623809814453
2025_05_MIN_CLE,319,1,10:24,2,10,MIN,CLE,MIN,58.0,"(10:24) 27-J.Mason right guard to MIN 44 for 2 yards (91-A.Wright; 0-G.Newsome). FUMBLES (91-A.Wright), RECOVERED by CLE-9-G.Delpit at MIN 47.",run,2.0,false,false,,,,,right,guard,false,false,false,false,true,false,,false,-4.179921615868807,false,-0.09121739864349365
2025_05_MIN_CLE,357,1,10:17,1,10,CLE,MIN,MIN,47.0,(10:17) 10-Q.Judkins right tackle pushed ob at MIN 15 for 32 yards (55-E.Wilson).,run,32.0,false,false,,,,,right,tackle,false,true,false,false,false,false,,false,2.131775881978683,true,0.07528603076934814
2025_05_MIN_CLE,391,1,09:34,1,10,CLE,MIN,MIN,15.0,(9:34) (Shotgun) 10-Q.Judkins up the middle to MIN 6 for 9 yards (44-J.Metellus).,run,9.0,true,false,,,,,middle,,false,false,false,false,false,false,,false,0.789650542079471,true,0.03788691759109497
2025_05_MIN_CLE,413,1,08:57,2,1,CLE,MIN,MIN,6.0,(8:57) 8-D.Gabriel pass incomplete short middle to 16-I.Bond (7-B.Murphy).,pass,0.0,false,false,short,middle,6.0,,,,false,false,false,false,false,false,,false,-0.5607215648633428,false,-0.019817233085632324
2025_05_MIN_CLE,436,1,08:52,3,1,CLE,MIN,MIN,6.0,(8:52) 10-Q.Judkins left end to MIN 6 for no gain (58-J.Greenard).,run,0.0,false,false,,,,,left,end,false,false,false,false,false,false,,false,-1.383358289662283,false,-0.05196624994277954
2025_05_MIN_CLE,458,1,08:15,4,1,CLE,MIN,MIN,6.0,(8:15) 98-A.Huntington and 74-T.Jenkins reported in as eligible. 10-Q.Judkins right tackle to MIN 4 for 2 yards (55-E.Wilson; 26-T.Jackson).,run,2.0,false,false,,,,,right,tackle,false,true,false,false,false,false,,false,2.1853601959883235,true,0.06034994125366211
2025_05_MIN_CLE,482,1,07:32,1,4,CLE,MIN,MIN,4.0,(7:32) (Shotgun) 34-J.Ford left guard to MIN 1 for 3 yards (55-E.Wilson; 26-T.Jackson).,run,3.0,true,false,,,,,left,guard,false,false,false,false,false,false,,false,0.22219691390637308,true,0.011433541774749756
2025_05_MIN_CLE,506,1,06:54,2,1,CLE,MIN,MIN,1.0,"(6:54) 8-D.Gabriel pass short left to 44-H.Fannin for 1 yard, TOUCHDOWN.",pass,1.0,false,false,short,left,1.0,0.0,,,true,true,false,false,false,false,,true,0.8626181433792226,true,-0.0015915652517048962
2025_05_MIN_CLE,532,1,06:49,,0,CLE,MIN,MIN,15.0,"25-A.Szmyt extra point is GOOD, Center-50-R.Sunahara, Holder-13-C.Bojorquez.",extra_point,0.0,false,false,,,,,,,false,false,false,false,false,false,,false,0.06757300310763314,true,0.0017975589040486462
2025_05_MIN_CLE,547,1,06:49,,0,MIN,CLE,CLE,35.0,"25-A.Szmyt kicks 61 yards from CLE 35 to MIN 4. 4-M.Price to MIN 28 for 24 yards (42-E.Mascarenas-Arnold; 5-R.Jenkins). PENALTY on MIN-41-K.King, Offensive Holding, 10 yards, enforced at MIN 28.",kickoff,0.0,false,false,,,,,,,false,false,false,false,false,true,10.0,false,-0.5478142634965479,false,-0.011678218841552734
2025_05_MIN_CLE,588,1,06:43,1,10,MIN,CLE,MIN,82.0,(6:43) 36-Z.Scott up the middle to MIN 25 for 7 yards (49-C.Schwesinger).,run,7.0,false,false,,,,,middle,,false,false,false,false,false,false,,false,0.48246503388509154,true,0.004835337400436401
2025_05_MIN_CLE,610,1,06:14,2,3,MIN,CLE,MIN,75.0,"(6:14) (No Huddle) PENALTY on MIN-60-J.Huber, False Start, 5 yards, enforced at MIN 25 - No Play.",no_play,0.0,false,true,,,,,,,false,false,false,false,false,true,5.0,false,-0.9279271624982357,false,-0.014397948980331421
2025_05_MIN_CLE,634,1,05:55,2,8,MIN,CLE,MIN,80.0,(5:55) (Shotgun) 36-Z.Scott right tackle to MIN 21 for 1 yard (95-M.Garrett).,run,1.0,true,false,,,,,right,tackle,false,false,false,false,false,false,,false,-0.6485462840646505,false,-0.004621416330337524
2025_05_MIN_CLE,656,1,05:15,3,7,MIN,CLE,MIN,79.0,(5:15) (Shotgun) 11-C.Wentz pass short left to 18-J.Jefferson ran ob at MIN 36 for 15 yards (26-M.Harden).,pass,15.0,true,false,short,left,10.0,5.0,,,true,true,false,false,false,false,,false,2.4062211117707193,true,0.0506419837474823
2025_05_MIN_CLE,686,1,04:36,1,10,MIN,CLE,MIN,64.0,(4:36) 11-C.Wentz pass incomplete short right to 1-J.Nailor.,pass,0.0,false,false,short,right,14.0,,,,false,false,false,false,false,false,,false,-0.5230645821429789,false,-0.01467365026473999
2025_05_MIN_CLE,709,1,04:31,2,10,MIN,CLE,MIN,64.0,(4:31) (Shotgun) 11-C.Wentz pass short left to 18-J.Jefferson to MIN 48 for 12 yards (0-G.Newsome; 33-R.Hickman).,pass,12.0,true,false,short,left,5.0,7.0,,,true,true,false,false,false,false,,false,1.3303570109419525,true,0.021443158388137817
2025_05_MIN_CLE,734,1,03:53,1,10,MIN,CLE,MIN,52.0,"(3:53) (Shotgun) 11-C.Wentz pass incomplete short left to 18-J.Jefferson. PENALTY on MIN-84-J.Oliver, Offensive Offside, 5 yards, enforced at MIN 48 - No Play.",no_play,0.0,true,false,,,,,,,false,false,false,false,false,true,5.0,false,-0.6580590880475938,false,-0.009672611951828003
2025_05_MIN_CLE,757,1,03:49,1,15,MIN,CLE,MIN,57.0,(3:49) 11-C.Wentz pass short left to 87-T.Hockenson pushed ob at MIN 48 for 5 yards (33-R.Hickman).,pass,5.0,false,false,short,left,2.0,3.0,,,true,false,false,false,false,false,,false,0.13828099938109517,true,-0.005160897970199585
2025_05_MIN_CLE,806,1,03:15,2,10,MIN,CLE,MIN,52.0,(3:15) 11-C.Wentz pass short left to 1-J.Nailor pushed ob at CLE 32 for 20 yards (33-R.Hickman).,pass,20.0,false,false,short,left,13.0,7.0,,,true,true,false,false,false,false,,false,1.8349465486826375,true,0.03260117769241333
2025_05_MIN_CLE,836,1,02:37,1,10,MIN,CLE,CLE,32.0,"(2:37) (Shotgun) Direct snap to 31-C.Akers. 31-C.Akers pass short right to 84-J.Oliver for 32 yards, TOUCHDOWN.",pass,32.0,true,false,short,right,15.0,17.0,,,true,true,false,false,false,false,,true,3.2600105608580634,true,0.10074628821890519
2025_05_MIN_CLE,868,1,02:30,,0,MIN,CLE,CLE,15.0,"16-W.Reichard extra point is GOOD, Center-42-A.DePaola, Holder-17-R.Wright.",extra_point,0.0,false,false,,,,,,,false,false,false,false,false,false,,false,0.06757300310763314,true,0.002176300367902062
2025_05_MIN_CLE,883,1,02:30,,0,CLE,MIN,MIN,35.0,16-W.Reichard kicks 57 yards from MIN 35 to CLE 8. 34-J.Ford to CLE 34 for 26 yards (37-T.Thomas; 0-I.Pace).,kickoff,0.0,false,false,,,,,,,false,false,false,false,false,false,,false,0.5558396652340889,true,0.02013462781906128
2025_05_MIN_CLE,913,1,02:25,1,10,CLE,MIN,CLE,66.0,(2:25) 10-Q.Judkins right guard to CLE 34 for no gain (26-T.Jackson; 50-L.Rodriguez).,run,0.0,false,false,,,,,right,guard,false,false,false,false,false,false,,false,-0.5284904795698822,false,-0.018097519874572754
2025_05_MIN_CLE,935,1,01:54,2,10,CLE,MIN,CLE,66.0,(1:54) (Shotgun) 8-D.Gabriel pass short left to 22-D.Sampson to CLE 40 for 6 yards (44-J.Metellus).,pass,6.0,true,false,short,left,0.0,6.0,,,true,false,false,false,false,false,,false,0.003041174728423357,true,-0.01605767011642456
2025_05_MIN_CLE,960,1,01:15,3,4,CLE,MIN,CLE,60.0,(1:15) (Shotgun) 8-D.Gabriel pass short left to 44-H.Fannin to CLE 44 for 4 yards (8-J.Okudah).,pass,4.0,true,false,short,left,3.0,1.0,,,true,true,false,false,false,false,,false,1.2063868050463498,true,0.04092615842819214
2025_05_MIN_CLE,985,1,00:34,1,10,CLE,MIN,CLE,56.0,"(:34) 10-Q.Judkins left guard for 56 yards, TOUCHDOWN NULLIFIED by Penalty. Penalty on CLE-16-I.Bond, Offensive Holding, declined. PENALTY on CLE-44-H.Fannin, Offensive Holding, 10 yards, enforced at CLE 44 - No Play.",no_play,0.0,false,false,,,,,,,false,false,false,false,false,true,10.0,false,-0.872437160462141,false,-0.02170771360397339
2025_05_MIN_CLE,1030,1,00:25,1,20,CLE,MIN,CLE,66.0,(:25) (Shotgun) 8-D.Gabriel pass incomplete short right to 22-D.Sampson (61-J.Redmond).,pass,0.0,true,false,short,right,-4.0,,,,false,false,false,false,false,false,,false,-0.5771869788877666,false,-0.018205642700195312
2025_05_MIN_CLE,1053,1,00:20,2,20,CLE,MIN,CLE,66.0,(:20) (Shotgun) 8-D.Gabriel pass short left to 44-H.Fannin to CLE 39 for 5 yards (22-H.Smith; 2-I.Rodgers).,pass,5.0,true,false,short,left,0.0,5.0,,,true,false,false,false,false,false,,false,-0.6277566044591367,false,-0.030352354049682617
2025_05_MIN_CLE,1078,1,00:00,,0,CLE,MIN,,,END QUARTER 1,,,false,false,,,,,,,,,,,,,,,0.0,false,0.0
2025_05_MIN_CLE,1098,2,15:00,3,15,CLE,MIN,CLE,61.0,"(15:00) (Shotgun) PENALTY on CLE-68-C.Robinson, False Start, 5 yards, enforced at CLE 39 - No Play.",no_play,0.0,true,false,,,,,,,false,false,false,false,false,true,5.0,false,-0.21411159029230475,false,0.0
2025_05_MIN_CLE,1122,2,15:00,3,20,CLE,MIN,CLE,66.0,"(15:00) (Shotgun) 8-D.Gabriel pass short middle to 85-D.Njoku to CLE 46 for 12 yards (22-H.Smith; 55-E.Wilson). Penalty on CLE-68-C.Robinson, Illegal Formation, declined.",pass,12.0,true,false,short,middle,4.0,8.0,,,true,false,false,false,false,false,,false,-0.4701194139197469,false,-0.01657763123512268
2025_05_MIN_CLE,1158,2,14:37,4,8,CLE,MIN,CLE,54.0,"(14:37) 13-C.Bojorquez punts 33 yards to MIN 21, Center-50-R.Sunahara, out of bounds.",punt,0.0,false,false,,,,,,,false,false,false,false,false,false,,false,0.14363573025912046,true,0.028252094984054565
2025_05_MIN_CLE,1177,2,14:28,1,10,MIN,CLE,MIN,79.0,(14:28) 1-J.Nailor right end ran ob at MIN 36 for 15 yards (9-G.Delpit).,run,15.0,false,false,,,,,right,end,false,true,false,false,false,false,,false,1.1033363458700478,true,0.035747230052948
2025_05_MIN_CLE,1211,2,14:02,1,10,MIN,CLE,MIN,64.0,(14:02) (No Huddle) 27-J.Mason left tackle to MIN 37 for 1 yard (49-C.Schwesinger; 30-D.Bush).,run,1.0,false,true,,,,,left,tackle,false,false,false,false,false,false,,false,-0.504163279896602,false,-0.01566469669342041
2025_05_MIN_CLE,1233,2,13:23,2,9,MIN,CLE,MIN,63.0,(13:23) (Shotgun) 11-C.Wentz pass short right to 27-J.Mason to MIN 38 for 1 yard (49-C.Schwesinger; 91-A.Wright).,pass,1.0,true,false,short,right,-7.0,8.0,,,true,false,false,false,false,false,,false,-0.7275819357018918,false,-0.03372499346733093
2025_05_MIN_CLE,1258,2,12:38,3,8,MIN,CLE,MIN,62.0,"(12:38) (Shotgun) 11-C.Wentz pass incomplete short right to 87-T.Hockenson (9-G.Delpit). PENALTY on CLE-21-D.Ward, Illegal Contact, 5 yards, enforced at MIN 38 - No Play.",no_play,0.0,true,false,,,,,,,false,true,false,false,false,true,5.0,false,1.6723400738555938,true,0.05694928765296936
2025_05_MIN_CLE,1292,2,12:32,1,10,MIN,CLE,MIN,57.0,(12:32) 36-Z.Scott right end to CLE 48 for 9 yards (49-C.Schwesinger; 43-M.Diabate).,run,9.0,false,false,,,,,right,end,false,false,false,false,false,false,,false,0.7722555736545473,true,0.018710553646087646
2025_05_MIN_CLE,1314,2,11:48,2,1,MIN,CLE,CLE,48.0,(11:48) 11-C.Wentz pass incomplete deep right to 18-J.Jefferson.,pass,0.0,false,false,deep,right,18.0,,,,false,false,false,false,false,false,,false,-0.5640089816879481,false,-0.032266438007354736
2025_05_MIN_CLE,1337,2,11:42,3,1,MIN,CLE,CLE,48.0,"(11:42) 27-J.Mason right end to 50 for -2 yards (57-I.McGuire, 9-G.Delpit).",run,-2.0,false,false,,,,,right,end,false,false,false,false,false,false,,false,-2.3057370928581804,false,-0.0348973274230957
2025_05_MIN_CLE,1359,2,11:04,4,3,MIN,CLE,50,50.0,"(11:04) 17-R.Wright punts 39 yards to CLE 11, Center-42-A.DePaola, fair catch by 84-G.Larvadain.",punt,0.0,false,false,,,,,,,false,false,false,false,false,false,,false,-0.017089835135266185,false,-0.0018107891082763672
2025_05_MIN_CLE,1379,2,10:58,1,10,CLE,MIN,CLE,89.0,(10:58) (Shotgun) 8-D.Gabriel pass short left to 44-H.Fannin to CLE 14 for 3 yards (15-D.Turner).,pass,3.0,true,false,short,left,1.0,2.0,,,true,false,false,false,false,false,,false,-0.3098897805903107,false,-0.00310671329498291
2025_05_MIN_CLE,1411,2,10:20,2,7,CLE,MIN,CLE,86.0,(10:20) (Shotgun) 8-D.Gabriel right tackle to CLE 11 for -3 yards (15-D.Turner).,run,-3.0,true,false,,,,,right,tackle,false,false,false,false,false,false,,false,-0.82773950509727,false,-0.034794777631759644
2025_05_MIN_CLE,1438,2,09:37,3,10,CLE,MIN,CLE,89.0,(9:37) (Shotgun) 8-D.Gabriel scrambles up the middle to CLE 19 for 8 yards (22-H.Smith).,run,8.0,true,false,,,,,middle,,false,false,false,false,false,false,,false,-0.3919620178639889,false,-0.0163649320602417
2025_05_MIN_CLE,1460,2,08:49,4,2,CLE,MIN,CLE,81.0,"(8:49) 13-C.Bojorquez punts 57 yards to MIN 24, Center-50-R.Sunahara. 4-M.Price to MIN 32 for 8 yards (50-R.Sunahara; 42-E.Mascarenas-Arnold). PENALTY on MIN-13-T.Felton, Offensive Holding, 10 yards, enforced at MIN 24.",punt,0.0,false,false,,,,,,,false,false,false,false,false,true,10.0,false,1.2573506007902324,true,0.05977851152420044
2025_05_MIN_CLE,1497,2,08:37,1,10,MIN,CLE,MIN,86.0,(8:37) 36-Z.Scott right guard to MIN 18 for 4 yards (94-M.Graham).,run,4.0,false,false,,,,,right,guard,false,false,false,false,false,false,,false,-0.02923642797395587,false,0.004971623420715332
2025_05_MIN_CLE,1526,2,07:56,2,6,MIN,CLE,MIN,82.0,(7:56) 11-C.Wentz pass incomplete short left.,pass,0.0,false,false,short,left,12.0,,,,false,false,false,false,false,false,,false,-0.6096812193281949,false,-0.021511852741241455
2025_05_MIN_CLE,1549,2,07:50,3,6,MIN,CLE,MIN,82.0,"(7:50) (Shotgun) 11-C.Wentz pass deep right to 1-J.Nailor pushed ob at CLE 35 for 47 yards (26-M.Harden) [49-C.Schwesinger]. Penalty on CLE-95-M.Garrett, Defensive Offside, offsetting, enforced at MIN 18 - No Play. Penalty on MIN-64-B.Brandel, Offensive Holding, offsetting.",no_play,,true,false,,,,,,,,,,,,,,,-0.00865171430632472,false,-0.0
2025_05_MIN_CLE,1590,2,07:14,3,6,MIN,CLE,MIN,82.0,(7:14) (Shotgun) 11-C.Wentz scrambles left end to MIN 23 for 5 yards (94-M.Graham).,run,5.0,true,false,,,,,left,end,false,false,false,false,false,false,,false,-0.5067104795016348,false,-0.01581549644470215
2025_05_MIN_CLE,1612,2,06:26,4,1,MIN,CLE,MIN,77.0,"(6:26) 17-R.Wright punts 54 yards to CLE 23, Center-42-A.DePaola. 84-G.Larvadain to CLE 26 for 3 yards (56-A.Keys).",punt,0.0,false,false,,,,,,,false,false,false,false,false,false,,false,-0.09097113879397511,false,0.020071297883987427
2025_05_MIN_CLE,1638,2,06:14,1,10,CLE,MIN,CLE,74.0,(6:14) 83-M.Corley left end to CLE 37 for 11 yards (7-B.Murphy; 26-T.Jackson).,run,11.0,false,false,,,,,left,end,false,true,false,false,false,false,,false,0.6929576816037297,true,0.0264015793800354
2025_05_MIN_CLE,1660,2,05:35,1,10,CLE,MIN,CLE,63.0,(5:35) 10-Q.Judkins right tackle to CLE 40 for 3 yards (0-I.Pace).,run,3.0,false,false,,,,,right,tackle,false,false,false,false,false,false,,false,-0.41005259891971946,false,-0.013412177562713623
2025_05_MIN_CLE,1682,2,04:56,2,7,CLE,MIN,CLE,60.0,(4:56) 8-D.Gabriel sacked at CLE 34 for -6 yards (90-T.Ingram-Dawkins).,pass,-6.0,false,false,,,,,,,false,false,true,false,false,false,,false,-1.1820987609680742,false,-0.04941755533218384
2025_05_MIN_CLE,1702,2,04:17,3,13,CLE,MIN,CLE,66.0,"(4:17) (Shotgun) 8-D.Gabriel pass deep right to 3-J.Jeudy to MIN 49 for 17 yards (2-I.Rodgers). Minnesota challenged the pass completion ruling, and the play was REVERSED. (Shotgun) 8-D.Gabriel pass incomplete deep right to 3-J.Jeudy.",pass,0.0,true,false,deep,right,17.0,,,,false,false,false,false,false,false,,false,-0.9807054209522903,false,-0.027294427156448364
2025_05_MIN_CLE,1766,2,04:13,4,13,CLE,MIN,CLE,66.0,"(4:13) 13-C.Bojorquez punts 55 yards to MIN 11, Center-50-R.Sunahara, out of bounds.",punt,0.0,false,false,,,,,,,false,false,false,false,false,false,,false,0.8010027189739048,true,0.05685371160507202
2025_05_MIN_CLE,1795,2,04:05,1,10,MIN,CLE,MIN,89.0,(4:05) 27-J.Mason left guard to MIN 13 for 2 yards (95-M.Garrett).,run,2.0,false,false,,,,,left,guard,false,false,false,false,false,false,,false,-0.36548375547863543,false,-0.00035774707794189453
2025_05_MIN_CLE,1817,2,03:24,2,8,MIN,CLE,MIN,87.0,(3:24) (Shotgun) 11-C.Wentz pass incomplete deep right to 18-J.Jefferson.,pass,0.0,true,false,deep,right,17.0,,,,false,false,false,false,false,false,,false,-0.5485178167000413,false,-0.027211427688598633
2025_05_MIN_CLE,1840,2,03:20,3,8,MIN,CLE,MIN,87.0,(3:20) (Shotgun) 11-C.Wentz scrambles up the middle to MIN 19 for 6 yards (49-C.Schwesinger; 5-R.Jenkins). MIN-11-C.Wentz was injured during the play.,run,6.0,true,false,,,,,middle,,false,false,false,false,false,false,,false,-0.23756570857949555,false,-0.001802206039428711
2025_05_MIN_CLE,1862,2,02:41,4,2,MIN,CLE,MIN,81.0,"(2:41) 17-R.Wright punts 63 yards to CLE 18, Center-42-A.DePaola. 84-G.Larvadain ran ob at CLE 34 for 16 yards (30-C.Ham; 98-B.Richter).",punt,0.0,false,false,,,,,,,false,false,false,false,false,false,,false,-0.388762294780463,false,0.000459820032119751
2025_05_MIN_CLE,1893,2,02:30,1,10,CLE,MIN,CLE,66.0,(2:30) (Shotgun) 22-D.Sampson up the middle to CLE 30 for -4 yards (50-L.Rodriguez).,run,-4.0,true,false,,,,,middle,,false,false,false,false,false,false,,false,-0.7969827202614397,false,-0.04623985290527344
2025_05_MIN_CLE,1915,2,02:08,2,14,CLE,MIN,CLE,70.0,"(2:08) (No Huddle, Shotgun) 8-D.Gabriel pass short right to 3-J.Jeudy to CLE 36 for 6 yards (7-B.Murphy).",pass,6.0,true,true,short,right,6.0,0.0,,,true,false,false,false,false,false,,false,-0.18363407894503325,false,-0.0011298656463623047
2025_05_MIN_CLE,1940,2,02:00,3,8,CLE,MIN,CLE,64.0,(2:00) (Shotgun) 8-D.Gabriel pass short left to 16-I.Bond to CLE 43 for 7 yards (8-J.Okudah).,pass,7.0,true,false,short,left,7.0,0.0,,,true,false,false,false,false,false,,false,-0.15636305382940918,false,-0.012922823429107666
2025_05_MIN_CLE,1972,2,01:34,4,1,CLE,MIN,CLE,57.0,"(1:34) (No Huddle, Shotgun) 34-J.Ford up the middle to CLE 45 for 2 yards (15-D.Turner; 97-J.Hargrave).",run,2.0,true,true,,,,,middle,,false,true,false,false,false,false,,false,1.4241066166432574,true,0.07153970003128052
2025_05_MIN_CLE,1994,2,01:11,1,10,CLE,MIN,CLE,55.0,"(1:11) (No Huddle, Shotgun) 8-D.Gabriel pass incomplete short middle to 85-D.Njoku (44-J.Metellus).",pass,0.0,true,true,short,middle,10.0,,,,false,false,false,false,false,false,,false,-0.25790860678534955,false,-0.01804262399673462
2025_05_MIN_CLE,2017,2,01:08,2,10,CLE,MIN,CLE,55.0,(1:08) (Shotgun) 8-D.Gabriel pass short right to 34-J.Ford pushed ob at MIN 38 for 17 yards (26-T.Jackson).,pass,17.0,true,false,short,right,-4.0,21.0,,,true,true,false,false,false,false,,false,1.3497399600455537,true,0.07079559564590454
2025_05_MIN_CLE,2047,2,01:00,1,10,CLE,MIN,MIN,38.0,(1:00) (Shotgun) 8-D.Gabriel pass short left to 34-J.Ford to MIN 35 for 3 yards (26-T.Jackson; 50-L.Rodriguez).,pass,3.0,true,false,short,left,-3.0,6.0,,,true,false,false,false,false,false,,false,-0.3397586921346374,false,-0.012412190437316895
2025_05_MIN_CLE,2084,2,00:39,2,7,CLE,MIN,MIN,35.0,"(:39) (No Huddle, Shotgun) 8-D.Gabriel pass incomplete short left to 16-I.Bond.",pass,0.0,true,true,short,left,6.0,,,,false,false,false,false,false,false,,false,-0.278364697645884,false,-0.03195691108703613
2025_05_MIN_CLE,2112,2,00:35,3,7,CLE,MIN,MIN,35.0,(:35) (Shotgun) 8-D.Gabriel pass short right to 3-J.Jeudy to MIN 26 for 9 yards (7-B.Murphy).,pass,9.0,true,false,short,right,6.0,3.0,,,true,true,false,false,false,false,,false,1.0636046013096347,true,0.05544090270996094
2025_05_MIN_CLE,2137,2,00:30,1,10,CLE,MIN,MIN,26.0,(:30) (Shotgun) 8-D.Gabriel pass deep right to 85-D.Njoku to MIN 9 for 17 yards (2-I.Rodgers).,pass,17.0,true,false,deep,right,16.0,1.0,,,true,true,false,false,false,false,,false,1.3324258867069148,true,0.039785802364349365
2025_05_MIN_CLE,2149,2,00:30,,0,,,,,"Timeout #1 by CLE at 00:30.",no_play,0.0,false,false,,,,,,,false,false,false,false,false,false,,false,0.0,false,0.0
2025_05_MIN_CLE,2169,2,00:25,1,9,CLE,MIN,MIN,9.0,(:25) (Shotgun) 34-J.Ford up the middle to MIN 8 for 1 yard (55-E.Wilson).,run,1.0,true,false,,,,,middle,,false,false,false,false,false,false,,false,-0.29022563074249774,false,-0.02779489755630493
2025_05_MIN_CLE,2181,2,00:25,,0,,,,,"Timeout #2 by CLE at 00:25.",no_play,0.0,false,false,,,,,,,false,false,false,false,false,false,,false,0.0,false,0.0
2025_05_MIN_CLE,2188,2,00:25,,0,,,,,"Timeout #1 by MIN at 00:25.",no_play,0.0,false,false,,,,,,,false,false,false,false,false,false,,false,0.0,false,0.0
2025_05_MIN_CLE,2205,2,00:21,2,8,CLE,MIN,MIN,8.0,(:21) (Shotgun) 8-D.Gabriel pass incomplete short left to 3-J.Jeudy (58-J.Greenard).,pass,0.0,true,false,short,left,3.0,,,,false,false,false,false,false,false,,false,-0.903309699438978,false,-0.006667017936706543
2025_05_MIN_CLE,2217,2,00:21,,0,,,,,"Timeout #3 by CLE at 00:21.",no_play,0.0,false,false,,,,,,,false,false,false,false,false,false,,false,0.0,false,0.0
2025_05_MIN_CLE,2235,2,00:16,3,8,CLE,MIN,MIN,8.0,"(:16) (Shotgun) PENALTY on CLE-72-K.Leveston, False Start, 5 yards, enforced at MIN 8 - No Play.",no_play,0.0,true,false,,,,,,,false,false,false,false,false,true,5.0,false,-0.513513138925191,false,-0.032448410987854004
2025_05_MIN_CLE,2247,2,00:16,,0,,,,,"Timeout #2 by MIN at 00:16.",no_play,0.0,false,false,,,,,,,false,false,false,false,false,false,,false,0.0,false,0.0
2025_05_MIN_CLE,2276,2,00:16,3,13,CLE,MIN,MIN,13.0,(:16) (Shotgun) 8-D.Gabriel pass incomplete short middle to 85-D.Njoku.,pass,0.0,true,false,short,middle,13.0,,,,false,false,false,false,false,false,,false,-0.10038264212216408,false,-0.028274595737457275
2025_05_MIN_CLE,2299,2,00:13,4,13,CLE,MIN,MIN,13.0,"(:13) 25-A.Szmyt 31 yard field goal is GOOD, Center-50-R.Sunahara, Holder-13-C.Bojorquez.",field_goal,0.0,false,false,,,,,,,false,false,false,false,false,false,,false,0.1574839485694577,true,0.024741381406784058
2025_05_MIN_CLE,2319,2,00:09,,0,MIN,CLE,CLE,35.0,"25-A.Szmyt kicks 61 yards from CLE 35 to MIN 4. 4-M.Price to MIN 41 for 37 yards (5-R.Jenkins; 83-M.Corley). PENALTY on MIN-41-K.King, Offensive Holding, 10 yards, enforced at MIN 31.",kickoff,0.0,false,false,,,,,,,false,false,false,false,false,true,10.0,false,-0.04714763184892945,false,-0.004606395959854126
2025_05_MIN_CLE,2353,2,00:03,1,10,MIN,CLE,MIN,79.0,(:03) 12-M.Brosmer kneels to MIN 20 for -1 yards.,qb_kneel,-1.0,false,false,,,,,,,false,false,false,false,false,false,,false,0.0,false,
2025_05_MIN_CLE,2375,2,00:00,,0,,,,,END QUARTER 2,,,false,false,,,,,,,,,,,,,,,,,-0.0
2025_05_MIN_CLE,2395,3,15:00,,0,MIN,CLE,CLE,35.0,25-A.Szmyt kicks 62 yards from CLE 35 to MIN 3. 4-M.Price to MIN 29 for 26 yards (90-J.Tryon).,kickoff,0.0,false,false,,,,,,,false,false,false,false,false,false,,false,0.3105065803974867,true,0.0019754767417907715
2025_05_MIN_CLE,2418,3,14:54,1,10,MIN,CLE,MIN,71.0,(14:54) 11-C.Wentz pass incomplete short middle to 27-J.Mason. ** Injury Update: MIN-11-C.Wentz has returned to the game.,pass,0.0,false,false,short,middle,-2.0,,,,false,false,false,false,false,false,,false,-0.5393197541125119,false,-0.01808515191078186
2025_05_MIN_CLE,2453,3,14:49,2,10,MIN,CLE,MIN,71.0,(14:49) 27-J.Mason left end to MIN 32 for 3 yards (30-D.Bush).,run,3.0,false,false,,,,,left,end,false,false,false,false,false,false,,false,-0.5147041534073651,false,-0.020115703344345093
2025_05_MIN_CLE,2475,3,14:08,3,7,MIN,CLE,MIN,68.0,"(14:08) (Shotgun) 11-C.Wentz pass incomplete short left to 18-J.Jefferson. PENALTY on CLE-0-G.Newsome, Defensive Pass Interference, 12 yards, enforced at MIN 32 - No Play.",no_play,0.0,true,false,,,,,,,false,true,false,false,false,true,12.0,false,2.0477682289201766,true,0.06420978903770447
2025_05_MIN_CLE,2515,3,14:03,1,10,MIN,CLE,MIN,56.0,(14:03) 11-C.Wentz pass deep left to 18-J.Jefferson to CLE 35 for 21 yards (0-G.Newsome).,pass,21.0,false,false,deep,left,21.0,0.0,,,true,true,false,false,false,false,,false,1.4959603522438556,true,0.08545327186584473
2025_05_MIN_CLE,2540,3,13:25,1,10,MIN,CLE,CLE,35.0,(13:25) (No Huddle) 11-C.Wentz pass short right to 3-J.Addison to CLE 20 for 15 yards (33-R.Hickman).,pass,15.0,false,true,short,right,11.0,4.0,,,true,true,false,false,false,false,,false,1.018626102246344,true,0.030570924282073975
2025_05_MIN_CLE,2565,3,12:40,1,10,MIN,CLE,CLE,20.0,(12:40) (Shotgun) 11-C.Wentz pass incomplete deep right to 18-J.Jefferson (21-D.Ward).,pass,0.0,true,false,deep,right,20.0,,,,false,false,false,false,false,false,,false,-0.47523577488027513,false,-0.016746699810028076
2025_05_MIN_CLE,2588,3,12:35,2,10,MIN,CLE,CLE,20.0,(12:35) 27-J.Mason left tackle pushed ob at CLE 6 for 14 yards (30-D.Bush).,run,14.0,false,false,,,,,left,tackle,false,true,false,false,false,false,,false,1.487730101449415,true,0.054843366146087646
2025_05_MIN_CLE,2615,3,11:51,1,6,MIN,CLE,CLE,6.0,(11:51) 11-C.Wentz pass short right to 84-J.Oliver to CLE 3 for 3 yards (21-D.Ward; 9-G.Delpit).,pass,3.0,false,false,short,right,-1.0,4.0,,,true,false,false,false,false,false,,false,0.0347320283181034,true,0.0016400814056396484
2025_05_MIN_CLE,2640,3,11:15,2,3,MIN,CLE,CLE,3.0,"(11:15) (Shotgun) 27-J.Mason up the middle for 3 yards, TOUCHDOWN.",run,3.0,true,false,,,,,middle,,false,true,false,false,false,false,,true,1.3637139220372774,true,0.05565093739277538
2025_05_MIN_CLE,2663,3,11:11,,0,MIN,CLE,CLE,15.0,"16-W.Reichard extra point is GOOD, Center-42-A.DePaola, Holder-17-R.Wright.",extra_point,0.0,false,false,,,,,,,false,false,false,false,false,false,,false,0.06757300310763314,true,0.003694963619645275
2025_05_MIN_CLE,2678,3,11:11,,0,CLE,MIN,MIN,35.0,16-W.Reichard kicks 60 yards from MIN 35 to CLE 5. 34-J.Ford to CLE 31 for 26 yards (41-K.King).,kickoff,0.0,false,false,,,,,,,false,false,false,false,false,false,,false,0.3364522969350219,true,0.007729321718215942
2025_05_MIN_CLE,2708,3,11:05,1,10,CLE,MIN,CLE,69.0,"(11:05) 10-Q.Judkins left tackle to CLE 42 for 11 yards (7-B.Murphy). PENALTY on CLE-78-J.Conklin, Illegal Formation, 5 yards, enforced at CLE 31 - No Play.",no_play,0.0,false,false,,,,,,,false,false,false,false,false,true,5.0,false,-0.6065409895963967,false,-0.025811612606048584
2025_05_MIN_CLE,2741,3,10:37,1,15,CLE,MIN,CLE,74.0,(10:37) (Shotgun) 10-Q.Judkins right guard to CLE 40 for 14 yards (44-J.Metellus).,run,14.0,true,false,,,,,right,guard,false,false,false,false,false,false,,false,1.4703858566936105,true,0.06887853145599365
2025_05_MIN_CLE,2763,3,09:51,2,1,CLE,MIN,CLE,60.0,(9:51) 10-Q.Judkins up the middle to CLE 43 for 3 yards (44-J.Metellus).,run,3.0,false,false,,,,,middle,,false,true,false,false,false,false,,false,-0.019949869718402624,false,-0.0037774741649627686
2025_05_MIN_CLE,2785,3,09:14,1,10,CLE,MIN,CLE,57.0,(9:14) 10-Q.Judkins left tackle to 50 for 7 yards (61-J.Redmond).,run,7.0,false,false,,,,,left,tackle,false,false,false,false,false,false,,false,0.4290786748751998,true,0.009145766496658325
2025_05_MIN_CLE,2817,3,08:39,2,3,CLE,MIN,50,50.0,(8:39) (Shotgun) 34-J.Ford right guard to MIN 40 for 10 yards (55-E.Wilson).,run,10.0,true,false,,,,,right,guard,false,true,false,false,false,false,,false,0.773278440348804,true,0.03565111756324768
2025_05_MIN_CLE,2839,3,07:56,1,10,CLE,MIN,MIN,40.0,(7:56) (Shotgun) 34-J.Ford up the middle to MIN 38 for 2 yards (98-B.Richter; 50-L.Rodriguez).,run,2.0,true,false,,,,,middle,,false,false,false,false,false,false,,false,-0.521794153843075,false,0.0006053447723388672
2025_05_MIN_CLE,2861,3,07:20,2,8,CLE,MIN,MIN,38.0,(7:20) 8-D.Gabriel pass short left to 10-Q.Judkins pushed ob at MIN 20 for 18 yards (55-E.Wilson).,pass,18.0,false,false,short,left,2.0,16.0,,,true,true,false,false,false,false,,false,1.8027416199911386,true,0.07031106948852539
2025_05_MIN_CLE,2891,3,06:43,1,10,CLE,MIN,MIN,20.0,(6:43) 8-D.Gabriel pass short left to 85-D.Njoku pushed ob at MIN 14 for 6 yards (97-J.Hargrave) [58-J.Greenard].,pass,6.0,false,false,short,left,-2.0,8.0,,,true,false,false,false,false,false,,false,0.3010411054128781,true,0.007212162017822266
2025_05_MIN_CLE,2921,3,06:05,2,4,CLE,MIN,MIN,14.0,(6:05) 10-Q.Judkins right tackle to MIN 11 for 3 yards (55-E.Wilson; 93-J.Allen).,run,3.0,false,false,,,,,right,tackle,false,false,false,false,false,false,,false,-0.09631164273014292,false,0.0095406174659729
2025_05_MIN_CLE,2943,3,05:21,3,1,CLE,MIN,MIN,11.0,(5:21) (Shotgun) 10-Q.Judkins left guard to MIN 11 for no gain (93-J.Allen).,run,0.0,true,false,,,,,left,guard,false,false,false,false,false,false,,false,-1.1379294845391996,false,-0.06162881851196289
2025_05_MIN_CLE,2965,3,04:37,4,1,CLE,MIN,MIN,11.0,(4:37) 98-A.Huntington reported in as eligible. 10-Q.Judkins right tackle to MIN 9 for 2 yards (7-B.Murphy).,run,2.0,false,false,,,,,right,tackle,false,true,false,false,false,false,,false,1.5284813670441508,true,0.07726901769638062
2025_05_MIN_CLE,2989,3,03:54,1,9,CLE,MIN,MIN,9.0,(3:54) 10-Q.Judkins left end to MIN 9 for no gain (90-T.Ingram-Dawkins; 50-L.Rodriguez).,run,0.0,false,false,,,,,left,end,false,false,false,false,false,false,,false,-0.5646419449476525,false,-0.020348727703094482
2025_05_MIN_CLE,3011,3,03:14,2,9,CLE,MIN,MIN,9.0,(3:14) (Shotgun) 8-D.Gabriel pass incomplete short middle to 16-I.Bond.,pass,0.0,true,false,short,middle,9.0,,,,false,false,false,false,false,false,,false,-0.7581925127888098,false,-0.031937241554260254
2025_05_MIN_CLE,3034,3,03:09,3,9,CLE,MIN,MIN,9.0,"(3:09) (Shotgun) 8-D.Gabriel pass short middle to 85-D.Njoku for 9 yards, TOUCHDOWN.",pass,9.0,true,false,short,middle,9.0,0.0,,,true,true,false,false,false,false,,true,3.1944352408172563,true,0.10218382024651018
2025_05_MIN_CLE,3060,3,03:05,,0,CLE,MIN,MIN,15.0,"25-A.Szmyt extra point is GOOD, Center-50-R.Sunahara, Holder-13-C.Bojorquez.",extra_point,0.0,false,false,,,,,,,false,false,false,false,false,false,,false,0.06757300310763314,true,0.003441838980861034
2025_05_MIN_CLE,3075,3,03:05,,0,MIN,CLE,CLE,35.0,25-A.Szmyt kicks 64 yards from CLE 35 to MIN 1. 4-M.Price to MIN 26 for 25 yards (49-C.Schwesinger; 98-A.Huntington).,kickoff,0.0,false,false,,,,,,,false,false,false,false,false,false,,false,0.023678597062826157,true,6.61611557006836e-05
2025_05_MIN_CLE,3110,3,02:57,1,10,MIN,CLE,MIN,74.0,(2:57) (Shotgun) 11-C.Wentz sacked at MIN 18 for -8 yards (91-A.Wright).,pass,-8.0,true,false,,,,,,,false,false,true,false,false,false,,false,-1.5059383660554886,false,-0.0559612512588501
2025_05_MIN_CLE,3130,3,02:19,2,18,MIN,CLE,MIN,82.0,(2:19) (Shotgun) 11-C.Wentz pass short left to 27-J.Mason to MIN 19 for 1 yard (0-G.Newsome). MIN-27-J.Mason was injured during the play.,pass,1.0,true,false,short,left,-5.0,6.0,,,true,false,false,false,false,false,,false,-0.6888539693318307,false,-0.030034184455871582
2025_05_MIN_CLE,3155,3,01:49,3,17,MIN,CLE,MIN,81.0,(1:49) (Shotgun) 11-C.Wentz scrambles right end to MIN 21 for 2 yards (95-M.Garrett).,run,2.0,true,false,,,,,right,end,false,false,false,false,false,false,,false,-0.8733669831417501,false,-0.027256280183792114
2025_05_MIN_CLE,3187,3,01:10,4,15,MIN,CLE,MIN,79.0,"(1:10) 17-R.Wright punts 77 yards to CLE 2, Center-42-A.DePaola, downed by MIN-37-T.Thomas. PENALTY on CLE-28-T.Avery, Offensive Holding, 1 yard, enforced at CLE 2.",punt,0.0,false,false,,,,,,,false,false,false,false,false,true,1.0,false,2.9550059642642736,true,0.04181218147277832
2025_05_MIN_CLE,3218,3,00:56,1,10,CLE,MIN,CLE,99.0,(:56) 10-Q.Judkins up the middle to CLE 2 for 1 yard (97-J.Hargrave; 58-J.Greenard).,run,1.0,false,false,,,,,middle,,false,false,false,false,false,false,,false,-0.283697564387694,false,-0.022841215133666992
2025_05_MIN_CLE,3240,3,00:13,2,9,CLE,MIN,CLE,98.0,(:13) 10-Q.Judkins up the middle to CLE 10 for 8 yards (2-I.Rodgers).,run,8.0,false,false,,,,,middle,,false,false,false,false,false,false,,false,0.4703512724954635,true,0.01982206106185913
2025_05_MIN_CLE,3262,3,00:00,,0,CLE,MIN,,,END QUARTER 3,,,false,false,,,,,,,,,,,,,,,0.0,false,0.0
2025_05_MIN_CLE,3282,4,15:00,3,1,CLE,MIN,CLE,90.0,(15:00) 98-A.Huntington and 74-T.Jenkins reported in as eligible. 10-Q.Judkins right guard to CLE 10 for no gain (97-J.Hargrave; 58-J.Greenard).,run,0.0,false,false,,,,,right,guard,false,false,false,false,false,false,,false,-1.5770578591618687,false,-0.034442365169525146
2025_05_MIN_CLE,3311,4,14:17,4,1,CLE,MIN,CLE,90.0,"(14:17) 13-C.Bojorquez punts 44 yards to MIN 46, Center-50-R.Sunahara. 4-M.Price to CLE 42 for 12 yards (50-R.Sunahara; 28-T.Avery).",punt,0.0,false,false,,,,,,,false,false,false,false,false,false,,false,-0.7766115572303534,false,-0.12595754861831665
2025_05_MIN_CLE,3341,4,14:05,1,10,MIN,CLE,CLE,42.0,"(14:05) 36-Z.Scott right guard to CLE 45 for -3 yards (57-I.McGuire, 93-S.Harris). FUMBLES (57-I.McGuire), RECOVERED by CLE-43-M.Diabate at CLE 45. PENALTY on CLE-93-S.Harris, Unnecessary Roughness, 15 yards, enforced at CLE 45.",run,-3.0,false,false,,,,,right,guard,false,false,false,false,true,true,15.0,false,-4.132220580941066,false,-0.2022111415863037
2025_05_MIN_CLE,3390,4,14:01,1,10,CLE,MIN,CLE,70.0,(14:01) (Shotgun) 8-D.Gabriel pass incomplete short middle to 10-Q.Judkins (58-J.Greenard).,pass,0.0,true,false,short,middle,-1.0,,,,false,false,false,false,false,false,,false,-0.5325119942426682,false,-0.021740198135375977
2025_05_MIN_CLE,3420,4,13:57,2,10,CLE,MIN,CLE,70.0,(13:57) 10-Q.Judkins up the middle to CLE 36 for 6 yards (26-T.Jackson; 22-H.Smith).,run,6.0,false,false,,,,,middle,,false,false,false,false,false,false,,false,0.023041762877255678,true,0.009267210960388184
2025_05_MIN_CLE,3442,4,13:11,3,4,CLE,MIN,CLE,64.0,(13:11) (Shotgun) 8-D.Gabriel sacked at CLE 34 for -2 yards (0-I.Pace).,pass,-2.0,true,false,,,,,,,false,false,true,false,false,false,,false,-1.5564641375094652,false,-0.050082266330718994
2025_05_MIN_CLE,3462,4,12:31,4,6,CLE,MIN,CLE,66.0,"(12:31) 13-C.Bojorquez punts 41 yards to MIN 25, Center-50-R.Sunahara, out of bounds.",punt,0.0,false,false,,,,,,,false,false,false,false,false,false,,false,-0.11988640483468771,false,-0.027656525373458862
2025_05_MIN_CLE,3481,4,12:24,1,10,MIN,CLE,MIN,75.0,(12:24) 27-J.Mason left end to MIN 25 for no gain (33-R.Hickman). ** Injury Update: MIN-27-J.Mason has returned to the game.,run,0.0,false,false,,,,,left,end,false,false,false,false,false,false,,false,-0.5356896026059985,false,-0.03035828471183777
2025_05_MIN_CLE,3510,4,11:52,2,10,MIN,CLE,MIN,75.0,(11:52) (No Huddle) 11-C.Wentz pass incomplete deep right to 3-J.Addison (9-G.Delpit).,pass,0.0,false,true,deep,right,17.0,,,,false,false,false,false,false,false,,false,-0.7094929688610137,false,-0.027001947164535522
2025_05_MIN_CLE,3536,4,11:47,3,10,MIN,CLE,MIN,75.0,(11:47) (Shotgun) 11-C.Wentz pass deep middle to 18-J.Jefferson to CLE 37 for 38 yards (33-R.Hickman).,pass,38.0,true,false,deep,middle,32.0,6.0,,,true,true,false,false,false,false,,false,3.6686663803411648,true,0.18346449732780457
2025_05_MIN_CLE,3561,4,11:08,1,10,MIN,CLE,CLE,37.0,(11:08) (Shotgun) 11-C.Wentz pass short left to 18-J.Jefferson to CLE 32 for 5 yards (30-D.Bush).,pass,5.0,true,false,short,left,-3.0,8.0,,,true,false,false,false,false,false,,false,0.16431816713884473,true,-0.012299537658691406
2025_05_MIN_CLE,3586,4,10:30,2,5,MIN,CLE,CLE,32.0,(10:30) 11-C.Wentz pass incomplete short left to 84-J.Oliver.,pass,0.0,false,false,short,left,-3.0,,,,false,false,false,false,false,false,,false,-0.6874935681698844,false,-0.03245419263839722
2025_05_MIN_CLE,3609,4,10:25,3,5,MIN,CLE,CLE,32.0,(10:25) (Shotgun) 11-C.Wentz sacked at CLE 33 for -1 yards (96-M.Collins).,pass,-1.0,true,false,,,,,,,false,false,true,false,false,false,,false,-1.7066750623232751,false,-0.06935542821884155
2025_05_MIN_CLE,3629,4,09:46,4,6,MIN,CLE,CLE,33.0,"(9:46) 16-W.Reichard 51 yard field goal is No Good, Wide Right, Center-42-A.DePaola, Holder-17-R.Wright.",field_goal,0.0,false,false,,,,,,,false,false,false,false,false,false,,false,-3.1504158532299966,false,-0.15236765146255493
2025_05_MIN_CLE,3650,4,09:41,1,10,CLE,MIN,CLE,59.0,"(9:41) 10-Q.Judkins right tackle to CLE 40 for -1 yards (97-J.Hargrave, 0-I.Pace). PENALTY on CLE-72-K.Leveston, Offensive Holding, 10 yards, enforced at CLE 41 - No Play.",no_play,0.0,false,false,,,,,,,false,false,false,false,false,true,10.0,false,-0.9361136257648468,false,-0.04236304759979248
2025_05_MIN_CLE,3690,4,09:14,1,20,CLE,MIN,CLE,69.0,(9:14) (Shotgun) 8-D.Gabriel pass short middle to 85-D.Njoku to CLE 42 for 11 yards (22-H.Smith; 15-D.Turner).,pass,11.0,true,false,short,middle,5.0,6.0,,,true,false,false,false,false,false,,false,0.46582109294831753,true,0.023601770401000977
2025_05_MIN_CLE,3715,4,08:30,2,9,CLE,MIN,CLE,58.0,(8:30) 10-Q.Judkins right end pushed ob at MIN 44 for 14 yards (2-I.Rodgers).,run,14.0,false,false,,,,,right,end,false,true,false,false,false,false,,false,1.3885918378364295,true,0.0565219521522522
2025_05_MIN_CLE,3742,4,07:52,1,10,CLE,MIN,MIN,44.0,(7:52) 8-D.Gabriel pass incomplete short right to 85-D.Njoku.,pass,0.0,false,false,short,right,0.0,,,,false,false,false,false,false,false,,false,-0.3784164432436228,false,-0.0161130428314209
2025_05_MIN_CLE,3765,4,07:47,2,10,CLE,MIN,MIN,44.0,(7:47) (Shotgun) 10-Q.Judkins up the middle to MIN 42 for 2 yards (50-L.Rodriguez; 15-D.Turner).,run,2.0,true,false,,,,,middle,,false,false,false,false,false,false,,false,-0.7104275539750233,false,-0.02202826738357544
2025_05_MIN_CLE,3787,4,07:07,3,8,CLE,MIN,MIN,42.0,(7:07) (Shotgun) 8-D.Gabriel pass incomplete deep left to 3-J.Jeudy.,pass,0.0,true,false,deep,left,17.0,,,,false,false,false,false,false,false,,false,-1.7856132989982143,false,-0.042840421199798584
2025_05_MIN_CLE,3810,4,07:02,4,8,CLE,MIN,MIN,42.0,"(7:02) 13-C.Bojorquez punts 42 yards to end zone, Center-50-R.Sunahara, Touchback.",punt,0.0,false,false,,,,,,,false,false,false,false,false,false,,false,-0.7428064327687025,false,-0.07175415754318237
2025_05_MIN_CLE,3831,4,06:53,1,10,MIN,CLE,MIN,80.0,(6:53) (Shotgun) 27-J.Mason right end to MIN 24 for 4 yards (30-D.Bush).,run,4.0,true,false,,,,,right,end,false,false,false,false,false,false,,false,-0.26929580280557275,false,-0.014213025569915771
2025_05_MIN_CLE,3853,4,06:23,2,6,MIN,CLE,MIN,76.0,(6:23) (No Huddle) 11-C.Wentz pass short right to 87-T.Hockenson pushed ob at MIN 31 for 7 yards (21-D.Ward).,pass,7.0,false,true,short,right,6.0,1.0,,,true,true,false,false,false,false,,false,0.8607428860850632,true,0.025295019149780273
2025_05_MIN_CLE,3887,4,05:46,1,10,MIN,CLE,MIN,69.0,(5:46) (Shotgun) 11-C.Wentz pass short right to 3-J.Addison ran ob at MIN 36 for 5 yards.,pass,5.0,true,false,short,right,5.0,0.0,,,true,false,false,false,false,false,,false,0.07639334816485643,true,-0.009367018938064575
2025_05_MIN_CLE,3917,4,05:11,2,5,MIN,CLE,MIN,64.0,"(5:11) 27-J.Mason right tackle to CLE 45 for 19 yards (33-R.Hickman). PENALTY on MIN-60-J.Huber, Offensive Holding, 10 yards, enforced at MIN 38.",run,2.0,false,false,,,,,right,tackle,false,false,false,false,false,true,10.0,false,-1.2442199005745351,false,-0.044501662254333496
2025_05_MIN_CLE,3950,4,04:54,2,13,MIN,CLE,MIN,72.0,"(4:54) (Shotgun) 11-C.Wentz pass short right to 87-T.Hockenson to MIN 25 for -3 yards (91-A.Wright, 30-D.Bush).",pass,-3.0,true,false,short,right,-5.0,2.0,,,true,false,false,false,false,false,,false,-0.7289879145100713,false,-0.029217645525932312
2025_05_MIN_CLE,3975,4,04:15,3,16,MIN,CLE,MIN,75.0,"(4:15) (No Huddle, Shotgun) 11-C.Wentz sacked at MIN 18 for -7 yards (96-M.Collins).",pass,-7.0,true,true,,,,,,,false,false,true,false,false,false,,false,-0.9914731467142701,false,-0.06989587843418121
2025_05_MIN_CLE,3995,4,03:38,4,23,MIN,CLE,MIN,82.0,"(3:38) 17-R.Wright punts 53 yards to CLE 29, Center-42-A.DePaola. 84-G.Larvadain pushed ob at CLE 41 for 12 yards (98-B.Richter; 36-Z.Scott).",punt,0.0,false,false,,,,,,,false,false,false,false,false,false,,false,-0.12531949067488313,false,0.005061060190200806
2025_05_MIN_CLE,4026,4,03:27,1,10,CLE,MIN,CLE,59.0,"(3:27) 10-Q.Judkins right tackle to CLE 40 for -1 yards (58-J.Greenard, 55-E.Wilson).",run,-1.0,false,false,,,,,right,tackle,false,false,false,false,false,false,,false,-0.5502060537692159,false,-0.028355002403259277
2025_05_MIN_CLE,4048,4,03:24,2,11,CLE,MIN,CLE,60.0,(3:24) 10-Q.Judkins right guard to CLE 40 for no gain (97-J.Hargrave; 15-D.Turner).,run,0.0,false,false,,,,,right,guard,false,false,false,false,false,false,,false,-0.7925316941691563,false,-0.02708566188812256
2025_05_MIN_CLE,4060,4,03:24,,0,,,,,"Timeout #1 by MIN at 03:24.",no_play,0.0,false,false,,,,,,,false,false,false,false,false,false,,false,0.0,false,0.0
2025_05_MIN_CLE,4077,4,03:20,3,11,CLE,MIN,CLE,60.0,(3:20) (Shotgun) 8-D.Gabriel pass incomplete deep right to 16-I.Bond.,pass,0.0,true,false,deep,right,23.0,,,,false,false,false,false,false,false,,false,-0.8097004237351939,false,-0.05895572900772095
2025_05_MIN_CLE,4089,4,03:20,,0,,,,,"Timeout #2 by MIN at 03:20.",no_play,0.0,false,false,,,,,,,false,false,false,false,false,false,,false,0.0,false,0.0
2025_05_MIN_CLE,4107,4,03:16,4,11,CLE,MIN,CLE,60.0,"(3:16) 13-C.Bojorquez punts 43 yards to MIN 17, Center-50-R.Sunahara. 4-M.Price to MIN 20 for 3 yards (31-D.McMillon; 28-T.Avery).",punt,0.0,false,false,,,,,,,false,false,false,false,false,false,,false,-0.27398506039753556,false,0.019075512886047363
2025_05_MIN_CLE,4133,4,03:05,1,10,MIN,CLE,MIN,80.0,(3:05) (Shotgun) 27-J.Mason right tackle to MIN 29 for 9 yards (49-C.Schwesinger; 33-R.Hickman).,run,9.0,true,false,,,,,right,tackle,false,false,false,false,false,false,,false,0.5145515851909295,true,0.023279964923858643
2025_05_MIN_CLE,4155,4,02:40,2,1,MIN,CLE,MIN,71.0,"(2:40) (No Huddle, Shotgun) 11-C.Wentz pass short left to 1-J.Nailor to MIN 32 for 3 yards (26-M.Harden).",pass,3.0,true,true,short,left,2.0,1.0,,,true,true,false,false,false,false,,false,0.24683097703382373,true,0.009561121463775635
2025_05_MIN_CLE,4180,4,02:17,1,10,MIN,CLE,MIN,68.0,"(2:17) (No Huddle, Shotgun) 11-C.Wentz pass short right to 87-T.Hockenson to MIN 38 for 6 yards (49-C.Schwesinger; 26-M.Harden).",pass,6.0,true,true,short,right,2.0,4.0,,,true,false,false,false,false,false,,false,-0.15914100862573832,false,-0.013478904962539673
2025_05_MIN_CLE,4205,4,02:00,2,4,MIN,CLE,MIN,62.0,(2:00) (Shotgun) 11-C.Wentz pass short middle to 87-T.Hockenson to CLE 48 for 14 yards (49-C.Schwesinger; 33-R.Hickman).,pass,14.0,true,false,short,middle,5.0,9.0,,,true,true,false,false,false,false,,false,1.00895831087837,true,0.089806467294693
2025_05_MIN_CLE,4237,4,01:35,1,10,MIN,CLE,CLE,48.0,"(1:35) (No Huddle, Shotgun) 11-C.Wentz pass deep right to 18-J.Jefferson to CLE 27 for 21 yards (21-D.Ward).",pass,21.0,true,true,deep,right,18.0,3.0,,,true,true,false,false,false,false,,false,1.1562998475856148,true,0.11508345603942871
2025_05_MIN_CLE,4262,4,01:10,1,10,MIN,CLE,CLE,27.0,(1:10) (Shotgun) 11-C.Wentz pass short left to 1-J.Nailor ran ob at CLE 23 for 4 yards (0-G.Newsome).,pass,4.0,true,false,short,left,0.0,4.0,,,true,false,false,false,false,false,,false,0.09180646832101047,true,0.030226409435272217
2025_05_MIN_CLE,4274,4,01:10,,0,,,,,"Timeout #1 by CLE at 01:10.",no_play,0.0,false,false,,,,,,,false,false,false,false,false,false,,false,-0.0,false,-0.0
2025_05_MIN_CLE,4299,4,01:05,2,6,MIN,CLE,CLE,23.0,"(1:05) (Shotgun) 11-C.Wentz pass short right to 27-J.Mason pushed ob at CLE 21 for 2 yards (26-M.Harden). The Replay Official reviewed the runner was out of bounds ruling, and the play was REVERSED. (Shotgun) 11-C.Wentz pass short right to 27-J.Mason to CLE 21 for 2 yards (26-M.Harden).",pass,2.0,true,false,short,right,-5.0,7.0,,,true,false,false,false,false,false,,false,-0.32466990721877664,false,-0.028651952743530273
2025_05_MIN_CLE,4329,4,00:59,3,4,MIN,CLE,CLE,21.0,(:59) 11-C.Wentz pass short left to 3-J.Addison to CLE 17 for 4 yards (26-M.Harden).,pass,4.0,false,false,short,left,4.0,0.0,,,true,true,false,false,false,false,,false,0.1269800351583399,true,0.0718773603439331
2025_05_MIN_CLE,4376,4,00:59,,0,,,,,"Timeout #2 by CLE at 00:59.",no_play,0.0,false,false,,,,,,,false,false,false,false,false,false,,false,-0.0,false,-0.0
2025_05_MIN_CLE,4396,4,00:54,1,10,MIN,CLE,CLE,17.0,(:54) (Shotgun) 11-C.Wentz pass short right to 3-J.Addison to CLE 12 for 5 yards (49-C.Schwesinger; 33-R.Hickman).,pass,5.0,true,false,short,right,-3.0,8.0,,,true,false,false,false,false,false,,false,0.23608009971212596,true,-0.005041897296905518
2025_05_MIN_CLE,4408,4,00:54,,0,,,,,"Timeout #3 by CLE at 00:54.",no_play,0.0,false,false,,,,,,,false,false,false,false,false,false,,false,-0.0,false,-0.0
2025_05_MIN_CLE,4428,4,00:30,2,5,MIN,CLE,CLE,12.0,"(:30) (No Huddle, Shotgun) 11-C.Wentz pass short right to 3-J.Addison for 12 yards, TOUCHDOWN.",pass,12.0,true,true,short,right,12.0,0.0,,,true,true,false,false,false,false,,true,3.3580207516788505,true,0.3254457409057624
2025_05_MIN_CLE,4454,4,00:25,,0,MIN,CLE,CLE,15.0,"16-W.Reichard extra point is GOOD, Center-42-A.DePaola, Holder-17-R.Wright.",extra_point,0.0,false,false,,,,,,,false,false,false,false,false,false,,false,0.06757300310763314,true,0.0020628204073899203
2025_05_MIN_CLE,4469,4,00:25,,0,CLE,MIN,MIN,35.0,16-W.Reichard kicks 62 yards from MIN 35 to CLE 3. 34-J.Ford to CLE 29 for 26 yards (41-K.King; 37-T.Thomas).,kickoff,0.0,false,false,,,,,,,false,false,false,false,false,false,,false,0.013001093291677535,true,-0.010516531765460968
2025_05_MIN_CLE,4495,4,00:21,1,10,CLE,MIN,CLE,71.0,(:21) (Shotgun) 8-D.Gabriel pass deep middle to 16-I.Bond to MIN 49 for 22 yards (7-B.Murphy).,pass,22.0,true,false,deep,middle,21.0,1.0,,,true,true,false,false,false,false,,false,0.29454905434977263,true,0.03968466818332672
2025_05_MIN_CLE,4520,4,00:08,1,10,CLE,MIN,MIN,49.0,(:08) (No Huddle) 8-D.Gabriel spiked the ball to stop the clock.,qb_spike,0.0,false,true,,,0.0,,,,false,false,false,false,false,false,,false,-0.06206326378742233,false,-0.0021094530820846558
2025_05_MIN_CLE,4543,4,00:07,2,10,CLE,MIN,MIN,49.0,(:07) (Shotgun) 8-D.Gabriel pass short left to 80-J.Thrash to MIN 27 for 22 yards (8-J.Okudah).,pass,22.0,true,false,short,left,15.0,7.0,,,true,true,false,false,false,false,,false,-0.36862819525413215,false,-0.12785407900810242
2025_05_MIN_CLE,4580,4,00:07,,0,,,,,"Timeout #3 by MIN at 00:07.",no_play,0.0,false,false,,,,,,,false,false,false,false,false,false,,false,0.0,false,0.0
2025_05_MIN_CLE,4600,4,00:00,,0,CLE,MIN,,,END GAME,,,false,false,,,,,,,,,,,,,,,,,
2025_07_PHI_MIN,1,1,15:00,,0,,,,,GAME,,,false,false,,,,,,,,,,,,,,,-0.0,false,-0.0
2025_07_PHI_MIN,40,1,15:00,,0,PHI,MIN,MIN,35.0,16-W.Reichard kicks 65 yards from MIN 35 to PHI 0. 28-W.Shipley to PHI 25 for 25 yards (13-T.Felton; 30-C.Ham).,kickoff,0.0,false,false,,,,,,,false,false,false,false,false,false,,false,0.0059262840077281,true,-0.0
2025_07_PHI_MIN,63,1,14:56,1,10,PHI,MIN,PHI,75.0,(14:56) 26-S.Barkley left tackle to PHI 33 for 8 yards (55-E.Wilson; 26-T.Jackson).,run,8.0,false,false,,,,,left,tackle,false,false,false,false,false,false,,false,0.5714878858998418,true,0.007707655429840088
2025_07_PHI_MIN,85,1,14:16,2,2,PHI,MIN,PHI,67.0,(14:16) (Shotgun) 26-S.Barkley right guard to PHI 36 for 3 yards (93-J.Allen).,run,3.0,true,false,,,,,right,guard,false,true,false,false,false,false,,false,0.19717364944517612,true,0.01398378610610962
2025_07_PHI_MIN,107,1,13:40,1,10,PHI,MIN,PHI,64.0,(13:40) 26-S.Barkley left end to PHI 41 for 5 yards (26-T.Jackson; 55-E.Wilson).,run,5.0,false,false,,,,,left,end,false,false,false,false,false,false,,false,0.011685490375384688,true,-0.012928575277328491
2025_07_PHI_MIN,129,1,12:56,2,5,PHI,MIN,PHI,59.0,(12:56) 26-S.Barkley up the middle to PHI 41 for no gain (93-J.Allen).,run,0.0,false,false,,,,,middle,,false,false,false,false,false,false,,false,-0.9072709379252046,false,-0.023509830236434937
2025_07_PHI_MIN,151,1,12:11,3,5,PHI,MIN,PHI,59.0,(12:11) (Shotgun) 1-J.Hurts pass short right to 6-D.Smith to PHI 45 for 4 yards (26-T.Jackson).,pass,4.0,true,false,short,right,0.0,4.0,,,true,false,false,false,false,false,,false,-0.9245557016693056,false,-0.02474150061607361
2025_07_PHI_MIN,176,1,11:30,4,1,PHI,MIN,PHI,55.0,(11:30) 1-J.Hurts up the middle to PHI 46 for 1 yard (61-J.Redmond; 50-L.Rodriguez).,run,1.0,false,false,,,,,middle,,false,true,false,false,false,false,,false,2.472532096784562,true,0.06870755553245544
2025_07_PHI_MIN,198,1,10:50,1,10,PHI,MIN,PHI,54.0,(10:50) (Shotgun) 1-J.Hurts sacked ob at PHI 46 for 0 yards (sack split by 44-J.Metellus and 55-E.Wilson).,pass,0.0,true,false,,,,,,,false,false,true,false,false,false,,false,-0.5777422580868006,false,-0.01817336678504944
2025_07_PHI_MIN,227,1,10:07,2,10,PHI,MIN,PHI,54.0,(10:07) (Shotgun) 37-T.Bigsby right end to MIN 43 for 11 yards (44-J.Metellus; 26-T.Jackson).,run,11.0,true,false,,,,,right,end,false,true,false,false,false,false,,false,1.1583333166781813,true,0.0358642041683197
2025_07_PHI_MIN,249,1,09:32,1,10,PHI,MIN,MIN,43.0,"(9:32) (No Huddle, Shotgun) 1-J.Hurts right end pushed ob at MIN 44 for -1 yards (22-H.Smith).",run,-1.0,true,true,,,,,right,end,false,false,false,false,false,false,,false,-0.8265941750723869,false,-0.026374846696853638
2025_07_PHI_MIN,276,1,08:48,2,11,PHI,MIN,MIN,44.0,(8:48) (Shotgun) 1-J.Hurts pass short left to 26-S.Barkley to MIN 46 for -2 yards (44-J.Metellus).,pass,-2.0,true,false,short,left,-4.0,2.0,,,true,false,false,false,false,false,,false,-1.2097519328817725,false,-0.03536835312843323
2025_07_PHI_MIN,301,1,08:00,3,13,PHI,MIN,MIN,46.0,(8:00) (Shotgun) 26-S.Barkley left tackle to MIN 37 for 9 yards (22-H.Smith).,run,9.0,true,false,,,,,left,tackle,false,false,false,false,false,false,,false,-0.34589838050305843,false,0.022113561630249023
2025_07_PHI_MIN,335,1,07:07,4,4,PHI,MIN,MIN,37.0,"(7:07) (Shotgun) 1-J.Hurts pass deep left to 11-A.Brown for 37 yards, TOUCHDOWN.",pass,37.0,true,false,deep,left,26.0,11.0,,,true,true,false,false,false,false,,true,6.366423304658383,true,0.17287266894192455
2025_07_PHI_MIN,361,1,06:59,,0,PHI,MIN,MIN,15.0,"4-J.Elliott extra point is GOOD, Center-57-C.Adomitis, Holder-10-B.Mann.",extra_point,0.0,false,false,,,,,,,false,false,false,false,false,false,,false,0.05117156607063911,true,0.0009787316718602446
2025_07_PHI_MIN,376,1,06:59,,0,MIN,PHI,PHI,35.0,"4-J.Elliott kicks 65 yards from PHI 35 to landing zone to end zone, Touchback to the MIN 20.",kickoff,0.0,false,false,,,,,,,false,false,false,false,false,false,,false,-0.4117097361013293,false,-0.0066329240798950195
2025_07_PHI_MIN,400,1,06:59,1,10,MIN,PHI,MIN,80.0,(6:59) 27-J.Mason up the middle to MIN 24 for 4 yards (53-Z.Baun).,run,4.0,false,false,,,,,middle,,false,false,false,false,false,false,,false,-0.3285243911668658,false,-0.003171294927597046
2025_07_PHI_MIN,422,1,06:21,2,6,MIN,PHI,MIN,76.0,(6:21) (Shotgun) 11-C.Wentz pass incomplete short right to 87-T.Hockenson.,pass,0.0,true,false,short,right,-3.0,,,,false,false,false,false,false,false,,false,-0.8181084590032697,false,-0.010678142309188843
2025_07_PHI_MIN,445,1,06:16,3,6,MIN,PHI,MIN,76.0,(6:16) (Shotgun) 11-C.Wentz pass short left to 19-A.Thielen to MIN 34 for 10 yards (8-A.Jackson).,pass,10.0,true,false,short,left,8.0,2.0,,,true,true,false,false,false,false,,false,2.0578995717223734,true,0.04283696413040161
2025_07_PHI_MIN,470,1,05:36,1,10,MIN,PHI,MIN,66.0,(5:36) 11-C.Wentz pass deep right to 3-J.Addison ran ob at PHI 32 for 34 yards.,pass,34.0,false,false,deep,right,34.0,0.0,,,true,true,false,false,false,false,,false,2.015434557222761,true,0.043409764766693115
2025_07_PHI_MIN,500,1,05:06,1,10,MIN,PHI,PHI,32.0,"(5:06) (No Huddle, Shotgun) 11-C.Wentz pass short right to 3-J.Addison to PHI 26 for 6 yards (27-Q.Mitchell).",pass,6.0,true,true,short,right,6.0,0.0,,,true,false,false,false,false,false,,false,0.2572179305134341,true,0.02156829833984375
2025_07_PHI_MIN,525,1,04:24,2,4,MIN,PHI,PHI,26.0,(4:24) 27-J.Mason up the middle to PHI 23 for 3 yards (98-J.Carter).,run,3.0,false,false,,,,,middle,,false,false,false,false,false,false,,false,0.03397209011018276,true,-0.00630110502243042
2025_07_PHI_MIN,547,1,03:48,3,1,MIN,PHI,PHI,23.0,(3:48) 27-J.Mason up the middle to PHI 19 for 4 yards (0-J.Uche; 53-Z.Baun).,run,4.0,false,false,,,,,middle,,false,true,false,false,false,false,,false,0.5445683900034055,true,0.014273613691329956
2025_07_PHI_MIN,569,1,03:06,1,10,MIN,PHI,PHI,19.0,(3:06) 11-C.Wentz pass incomplete deep left to 3-J.Addison.,pass,0.0,false,false,deep,left,19.0,,,,false,false,false,false,false,false,,false,-0.49646166840102524,false,-0.014055401086807251
2025_07_PHI_MIN,592,1,03:00,2,10,MIN,PHI,PHI,19.0,(3:00) (Shotgun) 11-C.Wentz pass incomplete short left to 3-J.Addison.,pass,0.0,true,false,short,left,0.0,,,,false,false,false,false,false,false,,false,-0.6908433471107855,false,-0.02952432632446289
2025_07_PHI_MIN,615,1,02:58,3,10,MIN,PHI,PHI,19.0,"(2:58) (Shotgun) 11-C.Wentz Aborted. 64-B.Brandel FUMBLES at PHI 25, recovered by MIN-11-C.Wentz at PHI 41.",run,0.0,true,false,,,,,,,false,false,false,false,false,false,,false,-3.759059512639781,false,-0.055955201387405396
2025_07_PHI_MIN,642,1,02:08,4,32,MIN,PHI,PHI,41.0,"(2:08) 16-W.Reichard 59 yard field goal is GOOD, Center-42-A.DePaola, Holder-17-R.Wright.",field_goal,0.0,false,false,,,,,,,false,false,false,false,false,false,,false,2.9125135922817416,true,0.03246769309043884
2025_07_PHI_MIN,662,1,02:04,,0,PHI,MIN,MIN,35.0,16-W.Reichard kicks 64 yards from MIN 35 to PHI 1. 28-W.Shipley to PHI 34 for 33 yards (30-C.Ham).,kickoff,0.0,false,false,,,,,,,false,false,false,false,false,false,,false,0.48362415423616767,true,0.015114188194274902
2025_07_PHI_MIN,697,1,01:59,1,10,PHI,MIN,PHI,66.0,(1:59) 74-F.Johnson reported in as eligible. 26-S.Barkley left end to PHI 38 for 4 yards (51-B.Cashman; 44-J.Metellus).,run,4.0,false,false,,,,,left,end,false,false,false,false,false,false,,false,0.20290808705613017,true,-0.00371474027633667
2025_07_PHI_MIN,721,1,01:17,2,6,PHI,MIN,PHI,62.0,"(1:17) (Shotgun) 1-J.Hurts pass short left to 6-D.Smith to PHI 43 for 5 yards (51-B.Cashman). Minnesota challenged the pass completion ruling, and the play was Upheld. The ruling on the field stands. (Timeout #1.)",pass,5.0,true,false,short,left,5.0,0.0,,,true,false,false,false,false,false,,false,0.2830617125146091,true,0.0005355477333068848
2025_07_PHI_MIN,746,1,00:42,3,1,PHI,MIN,PHI,57.0,"(:42) PENALTY on PHI-11-A.Brown, False Start, 5 yards, enforced at PHI 43 - No Play.",no_play,0.0,false,false,,,,,,,false,false,false,false,false,true,5.0,false,-1.154708162881434,false,-0.015124201774597168
2025_07_PHI_MIN,810,1,00:42,3,6,PHI,MIN,PHI,62.0,(:42) (Shotgun) 1-J.Hurts pass incomplete deep left to 6-D.Smith.,pass,0.0,true,false,deep,left,22.0,,,,false,false,false,false,false,false,,false,-1.5950119653716683,false,-0.035794615745544434
2025_07_PHI_MIN,833,1,00:38,4,6,PHI,MIN,PHI,62.0,"(:38) 10-B.Mann punts 46 yards to MIN 16, Center-57-C.Adomitis, fair catch by 4-M.Price.",punt,0.0,false,false,,,,,,,false,false,false,false,false,false,,false,-0.27284320490434766,false,0.020020097494125366
2025_07_PHI_MIN,853,1,00:31,1,10,MIN,PHI,MIN,84.0,(:31) 11-C.Wentz pass short middle to 18-J.Jefferson to MIN 34 for 18 yards (33-C.DeJean).,pass,18.0,false,false,short,middle,5.0,13.0,,,true,true,false,false,false,false,,false,1.0173459493089467,true,0.032662004232406616
2025_07_PHI_MIN,885,1,00:00,,0,MIN,PHI,,,END QUARTER 1,,,false,false,,,,,,,,,,,,,,,0.0,false,0.0
2025_07_PHI_MIN,905,2,15:00,1,10,MIN,PHI,MIN,66.0,(15:00) 27-J.Mason left end to MIN 38 for 4 yards (17-N.Dean; 32-R.Blankenship).,run,4.0,false,false,,,,,left,end,false,false,false,false,false,false,,false,-0.2917531547136605,false,0.0037004947662353516
2025_07_PHI_MIN,927,2,14:20,2,6,MIN,PHI,MIN,62.0,(14:20) 27-J.Mason up the middle to MIN 39 for 1 yard (90-J.Davis; 97-M.Ojomo).,run,1.0,false,false,,,,,middle,,false,false,false,false,false,false,,false,-0.7420485713519156,false,-0.026313692331314087
2025_07_PHI_MIN,949,2,13:35,3,5,MIN,PHI,MIN,61.0,"(13:35) (Shotgun) 11-C.Wentz pass short middle intended for 18-J.Jefferson INTERCEPTED by 58-J.Hunt [98-J.Carter] at MIN 42. 58-J.Hunt for 42 yards, TOUCHDOWN.",pass,0.0,true,false,short,middle,3.0,,,,false,false,false,true,false,false,,true,-7.888598184334114,false,-0.19436203849274125
2025_07_PHI_MIN,977,2,13:26,,0,PHI,MIN,MIN,15.0,"4-J.Elliott extra point is GOOD, Center-57-C.Adomitis, Holder-10-B.Mann.",extra_point,0.0,false,false,,,,,,,false,false,false,false,false,false,,false,0.05117156607063911,true,0.0015237687830308433
2025_07_PHI_MIN,992,2,13:26,,0,MIN,PHI,PHI,35.0,4-J.Elliott kicks 56 yards from PHI 35 to MIN 9. 13-T.Felton to MIN 26 for 17 yards (48-P.Johnson; 36-C.Latu).,kickoff,0.0,false,false,,,,,,,false,false,false,false,false,false,,false,0.021874204743653536,true,0.0
2025_07_PHI_MIN,1037,2,13:21,1,10,MIN,PHI,MIN,74.0,"(13:21) 27-J.Mason right tackle to MIN 32 for 6 yards (27-Q.Mitchell). PENALTY on MIN-84-J.Oliver, Offensive Holding, 10 yards, enforced at MIN 27.",run,1.0,false,false,,,,,right,tackle,false,false,false,false,false,true,10.0,false,-0.9873890716116875,false,-0.0122164785861969
2025_07_PHI_MIN,1070,2,12:57,1,19,MIN,PHI,MIN,83.0,"(12:57) (Shotgun) 11-C.Wentz FUMBLES (Aborted) at MIN 9, ball out of bounds at MIN 9.",run,0.0,true,false,,,,,,,false,false,false,false,false,false,,false,-1.5259856237098575,false,-0.02894507348537445
2025_07_PHI_MIN,1092,2,12:10,2,27,MIN,PHI,MIN,91.0,(12:10) (Shotgun) 11-C.Wentz pass deep right intended for 3-J.Addison INTERCEPTED by 24-A.Mukuba [58-J.Hunt] at PHI 44. 24-A.Mukuba to PHI 44 for no gain (3-J.Addison).,pass,0.0,true,false,deep,right,47.0,,,,false,false,false,true,false,false,,false,-1.4877782890107483,false,-0.004780873656272888
2025_07_PHI_MIN,1119,2,12:02,1,10,PHI,MIN,PHI,56.0,(12:02) 1-J.Hurts pass short right to 88-D.Goedert to PHI 46 for 2 yards (7-B.Murphy).,pass,2.0,false,false,short,right,1.0,1.0,,,true,false,false,false,false,false,,false,-0.36846134276129305,false,0.010413646697998047
2025_07_PHI_MIN,1157,2,11:18,2,8,PHI,MIN,PHI,54.0,(11:18) 26-S.Barkley up the middle to PHI 40 for -6 yards (61-J.Redmond).,run,-6.0,false,false,,,,,middle,,false,false,false,false,false,false,,false,-1.6046189749613404,false,-0.028282999992370605
2025_07_PHI_MIN,1179,2,10:35,3,14,PHI,MIN,PHI,60.0,(10:35) (Shotgun) 1-J.Hurts pass short right to 28-W.Shipley to PHI 47 for 7 yards (2-I.Rodgers).,pass,7.0,true,false,short,right,0.0,7.0,,,true,false,false,false,false,false,,false,-0.7176939025521278,false,0.0032137632369995117
2025_07_PHI_MIN,1204,2,09:44,4,7,PHI,MIN,PHI,53.0,"(9:44) 10-B.Mann punts 53 yards to end zone, Center-57-C.Adomitis, Touchback.",punt,0.0,false,false,,,,,,,false,false,false,false,false,false,,false,-0.9419151283800602,false,-0.01807461678981781
2025_07_PHI_MIN,1222,2,09:37,1,10,MIN,PHI,MIN,80.0,(9:37) (Shotgun) 11-C.Wentz pass deep left to 1-J.Nailor to MIN 46 for 26 yards (33-C.DeJean) [58-J.Hunt].,pass,26.0,true,false,deep,left,20.0,6.0,,,true,true,false,false,false,false,,false,1.5187190352007747,true,0.041636839509010315
2025_07_PHI_MIN,1254,2,08:59,1,10,MIN,PHI,MIN,54.0,"(8:59) 36-Z.Scott left end to MIN 45 for -1 yards (0-J.Uche, 53-Z.Baun).",run,-1.0,false,false,,,,,left,end,false,false,false,false,false,false,,false,-0.8932508199941367,false,-0.021810054779052734
2025_07_PHI_MIN,1276,2,08:17,2,11,MIN,PHI,MIN,55.0,(8:17) (Shotgun) 11-C.Wentz pass short right to 18-J.Jefferson to PHI 15 for 40 yards (30-J.Campbell).,pass,40.0,true,false,short,right,0.0,40.0,,,true,true,false,false,false,false,,false,3.283190411690157,true,0.06251677870750427
2025_07_PHI_MIN,1301,2,07:25,1,10,MIN,PHI,PHI,15.0,(7:25) (Shotgun) 11-C.Wentz pass short left to 84-J.Oliver pushed ob at PHI 6 for 9 yards (24-A.Mukuba).,pass,9.0,true,false,short,left,3.0,6.0,,,true,false,false,false,false,false,,false,0.7767903856001794,true,0.005306214094161987
2025_07_PHI_MIN,1331,2,06:50,2,1,MIN,PHI,PHI,6.0,(6:50) 11-C.Wentz pass incomplete short left to 18-J.Jefferson (33-C.DeJean).,pass,0.0,false,false,short,left,6.0,,,,false,false,false,false,false,false,,false,-0.542220555129461,false,-0.024313926696777344
2025_07_PHI_MIN,1343,2,06:50,,0,,,,,"Timeout #2 by MIN at 06:50.",no_play,0.0,false,false,,,,,,,false,false,false,false,false,false,,false,0.0,false,0.0
2025_07_PHI_MIN,1377,2,06:47,3,1,MIN,PHI,PHI,6.0,(6:47) 11-C.Wentz pass incomplete short right to 1-J.Nailor.,pass,0.0,false,false,short,right,6.0,,,,false,false,false,false,false,false,,false,-1.4504622705862857,false,-0.046638041734695435
2025_07_PHI_MIN,1400,2,06:42,4,1,MIN,PHI,PHI,6.0,"(6:42) 11-C.Wentz pass short right to 1-J.Nailor for 6 yards, TOUCHDOWN NULLIFIED by Penalty. PENALTY on MIN-64-B.Brandel, Offensive Holding, 10 yards, enforced at PHI 6 - No Play.",no_play,0.0,false,false,,,,,,,false,false,false,false,false,true,10.0,false,-0.9928968722981675,false,-0.026991724967956543
2025_07_PHI_MIN,1437,2,06:37,4,11,MIN,PHI,PHI,16.0,"(6:37) 16-W.Reichard 34 yard field goal is GOOD, Center-42-A.DePaola, Holder-17-R.Wright.",field_goal,0.0,false,false,,,,,,,false,false,false,false,false,false,,false,0.24601213047777248,true,-0.012171655893325806
2025_07_PHI_MIN,1457,2,06:34,,0,PHI,MIN,MIN,35.0,"16-W.Reichard kicks 50 yards from MIN 35 to PHI 15. 87-X.Gipson to PHI 31 for 16 yards (99-E.Williams). PENALTY on PHI-84-E.Jenkins, Illegal Formation, 5 yards, enforced at PHI 31.",kickoff,0.0,false,false,,,,,,,false,false,false,false,false,true,5.0,false,0.028893196024000645,true,-0.0
2025_07_PHI_MIN,1498,2,06:29,1,10,PHI,MIN,PHI,74.0,"(6:29) 74-F.Johnson reported in as eligible. 26-S.Barkley right end to PHI 24 for -2 yards (61-J.Redmond). PENALTY on PHI-68-J.Mailata, Offensive Holding, 10 yards, enforced at PHI 26 - No Play.",no_play,0.0,false,false,,,,,,,false,false,false,false,false,true,10.0,false,-1.1068243808113039,false,-0.024150371551513672
2025_07_PHI_MIN,1533,2,06:05,1,20,PHI,MIN,PHI,84.0,(6:05) (Shotgun) 26-S.Barkley right guard to PHI 23 for 7 yards (58-J.Greenard).,run,7.0,true,false,,,,,right,guard,false,false,false,false,false,false,,false,-0.05358337378129363,false,0.00809258222579956
2025_07_PHI_MIN,1555,2,05:34,2,13,PHI,MIN,PHI,77.0,"(5:34) (No Huddle, Shotgun) 1-J.Hurts sacked at PHI 16 for -7 yards (55-E.Wilson). Penalty on PHI-26-S.Barkley, Offensive Holding, declined.",pass,-7.0,true,true,,,,,,,false,false,true,false,false,false,,false,-1.2588527728803456,false,-0.021123170852661133
2025_07_PHI_MIN,1586,2,05:11,3,20,PHI,MIN,PHI,84.0,(5:11) (Shotgun) 1-J.Hurts pass short left to 88-D.Goedert to PHI 27 for 11 yards (44-J.Metellus; 8-J.Okudah).,pass,11.0,true,false,short,left,8.0,3.0,,,true,false,false,false,false,false,,false,-0.11411911388859153,false,-0.02477419376373291
2025_07_PHI_MIN,1611,2,04:30,4,9,PHI,MIN,PHI,73.0,"(4:30) 10-B.Mann punts 47 yards to MIN 26, Center-57-C.Adomitis. 4-M.Price to MIN 32 for 6 yards (48-P.Johnson).",punt,0.0,false,false,,,,,,,false,false,false,false,false,false,,false,-0.6466529088793322,false,-0.022473305463790894
2025_07_PHI_MIN,1637,2,04:20,1,10,MIN,PHI,MIN,68.0,(4:20) 27-J.Mason right tackle to MIN 31 for -1 yards (90-J.Davis).,run,-1.0,false,false,,,,,right,tackle,false,false,false,false,false,false,,false,-0.8601774940034375,false,-0.027692973613739014
2025_07_PHI_MIN,1659,2,03:37,2,11,MIN,PHI,MIN,69.0,(3:37) (Shotgun) 11-C.Wentz pass short right to 87-T.Hockenson to MIN 34 for 3 yards (98-J.Carter).,pass,3.0,true,false,short,right,-4.0,7.0,,,true,false,false,false,false,false,,false,-0.2638400683645159,false,-0.002932995557785034
2025_07_PHI_MIN,1684,2,03:00,3,8,MIN,PHI,MIN,66.0,"(3:00) (No Huddle, Shotgun) 11-C.Wentz pass short right to 18-J.Jefferson pushed ob at MIN 44 for 10 yards (53-Z.Baun).",pass,10.0,true,true,short,right,7.0,3.0,,,true,true,false,false,false,false,,false,1.691111221560277,true,0.03459891676902771
2025_07_PHI_MIN,1714,2,02:22,1,10,MIN,PHI,MIN,56.0,(2:22) 11-C.Wentz pass short left to 36-Z.Scott to MIN 46 for 2 yards (53-Z.Baun).,pass,2.0,false,false,short,left,0.0,2.0,,,true,false,false,false,false,false,,false,-0.4646539373206906,false,-0.016648143529891968
2025_07_PHI_MIN,1739,2,02:00,2,8,MIN,PHI,MIN,54.0,(2:00) (Shotgun) 11-C.Wentz pass short middle to 87-T.Hockenson to 50 for 4 yards (17-N.Dean).,pass,4.0,true,false,short,middle,4.0,0.0,,,true,false,false,false,false,false,,false,-0.0008349991985596716,false,-0.006302237510681152
2025_07_PHI_MIN,1771,2,01:17,3,4,MIN,PHI,50,50.0,(1:17) (Shotgun) 11-C.Wentz pass incomplete deep right [98-J.Carter].,pass,0.0,true,false,deep,right,20.0,,,,false,false,false,false,false,false,,false,-1.4057173049077392,false,-0.03171779215335846
2025_07_PHI_MIN,1794,2,01:06,4,4,MIN,PHI,50,50.0,"(1:06) 17-R.Wright punts 34 yards to PHI 16, Center-42-A.DePaola, out of bounds.",punt,0.0,false,false,,,,,,,false,false,false,false,false,false,,false,-0.9871838709223084,false,-0.012538716197013855
2025_07_PHI_MIN,1813,2,00:59,1,10,PHI,MIN,PHI,84.0,(:59) (Shotgun) 1-J.Hurts pass short middle to 6-D.Smith to PHI 22 for 6 yards (15-D.Turner).,pass,6.0,true,false,short,middle,5.0,1.0,,,true,false,false,false,false,false,,false,-0.09970598173094913,false,0.005596816539764404
2025_07_PHI_MIN,1838,2,00:42,2,4,PHI,MIN,PHI,78.0,"(:42) (No Huddle, Shotgun) 1-J.Hurts pass short right to 6-D.Smith to PHI 38 for 16 yards (7-B.Murphy).",pass,16.0,true,true,short,right,13.0,3.0,,,true,true,false,false,false,false,,false,0.5614965682034381,true,0.02975451946258545
2025_07_PHI_MIN,1863,2,00:34,1,10,PHI,MIN,PHI,62.0,(:34) (Shotgun) 1-J.Hurts pass incomplete short middle to 11-A.Brown (22-H.Smith).,pass,0.0,true,false,short,middle,11.0,,,,false,false,false,false,false,false,,false,-0.26328737946460024,false,-0.013654947280883789
2025_07_PHI_MIN,1875,2,00:34,,0,,,,,"Timeout #1 by PHI at 00:34.",no_play,0.0,false,false,,,,,,,false,false,false,false,false,false,,false,-0.0,false,-0.0
2025_07_PHI_MIN,1893,2,00:29,2,10,PHI,MIN,PHI,62.0,(:29) (Shotgun) 1-J.Hurts sacked at PHI 35 for -3 yards (sack split by 15-D.Turner and 93-J.Allen).,pass,-3.0,true,false,,,,,,,false,false,true,false,false,false,,false,-0.7837268783478066,false,-0.03671090304851532
2025_07_PHI_MIN,1913,2,00:00,,0,,,,,END QUARTER 2,,,false,false,,,,,,,,,,,,,,,,,0.0
2025_07_PHI_MIN,1933,3,15:00,,0,MIN,PHI,PHI,35.0,4-J.Elliott kicks 55 yards from PHI 35 to MIN 10. 4-M.Price pushed ob at MIN 48 for 38 yards (33-C.DeJean).,kickoff,0.0,false,false,,,,,,,false,false,false,false,false,false,,false,1.3455987581983209,true,0.04124675691127777
2025_07_PHI_MIN,1961,3,14:50,1,10,MIN,PHI,MIN,52.0,(14:50) 27-J.Mason left tackle to PHI 45 for 7 yards (58-J.Hunt; 17-N.Dean).,run,7.0,false,false,,,,,left,tackle,false,false,false,false,false,false,,false,0.2523503047414124,true,0.01067662239074707
2025_07_PHI_MIN,1983,3,14:08,2,3,MIN,PHI,PHI,45.0,(14:08) 27-J.Mason right end to PHI 33 for 12 yards (32-R.Blankenship; 17-N.Dean).,run,12.0,false,false,,,,,right,end,false,true,false,false,false,false,,false,0.8477116143330932,true,0.0050370097160339355
2025_07_PHI_MIN,2005,3,13:22,1,10,MIN,PHI,PHI,33.0,(13:22) 11-C.Wentz pass short right to 30-C.Ham to PHI 28 for 5 yards (53-Z.Baun).,pass,5.0,false,false,short,right,4.0,1.0,,,true,false,false,false,false,false,,false,0.08496018312871456,true,0.004845291376113892
2025_07_PHI_MIN,2030,3,12:38,2,5,MIN,PHI,PHI,28.0,(12:38) (Shotgun) 11-C.Wentz pass short right to 18-J.Jefferson pushed ob at PHI 24 for 4 yards (30-J.Campbell).,pass,4.0,true,false,short,right,3.0,1.0,,,true,false,false,false,false,false,,false,0.21832448686473072,true,0.014420688152313232
2025_07_PHI_MIN,2060,3,12:01,3,1,MIN,PHI,PHI,24.0,(12:01) 27-J.Mason right guard to PHI 22 for 2 yards (90-J.Davis).,run,2.0,false,false,,,,,right,guard,false,true,false,false,false,false,,false,0.42593078420031816,true,0.010677307844161987
2025_07_PHI_MIN,2082,3,11:19,1,10,MIN,PHI,PHI,22.0,(11:19) 27-J.Mason right end to PHI 11 for 11 yards (32-R.Blankenship).,run,11.0,false,false,,,,,right,end,false,true,false,false,false,false,,false,0.426146553712897,true,0.013754725456237793
2025_07_PHI_MIN,2104,3,10:34,1,10,MIN,PHI,PHI,11.0,(10:34) 27-J.Mason right end to PHI 9 for 2 yards (53-Z.Baun).,run,2.0,false,false,,,,,right,end,false,false,false,false,false,false,,false,-0.4602384582394734,false,-0.0002656280994415283
2025_07_PHI_MIN,2126,3,09:50,2,8,MIN,PHI,PHI,9.0,"(9:50) 11-C.Wentz pass incomplete short middle [48-P.Johnson]. PENALTY on MIN-11-C.Wentz, Intentional Grounding, 10 yards, enforced at PHI 9.",pass,0.0,false,false,short,middle,-4.0,,,,false,false,false,false,false,true,10.0,false,-1.7832958484068513,false,-0.06357991695404053
2025_07_PHI_MIN,2160,3,09:46,3,18,MIN,PHI,PHI,19.0,(9:46) (Shotgun) 11-C.Wentz pass short middle to 87-T.Hockenson to PHI 10 for 9 yards (33-C.DeJean; 53-Z.Baun).,pass,9.0,true,false,short,middle,4.0,5.0,,,true,false,false,false,false,false,,false,-0.28406094774843993,false,-0.0014005005359649658
2025_07_PHI_MIN,2185,3,09:05,4,9,MIN,PHI,PHI,10.0,"(9:05) 16-W.Reichard 28 yard field goal is GOOD, Center-42-A.DePaola, Holder-17-R.Wright.",field_goal,0.0,false,false,,,,,,,false,false,false,false,false,false,,false,0.08528858519865068,true,0.029080718755722046
2025_07_PHI_MIN,2205,3,09:02,,0,PHI,MIN,MIN,35.0,"16-W.Reichard kicks 56 yards from MIN 35 to PHI 9. 87-X.Gipson to PHI 34 for 25 yards (96-T.Batty). PENALTY on PHI-36-C.Latu, Illegal Double-Team Block, 15 yards, enforced at PHI 31.",kickoff,0.0,false,false,,,,,,,false,false,false,false,false,true,15.0,false,-0.5878631416708231,false,-0.017790794372558594
2025_07_PHI_MIN,2246,3,08:57,1,10,PHI,MIN,PHI,84.0,(8:57) (Shotgun) 1-J.Hurts pass short left to 6-D.Smith to PHI 21 for 5 yards (51-B.Cashman).,pass,5.0,true,false,short,left,5.0,0.0,,,true,false,false,false,false,false,,false,-0.061292183585464954,false,0.004545152187347412
2025_07_PHI_MIN,2271,3,08:17,2,5,PHI,MIN,PHI,79.0,"(8:17) 74-F.Johnson reported in as eligible. 1-J.Hurts pass deep middle to 6-D.Smith for 79 yards, TOUCHDOWN.",pass,79.0,false,false,deep,middle,49.0,30.0,,,true,true,false,false,false,false,,true,6.583969845436513,true,0.17725538698101695
2025_07_PHI_MIN,2304,3,08:07,,0,PHI,MIN,MIN,15.0,"4-J.Elliott extra point is GOOD, Center-57-C.Adomitis, Holder-10-B.Mann.",extra_point,0.0,false,false,,,,,,,false,false,false,false,false,false,,false,0.05117156607063911,true,0.0020642033491069522
2025_07_PHI_MIN,2319,3,08:07,,0,MIN,PHI,PHI,35.0,"4-J.Elliott kicks 43 yards from PHI 35 to MIN 22, short of landing zone. PENALTY on PHI-4-J.Elliott, Kickoff Short of Landing Zone, placed at MIN 40.",kickoff,0.0,false,false,,,,,,,false,false,false,false,false,true,0.0,false,0.8086895544547588,true,0.03596179187297821
2025_07_PHI_MIN,2355,3,08:07,1,10,MIN,PHI,MIN,60.0,"(8:07) 11-C.Wentz pass incomplete short right to 87-T.Hockenson. PENALTY on PHI-58-J.Hunt, Defensive Pass Interference, 14 yards, enforced at MIN 40 - No Play.",no_play,0.0,false,false,,,,,,,false,true,false,false,false,true,14.0,false,0.8445768251549453,true,0.012294188141822815
2025_07_PHI_MIN,2389,3,08:00,1,10,MIN,PHI,PHI,46.0,(8:00) 36-Z.Scott left end to 50 for -4 yards (17-N.Dean).,run,-4.0,false,false,,,,,left,end,false,false,false,false,false,false,,false,-1.11484358436428,false,-0.02108551561832428
2025_07_PHI_MIN,2411,3,07:17,2,14,MIN,PHI,50,50.0,(7:17) (Shotgun) 11-C.Wentz pass short middle to 87-T.Hockenson to PHI 40 for 10 yards (30-J.Campbell).,pass,10.0,true,false,short,middle,7.0,3.0,,,true,false,false,false,false,false,,false,0.4722863072529435,true,0.01107516884803772
2025_07_PHI_MIN,2436,3,06:33,3,4,MIN,PHI,PHI,40.0,(6:33) (Shotgun) 11-C.Wentz pass short left to 1-J.Nailor to PHI 29 for 11 yards (8-A.Jackson).,pass,11.0,true,false,short,left,11.0,0.0,,,true,true,false,false,false,false,,false,1.698267800384201,true,0.011467471718788147
2025_07_PHI_MIN,2461,3,06:04,1,10,MIN,PHI,PHI,29.0,"(6:04) (No Huddle, Shotgun) 11-C.Wentz pass short middle to 87-T.Hockenson to PHI 19 for 10 yards (53-Z.Baun; 8-A.Jackson). PHI-8-A.Jackson was injured during the play.",pass,10.0,true,true,short,middle,4.0,6.0,,,true,true,false,false,false,false,,false,0.6242098629008979,true,0.03168010711669922
2025_07_PHI_MIN,2489,3,05:43,1,10,MIN,PHI,PHI,19.0,"(5:43) 36-Z.Scott up the middle to PHI 14 for 5 yards (98-J.Carter, 24-A.Mukuba).",run,5.0,false,false,,,,,middle,,false,false,false,false,false,false,,false,0.1299877689452842,true,-0.024975642561912537
2025_07_PHI_MIN,2528,3,05:08,2,5,MIN,PHI,PHI,14.0,(5:08) (No Huddle) 11-C.Wentz pass short right to 3-J.Addison to PHI 5 for 9 yards (32-R.Blankenship).,pass,9.0,false,true,short,right,9.0,0.0,,,true,true,false,false,false,false,,false,0.8515804054914042,true,0.018050208687782288
2025_07_PHI_MIN,2553,3,04:25,1,5,MIN,PHI,PHI,5.0,(4:25) (Shotgun) 36-Z.Scott up the middle to PHI 1 for 4 yards (24-A.Mukuba; 7-K.Ringo).,run,4.0,true,false,,,,,middle,,false,false,false,false,false,false,,false,0.33152014861116186,true,0.01777389645576477
2025_07_PHI_MIN,2575,3,03:42,2,1,MIN,PHI,PHI,1.0,"(3:42) Direct snap to 27-J.Mason. 27-J.Mason left end for 1 yard, TOUCHDOWN.",run,1.0,false,false,,,,,left,end,false,true,false,false,false,false,,true,0.6498687363346107,true,0.06071381828404476
2025_07_PHI_MIN,2628,3,03:38,,0,MIN,PHI,PHI,15.0,"16-W.Reichard extra point is GOOD, Center-42-A.DePaola, Holder-17-R.Wright.",extra_point,0.0,false,false,,,,,,,false,false,false,false,false,false,,false,0.05117156607063911,true,0.0035575721540350713
2025_07_PHI_MIN,2643,3,03:38,,0,PHI,MIN,MIN,35.0,16-W.Reichard kicks 63 yards from MIN 35 to PHI 2. 87-X.Gipson pushed ob at PHI 30 for 28 yards (37-T.Thomas).,kickoff,0.0,false,false,,,,,,,false,false,false,false,false,false,,false,0.2784328814595938,true,0.015000224113464355
2025_07_PHI_MIN,2667,3,03:33,1,10,PHI,MIN,PHI,70.0,(3:33) 26-S.Barkley right end to PHI 35 for 5 yards (44-J.Metellus).,run,5.0,false,false,,,,,right,end,false,false,false,false,false,false,,false,-0.0698476885445416,false,0.014668703079223633
2025_07_PHI_MIN,2694,3,02:51,2,5,PHI,MIN,PHI,65.0,"(2:51) 74-F.Johnson reported in as eligible. 26-S.Barkley left guard to PHI 48 for 13 yards (26-T.Jackson). PENALTY on PHI-56-T.Steen, Offensive Holding, 10 yards, enforced at PHI 36.",run,1.0,false,false,,,,,left,guard,false,false,false,false,false,true,10.0,false,-1.12338141258806,false,-0.019900858402252197
2025_07_PHI_MIN,2734,3,02:25,2,14,PHI,MIN,PHI,74.0,(2:25) (Shotgun) 1-J.Hurts pass short right to 37-T.Bigsby to PHI 25 for -1 yards (15-D.Turner).,pass,-1.0,true,false,short,right,-7.0,6.0,,,true,false,false,false,false,false,,false,-0.8992312443442643,false,-0.023044705390930176
2025_07_PHI_MIN,2763,3,01:38,3,15,PHI,MIN,PHI,75.0,"(1:38) (Shotgun) 1-J.Hurts pass deep left to 6-D.Smith to MIN 47 for 28 yards (8-J.Okudah). Penalty on MIN-51-B.Cashman, Illegal Contact, declined.",pass,28.0,true,false,deep,left,28.0,0.0,,,true,true,false,false,false,false,,false,3.659588501788676,true,0.11242944002151489
2025_07_PHI_MIN,2799,3,01:13,1,10,PHI,MIN,MIN,47.0,(1:13) 74-F.Johnson reported in as eligible. 1-J.Hurts pass deep left to 6-D.Smith to MIN 28 for 19 yards (22-H.Smith) [51-B.Cashman].,pass,19.0,false,false,deep,left,19.0,0.0,,,true,true,false,false,false,false,,false,1.3055879356106743,true,0.017836332321166992
2025_07_PHI_MIN,2837,3,00:50,1,10,PHI,MIN,MIN,28.0,(:50) (Shotgun) 1-J.Hurts pass short middle to 88-D.Goedert to MIN 23 for 5 yards (44-J.Metellus; 55-E.Wilson).,pass,5.0,true,false,short,middle,4.0,1.0,,,true,false,false,false,false,false,,false,0.11892854853067547,true,0.0121612548828125
2025_07_PHI_MIN,2862,3,00:08,2,5,PHI,MIN,MIN,23.0,(:08) 26-S.Barkley left end to MIN 23 for no gain (93-J.Allen).,run,0.0,false,false,,,,,left,end,false,false,false,false,false,false,,false,-0.6181441710796207,false,-0.011345207691192627
2025_07_PHI_MIN,2884,3,00:00,,0,PHI,MIN,,,END QUARTER 3,,,false,false,,,,,,,,,,,,,,,-0.0,false,-0.0
2025_07_PHI_MIN,2904,4,15:00,3,5,PHI,MIN,MIN,23.0,(15:00) (Shotgun) 26-S.Barkley right tackle to MIN 23 for no gain (61-J.Redmond).,run,0.0,true,false,,,,,right,tackle,false,false,false,false,false,false,,false,-1.505904443837108,false,-0.03947126865386963
2025_07_PHI_MIN,2926,4,14:19,4,5,PHI,MIN,MIN,23.0,"(14:19) 4-J.Elliott 42 yard field goal is No Good, Wide Right, Center-57-C.Adomitis, Holder-10-B.Mann.",field_goal,0.0,false,false,,,,,,,false,false,false,false,false,false,,false,-4.152453949167056,false,-0.1150745153427124
2025_07_PHI_MIN,2947,4,14:15,1,10,MIN,PHI,MIN,68.0,(14:15) (Shotgun) 27-J.Mason up the middle to MIN 40 for 8 yards (17-N.Dean).,run,8.0,true,false,,,,,middle,,false,false,false,false,false,false,,false,0.41074066096916795,true,0.014263659715652466
2025_07_PHI_MIN,2969,4,13:41,2,2,MIN,PHI,MIN,60.0,(13:41) (No Huddle) 11-C.Wentz pass deep left to 3-J.Addison to PHI 35 for 25 yards (7-K.Ringo).,pass,25.0,false,true,deep,left,18.0,7.0,,,true,true,false,false,false,false,,false,1.4658694214886054,true,0.060574352741241455
2025_07_PHI_MIN,2994,4,12:57,1,10,MIN,PHI,PHI,35.0,(12:57) 11-C.Wentz pass deep right to 3-J.Addison to PHI 15 for 20 yards (27-Q.Mitchell).,pass,20.0,false,false,deep,right,20.0,0.0,,,true,true,false,false,false,false,,false,1.3351972432574257,true,0.07270821928977966
2025_07_PHI_MIN,3019,4,12:14,1,10,MIN,PHI,PHI,15.0,(12:14) 27-J.Mason left end to PHI 17 for -2 yards (33-C.DeJean).,run,-2.0,false,false,,,,,left,end,false,false,false,false,false,false,,false,-0.9274916305439547,false,-0.04601582884788513
2025_07_PHI_MIN,3041,4,11:31,2,12,MIN,PHI,PHI,17.0,(11:31) (Shotgun) 11-C.Wentz pass short middle to 18-J.Jefferson to PHI 10 for 7 yards (53-Z.Baun).,pass,7.0,true,false,short,middle,6.0,1.0,,,true,false,false,false,false,false,,false,0.11199196113739163,true,0.040586918592453
2025_07_PHI_MIN,3066,4,10:49,3,5,MIN,PHI,PHI,10.0,(10:49) (Shotgun) 11-C.Wentz sacked at PHI 17 for -7 yards (97-M.Ojomo).,pass,-7.0,true,false,,,,,,,false,false,true,false,false,false,,false,-1.6435189195077773,false,-0.13399586081504822
2025_07_PHI_MIN,3086,4,10:10,4,12,MIN,PHI,PHI,17.0,"(10:10) 16-W.Reichard 35 yard field goal is GOOD, Center-42-A.DePaola, Holder-17-R.Wright.",field_goal,0.0,false,false,,,,,,,false,false,false,false,false,false,,false,0.3275730248175468,true,0.006657510995864868
2025_07_PHI_MIN,3106,4,10:06,,0,PHI,MIN,MIN,35.0,16-W.Reichard kicks 60 yards from MIN 35 to PHI 5. 87-X.Gipson to PHI 30 for 25 yards (56-A.Keys).,kickoff,0.0,false,false,,,,,,,false,false,false,false,false,false,,false,0.18768144538626075,true,0.005462229251861572
2025_07_PHI_MIN,3136,4,09:59,1,10,PHI,MIN,PHI,70.0,"(9:59) 74-F.Johnson reported in as eligible. 26-S.Barkley left tackle to PHI 27 for -3 yards (58-J.Greenard, 61-J.Redmond).",run,-3.0,false,false,,,,,left,tackle,false,false,false,false,false,false,,false,-1.146216704044491,false,-0.04994678497314453
2025_07_PHI_MIN,3160,4,09:16,2,13,PHI,MIN,PHI,73.0,(9:16) (Shotgun) 1-J.Hurts pass incomplete short left to 6-D.Smith.,pass,0.0,true,false,short,left,10.0,,,,false,false,false,false,false,false,,false,-0.768488384783268,false,-0.02636963129043579
2025_07_PHI_MIN,3183,4,09:09,3,13,PHI,MIN,PHI,73.0,(9:09) (Shotgun) 1-J.Hurts pass short right to 11-A.Brown to PHI 40 for 13 yards (8-J.Okudah).,pass,13.0,true,false,short,right,14.0,-1.0,,,true,true,false,false,false,false,,false,2.3979100740980357,true,0.09803539514541626
2025_07_PHI_MIN,3208,4,08:41,1,10,PHI,MIN,PHI,60.0,"(8:41) (No Huddle, Shotgun) 26-S.Barkley right tackle to PHI 48 for 8 yards (7-B.Murphy).",run,8.0,true,true,,,,,right,tackle,false,false,false,false,false,false,,false,0.6661774956155568,true,0.08189541101455688
2025_07_PHI_MIN,3230,4,08:02,2,2,PHI,MIN,PHI,52.0,(8:02) 74-F.Johnson reported in as eligible. 26-S.Barkley left tackle to MIN 47 for 5 yards (55-E.Wilson; 99-E.Williams). PHI-26-S.Barkley was injured during the play.,run,5.0,false,false,,,,,left,tackle,false,true,false,false,false,false,,false,0.27982348133809865,true,0.0111006498336792
2025_07_PHI_MIN,3254,4,07:30,1,10,PHI,MIN,MIN,47.0,(7:30) 1-J.Hurts pass deep middle to 6-D.Smith to MIN 26 for 21 yards (22-H.Smith).,pass,21.0,false,false,deep,middle,17.0,4.0,,,true,true,false,false,false,false,,false,1.2776345337624662,true,0.03464847803115845
2025_07_PHI_MIN,3287,4,06:40,1,10,PHI,MIN,MIN,26.0,"(6:40) (Shotgun) 1-J.Hurts pass deep middle to 11-A.Brown for 26 yards, TOUCHDOWN. ** Injury Update: PHI-26-S.Barkley has returned to the game.",pass,26.0,true,false,deep,middle,21.0,5.0,,,true,true,false,false,false,false,,true,2.748622986546252,true,0.09072470743236183
2025_07_PHI_MIN,3313,4,06:35,,0,PHI,MIN,MIN,15.0,"4-J.Elliott extra point is GOOD, Center-57-C.Adomitis, Holder-10-B.Mann.",extra_point,0.0,false,false,,,,,,,false,false,false,false,false,false,,false,0.05117156607063911,true,0.0014746330303228028
2025_07_PHI_MIN,3328,4,06:35,,0,MIN,PHI,PHI,35.0,4-J.Elliott kicks 56 yards from PHI 35 to MIN 9. 4-M.Price pushed ob at MIN 28 for 19 yards (33-C.DeJean).,kickoff,0.0,false,false,,,,,,,false,false,false,false,false,false,,false,0.07766974344849586,true,0.006328359246253967
2025_07_PHI_MIN,3366,4,06:30,1,10,MIN,PHI,MIN,72.0,(6:30) (Shotgun) 11-C.Wentz pass short right to 3-J.Addison pushed ob at MIN 35 for 7 yards (27-Q.Mitchell).,pass,7.0,true,false,short,right,6.0,1.0,,,true,false,false,false,false,false,,false,0.2849876740947366,true,-0.012259386479854584
2025_07_PHI_MIN,3396,4,05:51,2,3,MIN,PHI,MIN,65.0,(5:51) (Shotgun) 11-C.Wentz pass short left to 3-J.Addison pushed ob at MIN 49 for 14 yards (7-K.Ringo) [90-J.Davis].,pass,14.0,true,false,short,left,15.0,-1.0,,,true,true,false,false,false,false,,false,1.0718088059220463,true,-0.005907870829105377
2025_07_PHI_MIN,3431,4,05:21,1,10,MIN,PHI,MIN,51.0,"(5:21) (No Huddle, Shotgun) 11-C.Wentz pass incomplete deep right to 18-J.Jefferson.",pass,0.0,true,true,deep,right,39.0,,,,false,false,false,false,false,false,,false,-0.5315677912440151,false,-0.013128690421581268
2025_07_PHI_MIN,3459,4,05:15,2,10,MIN,PHI,MIN,51.0,(5:15) (Shotgun) 11-C.Wentz pass incomplete short middle to 19-A.Thielen.,pass,0.0,true,false,short,middle,4.0,,,,false,false,false,false,false,false,,false,-0.7611973630264401,false,-0.018144600093364716
2025_07_PHI_MIN,3494,4,05:08,3,10,MIN,PHI,MIN,51.0,(5:08) (Shotgun) 11-C.Wentz scrambles up the middle to PHI 35 for 16 yards (7-K.Ringo). PHI-97-M.Ojomo was injured during the play.,run,16.0,true,false,,,,,middle,,false,true,false,false,false,false,,false,2.2650103003252298,true,0.05414486676454544
2025_07_PHI_MIN,3516,4,04:35,1,10,MIN,PHI,PHI,35.0,(4:35) (Shotgun) 11-C.Wentz pass incomplete deep right to 18-J.Jefferson.,pass,0.0,true,false,deep,right,31.0,,,,false,false,false,false,false,false,,false,-0.4656182328471914,false,-0.011910855770111084
2025_07_PHI_MIN,3549,4,04:31,2,10,MIN,PHI,PHI,35.0,(4:31) (Shotgun) 11-C.Wentz pass incomplete short left to 87-T.Hockenson.,pass,0.0,true,false,short,left,1.0,,,,false,false,false,false,false,false,,false,-0.685519999358803,false,-0.017180107533931732
2025_07_PHI_MIN,3572,4,04:27,3,10,MIN,PHI,PHI,35.0,(4:27) (Shotgun) 11-C.Wentz scrambles left tackle to PHI 23 for 12 yards (48-P.Johnson).,run,12.0,true,false,,,,,left,tackle,false,true,false,false,false,false,,false,1.8920758232125081,true,0.07411792874336243
2025_07_PHI_MIN,3594,4,03:49,1,10,MIN,PHI,PHI,23.0,(3:49) (Shotgun) 11-C.Wentz pass incomplete deep right to 18-J.Jefferson.,pass,0.0,true,false,deep,right,22.0,,,,false,false,false,false,false,false,,false,-0.510139053221792,false,-0.01744779944419861
2025_07_PHI_MIN,3617,4,03:45,2,10,MIN,PHI,PHI,23.0,(3:45) (Shotgun) 11-C.Wentz pass short left to 3-J.Addison to PHI 15 for 8 yards (7-K.Ringo).,pass,8.0,true,false,short,left,7.0,1.0,,,true,false,false,false,false,false,,false,0.4610459107789211,true,-0.0203869491815567
2025_07_PHI_MIN,3642,4,03:05,3,2,MIN,PHI,PHI,15.0,"(3:05) (No Huddle, Shotgun) 11-C.Wentz pass short right to 87-T.Hockenson for 15 yards, TOUCHDOWN. The Replay Official reviewed the pass completion ruling, and the play was REVERSED. (No Huddle, Shotgun) 11-C.Wentz pass incomplete short right to 87-T.Hockenson.",pass,0.0,true,true,short,right,15.0,,,,false,false,false,false,false,false,,false,-1.4729694152483717,false,-0.04949373006820679
2025_07_PHI_MIN,3703,4,02:58,4,2,MIN,PHI,PHI,15.0,(2:58) (Shotgun) 11-C.Wentz pass short right to 3-J.Addison pushed ob at PHI 10 for 5 yards (33-C.DeJean).,pass,5.0,true,false,short,right,1.0,4.0,,,true,true,false,false,false,false,,false,2.138757286593318,true,0.08718276023864746
2025_07_PHI_MIN,3733,4,02:54,1,10,MIN,PHI,PHI,10.0,(2:54) (Shotgun) 11-C.Wentz sacked at PHI 18 for -8 yards (0-J.Uche).,pass,-8.0,true,false,,,,,,,false,false,true,false,false,false,,false,-1.4661452766740695,false,-0.04242900758981705
2025_07_PHI_MIN,3753,4,02:28,2,18,MIN,PHI,PHI,18.0,"(2:28) (No Huddle, Shotgun) 11-C.Wentz pass short middle to 87-T.Hockenson to PHI 11 for 7 yards (33-C.DeJean).",pass,7.0,true,true,short,middle,6.0,1.0,,,true,false,false,false,false,false,,false,0.06015854387078434,true,-0.006959453225135803
2025_07_PHI_MIN,3778,4,02:05,3,11,MIN,PHI,PHI,11.0,"(2:05) (No Huddle, Shotgun) 11-C.Wentz pass incomplete short left to 1-J.Nailor.",pass,0.0,true,true,short,left,11.0,,,,false,false,false,false,false,false,,false,-0.6605754609227312,false,-0.061348553746938705
2025_07_PHI_MIN,3801,4,02:00,4,11,MIN,PHI,PHI,11.0,"(2:00) 16-W.Reichard 29 yard field goal is GOOD, Center-42-A.DePaola, Holder-17-R.Wright.",field_goal,0.0,false,false,,,,,,,false,false,false,false,false,false,,false,0.09238998363801665,true,-0.020250018686056137
2025_07_PHI_MIN,3828,4,01:57,,0,PHI,MIN,MIN,35.0,16-W.Reichard kicks 59 yards from MIN 35 to PHI 6. 87-X.Gipson to PHI 43 for 37 yards (13-T.Felton).,kickoff,0.0,false,false,,,,,,,false,false,false,false,false,false,,false,0.9502054548356682,true,0.004844725131988525
2025_07_PHI_MIN,3851,4,01:52,1,10,PHI,MIN,PHI,57.0,(1:52) 74-F.Johnson reported in as eligible. 26-S.Barkley up the middle to PHI 44 for 1 yard (44-J.Metellus).,run,1.0,false,false,,,,,middle,,false,false,false,false,false,false,,false,-0.2902503567747772,false,-0.0011498332023620605
2025_07_PHI_MIN,3875,4,01:48,2,9,PHI,MIN,PHI,56.0,(1:48) (Shotgun) 1-J.Hurts pass incomplete short left to 11-A.Brown.,pass,0.0,true,false,short,left,5.0,,,,false,false,false,false,false,false,,false,-0.44310877879615873,false,-0.006830334663391113
2025_07_PHI_MIN,3887,4,01:48,,0,,,,,"Timeout #1 by MIN at 01:48.",no_play,0.0,false,false,,,,,,,false,false,false,false,false,false,,false,-0.0,false,-0.0
2025_07_PHI_MIN,3905,4,01:45,3,9,PHI,MIN,PHI,56.0,(1:45) (Shotgun) 1-J.Hurts pass deep left to 11-A.Brown to MIN 11 for 45 yards (7-B.Murphy; 2-I.Rodgers).,pass,45.0,true,false,deep,left,32.0,13.0,,,true,true,false,false,false,false,,false,3.688479993783403,true,0.022132515907287598
2025_07_PHI_MIN,3928,4,01:45,,0,,,,,"Timeout #1 by PHI at 01:45.",no_play,0.0,false,false,,,,,,,false,false,false,false,false,false,,false,-0.0,false,-0.0
2025_07_PHI_MIN,3948,4,01:36,1,10,PHI,MIN,MIN,11.0,(1:36) 74-F.Johnson reported in as eligible. 26-S.Barkley up the middle to MIN 14 for -3 yards (50-L.Rodriguez).,run,-3.0,false,false,,,,,middle,,false,false,false,false,false,false,,false,-1.5753093078383245,false,0.0017316937446594238
2025_07_PHI_MIN,3960,4,01:36,,0,,,,,"Timeout #2 by MIN at 01:36.",no_play,0.0,false,false,,,,,,,false,false,false,false,false,false,,false,-0.0,false,-0.0
2025_07_PHI_MIN,3979,4,01:33,2,13,PHI,MIN,MIN,14.0,(1:33) 74-F.Johnson reported in as eligible. 26-S.Barkley up the middle to MIN 14 for no gain (51-B.Cashman; 97-J.Hargrave).,run,0.0,false,false,,,,,middle,,false,false,false,false,false,false,,false,-0.559153622132726,false,0.004404604434967041
2025_07_PHI_MIN,3991,4,01:33,,0,,,,,"Timeout #3 by MIN at 01:33.",no_play,0.0,false,false,,,,,,,false,false,false,false,false,false,,false,-0.0,false,-0.0
2025_07_PHI_MIN,4010,4,00:47,3,13,PHI,MIN,MIN,14.0,(:47) 1-J.Hurts up the middle to MIN 19 for -5 yards (58-J.Greenard).,run,-5.0,false,false,,,,,middle,,false,false,false,false,false,false,,false,-0.2627231498481706,false,-0.00021880865097045898
2025_07_PHI_MIN,4024,4,00:47,,0,,,,,"Timeout #2 by PHI at 00:47.",no_play,0.0,false,false,,,,,,,false,false,false,false,false,false,,false,-0.0,false,-0.0
2025_07_PHI_MIN,4041,4,00:02,4,18,PHI,MIN,MIN,19.0,"(:02) (Run formation) PENALTY on PHI, Delay of Game, 5 yards, enforced at MIN 19 - No Play.",no_play,0.0,false,false,,,,,,,false,false,false,false,false,true,5.0,false,-0.6093313415767625,false,-0.002115011215209961
2025_07_PHI_MIN,4065,4,00:02,4,23,PHI,MIN,MIN,24.0,(:02) 1-J.Hurts kneels to MIN 29 for -5 yards.,qb_kneel,-5.0,false,false,,,,,,,false,false,false,false,false,false,,false,-1.8560788054019213,false,
2025_07_PHI_MIN,4077,4,00:02,,0,,,,,"Timeout #3 by PHI at 00:02.",no_play,0.0,false,false,,,,,,,false,false,false,false,false,false,,false,-0.0,false,-0.0
2025_07_PHI_MIN,4094,4,00:00,,0,MIN,PHI,,,END GAME,,,false,false,,,,,,,,,,,,,,,,,
2025_08_MIN_LAC,1,1,15:00,,0,,,,,GAME,,,false,false,,,,,,,,,,,,,,,-0.0,false,-0.0
2025_08_MIN_LAC,40,1,15:00,,0,MIN,LAC,LAC,35.0,"11-C.Dicker kicks 65 yards from LAC 35 to MIN 0. 4-M.Price pushed ob at MIN 46 for 46 yards (11-C.Dicker). PENALTY on MIN-96-T.Batty, Offensive Holding, 10 yards, enforced at MIN 26.",kickoff,0.0,false,false,,,,,,,false,false,false,false,false,true,10.0,false,-0.5547201493754983,false,-0.015891432762145996
2025_08_MIN_LAC,74,1,14:50,1,10,MIN,LAC,MIN,84.0,(14:50) (Shotgun) 11-C.Wentz pass incomplete short left to 33-A.Jones.,pass,0.0,true,false,short,left,-6.0,,,,false,false,false,false,false,false,,false,-0.6817890498787165,false,-0.012759804725646973
2025_08_MIN_LAC,102,1,14:46,2,10,MIN,LAC,MIN,84.0,(14:46) (Shotgun) 33-A.Jones up the middle to MIN 16 for no gain (6-D.Perryman).,run,0.0,true,false,,,,,middle,,false,false,false,false,false,false,,false,-0.7813854729756713,false,-0.025137752294540405
2025_08_MIN_LAC,124,1,14:03,3,10,MIN,LAC,MIN,84.0,(14:03) (Shotgun) 11-C.Wentz pass deep left to 18-J.Jefferson to MIN 32 for 16 yards (24-B.St-Juste) [0-D.Henley].,pass,16.0,true,false,deep,left,16.0,0.0,,,true,true,false,false,false,false,,false,2.597128297202289,true,0.060209721326828
2025_08_MIN_LAC,149,1,13:19,1,10,MIN,LAC,MIN,68.0,(13:19) 27-J.Mason left tackle to MIN 34 for 2 yards (24-B.St-Juste).,run,2.0,false,false,,,,,left,tackle,false,false,false,false,false,false,,false,-0.5694185346364975,false,-0.00904121994972229
2025_08_MIN_LAC,171,1,12:37,2,8,MIN,LAC,MIN,66.0,(12:37) (Shotgun) 11-C.Wentz pass short right to 3-J.Addison to MIN 41 for 7 yards (29-T.Still).,pass,7.0,true,false,short,right,1.0,6.0,,,true,false,false,false,false,false,,false,0.6243405966088176,true,-0.00426289439201355
2025_08_MIN_LAC,196,1,11:54,3,1,MIN,LAC,MIN,59.0,(11:54) 11-C.Wentz pass incomplete short right.,pass,0.0,false,false,short,right,-6.0,,,,false,false,false,false,false,false,,false,-1.7846304294653237,false,-0.02710270881652832
2025_08_MIN_LAC,219,1,11:47,4,1,MIN,LAC,MIN,59.0,"(11:47) 17-R.Wright punts 42 yards to LAC 17, Center-42-A.DePaola, fair catch by 12-D.Davis.",punt,0.0,false,false,,,,,,,false,false,false,false,false,false,,false,-1.0498335398733616,false,-0.007693380117416382
2025_08_MIN_LAC,239,1,11:40,1,10,LAC,MIN,LAC,83.0,(11:40) (Shotgun) 30-K.Vidal right tackle to LAC 14 for -3 yards (58-J.Greenard).,run,-3.0,true,false,,,,,right,tackle,false,false,false,false,false,false,,false,-1.480673886835575,false,-0.017106175422668457
2025_08_MIN_LAC,268,1,10:56,2,13,LAC,MIN,LAC,86.0,"(10:56) (Shotgun) 10-J.Herbert pass short left intended for 15-L.McConkey INTERCEPTED by 2-I.Rodgers [44-J.Metellus] at LAC 17. 2-I.Rodgers for 17 yards, TOUCHDOWN. The Replay Official reviewed the interception ruling, and the play was REVERSED. (Shotgun) 10-J.Herbert pass incomplete short left to 15-L.McConkey [44-J.Metellus].",pass,0.0,true,false,short,left,6.0,,,,false,false,false,false,false,false,,false,-0.8263926482759416,false,-0.02541220188140869
2025_08_MIN_LAC,334,1,10:53,3,13,LAC,MIN,LAC,86.0,(10:53) (Shotgun) 10-J.Herbert pass short middle to 13-K.Allen to LAC 31 for 17 yards (22-H.Smith).,pass,17.0,true,false,short,middle,14.0,3.0,,,true,true,false,false,false,false,,false,3.1169266384094954,true,0.05548745393753052
2025_08_MIN_LAC,359,1,10:11,1,10,LAC,MIN,LAC,69.0,(10:11) 67-F.Sarell reported in as eligible. 30-K.Vidal up the middle to LAC 30 for -1 yards (50-L.Rodriguez).,run,-1.0,false,false,,,,,middle,,false,false,false,false,false,false,,false,-0.8200086220167577,false,-0.01657027006149292
2025_08_MIN_LAC,383,1,09:29,2,11,LAC,MIN,LAC,70.0,(9:29) (Shotgun) 10-J.Herbert pass short left to 86-O.Gadsden pushed ob at LAC 39 for 9 yards (22-H.Smith) [61-J.Redmond].,pass,9.0,true,false,short,left,6.0,3.0,,,true,false,false,false,false,false,,false,0.5655474723316729,true,0.015816211700439453
2025_08_MIN_LAC,413,1,08:55,3,2,LAC,MIN,LAC,61.0,(8:55) (Shotgun) 32-J.Patterson right guard to LAC 42 for 3 yards (22-H.Smith; 51-B.Cashman).,run,3.0,true,false,,,,,right,guard,false,true,false,false,false,false,,false,0.9115914492867887,true,0.019758641719818115
2025_08_MIN_LAC,435,1,08:20,1,10,LAC,MIN,LAC,58.0,(8:20) (Shotgun) 10-J.Herbert pass short left to 15-L.McConkey to LAC 46 for 4 yards (22-H.Smith).,pass,4.0,true,false,short,left,-4.0,8.0,,,true,false,false,false,false,false,,false,-0.11135596199892461,false,-0.002612590789794922
2025_08_MIN_LAC,460,1,07:37,2,6,LAC,MIN,LAC,54.0,(7:37) (Shotgun) 10-J.Herbert pass short middle to 86-O.Gadsden to MIN 41 for 13 yards (22-H.Smith) [0-I.Pace].,pass,13.0,true,false,short,middle,12.0,1.0,,,true,true,false,false,false,false,,false,1.1502549201250076,true,0.03554654121398926
2025_08_MIN_LAC,485,1,07:00,1,10,LAC,MIN,MIN,41.0,(7:00) (Shotgun) 30-K.Vidal up the middle to MIN 35 for 6 yards (0-I.Pace).,run,6.0,true,false,,,,,middle,,false,false,false,false,false,false,,false,0.1224034687038511,true,0.01929318904876709
2025_08_MIN_LAC,507,1,06:26,2,4,LAC,MIN,MIN,35.0,(6:26) 30-K.Vidal right guard to MIN 32 for 3 yards (96-T.Batty; 15-D.Turner).,run,3.0,false,false,,,,,right,guard,false,false,false,false,false,false,,false,-0.06738227885216475,false,-0.009453952312469482
2025_08_MIN_LAC,529,1,05:43,3,1,LAC,MIN,MIN,32.0,"(5:43) 10-J.Herbert pass short middle to 15-L.McConkey to MIN 17 for 15 yards (7-B.Murphy). PENALTY on MIN-15-D.Turner, Roughing the Passer, 9 yards, enforced at MIN 17.",pass,15.0,false,false,short,middle,12.0,3.0,,,true,true,false,false,false,true,9.0,false,1.9159140343545005,true,0.0445522665977478
2025_08_MIN_LAC,565,1,05:29,1,8,LAC,MIN,MIN,8.0,(5:29) 30-K.Vidal up the middle to MIN 10 for -2 yards (58-J.Greenard).,run,-2.0,false,false,,,,,middle,,false,false,false,false,false,false,,false,-0.7259486054535955,false,-0.015726149082183838
2025_08_MIN_LAC,587,1,04:49,2,10,LAC,MIN,MIN,10.0,(4:49) 10-J.Herbert scrambles up the middle to MIN 8 for 2 yards (58-J.Greenard).,run,2.0,false,false,,,,,middle,,false,false,false,false,false,false,,false,-0.7027613091049716,false,-0.019731640815734863
2025_08_MIN_LAC,609,1,04:05,3,8,LAC,MIN,MIN,8.0,"(4:05) (Shotgun) 10-J.Herbert pass short middle to 86-O.Gadsden for 8 yards, TOUCHDOWN [58-J.Greenard]. PENALTY on LAC-86-O.Gadsden, Unsportsmanlike Conduct, 15 yards, enforced between downs.",pass,8.0,true,false,short,middle,8.0,0.0,,,true,true,false,false,false,true,15.0,true,2.759828405221924,true,0.06058356504219964
2025_08_MIN_LAC,646,1,04:01,,0,LAC,MIN,MIN,30.0,"11-C.Dicker extra point is GOOD, Center-41-R.Lovato, Holder-16-J.Scott.",extra_point,0.0,false,false,,,,,,,false,false,false,false,false,false,,false,0.2566468109132223,true,0.001196768476782295
2025_08_MIN_LAC,661,1,04:01,,0,MIN,LAC,LAC,35.0,"11-C.Dicker kicks 62 yards from LAC 35 to MIN 3. 4-M.Price to MIN 23 for 20 yards (58-M.Wax). PENALTY on MIN-0-I.Pace, Illegal Formation, 5 yards, enforced at MIN 23.",kickoff,0.0,false,false,,,,,,,false,false,false,false,false,true,5.0,false,-0.5213618981651962,false,-0.01023806631565094
2025_08_MIN_LAC,707,1,03:55,1,10,MIN,LAC,MIN,82.0,"(3:55) 27-J.Mason right end to MIN 17 for -1 yards (45-T.Tuipulotu, 0-D.Henley).",run,-1.0,false,false,,,,,right,end,false,false,false,false,false,false,,false,-0.9193192347884178,false,-0.015505731105804443
2025_08_MIN_LAC,729,1,03:11,2,11,MIN,LAC,MIN,83.0,(3:11) 11-C.Wentz pass incomplete short right to 3-J.Addison (20-C.Hart).,pass,0.0,false,false,short,right,15.0,,,,false,false,false,false,false,false,,false,-0.7600111314095557,false,-0.011849939823150635
2025_08_MIN_LAC,752,1,03:01,3,11,MIN,LAC,MIN,83.0,(3:01) (Shotgun) 11-C.Wentz sacked at MIN 9 for -8 yards (92-J.Eboigbe).,pass,-8.0,true,false,,,,,,,false,false,true,false,false,false,,false,-1.6884425012394786,false,-0.034764647483825684
2025_08_MIN_LAC,772,1,02:24,4,19,MIN,LAC,MIN,91.0,"(2:24) 17-R.Wright punts 50 yards to LAC 41, Center-42-A.DePaola, downed by MIN-13-T.Felton.",punt,0.0,false,false,,,,,,,false,false,false,false,false,false,,false,0.2588533859234303,true,0.0018647462129592896
2025_08_MIN_LAC,792,1,02:12,1,10,LAC,MIN,LAC,59.0,"(2:12) 10-J.Herbert pass incomplete deep left to 15-L.McConkey. PENALTY on MIN-58-J.Greenard, Defensive Offside, 5 yards, enforced at LAC 41 - No Play.",no_play,0.0,false,false,,,,,,,false,false,false,false,false,true,5.0,false,0.6412019324488938,true,0.007983088493347168
2025_08_MIN_LAC,838,1,02:06,1,5,LAC,MIN,LAC,54.0,(2:06) 32-J.Patterson up the middle to 50 for 4 yards (93-J.Allen; 55-E.Wilson).,run,4.0,false,false,,,,,middle,,false,false,false,false,false,false,,false,0.14168544905260205,true,0.0009303092956542969
2025_08_MIN_LAC,860,1,01:33,2,1,LAC,MIN,50,50.0,(1:33) 30-K.Vidal up the middle to MIN 44 for 6 yards (50-L.Rodriguez).,run,6.0,false,false,,,,,middle,,false,true,false,false,false,false,,false,-0.0006078481674194336,false,0.0034270286560058594
2025_08_MIN_LAC,882,1,00:55,1,10,LAC,MIN,MIN,44.0,(:55) 10-J.Herbert pass short right to 86-O.Gadsden to MIN 37 for 7 yards (22-H.Smith).,pass,7.0,false,false,short,right,-1.0,8.0,,,true,false,false,false,false,false,,false,0.28371587046422064,true,0.00791400671005249
2025_08_MIN_LAC,907,1,00:17,2,3,LAC,MIN,MIN,37.0,(:17) 30-K.Vidal up the middle to MIN 31 for 6 yards (55-E.Wilson).,run,6.0,false,false,,,,,middle,,false,true,false,false,false,false,,false,0.5434337181504816,true,0.004054367542266846
2025_08_MIN_LAC,929,1,00:00,,0,LAC,MIN,,,END QUARTER 1,,,false,false,,,,,,,,,,,,,,,0.0,false,0.0
2025_08_MIN_LAC,949,2,15:00,1,10,LAC,MIN,MIN,31.0,(15:00) 10-J.Herbert scrambles left tackle ran ob at MIN 13 for 18 yards (22-H.Smith).,run,18.0,false,false,,,,,left,tackle,false,true,false,false,false,false,,false,1.1224290773971006,true,0.011932075023651123
2025_08_MIN_LAC,976,2,14:23,1,10,LAC,MIN,MIN,13.0,(14:23) 30-K.Vidal left end to MIN 9 for 4 yards (51-B.Cashman).,run,4.0,false,false,,,,,left,end,false,false,false,false,false,false,,false,-0.2974774072645232,false,-0.0005884170532226562
2025_08_MIN_LAC,998,2,13:45,2,6,LAC,MIN,MIN,9.0,(13:45) 10-J.Herbert scrambles right end pushed ob at MIN 3 for 6 yards (55-E.Wilson).,run,6.0,false,false,,,,,right,end,false,true,false,false,false,false,,false,1.2526904668775387,true,0.018156886100769043
2025_08_MIN_LAC,1020,2,13:13,1,3,LAC,MIN,MIN,3.0,"(13:13) 30-K.Vidal left tackle for 3 yards, TOUCHDOWN.",run,3.0,false,false,,,,,left,tackle,false,true,false,false,false,false,,true,0.7720439344993792,true,-0.0027409506783776516
2025_08_MIN_LAC,1043,2,13:08,,0,LAC,MIN,MIN,15.0,"11-C.Dicker extra point is GOOD, Center-41-R.Lovato, Holder-16-J.Scott.",extra_point,0.0,false,false,,,,,,,false,false,false,false,false,false,,false,0.05117156607063911,true,0.00010611245492031518
2025_08_MIN_LAC,1058,2,13:08,,0,MIN,LAC,LAC,35.0,11-C.Dicker kicks 60 yards from LAC 35 to MIN 5. 4-M.Price to MIN 30 for 25 yards (40-K.Williamson).,kickoff,0.0,false,false,,,,,,,false,false,false,false,false,false,,false,0.2525223442353308,true,0.0001499280333518982
2025_08_MIN_LAC,1098,2,13:01,1,10,MIN,LAC,MIN,70.0,(13:01) (Shotgun) 11-C.Wentz pass incomplete short left to 18-J.Jefferson (20-C.Hart).,pass,0.0,true,false,short,left,5.0,,,,false,false,false,false,false,false,,false,-0.5912001961842179,false,-0.008261166512966156
2025_08_MIN_LAC,1131,2,12:58,2,10,MIN,LAC,MIN,70.0,(12:58) (Shotgun) 33-A.Jones up the middle to MIN 35 for 5 yards (92-J.Eboigbe; 96-N.Jones).,run,5.0,true,false,,,,,middle,,false,false,false,false,false,false,,false,-0.3144558980129659,false,0.003980718553066254
2025_08_MIN_LAC,1153,2,12:14,3,5,MIN,LAC,MIN,65.0,(12:14) (Shotgun) 11-C.Wentz pass short left to 18-J.Jefferson pushed ob at MIN 45 for 10 yards (20-C.Hart).,pass,10.0,true,false,short,left,10.0,0.0,,,true,true,false,false,false,false,,false,1.8234280527103692,true,0.02345161885023117
2025_08_MIN_LAC,1183,2,11:37,1,10,MIN,LAC,MIN,55.0,(11:37) (No Huddle) 33-A.Jones right end to MIN 49 for 4 yards (45-T.Tuipulotu; 90-T.Tart).,run,4.0,false,true,,,,,right,end,false,false,false,false,false,false,,false,-0.09596358332782984,false,-0.006300643086433411
2025_08_MIN_LAC,1205,2,11:01,2,6,MIN,LAC,MIN,51.0,(11:01) (Shotgun) 11-C.Wentz pass short left to 18-J.Jefferson to LAC 40 for 11 yards (24-B.St-Juste).,pass,11.0,true,false,short,left,7.0,4.0,,,true,true,false,false,false,false,,false,1.0888588411035016,true,-0.00817205011844635
2025_08_MIN_LAC,1230,2,10:23,1,10,MIN,LAC,LAC,40.0,(10:23) (Shotgun) 11-C.Wentz pass short right to 33-A.Jones ran ob at LAC 38 for 2 yards (6-D.Perryman).,pass,2.0,true,false,short,right,-7.0,9.0,,,true,false,false,false,false,false,,false,-0.48295291664544493,false,-0.007347695529460907
2025_08_MIN_LAC,1260,2,09:43,2,8,MIN,LAC,LAC,38.0,(9:43) (Shotgun) 11-C.Wentz pass incomplete short left to 1-J.Nailor (6-D.Perryman).,pass,0.0,true,false,short,left,5.0,,,,false,false,false,false,false,false,,false,-0.855854713357985,false,-0.0109182670712471
2025_08_MIN_LAC,1283,2,09:40,3,8,MIN,LAC,LAC,38.0,(9:40) (Shotgun) 11-C.Wentz pass short right to 27-J.Mason to LAC 35 for 3 yards (20-C.Hart).,pass,3.0,true,false,short,right,-1.0,4.0,,,true,false,false,false,false,false,,false,-0.7021422689091303,false,-0.008493907749652863
2025_08_MIN_LAC,1308,2,09:00,4,5,MIN,LAC,LAC,35.0,"(9:00) 16-W.Reichard 54 yard field goal is GOOD, Center-42-A.DePaola, Holder-17-R.Wright.",field_goal,0.0,false,false,,,,,,,false,false,false,false,false,false,,false,1.647012425377954,true,0.020369060337543488
2025_08_MIN_LAC,1328,2,08:55,,0,LAC,MIN,MIN,35.0,16-W.Reichard kicks 64 yards from MIN 35 to LAC 1. 12-D.Davis to LAC 25 for 24 yards (98-B.Richter).,kickoff,0.0,false,false,,,,,,,false,false,false,false,false,false,,false,-0.01910382555797696,false,0.0
2025_08_MIN_LAC,1358,2,08:50,1,10,LAC,MIN,LAC,75.0,(8:50) 10-J.Herbert pass deep right to 86-O.Gadsden to MIN 35 for 40 yards (51-B.Cashman).,pass,40.0,false,false,deep,right,25.0,15.0,,,true,true,false,false,false,false,,false,2.2420725726988167,true,0.024325311183929443
2025_08_MIN_LAC,1383,2,08:07,1,10,LAC,MIN,MIN,35.0,(8:07) 30-K.Vidal up the middle to MIN 36 for -1 yards (51-B.Cashman).,run,-1.0,false,false,,,,,middle,,false,false,false,false,false,false,,false,-0.8366498297546059,false,-0.007661879062652588
2025_08_MIN_LAC,1405,2,07:25,2,11,LAC,MIN,MIN,36.0,"(7:25) (Shotgun) 10-J.Herbert pass short right to 13-K.Allen to MIN 24 for 12 yards (7-B.Murphy). Penalty on MIN-15-D.Turner, Defensive Offside, declined.",pass,12.0,true,false,short,right,9.0,3.0,,,true,true,false,false,false,false,,false,1.6250668421853334,true,0.018065571784973145
2025_08_MIN_LAC,1441,2,07:01,1,10,LAC,MIN,MIN,24.0,(7:01) 10-J.Herbert sacked at MIN 31 for -7 yards (58-J.Greenard).,pass,-7.0,false,false,,,,,,,false,false,true,false,false,false,,false,-1.5393485218519345,false,-0.01386028528213501
2025_08_MIN_LAC,1468,2,06:17,2,17,LAC,MIN,MIN,31.0,(6:17) (Shotgun) 10-J.Herbert pass incomplete short left.,pass,0.0,true,false,short,left,-5.0,,,,false,false,false,false,false,false,,false,-0.6124214172596112,false,-0.011658668518066406
2025_08_MIN_LAC,1491,2,06:14,3,17,LAC,MIN,MIN,31.0,(6:14) (Shotgun) 10-J.Herbert pass incomplete short left to 15-L.McConkey [97-J.Hargrave].,pass,0.0,true,false,short,left,15.0,,,,false,false,false,false,false,false,,false,-0.663805542493459,false,-0.013063490390777588
2025_08_MIN_LAC,1514,2,06:10,4,17,LAC,MIN,MIN,31.0,"(6:10) 11-C.Dicker 49 yard field goal is No Good, Wide Left, Center-41-R.Lovato, Holder-16-J.Scott.",field_goal,0.0,false,false,,,,,,,false,false,false,false,false,false,,false,-3.724270325872827,false,-0.03443445265293121
2025_08_MIN_LAC,1535,2,06:06,1,10,MIN,LAC,MIN,61.0,"(6:06) 27-J.Mason up the middle to MIN 43 for 4 yards (6-D.Perryman). PENALTY on MIN-74-D.Jackson, Offensive Holding, 10 yards, enforced at MIN 39 - No Play.",no_play,0.0,false,false,,,,,,,false,false,false,false,false,true,10.0,false,-0.9661405568476766,false,-0.009720906615257263
2025_08_MIN_LAC,1575,2,05:42,1,20,MIN,LAC,MIN,71.0,(5:42) (Shotgun) 11-C.Wentz pass short left to 18-J.Jefferson pushed ob at MIN 32 for 3 yards (24-B.St-Juste).,pass,3.0,true,false,short,left,-3.0,6.0,,,true,false,false,false,false,false,,false,-0.3565084938891232,false,-0.010615035891532898
2025_08_MIN_LAC,1605,2,05:03,2,17,MIN,LAC,MIN,68.0,(5:03) (Shotgun) 11-C.Wentz pass short middle to 18-J.Jefferson to MIN 47 for 15 yards (27-R.Mickens).,pass,15.0,true,false,short,middle,15.0,0.0,,,true,false,false,false,false,false,,false,1.059137155301869,true,0.025509685277938843
2025_08_MIN_LAC,1630,2,04:17,3,2,MIN,LAC,MIN,53.0,(4:17) (Shotgun) 11-C.Wentz pass incomplete short middle to 19-A.Thielen (29-T.Still).,pass,0.0,true,false,short,middle,-7.0,,,,false,false,false,false,false,false,,false,-1.7068049446679652,false,-0.02806784212589264
2025_08_MIN_LAC,1653,2,04:12,4,2,MIN,LAC,MIN,53.0,"(4:12) 17-R.Wright punts 41 yards to LAC 12, Center-42-A.DePaola. 12-D.Davis to LAC 22 for 10 yards (0-I.Pace). PENALTY on LAC-36-J.Taylor, Offensive Holding, 6 yards, enforced at LAC 12.",punt,0.0,false,false,,,,,,,false,false,false,false,false,true,6.0,false,-0.11053292430005968,false,-0.006134688854217529
2025_08_MIN_LAC,1690,2,04:04,1,10,LAC,MIN,LAC,94.0,(4:04) (Shotgun) 30-K.Vidal right guard to LAC 9 for 3 yards (61-J.Redmond; 15-D.Turner).,run,3.0,true,false,,,,,right,guard,false,false,false,false,false,false,,false,-0.3118567804340273,false,0.014917492866516113
2025_08_MIN_LAC,1719,2,03:27,2,7,LAC,MIN,LAC,91.0,(3:27) (Shotgun) 10-J.Herbert pass short left to 9-T.Harris to LAC 11 for 2 yards (2-I.Rodgers).,pass,2.0,true,false,short,left,2.0,0.0,,,true,false,false,false,false,false,,false,-0.0967037184163928,false,-0.010897457599639893
2025_08_MIN_LAC,1744,2,02:47,3,5,LAC,MIN,LAC,89.0,(2:47) (Shotgun) 10-J.Herbert pass short left to 13-K.Allen ran ob at LAC 17 for 6 yards.,pass,6.0,true,false,short,left,6.0,0.0,,,true,true,false,false,false,false,,false,1.1399348669219762,true,0.024010539054870605
2025_08_MIN_LAC,1769,2,02:08,1,10,LAC,MIN,LAC,83.0,(2:08) 10-J.Herbert pass short middle to 15-L.McConkey to LAC 33 for 16 yards (2-I.Rodgers).,pass,16.0,false,false,short,middle,10.0,6.0,,,true,true,false,false,false,false,,false,0.882141794776544,true,0.009214997291564941
2025_08_MIN_LAC,1794,2,01:57,1,10,LAC,MIN,LAC,67.0,(1:57) (Shotgun) 10-J.Herbert scrambles up the middle to MIN 49 for 18 yards (51-B.Cashman).,run,18.0,true,false,,,,,middle,,false,true,false,false,false,false,,false,0.9945767666213214,true,0.005038619041442871
2025_08_MIN_LAC,1828,2,01:29,1,10,LAC,MIN,MIN,49.0,"(1:29) (No Huddle, Shotgun) 10-J.Herbert scrambles left guard to MIN 42 for 7 yards (44-J.Metellus).",run,7.0,true,true,,,,,left,guard,false,false,false,false,false,false,,false,0.18949499662267044,true,0.0052071213722229
2025_08_MIN_LAC,1850,2,01:16,2,3,LAC,MIN,MIN,42.0,(1:16) (Shotgun) 10-J.Herbert pass short middle to 15-L.McConkey to MIN 27 for 15 yards (8-J.Okudah).,pass,15.0,true,false,short,middle,8.0,7.0,,,true,true,false,false,false,false,,false,0.939527440816164,true,0.002637028694152832
2025_08_MIN_LAC,1862,2,01:16,,0,,,,,"Timeout #1 by LAC at 01:16.",no_play,0.0,false,false,,,,,,,false,false,false,false,false,false,,false,0.0,false,0.0
2025_08_MIN_LAC,1882,2,00:55,1,10,LAC,MIN,MIN,27.0,"(:55) (No Huddle, Shotgun) 10-J.Herbert pass incomplete deep right to 13-K.Allen.",pass,0.0,true,true,deep,right,21.0,,,,false,false,false,false,false,false,,false,-0.3613919850322418,false,-0.004810333251953125
2025_08_MIN_LAC,1905,2,00:50,2,10,LAC,MIN,MIN,27.0,"(:50) (Shotgun) 10-J.Herbert pass deep right to 15-L.McConkey for 27 yards, TOUCHDOWN.",pass,27.0,true,false,deep,right,27.0,0.0,,,true,true,false,false,false,false,,true,3.607096284045838,true,0.005667919823450385
2025_08_MIN_LAC,1931,2,00:45,,0,LAC,MIN,MIN,15.0,"11-C.Dicker extra point is GOOD, Center-41-R.Lovato, Holder-16-J.Scott.",extra_point,0.0,false,false,,,,,,,false,false,false,false,false,false,,false,0.05117156607063911,true,-0.00019319594792777117
2025_08_MIN_LAC,1946,2,00:45,,0,MIN,LAC,LAC,35.0,"11-C.Dicker kicks 24 yards from LAC 35 to MIN 41, short of landing zone. PENALTY on LAC-11-C.Dicker, Kickoff Short of Landing Zone, placed at MIN 41.",kickoff,0.0,false,false,,,,,,,false,false,false,false,false,true,0.0,false,0.765436279878486,true,0.005655966699123383
2025_08_MIN_LAC,1975,2,00:45,1,10,MIN,LAC,MIN,59.0,(:45) (Shotgun) 11-C.Wentz pass short right to 3-J.Addison to LAC 44 for 15 yards (20-C.Hart).,pass,15.0,true,false,short,right,15.0,0.0,,,true,true,false,false,false,false,,false,0.9971274440758862,true,-8.206069469451904e-05
2025_08_MIN_LAC,2000,2,00:39,1,10,MIN,LAC,LAC,44.0,(:39) (Shotgun) 11-C.Wentz sacked at LAC 45 for -1 yards (98-O.Oweh).,pass,-1.0,true,false,,,,,,,false,false,true,false,false,false,,false,-0.46203358325874433,false,-0.014834366738796234
2025_08_MIN_LAC,2012,2,00:39,,0,,,,,"Timeout #1 by MIN at 00:39.",no_play,0.0,false,false,,,,,,,false,false,false,false,false,false,,false,-0.0,false,-0.0
2025_08_MIN_LAC,2027,2,00:32,2,11,MIN,LAC,LAC,45.0,(:32) (Shotgun) 11-C.Wentz sacked at MIN 48 for -7 yards (92-J.Eboigbe).,pass,-7.0,true,false,,,,,,,false,false,true,false,false,false,,false,-1.3852134753833525,false,-0.008677110075950623
2025_08_MIN_LAC,2039,2,00:32,,0,,,,,"Timeout #2 by MIN at 00:32.",no_play,0.0,false,false,,,,,,,false,false,false,false,false,false,,false,-0.0,false,-0.0
2025_08_MIN_LAC,2054,2,00:26,3,18,MIN,LAC,MIN,52.0,(:26) (Shotgun) 11-C.Wentz pass short left to 18-J.Jefferson to LAC 35 for 17 yards (24-B.St-Juste).,pass,17.0,true,false,short,left,-11.0,28.0,,,true,false,false,false,false,false,,false,1.370272783486386,true,0.005174197256565094
2025_08_MIN_LAC,2066,2,00:26,,0,,,,,"Timeout #3 by MIN at 00:26.",no_play,0.0,false,false,,,,,,,false,false,false,false,false,false,,false,-0.0,false,-0.0
2025_08_MIN_LAC,2086,2,00:03,4,1,MIN,LAC,LAC,35.0,"(:03) 16-W.Reichard 53 yard field goal is No Good, Short, Center-42-A.DePaola, Holder-17-R.Wright.",field_goal,0.0,false,false,,,,,,,false,false,false,false,false,false,,false,-2.0680755046598884,false,-0.01455274224281311
2025_08_MIN_LAC,2107,2,00:00,,0,,,,,END QUARTER 2,,,false,false,,,,,,,,,,,,,,,,,0.0
2025_08_MIN_LAC,2127,3,15:00,,0,LAC,MIN,MIN,35.0,16-W.Reichard kicks 60 yards from MIN 35 to LAC 5. 12-D.Davis to LAC 33 for 28 yards (8-J.Okudah; 56-A.Keys).,kickoff,0.0,false,false,,,,,,,false,false,false,false,false,false,,false,0.47301989747211337,true,-0.0001265406608581543
2025_08_MIN_LAC,2165,3,14:54,1,10,LAC,MIN,LAC,67.0,(14:54) 30-K.Vidal up the middle to LAC 40 for 7 yards (50-L.Rodriguez).,run,7.0,false,false,,,,,middle,,false,false,false,false,false,false,,false,0.2571492011193186,true,0.007317245006561279
2025_08_MIN_LAC,2187,3,14:15,2,3,LAC,MIN,LAC,60.0,(14:15) 30-K.Vidal up the middle to LAC 48 for 8 yards (44-J.Metellus; 0-I.Pace).,run,8.0,false,false,,,,,middle,,false,true,false,false,false,false,,false,0.6258298926986754,true,0.002829611301422119
2025_08_MIN_LAC,2209,3,13:35,1,10,LAC,MIN,LAC,52.0,(13:35) 30-K.Vidal up the middle to MIN 43 for 9 yards (55-E.Wilson; 0-I.Pace).,run,9.0,false,false,,,,,middle,,false,false,false,false,false,false,,false,0.5858873699326068,true,0.005272805690765381
2025_08_MIN_LAC,2231,3,12:59,2,1,LAC,MIN,MIN,43.0,(12:59) 32-J.Patterson up the middle to MIN 43 for no gain (93-J.Allen; 50-L.Rodriguez).,run,0.0,false,false,,,,,middle,,false,false,false,false,false,false,,false,-0.6569791708607227,false,-0.0045809149742126465
2025_08_MIN_LAC,2253,3,12:17,3,1,LAC,MIN,MIN,43.0,(12:17) 10-J.Herbert pass short right to 30-K.Vidal pushed ob at MIN 33 for 10 yards (51-B.Cashman).,pass,10.0,false,false,short,right,-1.0,11.0,,,true,true,false,false,false,false,,false,1.1050000661052763,true,0.005610108375549316
2025_08_MIN_LAC,2283,3,11:39,1,10,LAC,MIN,MIN,33.0,(11:39) 30-K.Vidal left end to MIN 36 for -3 yards (55-E.Wilson).,run,-3.0,false,false,,,,,left,end,false,false,false,false,false,false,,false,-1.1894332037772983,false,-0.0034148097038269043
2025_08_MIN_LAC,2305,3,10:54,2,13,LAC,MIN,MIN,36.0,(10:54) (Shotgun) 10-J.Herbert pass short middle to 15-L.McConkey to MIN 25 for 11 yards (22-H.Smith).,pass,11.0,true,false,short,middle,7.0,4.0,,,true,false,false,false,false,false,,false,0.9228924810886383,true,0.004700303077697754
2025_08_MIN_LAC,2330,3,10:12,3,2,LAC,MIN,MIN,25.0,(10:12) (Shotgun) 10-J.Herbert pass incomplete short right to 15-L.McConkey [15-D.Turner].,pass,0.0,true,false,short,right,8.0,,,,false,false,false,false,false,false,,false,-1.993300618380034,false,-0.011113107204437256
2025_08_MIN_LAC,2342,3,10:12,,0,,,,,"Timeout #1 by LAC at 10:12.",no_play,0.0,false,false,,,,,,,false,false,false,false,false,false,,false,0.0,false,0.0
2025_08_MIN_LAC,2360,3,10:05,4,2,LAC,MIN,MIN,25.0,"(10:05) 11-C.Dicker 43 yard field goal is GOOD, Center-41-R.Lovato, Holder-16-J.Scott.",field_goal,0.0,false,false,,,,,,,false,false,false,false,false,false,,false,1.028650100584799,true,-0.0008620284497737885
2025_08_MIN_LAC,2380,3,10:01,,0,MIN,LAC,LAC,35.0,"11-C.Dicker kicks 66 yards from LAC 35 to MIN -1. 4-M.Price to MIN 41 for 42 yards (36-J.Taylor). PENALTY on MIN-96-T.Batty, Offensive Holding, 10 yards, enforced at MIN 32.",kickoff,0.0,false,false,,,,,,,false,false,false,false,false,true,10.0,false,-0.3062595028895885,false,-0.0030155405402183533
2025_08_MIN_LAC,2421,3,09:53,1,10,MIN,LAC,MIN,78.0,(9:53) 27-J.Mason up the middle to MIN 20 for -2 yards (29-T.Still).,run,-2.0,false,false,,,,,middle,,false,false,false,false,false,false,,false,-1.0406895922496915,false,-0.005699779838323593
2025_08_MIN_LAC,2443,3,09:14,2,12,MIN,LAC,MIN,80.0,(9:14) 11-C.Wentz pass short right to 33-A.Jones to MIN 33 for 13 yards (27-R.Mickens; 0-D.Henley).,pass,13.0,false,false,short,right,-5.0,18.0,,,true,true,false,false,false,false,,false,1.8112716425675899,true,0.012917246669530869
2025_08_MIN_LAC,2479,3,08:38,1,10,MIN,LAC,MIN,67.0,(8:38) (Shotgun) 11-C.Wentz pass incomplete short middle to 85-B.Yurosek.,pass,0.0,true,false,short,middle,6.0,,,,false,false,false,false,false,false,,false,-0.6255225134082139,false,-0.005206320434808731
2025_08_MIN_LAC,2502,3,08:35,2,10,MIN,LAC,MIN,67.0,(8:35) (Shotgun) 33-A.Jones up the middle to MIN 38 for 5 yards (90-T.Tart).,run,5.0,true,false,,,,,middle,,false,false,false,false,false,false,,false,-0.31372019136324525,false,-0.0009777434170246124
2025_08_MIN_LAC,2524,3,07:49,3,5,MIN,LAC,MIN,62.0,"(7:49) (Shotgun) 11-C.Wentz sacked at MIN 32 for -6 yards (52-K.Mack). FUMBLES (52-K.Mack) [52-K.Mack], and recovers at MIN 34.",pass,-4.0,true,false,,,,,,,false,false,true,false,false,false,,false,-1.9966175402514637,false,-0.016710927709937096
2025_08_MIN_LAC,2544,3,07:10,4,9,MIN,LAC,MIN,66.0,"(7:10) 17-R.Wright punts 51 yards to LAC 15, Center-42-A.DePaola, fair catch by 12-D.Davis.",punt,0.0,false,false,,,,,,,false,false,false,false,false,false,,false,0.1309402114711702,true,-0.009602895006537437
2025_08_MIN_LAC,2564,3,07:03,1,10,LAC,MIN,LAC,85.0,(7:03) (Shotgun) 10-J.Herbert pass short middle intended for 15-L.McConkey INTERCEPTED by 44-J.Metellus (61-J.Redmond) at LAC 26. 44-J.Metellus to LAC 26 for no gain (15-L.McConkey).,pass,0.0,true,false,short,middle,11.0,,,,false,false,false,true,false,false,,false,-5.421676361002028,false,-0.03929027169942856
2025_08_MIN_LAC,2603,3,06:58,1,10,MIN,LAC,LAC,26.0,(6:58) (Shotgun) 27-J.Mason right tackle to LAC 22 for 4 yards (26-D.Jackson; 0-D.Henley).,run,4.0,true,false,,,,,right,tackle,false,false,false,false,false,false,,false,-0.1719980943016708,false,0.0033766552805900574
2025_08_MIN_LAC,2625,3,06:26,2,6,MIN,LAC,LAC,22.0,"(6:26) (No Huddle, Shotgun) 11-C.Wentz pass short left to 87-T.Hockenson to LAC 8 for 14 yards (29-T.Still; 2-E.Molden).",pass,14.0,true,true,short,left,7.0,7.0,,,true,true,false,false,false,false,,false,1.2106622937135398,true,-0.0031240321695804596
2025_08_MIN_LAC,2650,3,05:46,1,8,MIN,LAC,LAC,8.0,"(5:46) (Shotgun) 11-C.Wentz sacked at LAC 14 for -6 yards (45-T.Tuipulotu). FUMBLES (45-T.Tuipulotu) [45-T.Tuipulotu], RECOVERED by LAC-27-R.Mickens at LAC 3. 27-R.Mickens for 97 yards, TOUCHDOWN. The Replay Official reviewed the passer was not down by contact ruling, and the play was REVERSED. (Shotgun) 11-C.Wentz sacked at LAC 15 for -7 yards (45-T.Tuipulotu).",pass,-7.0,true,false,,,,,,,false,false,true,false,false,false,,false,-1.4005330192157999,false,-0.010902810841798782
2025_08_MIN_LAC,2741,3,05:37,2,15,MIN,LAC,LAC,15.0,(5:37) (Shotgun) 33-A.Jones up the middle to LAC 14 for 1 yard (52-K.Mack). ** Injury Update: LAC-23-T.Jefferson has returned to the game.,run,1.0,true,false,,,,,middle,,false,false,false,false,false,false,,false,-0.7666402644244954,false,-0.014198318123817444
2025_08_MIN_LAC,2763,3,04:54,3,14,MIN,LAC,LAC,14.0,(4:54) (Shotgun) 11-C.Wentz pass incomplete short left to 33-A.Jones.,pass,0.0,true,false,short,left,13.0,,,,false,false,false,false,false,false,,false,-0.6978723790962249,false,-0.003149496391415596
2025_08_MIN_LAC,2789,3,04:49,4,14,MIN,LAC,LAC,14.0,"(4:49) 16-W.Reichard 32 yard field goal is GOOD, NULLIFIED by Penalty, Center-42-A.DePaola, Holder-17-R.Wright. PENALTY on LAC, Defensive Too Many Men on Field, 5 yards, enforced at LAC 14 - No Play.",no_play,0.0,false,false,,,,,,,false,false,false,false,false,true,5.0,false,0.15157284028828144,true,0.002023113891482353
2025_08_MIN_LAC,2820,3,04:46,4,9,MIN,LAC,LAC,9.0,"(4:46) (Shotgun) 11-C.Wentz sacked at LAC 17 for -8 yards (0-D.Henley). PENALTY on LAC-24-B.St-Juste, Illegal Contact, 5 yards, enforced at LAC 9 - No Play.",no_play,0.0,true,false,,,,,,,false,true,false,false,false,true,5.0,false,3.2199020456755534,true,0.01855769380927086
2025_08_MIN_LAC,2858,3,04:40,1,4,MIN,LAC,LAC,4.0,"(4:40) (Shotgun) 11-C.Wentz pass short right to 3-J.Addison for 4 yards, TOUCHDOWN.",pass,4.0,true,false,short,right,4.0,0.0,,,true,true,false,false,false,false,,true,0.9175119117135182,true,-0.00012130539762755799
2025_08_MIN_LAC,2884,3,04:36,,0,MIN,LAC,LAC,15.0,"16-W.Reichard extra point is GOOD, Center-42-A.DePaola, Holder-17-R.Wright.",extra_point,0.0,false,false,,,,,,,false,false,false,false,false,false,,false,0.05117156607063911,true,0.000496904066679682
2025_08_MIN_LAC,2899,3,04:36,,0,LAC,MIN,MIN,35.0,16-W.Reichard kicks 61 yards from MIN 35 to LAC 4. 12-D.Davis to LAC 27 for 23 yards (55-E.Wilson).,kickoff,0.0,false,false,,,,,,,false,false,false,false,false,false,,false,0.09521330753341317,true,0.0
2025_08_MIN_LAC,2922,3,04:31,1,10,LAC,MIN,LAC,73.0,(4:31) 30-K.Vidal up the middle to LAC 29 for 2 yards (58-J.Greenard).,run,2.0,false,false,,,,,middle,,false,false,false,false,false,false,,false,-0.436697986908257,false,-0.006835043430328369
2025_08_MIN_LAC,2944,3,03:54,2,8,LAC,MIN,LAC,71.0,(3:54) (Shotgun) 10-J.Herbert pass incomplete short left to 30-K.Vidal.,pass,0.0,true,false,short,left,-2.0,,,,false,false,false,false,false,false,,false,-0.813251479761675,false,-0.006001710891723633
2025_08_MIN_LAC,2967,3,03:50,3,8,LAC,MIN,LAC,71.0,"(3:50) (Shotgun) 10-J.Herbert pass short left to 13-K.Allen to LAC 38 for 9 yards (2-I.Rodgers). Penalty on MIN-7-B.Murphy, Defensive Holding, declined.",pass,9.0,true,false,short,left,6.0,3.0,,,true,true,false,false,false,false,,false,1.8328962582163513,true,0.018907785415649414
2025_08_MIN_LAC,3003,3,03:39,1,10,LAC,MIN,LAC,62.0,(3:39) 30-K.Vidal left guard to MIN 44 for 18 yards (22-H.Smith).,run,18.0,false,false,,,,,left,guard,false,true,false,false,false,false,,false,1.0604547193506733,true,0.007606685161590576
2025_08_MIN_LAC,3025,3,03:00,1,10,LAC,MIN,MIN,44.0,"(3:00) PENALTY on LAC-76-J.Alt, False Start, 5 yards, enforced at MIN 44 - No Play.",no_play,0.0,false,false,,,,,,,false,false,false,false,false,true,5.0,false,-0.593055599485524,false,-0.003544330596923828
2025_08_MIN_LAC,3049,3,02:45,1,15,LAC,MIN,MIN,49.0,(2:45) (Shotgun) 30-K.Vidal right tackle to MIN 28 for 21 yards (2-I.Rodgers).,run,21.0,true,false,,,,,right,tackle,false,true,false,false,false,false,,false,1.6867135957581922,true,0.00621640682220459
2025_08_MIN_LAC,3071,3,02:03,1,10,LAC,MIN,MIN,28.0,(2:03) 32-J.Patterson right guard to MIN 23 for 5 yards (44-J.Metellus).,run,5.0,false,false,,,,,right,guard,false,false,false,false,false,false,,false,0.1747563456883654,true,-0.0036359429359436035
2025_08_MIN_LAC,3093,3,01:23,2,5,LAC,MIN,MIN,23.0,(1:23) 32-J.Patterson left guard to MIN 22 for 1 yard (93-J.Allen; 58-J.Greenard).,run,1.0,false,false,,,,,left,guard,false,false,false,false,false,false,,false,-0.568135965266265,false,-0.0017695426940917969
2025_08_MIN_LAC,3115,3,00:39,3,4,LAC,MIN,MIN,22.0,(:39) (Shotgun) 10-J.Herbert scrambles left tackle ran ob at MIN 14 for 8 yards (44-J.Metellus).,run,8.0,true,false,,,,,left,tackle,false,true,false,false,false,false,,false,1.2587529931915924,true,0.012683331966400146
2025_08_MIN_LAC,3142,3,00:00,,0,LAC,MIN,,,END QUARTER 3,,,false,false,,,,,,,,,,,,,,,0.0,false,0.0
2025_08_MIN_LAC,3162,4,15:00,1,10,LAC,MIN,MIN,14.0,(15:00) (Shotgun) 10-J.Herbert scrambles up the middle to MIN 11 for 3 yards (51-B.Cashman).,run,3.0,true,false,,,,,middle,,false,false,false,false,false,false,,false,-0.3482765497174114,false,-0.0018402934074401855
2025_08_MIN_LAC,3184,4,14:19,2,7,LAC,MIN,MIN,11.0,(14:19) 30-K.Vidal left end pushed ob at MIN 2 for 9 yards (2-I.Rodgers).,run,9.0,false,false,,,,,left,end,false,true,false,false,false,false,,false,1.458716923079919,true,0.007268071174621582
2025_08_MIN_LAC,3211,4,13:41,1,2,LAC,MIN,MIN,2.0,(13:41) 30-K.Vidal left tackle to MIN 2 for no gain (7-B.Murphy; 51-B.Cashman). MIN-58-J.Greenard was injured during the play.,run,0.0,false,false,,,,,left,tackle,false,false,false,false,false,false,,false,-0.35437714878935367,false,-0.0005499720573425293
2025_08_MIN_LAC,3236,4,12:59,2,2,LAC,MIN,MIN,2.0,"(12:59) PENALTY on MIN, Defensive Too Many Men on Field, 1 yard, enforced at MIN 2 - No Play.",no_play,0.0,false,false,,,,,,,false,false,false,false,false,true,1.0,false,0.26637556281639263,true,0.0021132826805114746
2025_08_MIN_LAC,3267,4,12:48,2,1,LAC,MIN,MIN,1.0,"(12:48) PENALTY on LAC-66-B.Hart, False Start, 5 yards, enforced at MIN 1 - No Play.",no_play,0.0,false,false,,,,,,,false,false,false,false,false,true,5.0,false,-1.029271314793732,false,-0.006505072116851807
2025_08_MIN_LAC,3301,4,12:48,2,6,LAC,MIN,MIN,6.0,"(12:48) 10-J.Herbert pass short middle to 9-T.Harris for 6 yards, TOUCHDOWN.",pass,6.0,false,false,short,middle,6.0,0.0,,,true,true,false,false,false,false,,true,1.7379920086241327,true,0.014685632410382787
2025_08_MIN_LAC,3327,4,12:42,,0,LAC,MIN,MIN,15.0,"11-C.Dicker extra point is GOOD, Center-41-R.Lovato, Holder-16-J.Scott.",extra_point,0.0,false,false,,,,,,,false,false,false,false,false,false,,false,0.05117156607063911,true,1.555613156600799e-05
2025_08_MIN_LAC,3342,4,12:42,,0,MIN,LAC,LAC,35.0,11-C.Dicker kicks 65 yards from LAC 35 to MIN 0. 4-M.Price pushed ob at MIN 31 for 31 yards (36-J.Taylor).,kickoff,0.0,false,false,,,,,,,false,false,false,false,false,false,,false,0.28651048825122416,true,0.001210113987326622
2025_08_MIN_LAC,3382,4,12:34,1,10,MIN,LAC,MIN,69.0,(12:34) (Shotgun) 11-C.Wentz pass short right to 87-T.Hockenson to MIN 43 for 12 yards (0-D.Henley).,pass,12.0,true,false,short,right,-4.0,16.0,,,true,true,false,false,false,false,,false,0.7749471797142178,true,0.0001806085929274559
2025_08_MIN_LAC,3407,4,12:02,1,10,MIN,LAC,MIN,57.0,(12:02) (No Huddle) 11-C.Wentz pass deep right intended for 18-J.Jefferson INTERCEPTED by 27-R.Mickens at LAC 33. 27-R.Mickens to LAC 48 for 15 yards (27-J.Mason; 64-B.Brandel).,pass,0.0,false,true,deep,right,24.0,,,,false,false,false,true,false,false,,false,-5.263863259227946,false,-0.012584414333105087
2025_08_MIN_LAC,3434,4,11:53,1,10,LAC,MIN,LAC,52.0,(11:53) (Shotgun) 32-J.Patterson left guard to 50 for 2 yards (61-J.Redmond).,run,2.0,true,false,,,,,left,guard,false,false,false,false,false,false,,false,-0.49428294226527214,false,-0.0006319880485534668
2025_08_MIN_LAC,3468,4,11:12,2,8,LAC,MIN,50,50.0,(11:12) (Shotgun) 30-K.Vidal right end to MIN 36 for 14 yards (55-E.Wilson).,run,14.0,true,false,,,,,right,end,false,true,false,false,false,false,,false,1.4590487213572487,true,0.001378178596496582
2025_08_MIN_LAC,3507,4,10:29,1,10,LAC,MIN,MIN,36.0,"(10:29) 30-K.Vidal left tackle to MIN 37 for -1 yards (93-J.Allen, 51-B.Cashman).",run,-1.0,false,false,,,,,left,tackle,false,false,false,false,false,false,,false,-0.9266791426343843,false,-7.891654968261719e-05
2025_08_MIN_LAC,3530,4,09:44,2,11,LAC,MIN,MIN,37.0,"(9:44) 30-K.Vidal right tackle to MIN 40 for -3 yards (61-J.Redmond, 44-J.Metellus). PENALTY on MIN-44-J.Metellus, Face Mask, 16 yards, enforced at MIN 37 - No Play.",no_play,0.0,false,false,,,,,,,false,true,false,false,false,true,16.0,false,1.8867146759293973,true,0.0009922385215759277
2025_08_MIN_LAC,3563,4,09:17,1,10,LAC,MIN,MIN,21.0,(9:17) 32-J.Patterson left guard to MIN 17 for 4 yards (97-J.Hargrave; 55-E.Wilson).,run,4.0,false,false,,,,,left,guard,false,false,false,false,false,false,,false,-0.09691908792592585,false,-8.511543273925781e-05
2025_08_MIN_LAC,3585,4,08:33,2,6,LAC,MIN,MIN,17.0,(8:33) 10-J.Herbert sacked at MIN 25 for -8 yards (93-J.Allen).,pass,-8.0,false,false,,,,,,,false,false,true,false,false,false,,false,-1.7796281581977382,false,-0.0002186894416809082
2025_08_MIN_LAC,3605,4,07:51,3,14,LAC,MIN,MIN,25.0,(7:51) (Shotgun) 30-K.Vidal right guard to MIN 16 for 9 yards (44-J.Metellus; 26-T.Jackson).,run,9.0,true,false,,,,,right,guard,false,false,false,false,false,false,,false,-0.019681640788591803,false,-1.4185905456542969e-05
2025_08_MIN_LAC,3627,4,07:04,4,5,LAC,MIN,MIN,16.0,"(7:04) 11-C.Dicker 34 yard field goal is GOOD, Center-41-R.Lovato, Holder-16-J.Scott.",field_goal,0.0,false,false,,,,,,,false,false,false,false,false,false,,false,0.24776379671381354,true,0.0002945084706880152
2025_08_MIN_LAC,3647,4,07:01,,0,MIN,LAC,LAC,35.0,"11-C.Dicker kicks 65 yards from LAC 35 to end zone, Touchback to the MIN 35.",kickoff,0.0,false,false,,,,,,,false,false,false,false,false,false,,false,0.5095302327536047,true,-4.859259934164584e-05
2025_08_MIN_LAC,3680,4,07:01,1,10,MIN,LAC,MIN,65.0,(7:01) (Shotgun) 11-C.Wentz pass short right to 18-J.Jefferson to MIN 37 for 2 yards (20-C.Hart).,pass,2.0,true,false,short,right,-3.0,5.0,,,true,false,false,false,false,false,,false,-0.35839457623660564,false,-0.00011014143819920719
2025_08_MIN_LAC,3705,4,06:35,2,8,MIN,LAC,MIN,63.0,"(6:35) (No Huddle, Shotgun) 11-C.Wentz pass incomplete short right to 18-J.Jefferson (20-C.Hart).",pass,0.0,true,true,short,right,9.0,,,,false,false,false,false,false,false,,false,-0.6802407042123377,false,-9.302893886342645e-05
2025_08_MIN_LAC,3728,4,06:28,3,8,MIN,LAC,MIN,63.0,(6:28) (Shotgun) 11-C.Wentz pass incomplete short right to 87-T.Hockenson [92-J.Eboigbe].,pass,0.0,true,false,short,right,4.0,,,,false,false,false,false,false,false,,false,-1.4541693250648677,false,2.9131624614819884e-05
2025_08_MIN_LAC,3751,4,06:23,4,8,MIN,LAC,MIN,63.0,(6:23) (Shotgun) 11-C.Wentz pass incomplete short left to 18-J.Jefferson [20-C.Hart].,pass,0.0,true,false,short,left,11.0,,,,false,false,false,false,false,false,,false,-3.079886246006936,false,-0.00015430650091730058
2025_08_MIN_LAC,3774,4,06:19,1,10,LAC,MIN,MIN,36.0,(6:19) 32-J.Patterson right guard to MIN 34 for 2 yards (51-B.Cashman; 44-J.Metellus).,run,2.0,false,false,,,,,right,guard,false,false,false,false,false,false,,false,-0.3930301775690168,false,-5.6803226470947266e-05
2025_08_MIN_LAC,3803,4,05:37,2,8,LAC,MIN,MIN,34.0,(5:37) 32-J.Patterson up the middle to MIN 27 for 7 yards (24-J.Ward; 50-L.Rodriguez).,run,7.0,false,false,,,,,middle,,false,false,false,false,false,false,,false,0.46350796218030155,true,6.765127182006836e-05
2025_08_MIN_LAC,3825,4,04:54,3,1,LAC,MIN,MIN,27.0,(4:54) 32-J.Patterson up the middle to MIN 24 for 3 yards (51-B.Cashman; 55-E.Wilson).,run,3.0,false,false,,,,,middle,,false,true,false,false,false,false,,false,0.609026774065569,true,1.0371208190917969e-05
2025_08_MIN_LAC,3847,4,04:11,1,10,LAC,MIN,MIN,24.0,(4:11) (Shotgun) 31-N.Miller-Hines right tackle to MIN 23 for 1 yard (55-E.Wilson).,run,1.0,true,false,,,,,right,tackle,false,false,false,false,false,false,,false,-0.5835145910386927,false,-1.8477439880371094e-05
2025_08_MIN_LAC,3869,4,03:26,2,9,LAC,MIN,MIN,23.0,(3:26) 31-N.Miller-Hines right guard to MIN 26 for -3 yards (96-T.Batty).,run,-3.0,false,false,,,,,right,guard,false,false,false,false,false,false,,false,-0.9303679111180827,false,3.5762786865234375e-06
2025_08_MIN_LAC,3891,4,02:44,3,12,LAC,MIN,MIN,26.0,(2:44) 32-J.Patterson left end to MIN 27 for -1 yards (96-T.Batty).,run,-1.0,false,false,,,,,left,end,false,false,false,false,false,false,,false,-0.7981863745118767,false,3.6954879760742188e-06
2025_08_MIN_LAC,3913,4,02:00,4,13,LAC,MIN,MIN,27.0,"(2:00) 11-C.Dicker 45 yard field goal is GOOD, Center-41-R.Lovato, Holder-16-J.Scott.",field_goal,0.0,false,false,,,,,,,false,false,false,false,false,false,,false,1.0567524964900963,true,7.130762242013589e-05
2025_08_MIN_LAC,3940,4,01:56,,0,MIN,LAC,LAC,35.0,"11-C.Dicker kicks 65 yards from LAC 35 to end zone, Touchback to the MIN 35.",kickoff,0.0,false,false,,,,,,,false,false,false,false,false,false,,false,0.6166472953045741,true,-5.937366950092837e-06
2025_08_MIN_LAC,3957,4,01:56,1,10,MIN,LAC,MIN,65.0,(1:56) (Shotgun) 12-M.Brosmer pass short right to 85-B.Yurosek pushed ob at MIN 40 for 5 yards (24-B.St-Juste).,pass,5.0,true,false,short,right,0.0,5.0,,,true,false,false,false,false,false,,false,-0.1002407455816865,false,5.49169271835126e-06
2025_08_MIN_LAC,3987,4,01:52,2,5,MIN,LAC,MIN,60.0,"(1:52) (No Huddle, Shotgun) PENALTY on LAC-96-N.Jones, Encroachment, 5 yards, enforced at MIN 40 - No Play.",no_play,0.0,true,true,,,,,,,false,true,false,false,false,true,5.0,false,0.5473040068754926,true,1.3219178072176874e-06
2025_08_MIN_LAC,4011,4,01:52,1,10,MIN,LAC,MIN,55.0,(1:52) (Shotgun) 12-M.Brosmer pass incomplete short left to 19-A.Thielen (26-D.Jackson).,pass,0.0,true,false,short,left,4.0,,,,false,false,false,false,false,false,,false,-0.3837971450993791,false,-3.644483513198793e-06
2025_08_MIN_LAC,4034,4,01:46,2,10,MIN,LAC,MIN,55.0,(1:46) (Shotgun) 36-Z.Scott right tackle to LAC 49 for 6 yards (43-T.Dye; 98-O.Oweh).,run,6.0,true,false,,,,,right,tackle,false,false,false,false,false,false,,false,0.24879589688498527,true,8.177681593224406e-06
2025_08_MIN_LAC,4056,4,01:01,3,4,MIN,LAC,LAC,49.0,(1:01) (Shotgun) 12-M.Brosmer pass short right to 36-Z.Scott pushed ob at LAC 44 for 5 yards (98-O.Oweh).,pass,5.0,true,false,short,right,-5.0,10.0,,,true,true,false,false,false,false,,false,0.8274516538367607,true,-7.985145202837884e-07
2025_08_MIN_LAC,4086,4,00:57,1,10,MIN,LAC,LAC,44.0,(:57) (Shotgun) 12-M.Brosmer pass short right to 36-Z.Scott to LAC 41 for 3 yards (24-B.St-Juste).,pass,3.0,true,false,short,right,-5.0,8.0,,,true,false,false,false,false,false,,false,-0.35418752185069025,false,-2.64721893472597e-06
2025_08_MIN_LAC,4116,4,00:29,2,7,MIN,LAC,LAC,41.0,"(:29) (No Huddle, Shotgun) 36-Z.Scott right tackle to LAC 31 for 10 yards (40-K.Williamson).",run,10.0,true,true,,,,,right,tackle,false,true,false,false,false,false,,false,-2.46359871403547,false,-6.572021084139124e-05
2025_08_MIN_LAC,4138,4,00:00,,0,MIN,LAC,,,END GAME,,,false,false,,,,,,,,,,,,,,,,,
2025_09_MIN_DET,1,1,15:00,,0,,,,,GAME,,,false,false,,,,,,,,,,,,,,,0.0,false,0.0
2025_09_MIN_DET,39,1,15:00,,0,DET,MIN,MIN,35.0,16-W.Reichard kicks 62 yards from MIN 35 to DET 3. 25-J.Saylors to DET 28 for 25 yards (0-I.Pace).,kickoff,0.0,false,false,,,,,,,false,false,false,false,false,false,,false,0.11364768957719207,true,0.0068395137786865234
2025_09_MIN_DET,62,1,14:56,1,10,DET,MIN,DET,72.0,(14:56) (Shotgun) 16-J.Goff pass short right to 87-S.LaPorta to DET 43 for 15 yards (55-E.Wilson; 51-B.Cashman).,pass,15.0,true,false,short,right,5.0,10.0,,,true,true,false,false,false,false,,false,0.9434648340102285,true,0.02687513828277588
2025_09_MIN_DET,87,1,14:17,1,10,DET,MIN,DET,57.0,(14:17) 16-J.Goff pass short right to 87-S.LaPorta to MIN 46 for 11 yards (7-B.Murphy; 97-J.Hargrave).,pass,11.0,false,false,short,right,-4.0,15.0,,,true,true,false,false,false,false,,false,0.6002036337740719,true,0.004470229148864746
2025_09_MIN_DET,112,1,13:38,1,10,DET,MIN,MIN,46.0,(13:38) 0-J.Gibbs up the middle to MIN 40 for 6 yards (51-B.Cashman; 93-J.Allen).,run,6.0,false,false,,,,,middle,,false,false,false,false,false,false,,false,0.18955613463185728,true,0.031947970390319824
2025_09_MIN_DET,134,1,13:01,2,4,DET,MIN,MIN,40.0,(13:01) 16-J.Goff pass incomplete short right to 1-J.Williams [43-A.Van Ginkel].,pass,0.0,false,false,short,right,13.0,,,,false,false,false,false,false,false,,false,-0.8018158162012696,false,-0.02617204189300537
2025_09_MIN_DET,157,1,12:56,3,4,DET,MIN,MIN,40.0,(12:56) (Shotgun) 16-J.Goff pass incomplete short right.,pass,0.0,true,false,short,right,4.0,,,,false,false,false,false,false,false,,false,-1.9032044294290245,false,-0.05601775646209717
2025_09_MIN_DET,180,1,12:51,4,4,DET,MIN,MIN,40.0,"(12:51) (Shotgun) 16-J.Goff pass deep middle to 87-S.LaPorta for 40 yards, TOUCHDOWN.",pass,40.0,true,false,deep,middle,20.0,20.0,,,true,true,false,false,false,false,,true,6.016863969620317,true,0.16374282359550574
2025_09_MIN_DET,206,1,12:37,,0,DET,MIN,MIN,15.0,"39-J.Bates extra point is GOOD, Center-49-H.Hatten, Holder-3-J.Fox.",extra_point,0.0,false,false,,,,,,,false,false,false,false,false,false,,false,0.05117156607063911,true,0.0013477969222249753
2025_09_MIN_DET,221,1,12:37,,0,MIN,DET,DET,35.0,39-J.Bates kicks 62 yards from DET 35 to MIN 3. 4-M.Price to DET 36 for 61 yards (25-J.Saylors; 39-J.Bates).,kickoff,0.0,false,false,,,,,,,false,false,false,false,false,false,,false,2.588531636632979,true,0.05561983585357666
2025_09_MIN_DET,251,1,12:26,1,10,MIN,DET,DET,36.0,(12:26) 33-A.Jones left tackle to DET 25 for 11 yards (32-B.Branch).,run,11.0,false,false,,,,,left,tackle,false,true,false,false,false,false,,false,0.7743954012403265,true,0.0269925594329834
2025_09_MIN_DET,273,1,11:46,1,10,MIN,DET,DET,25.0,(11:46) 33-A.Jones right tackle to DET 24 for 1 yard (98-D.Reader; 54-A.McNeill).,run,1.0,false,false,,,,,right,tackle,false,false,false,false,false,false,,false,-0.3849814982386306,false,-0.011916905641555786
2025_09_MIN_DET,295,1,11:08,2,9,MIN,DET,DET,24.0,(11:08) (Shotgun) 9-J.McCarthy pass incomplete deep left to 3-J.Addison (6-T.Arnold).,pass,0.0,true,false,deep,left,23.0,,,,false,false,false,false,false,false,,false,-0.5782357176067308,false,-0.023012489080429077
2025_09_MIN_DET,318,1,11:02,3,9,MIN,DET,DET,24.0,(11:02) (Shotgun) 9-J.McCarthy pass short right to 33-A.Jones to DET 10 for 14 yards (12-T.Harper) [97-A.Hutchinson].,pass,14.0,true,false,short,right,-1.0,15.0,,,true,true,false,false,false,false,,false,1.6788182976888493,true,0.04380515217781067
2025_09_MIN_DET,343,1,10:20,1,10,MIN,DET,DET,10.0,"(10:20) (Shotgun) 9-J.McCarthy pass short right to 18-J.Jefferson for 10 yards, TOUCHDOWN.",pass,10.0,true,false,short,right,10.0,0.0,,,true,true,false,false,false,false,,true,1.8166667078621686,true,0.05989801423127139
2025_09_MIN_DET,369,1,10:17,,0,MIN,DET,DET,15.0,"16-W.Reichard extra point is GOOD, Center-42-A.DePaola, Holder-17-R.Wright.",extra_point,0.0,false,false,,,,,,,false,false,false,false,false,false,,false,0.05117156607063911,true,0.0016475067896178919
2025_09_MIN_DET,384,1,10:17,,0,DET,MIN,MIN,35.0,16-W.Reichard kicks 63 yards from MIN 35 to DET 2. 25-J.Saylors to DET 28 for 26 yards (15-D.Turner).,kickoff,0.0,false,false,,,,,,,false,false,false,false,false,false,,false,0.09871405689045787,true,0.0068395137786865234
2025_09_MIN_DET,414,1,10:12,1,10,DET,MIN,DET,72.0,(10:12) 5-D.Montgomery left tackle to DET 30 for 2 yards (97-J.Hargrave; 44-J.Metellus).,run,2.0,false,false,,,,,left,tackle,false,false,false,false,false,false,,false,-0.4133460260927677,false,-0.018808186054229736
2025_09_MIN_DET,436,1,09:40,2,8,DET,MIN,DET,70.0,"(9:40) 16-J.Goff pass short right to 0-J.Gibbs to DET 28 for -2 yards (55-E.Wilson, 51-B.Cashman).",pass,-2.0,false,false,short,right,-3.0,1.0,,,true,false,false,false,false,false,,false,-0.96790402662009,false,-0.02906644344329834
2025_09_MIN_DET,461,1,08:51,3,10,DET,MIN,DET,72.0,"(8:51) (Shotgun) PENALTY on DET-87-S.LaPorta, False Start, 5 yards, enforced at DET 28 - No Play.",no_play,0.0,true,false,,,,,,,false,false,false,false,false,true,5.0,false,-0.9926813743077219,false,-0.01693287491798401
2025_09_MIN_DET,485,1,08:38,3,15,DET,MIN,DET,77.0,(8:38) (Shotgun) 16-J.Goff pass short left to 1-J.Williams to DET 21 for -2 yards (58-J.Greenard).,pass,-2.0,true,false,short,left,-4.0,2.0,,,true,false,false,false,false,false,,false,-1.2532407674007118,false,-0.0365387499332428
2025_09_MIN_DET,510,1,07:58,4,17,DET,MIN,DET,79.0,"(7:58) 3-J.Fox punts 43 yards to MIN 36, Center-49-H.Hatten, downed by DET-18-I.TeSlaa.",punt,0.0,false,false,,,,,,,false,false,false,false,false,false,,false,0.08202830096706748,true,0.0238492488861084
2025_09_MIN_DET,530,1,07:48,1,10,MIN,DET,MIN,64.0,(7:48) 33-A.Jones up the middle to 50 for 14 yards (12-T.Harper).,run,14.0,false,false,,,,,middle,,false,true,false,false,false,false,,false,0.9260956924408674,true,0.025186777114868164
2025_09_MIN_DET,559,1,07:03,1,10,MIN,DET,50,50.0,(7:03) 9-J.McCarthy pass short middle to 33-A.Jones to DET 44 for 6 yards (34-A.Anzalone; 46-J.Campbell).,pass,6.0,false,false,short,middle,1.0,5.0,,,true,false,false,false,false,false,,false,0.1896207903046161,true,-0.0069155097007751465
2025_09_MIN_DET,584,1,06:25,2,4,MIN,DET,DET,44.0,(6:25) (Shotgun) 33-A.Jones up the middle to DET 39 for 5 yards (46-J.Campbell; 78-T.Lacy).,run,5.0,true,false,,,,,middle,,false,true,false,false,false,false,,false,0.5487859174609184,true,0.04212003946304321
2025_09_MIN_DET,606,1,05:46,1,10,MIN,DET,DET,39.0,(5:46) 9-J.McCarthy pass incomplete deep left to 1-J.Nailor [34-A.Anzalone].,pass,0.0,false,false,deep,left,31.0,,,,false,false,false,false,false,false,,false,-0.6140471324324608,false,-0.012582838535308838
2025_09_MIN_DET,629,1,05:39,2,10,MIN,DET,DET,39.0,(5:39) (Shotgun) 33-A.Jones up the middle to DET 38 for 1 yard (46-J.Campbell).,run,1.0,true,false,,,,,middle,,false,false,false,false,false,false,,false,-0.8982960551511496,false,-0.015240371227264404
2025_09_MIN_DET,651,1,04:59,3,9,MIN,DET,DET,38.0,(4:59) (Shotgun) 9-J.McCarthy pass deep left to 3-J.Addison to DET 7 for 31 yards (27-A.Maulet).,pass,31.0,true,false,deep,left,31.0,0.0,,,true,true,false,false,false,false,,false,3.6496559479855932,true,0.07880038022994995
2025_09_MIN_DET,676,1,04:13,1,7,MIN,DET,DET,7.0,"(4:13) (Shotgun) 9-J.McCarthy pass short middle to 87-T.Hockenson for 7 yards, TOUCHDOWN.",pass,7.0,true,false,short,middle,7.0,0.0,,,true,true,false,false,false,false,,true,1.4313178606680594,true,0.03752159040382841
2025_09_MIN_DET,702,1,04:08,,0,MIN,DET,DET,15.0,"16-W.Reichard extra point is GOOD, Center-42-A.DePaola, Holder-17-R.Wright.",extra_point,0.0,false,false,,,,,,,false,false,false,false,false,false,,false,0.05117156607063911,true,0.0009016199786331391
2025_09_MIN_DET,717,1,04:08,,0,DET,MIN,MIN,35.0,16-W.Reichard kicks 61 yards from MIN 35 to DET 4. 25-J.Saylors to DET 30 for 26 yards (55-E.Wilson).,kickoff,0.0,false,false,,,,,,,false,false,false,false,false,false,,false,0.2959408189635724,true,0.005548626184463501
2025_09_MIN_DET,747,1,04:04,1,10,DET,MIN,DET,70.0,(4:04) (Shotgun) 16-J.Goff sacked at DET 24 for -6 yards (50-L.Rodriguez).,pass,-6.0,true,false,,,,,,,false,false,true,false,false,false,,false,-1.6184804113581777,false,-0.028973698616027832
2025_09_MIN_DET,767,1,03:23,2,16,DET,MIN,DET,76.0,(3:23) 0-J.Gibbs right end to DET 31 for 7 yards (26-T.Jackson; 51-B.Cashman).,run,7.0,false,false,,,,,right,end,false,false,false,false,false,false,,false,0.2850018460303545,true,-0.005886465311050415
2025_09_MIN_DET,789,1,02:42,3,9,DET,MIN,DET,69.0,(2:42) (Shotgun) 16-J.Goff pass deep left to 14-A.St. Brown to 50 for 19 yards (7-B.Murphy).,pass,19.0,true,false,deep,left,18.0,1.0,,,true,true,false,false,false,false,,false,2.5069336034357548,true,0.06544804573059082
2025_09_MIN_DET,814,1,01:58,1,10,DET,MIN,50,50.0,(1:58) 0-J.Gibbs up the middle to MIN 46 for 4 yards (51-B.Cashman; 0-I.Pace).,run,4.0,false,false,,,,,middle,,false,false,false,false,false,false,,false,-0.24776545749045908,false,-0.01239052414894104
2025_09_MIN_DET,836,1,01:22,2,6,DET,MIN,MIN,46.0,(1:22) 16-J.Goff pass incomplete short middle to 87-S.LaPorta [50-L.Rodriguez].,pass,0.0,false,false,short,middle,7.0,,,,false,false,false,false,false,false,,false,-0.8644621709827334,false,-0.01669764518737793
2025_09_MIN_DET,859,1,01:16,3,6,DET,MIN,MIN,46.0,(1:16) (Shotgun) 16-J.Goff sacked at DET 44 for -10 yards (55-E.Wilson).,pass,-10.0,true,false,,,,,,,false,false,true,false,false,false,,false,-2.578124024439603,false,-0.05289334058761597
2025_09_MIN_DET,879,1,00:38,4,16,DET,MIN,DET,56.0,"(:38) 3-J.Fox punts 43 yards to MIN 13, Center-49-H.Hatten, fair catch by 4-M.Price. PENALTY on MIN-13-T.Felton, Offensive Holding, 6 yards, enforced at MIN 13.",punt,0.0,false,false,,,,,,,false,false,false,false,false,true,6.0,false,0.6353769383858889,true,0.030489444732666016
2025_09_MIN_DET,910,1,00:31,1,10,MIN,DET,MIN,93.0,(:31) (Shotgun) 27-J.Mason up the middle to MIN 8 for 1 yard (78-T.Lacy; 34-A.Anzalone).,run,1.0,true,false,,,,,middle,,false,false,false,false,false,false,,false,-0.6018822549376637,false,-0.015255570411682129
2025_09_MIN_DET,932,1,00:00,,0,MIN,DET,,,END QUARTER 1,,,false,false,,,,,,,,,,,,,,,-0.0,false,-0.0
2025_09_MIN_DET,952,2,15:00,2,9,MIN,DET,MIN,92.0,(15:00) (Shotgun) 9-J.McCarthy sacked at MIN 4 for -4 yards (55-D.Barnes).,pass,-4.0,true,false,,,,,,,false,false,true,false,false,false,,false,-1.4676943207159638,false,-0.03213983774185181
2025_09_MIN_DET,972,2,14:13,3,13,MIN,DET,MIN,96.0,(14:13) (Shotgun) 9-J.McCarthy pass incomplete short left to 87-T.Hockenson.,pass,0.0,true,false,short,left,4.0,,,,false,false,false,false,false,false,,false,-0.9547712646890432,false,-0.023382961750030518
2025_09_MIN_DET,995,2,14:08,4,13,MIN,DET,MIN,96.0,"(14:08) 17-R.Wright punts 44 yards to MIN 48, Center-42-A.DePaola. 11-K.Raymond to MIN 35 for 13 yards (36-Z.Scott; 85-B.Yurosek).",punt,0.0,false,false,,,,,,,false,false,false,false,false,false,,false,-0.7229295034194365,false,0.006208568811416626
2025_09_MIN_DET,1021,2,13:58,1,10,DET,MIN,MIN,35.0,(13:58) 16-J.Goff pass short left to 87-S.LaPorta to MIN 30 for 5 yards (51-B.Cashman).,pass,5.0,false,false,short,left,5.0,0.0,,,true,false,false,false,false,false,,false,0.06222600443288684,true,0.004056960344314575
2025_09_MIN_DET,1053,2,13:33,2,5,DET,MIN,MIN,30.0,(13:33) (No Huddle) 5-D.Montgomery right tackle to MIN 26 for 4 yards (44-J.Metellus; 51-B.Cashman).,run,4.0,false,true,,,,,right,tackle,false,false,false,false,false,false,,false,0.08227545500267297,true,0.01498425006866455
2025_09_MIN_DET,1075,2,13:02,3,1,DET,MIN,MIN,26.0,(13:02) (No Huddle) 5-D.Montgomery up the middle to MIN 25 for 1 yard (97-J.Hargrave; 61-J.Redmond).,run,1.0,false,true,,,,,middle,,false,true,false,false,false,false,,false,0.4898802333045751,true,0.008481979370117188
2025_09_MIN_DET,1097,2,12:20,1,10,DET,MIN,MIN,25.0,(12:20) 5-D.Montgomery left guard to MIN 24 for 1 yard (51-B.Cashman).,run,1.0,false,false,,,,,left,guard,false,false,false,false,false,false,,false,-0.3113481804030016,false,-0.014662504196166992
2025_09_MIN_DET,1119,2,11:46,2,9,DET,MIN,MIN,24.0,(11:46) (Shotgun) 16-J.Goff pass short left to 5-D.Montgomery to MIN 11 for 13 yards (51-B.Cashman) [93-J.Allen].,pass,13.0,true,false,short,left,-3.0,16.0,,,true,true,false,false,false,false,,false,1.0661640912294388,true,0.03135323524475098
2025_09_MIN_DET,1144,2,10:56,1,10,DET,MIN,MIN,11.0,(10:56) 70-D.Skipper reported in as eligible. 16-J.Goff pass short left to 14-A.St. Brown to MIN 2 for 9 yards (7-B.Murphy).,pass,9.0,false,false,short,left,5.0,4.0,,,true,false,false,false,false,false,,false,0.9596459125168622,true,0.03301766514778137
2025_09_MIN_DET,1171,2,10:28,2,1,DET,MIN,MIN,2.0,(10:28) 5-D.Montgomery up the middle to MIN 2 for no gain (50-L.Rodriguez; 43-A.Van Ginkel).,run,0.0,false,false,,,,,middle,,false,false,false,false,false,false,,false,-0.5169025833019987,false,-0.01995837688446045
2025_09_MIN_DET,1193,2,09:47,3,1,DET,MIN,MIN,2.0,(9:47) (Shotgun) 16-J.Goff pass incomplete short left to 14-A.St. Brown.,pass,0.0,true,false,short,left,2.0,,,,false,false,false,false,false,false,,false,-1.32434923062101,false,-0.06331208348274231
2025_09_MIN_DET,1216,2,09:43,4,1,DET,MIN,MIN,2.0,"(9:43) 70-D.Skipper reported in as eligible. 5-D.Montgomery up the middle for 2 yards, TOUCHDOWN.",run,2.0,false,false,,,,,middle,,false,true,false,false,false,false,,true,2.6727561997249722,true,0.13832574886392324
2025_09_MIN_DET,1230,2,09:43,,0,,,,,"Timeout #1 by MIN at 09:43.",no_play,0.0,false,false,,,,,,,false,false,false,false,false,false,,false,0.0,false,0.0
2025_09_MIN_DET,1248,2,09:39,,0,DET,MIN,MIN,15.0,"39-J.Bates extra point is GOOD, Center-49-H.Hatten, Holder-3-J.Fox.",extra_point,0.0,false,false,,,,,,,false,false,false,false,false,false,,false,0.05117156607063911,true,0.0041580517857197075
2025_09_MIN_DET,1263,2,09:39,,0,MIN,DET,DET,35.0,39-J.Bates kicks 65 yards from DET 35 to MIN 0. 4-M.Price to MIN 27 for 27 yards (15-G.Stuard).,kickoff,0.0,false,false,,,,,,,false,false,false,false,false,false,,false,0.045687907142564654,true,-0.0
2025_09_MIN_DET,1293,2,09:32,1,10,MIN,DET,MIN,73.0,(9:32) 9-J.McCarthy sacked at MIN 27 for 0 yards (78-T.Lacy).,pass,0.0,false,false,,,,,,,false,false,true,false,false,false,,false,-0.5663600964471698,false,-0.015653669834136963
2025_09_MIN_DET,1322,2,08:44,2,10,MIN,DET,MIN,73.0,"(8:44) PENALTY on MIN-1-J.Nailor, False Start, 5 yards, enforced at MIN 27 - No Play.",no_play,0.0,false,false,,,,,,,false,false,false,false,false,true,5.0,false,-0.6840953025966883,false,-0.008223265409469604
2025_09_MIN_DET,1355,2,08:27,2,15,MIN,DET,MIN,78.0,(8:27) (Shotgun) 33-A.Jones left end pushed ob at DET 47 for 31 yards (46-J.Campbell).,run,31.0,true,false,,,,,left,end,false,true,false,false,false,false,,false,2.890668125124648,true,0.0877637267112732
2025_09_MIN_DET,1385,2,07:41,1,10,MIN,DET,DET,47.0,"(7:41) (Shotgun) 9-J.McCarthy pass short left to 18-J.Jefferson pushed ob at DET 45 for 2 yards (34-A.Anzalone). PENALTY on DET-97-A.Hutchinson, Unnecessary Roughness, 15 yards, enforced at DET 45.",pass,2.0,true,false,short,left,2.0,0.0,,,true,true,false,false,false,true,15.0,false,1.0125226870877668,true,0.05024498701095581
2025_09_MIN_DET,1426,2,07:18,1,10,MIN,DET,DET,30.0,(7:18) 9-J.McCarthy pass short right to 18-J.Jefferson pushed ob at DET 19 for 11 yards (21-A.Robertson).,pass,11.0,false,false,short,right,11.0,0.0,,,true,true,false,false,false,false,,false,0.6894634470809251,true,0.023397505283355713
2025_09_MIN_DET,1456,2,06:44,1,10,MIN,DET,DET,19.0,(6:44) 27-J.Mason left end to DET 19 for no gain (32-B.Branch).,run,0.0,false,false,,,,,left,end,false,false,false,false,false,false,,false,-0.5056858775787987,false,-0.012157917022705078
2025_09_MIN_DET,1478,2,05:57,2,10,MIN,DET,DET,19.0,(5:57) (Shotgun) 9-J.McCarthy pass short left to 27-J.Mason to DET 18 for 1 yard (55-D.Barnes).,pass,1.0,true,false,short,left,0.0,1.0,,,true,false,false,false,false,false,,false,-0.5951471562730148,false,-0.023936033248901367
2025_09_MIN_DET,1503,2,05:12,3,9,MIN,DET,DET,18.0,(5:12) (Shotgun) 9-J.McCarthy sacked at DET 32 for -14 yards (46-J.Campbell).,pass,-14.0,true,false,,,,,,,false,false,true,false,false,false,,false,-1.7664305125355924,false,-0.08356350660324097
2025_09_MIN_DET,1528,2,04:46,4,23,MIN,DET,DET,32.0,"(4:46) 16-W.Reichard 50 yard field goal is GOOD, Center-42-A.DePaola, Holder-17-R.Wright.",field_goal,0.0,false,false,,,,,,,false,false,false,false,false,false,,false,1.3191383036893995,true,0.06226584315299988
2025_09_MIN_DET,1548,2,04:42,,0,DET,MIN,MIN,35.0,16-W.Reichard kicks 64 yards from MIN 35 to DET 1. 25-J.Saylors to DET 29 for 28 yards (15-D.Turner; 96-T.Batty).,kickoff,0.0,false,false,,,,,,,false,false,false,false,false,false,,false,0.34535756101831794,true,0.006790101528167725
2025_09_MIN_DET,1578,2,04:36,1,10,DET,MIN,DET,71.0,(4:36) 0-J.Gibbs up the middle to DET 27 for -2 yards (97-J.Hargrave).,run,-2.0,false,false,,,,,middle,,false,false,false,false,false,false,,false,-1.021672077011317,false,-0.043258339166641235
2025_09_MIN_DET,1600,2,04:03,2,12,DET,MIN,DET,73.0,(4:03) (Shotgun) 16-J.Goff pass short middle to 14-A.St. Brown to DET 35 for 8 yards (26-T.Jackson; 7-B.Murphy).,pass,8.0,true,false,short,middle,5.0,3.0,,,true,false,false,false,false,false,,false,0.4567653910489753,true,0.03271201252937317
2025_09_MIN_DET,1625,2,03:23,3,4,DET,MIN,DET,65.0,(3:23) (Shotgun) 16-J.Goff pass incomplete short left to 14-A.St. Brown (22-H.Smith).,pass,0.0,true,false,short,left,-7.0,,,,false,false,false,false,false,false,,false,-1.3810252499533817,false,-0.04156792163848877
2025_09_MIN_DET,1648,2,03:21,4,4,DET,MIN,DET,65.0,"(3:21) 3-J.Fox punts 40 yards to MIN 25, Center-49-H.Hatten, fair catch by 4-M.Price.",punt,0.0,false,false,,,,,,,false,false,false,false,false,false,,false,-0.4994680567178875,false,-0.018149346113204956
2025_09_MIN_DET,1668,2,03:13,1,10,MIN,DET,MIN,75.0,"(3:13) PENALTY on MIN-71-C.Darrisaw, False Start, 5 yards, enforced at MIN 25 - No Play.",no_play,0.0,false,false,,,,,,,false,false,false,false,false,true,5.0,false,-0.4859391702339053,false,-0.01864922046661377
2025_09_MIN_DET,1699,2,03:13,1,15,MIN,DET,MIN,80.0,(3:13) (Shotgun) 33-A.Jones right end to MIN 26 for 6 yards (46-J.Campbell).,run,6.0,true,false,,,,,right,end,false,false,false,false,false,false,,false,-0.008855228777974844,false,0.005719959735870361
2025_09_MIN_DET,1721,2,02:35,2,9,MIN,DET,MIN,74.0,"(2:35) (Shotgun) 9-J.McCarthy pass short middle to 87-T.Hockenson to MIN 30 for 4 yards (32-B.Branch). PENALTY on DET-46-J.Campbell, Roughing the Passer, 15 yards, enforced at MIN 30.",pass,4.0,true,false,short,middle,4.0,0.0,,,true,true,false,false,false,true,15.0,false,1.6102107689366676,true,0.047690510749816895
2025_09_MIN_DET,1757,2,02:07,1,10,MIN,DET,MIN,55.0,(2:07) 9-J.McCarthy up the middle to MIN 42 for -3 yards (55-D.Barnes).,run,-3.0,false,false,,,,,middle,,false,false,false,false,false,false,,false,-0.8301675679977052,false,-0.0283660888671875
2025_09_MIN_DET,1779,2,02:00,2,13,MIN,DET,MIN,58.0,(2:00) (Shotgun) 9-J.McCarthy pass incomplete short right to 18-J.Jefferson.,pass,0.0,true,false,short,right,9.0,,,,false,false,false,false,false,false,,false,-0.6232738491380587,false,-0.028479576110839844
2025_09_MIN_DET,1809,2,01:54,3,13,MIN,DET,MIN,58.0,"(1:54) (Shotgun) 9-J.McCarthy pass deep right intended for 3-J.Addison INTERCEPTED by 12-T.Harper (97-A.Hutchinson) [97-A.Hutchinson] at DET 23. 12-T.Harper pushed ob at DET 48 for 25 yards (33-A.Jones). PENALTY on DET-21-A.Robertson, Illegal Contact, 5 yards, enforced at MIN 42 - No Play.",no_play,0.0,true,false,,,,,,,false,true,false,false,false,true,5.0,false,1.576593926991336,true,0.056845664978027344
2025_09_MIN_DET,1852,2,01:42,1,10,MIN,DET,MIN,53.0,(1:42) 9-J.McCarthy pass incomplete short left [96-A.Muhammad].,pass,0.0,false,false,short,left,5.0,,,,false,false,false,false,false,false,,false,-0.33701053773984313,false,-0.014074087142944336
2025_09_MIN_DET,1875,2,01:38,2,10,MIN,DET,MIN,53.0,(1:38) (Shotgun) 9-J.McCarthy pass short right to 18-J.Jefferson to MIN 46 for -1 yards (21-A.Robertson).,pass,-1.0,true,false,short,right,-1.0,0.0,,,true,false,false,false,false,false,,false,-0.6946860495954752,false,-0.019744873046875
2025_09_MIN_DET,1900,2,00:51,3,11,MIN,DET,MIN,54.0,"(:51) (Shotgun) 9-J.McCarthy pass short left intended for 1-J.Nailor INTERCEPTED by 6-T.Arnold at DET 39. 6-T.Arnold to DET 39 for no gain (1-J.Nailor). The Replay Official reviewed the interception ruling, and the play was Upheld. The ruling on the field stands.",pass,0.0,true,false,short,left,15.0,,,,false,false,false,true,false,false,,false,-2.510203219309915,false,-0.08128061890602112
2025_09_MIN_DET,1965,2,00:47,1,10,DET,MIN,DET,61.0,(:47) (Shotgun) 16-J.Goff pass incomplete short right to 11-K.Raymond.,pass,0.0,true,false,short,right,6.0,,,,false,false,false,false,false,false,,false,-0.13572981132892892,false,-0.019231081008911133
2025_09_MIN_DET,1988,2,00:44,2,10,DET,MIN,DET,61.0,(:44) (Shotgun) 16-J.Goff pass short middle to 0-J.Gibbs to DET 38 for -1 yards (43-A.Van Ginkel).,pass,-1.0,true,false,short,middle,-4.0,3.0,,,true,false,false,false,false,false,,false,-0.4973206161521375,false,-0.05646824836730957
2025_09_MIN_DET,2013,2,00:37,3,11,DET,MIN,DET,62.0,(:37) (Shotgun) 16-J.Goff pass incomplete short middle to 87-S.LaPorta.,pass,0.0,true,false,short,middle,8.0,,,,false,false,false,false,false,false,,false,-0.6828341945074499,false,-0.025163620710372925
2025_09_MIN_DET,2025,2,00:37,,0,,,,,"Timeout #1 by DET at 00:37.",no_play,0.0,false,false,,,,,,,false,false,false,false,false,false,,false,0.0,false,0.0
2025_09_MIN_DET,2043,2,00:35,4,11,DET,MIN,DET,62.0,"(:35) 3-J.Fox punts 58 yards to MIN 4, Center-49-H.Hatten. 4-M.Price to MIN 11 for 7 yards (33-S.Vaki).",punt,0.0,false,false,,,,,,,false,false,false,false,false,false,,false,0.030436848988756537,true,0.03951144218444824
2025_09_MIN_DET,2069,2,00:21,1,10,MIN,DET,MIN,89.0,(:21) 9-J.McCarthy kneels to MIN 10 for -1 yards.,qb_kneel,-1.0,false,false,,,,,,,false,false,false,false,false,false,,false,0.0,false,
2025_09_MIN_DET,2091,2,00:00,,0,,,,,END QUARTER 2,,,false,false,,,,,,,,,,,,,,,,,-0.0
2025_09_MIN_DET,2111,3,15:00,,0,MIN,DET,DET,35.0,39-J.Bates kicks 56 yards from DET 35 to MIN 9. 4-M.Price to MIN 29 for 20 yards (42-T.Summers; 33-S.Vaki).,kickoff,0.0,false,false,,,,,,,false,false,false,false,false,false,,false,0.2885966971516609,true,0.0020439624786376953
2025_09_MIN_DET,2134,3,14:56,1,10,MIN,DET,MIN,71.0,(14:56) 33-A.Jones right tackle to MIN 35 for 6 yards (34-A.Anzalone).,run,6.0,false,false,,,,,right,tackle,false,false,false,false,false,false,,false,0.11904179025441408,true,0.005299627780914307
2025_09_MIN_DET,2156,3,14:20,2,4,MIN,DET,MIN,65.0,(14:20) 33-A.Jones left end pushed ob at MIN 38 for 3 yards (55-D.Barnes).,run,3.0,false,false,,,,,left,end,false,false,false,false,false,false,,false,0.00941298808902502,true,-0.010754942893981934
2025_09_MIN_DET,2183,3,13:51,3,1,MIN,DET,MIN,62.0,"(13:51) 27-J.Mason up the middle to MIN 39 for 1 yard (97-A.Hutchinson; 46-J.Campbell). PENALTY on DET-54-A.McNeill, Defensive Offside, 5 yards, enforced at MIN 38 - No Play.",no_play,0.0,false,false,,,,,,,false,true,false,false,false,true,5.0,false,0.8018276209477335,true,0.04394650459289551
2025_09_MIN_DET,2217,3,13:29,1,10,MIN,DET,MIN,57.0,(13:29) (Shotgun) 9-J.McCarthy pass incomplete deep right to 3-J.Addison.,pass,0.0,true,false,deep,right,31.0,,,,false,false,false,false,false,false,,false,-0.5439926269464195,false,-0.017249703407287598
2025_09_MIN_DET,2240,3,13:24,2,10,MIN,DET,MIN,57.0,(13:24) (Shotgun) 9-J.McCarthy right tackle to 50 for 7 yards (46-J.Campbell).,run,7.0,true,false,,,,,right,tackle,false,false,false,false,false,false,,false,0.08481086743995547,true,0.024221420288085938
2025_09_MIN_DET,2262,3,12:43,3,3,MIN,DET,50,50.0,(12:43) (Shotgun) 9-J.McCarthy pass incomplete short right to 1-J.Nailor.,pass,0.0,true,false,short,right,13.0,,,,false,false,false,false,false,false,,false,-1.952600987860933,false,-0.04348325729370117
2025_09_MIN_DET,2285,3,12:37,4,3,MIN,DET,50,50.0,"(12:37) 17-R.Wright punts 42 yards to DET 8, Center-42-A.DePaola, fair catch by 11-K.Raymond.",punt,0.0,false,false,,,,,,,false,false,false,false,false,false,,false,-0.23156643728725612,false,-0.018970340490341187
2025_09_MIN_DET,2305,3,12:31,1,10,DET,MIN,DET,92.0,(12:31) 0-J.Gibbs left end to DET 10 for 2 yards (97-J.Hargrave; 58-J.Greenard).,run,2.0,false,false,,,,,left,end,false,false,false,false,false,false,,false,-0.37920842529274523,false,-0.020833641290664673
2025_09_MIN_DET,2339,3,11:56,2,8,DET,MIN,DET,90.0,(11:56) (Shotgun) 16-J.Goff pass incomplete short middle to 14-A.St. Brown [93-J.Allen].,pass,0.0,true,false,short,middle,15.0,,,,false,false,false,false,false,false,,false,-0.8132827919907868,false,-0.03291761875152588
2025_09_MIN_DET,2362,3,11:50,3,8,DET,MIN,DET,90.0,(11:50) (Shotgun) 16-J.Goff pass short right to 0-J.Gibbs to DET 16 for 6 yards (51-B.Cashman; 44-J.Metellus).,pass,6.0,true,false,short,right,-5.0,11.0,,,true,false,false,false,false,false,,false,-0.690471597481519,false,-0.009466707706451416
2025_09_MIN_DET,2398,3,11:31,4,2,DET,MIN,DET,84.0,"(11:31) 3-J.Fox punts 54 yards to MIN 30, Center-49-H.Hatten, fair catch by 4-M.Price.",punt,0.0,false,false,,,,,,,false,false,false,false,false,false,,false,0.11135517247021198,true,0.0385286808013916
2025_09_MIN_DET,2419,3,11:24,1,10,MIN,DET,MIN,70.0,(11:24) 9-J.McCarthy pass short middle to 18-J.Jefferson to DET 49 for 21 yards (21-A.Robertson; 46-J.Campbell).,pass,21.0,false,false,short,middle,14.0,7.0,,,true,true,false,false,false,false,,false,1.3728603480849415,true,0.06441354751586914
2025_09_MIN_DET,2456,3,10:47,1,10,MIN,DET,DET,49.0,(10:47) 27-J.Mason up the middle to DET 44 for 5 yards (78-T.Lacy; 32-B.Branch).,run,5.0,false,false,,,,,middle,,false,false,false,false,false,false,,false,-0.017578787868842483,false,-0.0106239914894104
2025_09_MIN_DET,2478,3,10:11,2,5,MIN,DET,DET,44.0,"(10:11) 9-J.McCarthy FUMBLES (Aborted) at DET 45, and recovers at DET 46. 9-J.McCarthy to DET 46 for no gain (91-T.Williams).",run,0.0,false,false,,,,,,,false,false,false,false,false,false,,false,-1.1641425399575382,false,-0.031406521797180176
2025_09_MIN_DET,2505,3,09:30,3,7,MIN,DET,DET,46.0,"(9:30) (Shotgun) 9-J.McCarthy pass short right to 18-J.Jefferson to DET 35 for 11 yards (21-A.Robertson). Detroit challenged the pass completion ruling, and the play was REVERSED. (Shotgun) 9-J.McCarthy pass incomplete short right to 18-J.Jefferson.",pass,0.0,true,false,short,right,11.0,,,,false,false,false,false,false,false,,false,-1.817724192282185,false,-0.031037449836730957
2025_09_MIN_DET,2530,3,09:26,4,7,MIN,DET,DET,46.0,"(9:26) 17-R.Wright punts 39 yards to DET 7, Center-42-A.DePaola. 11-K.Raymond to DET 9 for 2 yards (37-T.Thomas).",punt,0.0,false,false,,,,,,,false,false,false,false,false,false,,false,-0.3820133046247065,false,-0.01349303126335144
2025_09_MIN_DET,2603,3,09:18,1,10,DET,MIN,DET,91.0,(9:18) (Shotgun) 70-D.Skipper reported in as eligible. 16-J.Goff pass incomplete deep right to 5-D.Montgomery.,pass,0.0,true,false,deep,right,16.0,,,,false,false,false,false,false,false,,false,-0.6232170087751001,false,-0.020774155855178833
2025_09_MIN_DET,2628,3,09:14,2,10,DET,MIN,DET,91.0,"(9:14) (Shotgun) 16-J.Goff pass short right to 5-D.Montgomery to DET 6 for -3 yards (51-B.Cashman, 7-B.Murphy).",pass,-3.0,true,false,short,right,-3.0,0.0,,,true,false,false,false,false,false,,false,-1.615962149342522,false,-0.05920296907424927
2025_09_MIN_DET,2653,3,08:30,3,13,DET,MIN,DET,94.0,"(8:30) (Shotgun) 5-D.Montgomery left end to DET 17 for 11 yards (51-B.Cashman). FUMBLES (51-B.Cashman), RECOVERED by MIN-22-H.Smith at DET 34. 22-H.Smith to DET 35 for -1 yards (1-J.Williams).",run,11.0,true,false,,,,,left,end,false,false,false,false,true,false,,false,-2.109526827465743,false,-0.03308284282684326
2025_09_MIN_DET,2691,3,08:19,1,10,MIN,DET,DET,35.0,(8:19) 27-J.Mason left guard to DET 28 for 7 yards (91-T.Williams; 6-T.Arnold).,run,7.0,false,false,,,,,left,guard,false,false,false,false,false,false,,false,0.4525317803490907,true,-0.001204848289489746
2025_09_MIN_DET,2713,3,07:36,2,3,MIN,DET,DET,28.0,(7:36) (Shotgun) 9-J.McCarthy pass deep left to 3-J.Addison to DET 11 for 17 yards (6-T.Arnold).,pass,17.0,true,false,deep,left,17.0,0.0,,,true,true,false,false,false,false,,false,1.0494671700289473,true,0.05656254291534424
2025_09_MIN_DET,2738,3,06:58,1,10,MIN,DET,DET,11.0,(6:58) 27-J.Mason left tackle to DET 9 for 2 yards (34-A.Anzalone).,run,2.0,false,false,,,,,left,tackle,false,false,false,false,false,false,,false,-0.4734858156880364,false,-0.005923271179199219
2025_09_MIN_DET,2760,3,06:18,2,8,MIN,DET,DET,9.0,(6:18) 9-J.McCarthy pass incomplete short right [97-A.Hutchinson]. MIN-18-J.Jefferson was injured during the play.,pass,0.0,false,false,short,right,4.0,,,,false,false,false,false,false,false,,false,-0.7818908981280401,false,-0.019457638263702393
2025_09_MIN_DET,2783,3,06:13,3,8,MIN,DET,DET,9.0,"(6:13) (Shotgun) 9-J.McCarthy scrambles right end for 9 yards, TOUCHDOWN.",run,9.0,true,false,,,,,right,end,false,true,false,false,false,false,,true,3.057881342130713,true,0.07734206366593144
2025_09_MIN_DET,2816,3,06:04,,0,MIN,DET,DET,15.0,"16-W.Reichard extra point is GOOD, Center-42-A.DePaola, Holder-17-R.Wright.",extra_point,0.0,false,false,,,,,,,false,false,false,false,false,false,,false,0.05117156607063911,true,0.0008002663845370073
2025_09_MIN_DET,2831,3,06:04,,0,DET,MIN,MIN,35.0,16-W.Reichard kicks 65 yards from MIN 35 to DET 0. 25-J.Saylors to DET 39 for 39 yards (57-C.Chambliss). ** Injury Update: DET-42-T.Summers has returned to the game.,kickoff,0.0,false,false,,,,,,,false,false,false,false,false,false,,false,0.7891759988851845,true,0.0264492928981781
2025_09_MIN_DET,2854,3,05:58,1,10,DET,MIN,DET,61.0,(5:58) (Shotgun) 16-J.Goff sacked at DET 31 for -8 yards (97-J.Hargrave). DET-68-T.Decker was injured during the play.,pass,-8.0,true,false,,,,,,,false,false,true,false,false,false,,false,-1.3912840948905796,false,-0.03468151390552521
2025_09_MIN_DET,2880,3,05:33,2,18,DET,MIN,DET,69.0,(5:33) (Shotgun) 16-J.Goff pass short middle to 14-A.St. Brown to DET 46 for 15 yards (7-B.Murphy).,pass,15.0,true,false,short,middle,13.0,2.0,,,true,false,false,false,false,false,,false,0.8851052031386644,true,0.0357690155506134
2025_09_MIN_DET,2912,3,05:10,3,3,DET,MIN,DET,54.0,"(5:10) (No Huddle, Shotgun) 16-J.Goff pass short left to 89-B.Wright to MIN 43 for 11 yards (23-F.Moreau; 58-J.Greenard).",pass,11.0,true,true,short,left,2.0,9.0,,,true,true,false,false,false,false,,false,1.4671965192537755,true,0.004979118704795837
2025_09_MIN_DET,2937,3,04:29,1,10,DET,MIN,MIN,43.0,(4:29) 16-J.Goff pass short middle to 1-J.Williams to MIN 30 for 13 yards (22-H.Smith).,pass,13.0,false,false,short,middle,13.0,0.0,,,true,true,false,false,false,false,,false,0.8643457503058016,true,0.021974995732307434
2025_09_MIN_DET,2962,3,03:46,1,10,DET,MIN,MIN,30.0,"(3:46) PENALTY on DET-89-B.Wright, False Start, 5 yards, enforced at MIN 30 - No Play.",no_play,0.0,false,false,,,,,,,false,false,false,false,false,true,5.0,false,-0.719490408198908,false,-0.03661304712295532
2025_09_MIN_DET,2986,3,03:23,1,15,DET,MIN,MIN,35.0,(3:23) 0-J.Gibbs left tackle to MIN 33 for 2 yards (58-J.Greenard; 97-J.Hargrave).,run,2.0,false,false,,,,,left,tackle,false,false,false,false,false,false,,false,-0.3711484333034605,false,0.0021810382604599
2025_09_MIN_DET,3008,3,02:44,2,13,DET,MIN,MIN,33.0,"(2:44) 16-J.Goff pass incomplete short right. PENALTY on DET-69-T.Ratledge, Offensive Holding, 10 yards, enforced at MIN 33 - No Play. Penalty on DET, Illegal Shift, declined.",no_play,0.0,false,false,,,,,,,false,false,false,false,false,true,10.0,false,-0.877478713169694,false,-0.03546680510044098
2025_09_MIN_DET,3047,3,02:40,2,23,DET,MIN,MIN,43.0,(2:40) (Shotgun) 16-J.Goff pass short left to 87-S.LaPorta to MIN 34 for 9 yards (7-B.Murphy).,pass,9.0,true,false,short,left,6.0,3.0,,,true,false,false,false,false,false,,false,-0.2194121654611081,false,0.0022312700748443604
2025_09_MIN_DET,3072,3,02:07,3,14,DET,MIN,MIN,34.0,(2:07) (Shotgun) 16-J.Goff pass short left to 1-J.Williams ran ob at MIN 16 for 18 yards (51-B.Cashman).,pass,18.0,true,false,short,left,7.0,11.0,,,true,true,false,false,false,false,,false,3.1015102628152817,true,0.1124136745929718
2025_09_MIN_DET,3102,3,01:34,1,10,DET,MIN,MIN,16.0,(1:34) (Shotgun) 16-J.Goff pass incomplete short middle to 1-J.Williams.,pass,0.0,true,false,short,middle,5.0,,,,false,false,false,false,false,false,,false,-0.48269713565241545,false,-0.019420623779296875
2025_09_MIN_DET,3125,3,01:30,2,10,DET,MIN,MIN,16.0,(1:30) 0-J.Gibbs left end pushed ob at MIN 12 for 4 yards (2-I.Rodgers).,run,4.0,false,false,,,,,left,end,false,false,false,false,false,false,,false,-0.4940212866058573,false,-0.003915846347808838
2025_09_MIN_DET,3152,3,00:55,3,6,DET,MIN,MIN,12.0,(:55) (Shotgun) 16-J.Goff sacked at MIN 23 for -11 yards (55-E.Wilson).,pass,-11.0,true,false,,,,,,,false,false,true,false,false,false,,false,-2.0674559677247424,false,-0.08441002666950226
2025_09_MIN_DET,3172,3,00:15,4,17,DET,MIN,MIN,23.0,"(:15) 39-J.Bates 41 yard field goal is GOOD, Center-49-H.Hatten, Holder-3-J.Fox.",field_goal,0.0,false,false,,,,,,,false,false,false,false,false,false,,false,0.8369227988407482,true,0.006519779562950134
2025_09_MIN_DET,3192,3,00:11,,0,MIN,DET,DET,35.0,"39-J.Bates kicks 64 yards from DET 35 to MIN 1. 4-M.Price for 99 yards, TOUCHDOWN NULLIFIED by Penalty. PENALTY on MIN-37-T.Thomas, Offensive Holding, 10 yards, enforced at MIN 36.",kickoff,0.0,false,false,,,,,,,false,false,false,false,false,true,10.0,false,0.014252698514610529,true,-0.0
2025_09_MIN_DET,3227,3,00:00,,0,MIN,DET,,,END QUARTER 3,,,false,false,,,,,,,,,,,,,,,-0.0,false,-0.0
2025_09_MIN_DET,3247,4,15:00,1,10,MIN,DET,MIN,74.0,(15:00) 9-J.McCarthy pass short right to 18-J.Jefferson to MIN 30 for 4 yards (32-B.Branch). DET-21-A.Robertson was injured during the play. ** Injury Update: MIN-18-J.Jefferson has returned to the game.,pass,4.0,false,false,short,right,-1.0,5.0,,,true,false,false,false,false,false,,false,-0.16534203989431262,false,-0.01009523868560791
2025_09_MIN_DET,3280,4,14:39,2,6,MIN,DET,MIN,70.0,(14:39) 27-J.Mason left end to MIN 33 for 3 yards (38-N.Whiteside; 32-B.Branch).,run,3.0,false,false,,,,,left,end,false,false,false,false,false,false,,false,-0.3281984836794436,false,0.01531374454498291
2025_09_MIN_DET,3305,4,13:56,3,3,MIN,DET,MIN,67.0,(13:56) (Shotgun) 9-J.McCarthy sacked at MIN 24 for -9 yards (97-A.Hutchinson). ** Injury Update: DET-21-A.Robertson has returned to the game.,pass,-9.0,true,false,,,,,,,false,false,true,false,false,false,,false,-2.6020967825315893,false,-0.07357805967330933
2025_09_MIN_DET,3325,4,13:16,4,12,MIN,DET,MIN,76.0,"(13:16) 17-R.Wright punts 51 yards to DET 25, Center-42-A.DePaola, out of bounds. PENALTY on MIN-37-T.Thomas, Unsportsmanlike Conduct, 15 yards, enforced at DET 25.",punt,0.0,false,false,,,,,,,false,false,false,false,false,true,15.0,false,-0.3654555738903582,false,0.04187414050102234
2025_09_MIN_DET,3358,4,13:10,1,10,DET,MIN,DET,60.0,(13:10) 5-D.Montgomery right tackle to MIN 49 for 11 yards (15-D.Turner; 22-H.Smith). ** Injury Update: DET-68-T.Decker has returned to the game.,run,11.0,false,false,,,,,right,tackle,false,true,false,false,false,false,,false,0.6591046473477036,true,0.00762312114238739
2025_09_MIN_DET,3387,4,12:38,1,10,DET,MIN,MIN,49.0,(12:38) 5-D.Montgomery right tackle to MIN 46 for 3 yards (61-J.Redmond; 97-J.Hargrave).,run,3.0,false,false,,,,,right,tackle,false,false,false,false,false,false,,false,-0.29395329765975475,false,-0.0020279735326766968
2025_09_MIN_DET,3409,4,11:57,2,7,DET,MIN,MIN,46.0,(11:57) 5-D.Montgomery up the middle to MIN 43 for 3 yards (51-B.Cashman; 0-I.Pace).,run,3.0,false,false,,,,,middle,,false,false,false,false,false,false,,false,-0.4184431314934045,false,-0.012620612978935242
2025_09_MIN_DET,3431,4,11:16,3,4,DET,MIN,MIN,43.0,(11:16) (Shotgun) 5-D.Montgomery right end to MIN 41 for 2 yards (43-A.Van Ginkel; 23-F.Moreau).,run,2.0,true,false,,,,,right,end,false,false,false,false,false,false,,false,-1.3308516957331449,false,-0.051588431000709534
2025_09_MIN_DET,3456,4,10:37,4,2,DET,MIN,MIN,41.0,(10:37) (Shotgun) 16-J.Goff pass short middle to 87-S.LaPorta to MIN 24 for 17 yards (22-H.Smith; 44-J.Metellus).,pass,17.0,true,false,short,middle,8.0,9.0,,,true,true,false,false,false,false,,false,3.6904345141956583,true,0.16205990314483643
2025_09_MIN_DET,3481,4,09:54,1,10,DET,MIN,MIN,24.0,"(9:54) 5-D.Montgomery up the middle to MIN 24 for no gain (51-B.Cashman). PENALTY on DET-1-J.Williams, Illegal Block Above the Waist, 10 yards, enforced at MIN 24 - No Play.",no_play,0.0,false,false,,,,,,,false,false,false,false,false,true,10.0,false,-1.321502496371977,false,-0.07239022850990295
2025_09_MIN_DET,3514,4,09:35,1,20,DET,MIN,MIN,34.0,"(9:35) (Shotgun) 16-J.Goff pass incomplete deep middle to 14-A.St. Brown. Penalty on DET-68-T.Decker, Offensive Holding, declined.",pass,0.0,true,false,deep,middle,34.0,,,,false,false,false,false,false,false,,false,-0.4965887498110533,false,-0.017566949129104614
2025_09_MIN_DET,3548,4,09:30,2,20,DET,MIN,MIN,34.0,(9:30) (Shotgun) 16-J.Goff pass short left to 14-A.St. Brown pushed ob at MIN 28 for 6 yards (58-J.Greenard).,pass,6.0,true,false,short,left,-2.0,8.0,,,true,false,false,false,false,false,,false,-0.06609554355964065,false,-0.009453356266021729
2025_09_MIN_DET,3578,4,08:54,3,14,DET,MIN,MIN,28.0,(8:54) (Shotgun) 16-J.Goff pass short right to 14-A.St. Brown to MIN 19 for 9 yards (7-B.Murphy) [93-J.Allen]. DET-14-A.St. Brown was injured during the play.,pass,9.0,true,false,short,right,9.0,0.0,,,true,false,false,false,false,false,,false,-0.07180140085984021,false,0.010538354516029358
2025_09_MIN_DET,3606,4,08:11,4,5,DET,MIN,MIN,19.0,"(8:11) (Shotgun) PENALTY on MIN-58-J.Greenard, Neutral Zone Infraction, 5 yards, enforced at MIN 19 - No Play.",no_play,0.0,true,false,,,,,,,false,true,false,false,false,true,5.0,false,2.446895459317602,true,0.11337892711162567
2025_09_MIN_DET,3630,4,07:52,1,10,DET,MIN,MIN,14.0,(7:52) (Shotgun) 16-J.Goff pass incomplete short middle to 5-D.Montgomery [97-J.Hargrave]. DET-73-C.Mahogany was injured during the play.,pass,0.0,true,false,short,middle,3.0,,,,false,false,false,false,false,false,,false,-0.45792648347560316,false,-0.02122032642364502
2025_09_MIN_DET,3661,4,07:48,2,10,DET,MIN,MIN,14.0,(7:48) 0-J.Gibbs left end pushed ob at MIN 13 for 1 yard (44-J.Metellus). ** Injury Update: DET-14-A.St. Brown has returned to the game. ** Injury Update: DET-69-T.Ratledge has returned to the game.,run,1.0,false,false,,,,,left,end,false,false,false,false,false,false,,false,-0.7799139693379402,false,-0.02635374665260315
2025_09_MIN_DET,3695,4,07:09,3,9,DET,MIN,MIN,13.0,"(7:09) (Shotgun) PENALTY on DET-68-T.Decker, False Start, 5 yards, enforced at MIN 13 - No Play.",no_play,0.0,true,false,,,,,,,false,false,false,false,false,true,5.0,false,-0.6817156707402319,false,-0.017247498035430908
2025_09_MIN_DET,3722,4,07:09,3,14,DET,MIN,MIN,18.0,(7:09) (Shotgun) 16-J.Goff sacked at MIN 27 for -9 yards (61-J.Redmond).,pass,-9.0,true,false,,,,,,,false,false,true,false,false,false,,false,-1.2452526943816062,false,-0.10013090074062347
2025_09_MIN_DET,3745,4,06:29,4,23,DET,MIN,MIN,27.0,"(6:29) 39-J.Bates 45 yard field goal is BLOCKED (50-L.Rodriguez), Center-49-H.Hatten, Holder-3-J.Fox, RECOVERED by MIN-2-I.Rodgers at MIN 33. 2-I.Rodgers pushed ob at DET 26 for 41 yards (3-J.Fox).",field_goal,0.0,false,false,,,,,,,false,false,false,false,false,false,,false,-6.147731856530327,false,-0.11776544153690338
2025_09_MIN_DET,3782,4,06:20,1,10,MIN,DET,DET,26.0,(6:20) 27-J.Mason right end ran ob at DET 21 for 5 yards (46-J.Campbell). ** Injury Update: DET-6-T.Arnold has returned to the game.,run,5.0,false,false,,,,,right,end,false,false,false,false,false,false,,false,0.06125999812502414,true,0.0005049705505371094
2025_09_MIN_DET,3814,4,05:37,2,5,MIN,DET,DET,21.0,"(5:37) (Shotgun) 9-J.McCarthy scrambles left tackle to DET 16 for 5 yards (12-T.Harper; 34-A.Anzalone). PENALTY on MIN-74-D.Jackson, Offensive Holding, 10 yards, enforced at DET 21 - No Play.",no_play,0.0,true,false,,,,,,,false,false,false,false,false,true,10.0,false,-1.253178604412824,false,-0.016488850116729736
2025_09_MIN_DET,3859,4,05:15,2,15,MIN,DET,DET,31.0,(5:15) 3-J.Addison right end to DET 15 for 16 yards (97-A.Hutchinson).,run,16.0,false,false,,,,,right,end,false,true,false,false,false,false,,false,1.8477918777498417,true,0.03685116767883301
2025_09_MIN_DET,3881,4,04:33,1,10,MIN,DET,DET,15.0,"(4:33) 27-J.Mason left end pushed ob at DET 2 for 13 yards (34-A.Anzalone). PENALTY on DET-54-A.McNeill, Defensive Holding, 1 yard, enforced at DET 2.",run,13.0,false,false,,,,,left,end,false,true,false,false,false,true,1.0,false,1.5081880245706998,true,0.01609426736831665
2025_09_MIN_DET,3919,4,04:26,1,1,MIN,DET,DET,1.0,"(4:26) 60-J.Huber reported in as eligible. 27-J.Mason left tackle to DET 2 for -1 yards (15-G.Stuard, 55-D.Barnes).",run,-1.0,false,false,,,,,left,tackle,false,false,false,false,false,false,,false,-0.5607762181898579,false,-0.008082807064056396
2025_09_MIN_DET,3943,4,03:44,2,2,MIN,DET,DET,2.0,(3:44) 9-J.McCarthy pass incomplete short right to 18-J.Jefferson (6-T.Arnold).,pass,0.0,false,false,short,right,2.0,,,,false,false,false,false,false,false,,false,-0.8361588045954704,false,-0.003122091293334961
2025_09_MIN_DET,3966,4,03:40,3,2,MIN,DET,DET,2.0,(3:40) 60-J.Huber reported in as eligible. 9-J.McCarthy sacked at DET 2 for 0 yards (96-A.Muhammad).,pass,0.0,false,false,,,,,,,false,false,true,false,false,false,,false,-2.030435244081281,false,-0.011991381645202637
2025_09_MIN_DET,4011,4,03:33,4,2,MIN,DET,DET,2.0,"(3:33) 16-W.Reichard 20 yard field goal is GOOD, Center-42-A.DePaola, Holder-17-R.Wright.",field_goal,0.0,false,false,,,,,,,false,false,false,false,false,false,,false,0.011767087265588394,true,0.0016461797058582306
2025_09_MIN_DET,4031,4,03:31,,0,DET,MIN,MIN,35.0,16-W.Reichard kicks 60 yards from MIN 35 to DET 5. 25-J.Saylors to DET 31 for 26 yards (55-E.Wilson; 24-J.Ward).,kickoff,0.0,false,false,,,,,,,false,false,false,false,false,false,,false,0.4998284998582676,true,0.006574992090463638
2025_09_MIN_DET,4054,4,03:23,1,10,DET,MIN,DET,69.0,(3:23) (Shotgun) 16-J.Goff pass short middle to 14-A.St. Brown to DET 35 for 4 yards (15-D.Turner).,pass,4.0,true,false,short,middle,4.0,0.0,,,true,false,false,false,false,false,,false,-0.3030413237866014,false,-0.00767073780298233
2025_09_MIN_DET,4079,4,03:07,2,6,DET,MIN,DET,65.0,"(3:07) (No Huddle, Shotgun) 16-J.Goff pass deep right to 14-A.St. Brown to MIN 46 for 19 yards (23-F.Moreau).",pass,19.0,true,true,deep,right,18.0,1.0,,,true,true,false,false,false,false,,false,1.533294596010819,true,0.009350039064884186
2025_09_MIN_DET,4104,4,02:48,1,10,DET,MIN,MIN,46.0,"(2:48) (No Huddle, Shotgun) 16-J.Goff pass short left to 14-A.St. Brown to MIN 38 for 8 yards (2-I.Rodgers).",pass,8.0,true,true,short,left,5.0,3.0,,,true,false,false,false,false,false,,false,0.5194897834444419,true,0.001467771828174591
2025_09_MIN_DET,4129,4,02:22,2,2,DET,MIN,MIN,38.0,"(2:22) (No Huddle, Shotgun) 0-J.Gibbs right tackle to MIN 37 for 1 yard (93-J.Allen).",run,1.0,true,true,,,,,right,tackle,false,false,false,false,false,false,,false,-0.2580850424710661,false,-0.010718077421188354
2025_09_MIN_DET,4151,4,02:00,3,1,DET,MIN,MIN,37.0,"(2:00) (Shotgun) 16-J.Goff pass deep left to 1-J.Williams pushed ob at MIN 3 for 34 yards (2-I.Rodgers). The Replay Official reviewed the short of the goal line ruling, and the play was REVERSED. (Shotgun) 16-J.Goff pass deep left to 1-J.Williams for 37 yards, TOUCHDOWN.",pass,37.0,true,false,deep,left,28.0,9.0,,,true,true,false,false,false,false,,true,4.008145393338054,true,0.0676299062123924
2025_09_MIN_DET,4188,4,01:55,,0,DET,MIN,MIN,15.0,"39-J.Bates extra point is GOOD, Center-49-H.Hatten, Holder-3-J.Fox.",extra_point,0.0,false,false,,,,,,,false,false,false,false,false,false,,false,0.05117156607063911,true,0.001300220514234951
2025_09_MIN_DET,4245,4,01:55,,0,MIN,DET,DET,35.0,39-J.Bates kicks 63 yards from DET 35 to MIN 2. 4-M.Price to MIN 23 for 21 yards (95-P.O'Connor; 99-T.Wheat).,kickoff,0.0,false,false,,,,,,,false,false,false,false,false,false,,false,-0.14115563733503222,false,-0.0009271502494812012
2025_09_MIN_DET,4268,4,01:51,1,10,MIN,DET,MIN,77.0,(1:51) 9-J.McCarthy up the middle to MIN 27 for 4 yards (54-A.McNeill).,run,4.0,false,false,,,,,middle,,false,false,false,false,false,false,,false,0.01667647308204323,true,-0.0035997629165649414
2025_09_MIN_DET,4290,4,01:45,2,6,MIN,DET,MIN,73.0,(1:45) 27-J.Mason up the middle to MIN 28 for 1 yard (6-T.Arnold; 34-A.Anzalone).,run,1.0,false,false,,,,,middle,,false,false,false,false,false,false,,false,-0.28912654030136764,false,-0.015564262866973877
2025_09_MIN_DET,4302,4,01:45,,0,,,,,"Timeout #1 by DET at 01:45.",no_play,0.0,false,false,,,,,,,false,false,false,false,false,false,,false,-0.0,false,-0.0
2025_09_MIN_DET,4324,4,01:41,3,5,MIN,DET,MIN,72.0,(1:41) (Shotgun) 9-J.McCarthy pass deep right to 1-J.Nailor to MIN 44 for 16 yards (27-A.Maulet).,pass,16.0,true,false,deep,right,16.0,0.0,,,true,true,false,false,false,false,,false,-0.48084721027407795,false,0.09419631958007812
2025_09_MIN_DET,4336,4,01:41,,0,,,,,"Timeout #2 by DET at 01:41.",no_play,0.0,false,false,,,,,,,false,false,false,false,false,false,,false,-0.0,false,-0.0
2025_09_MIN_DET,4356,4,01:00,1,10,MIN,DET,MIN,56.0,(1:00) 9-J.McCarthy kneels to MIN 43 for -1 yards.,qb_kneel,-1.0,false,false,,,,,,,false,false,false,false,false,false,,false,-0.0,false,
2025_09_MIN_DET,4378,4,00:56,2,11,MIN,DET,MIN,57.0,(:56) 9-J.McCarthy kneels to MIN 41 for -2 yards.,qb_kneel,-2.0,false,false,,,,,,,false,false,false,false,false,false,,false,-0.0,false,
2025_09_MIN_DET,4390,4,00:56,,0,,,,,"Timeout #3 by DET at 00:56.",no_play,0.0,false,false,,,,,,,false,false,false,false,false,false,,false,-0.0,false,-0.0
2025_09_MIN_DET,4407,4,00:24,3,13,MIN,DET,MIN,59.0,(:24) 9-J.McCarthy kneels to MIN 40 for -1 yards.,qb_kneel,-1.0,false,false,,,,,,,false,false,false,false,false,false,,false,0.0,false,
2025_09_MIN_DET,4429,4,00:00,,0,MIN,DET,,,END GAME,,,false,false,,,,,,,,,,,,,,,,,
2025_10_BAL_MIN,1,1,15:00,,0,,,,,GAME,,,false,false,,,,,,,,,,,,,,,-0.0,false,-0.0
2025_10_BAL_MIN,39,1,15:00,,0,BAL,MIN,MIN,35.0,16-W.Reichard kicks 62 yards from MIN 35 to BAL 3. 43-J.Hill to BAL 31 for 28 yards (15-D.Turner).,kickoff,0.0,false,false,,,,,,,false,false,false,false,false,false,,false,0.3277302198112011,true,0.0003382861614227295
2025_10_BAL_MIN,62,1,14:55,1,10,BAL,MIN,BAL,69.0,(14:55) (Shotgun) 8-L.Jackson pass incomplete short right to 4-Z.Flowers (58-J.Greenard).,pass,0.0,true,false,short,right,-4.0,,,,false,false,false,false,false,false,,false,-0.5519597553648055,false,-0.017915993928909302
2025_10_BAL_MIN,85,1,14:49,2,10,BAL,MIN,BAL,69.0,(14:49) (Shotgun) 8-L.Jackson up the middle to BAL 33 for 2 yards (51-B.Cashman).,run,2.0,true,false,,,,,middle,,false,false,false,false,false,false,,false,-0.6620902395807207,false,-0.019474923610687256
2025_10_BAL_MIN,107,1,14:03,3,8,BAL,MIN,BAL,67.0,(14:03) (Shotgun) 8-L.Jackson pass short middle to 80-I.Likely to BAL 39 for 6 yards (2-I.Rodgers).,pass,6.0,true,false,short,middle,5.0,1.0,,,true,false,false,false,false,false,,false,-0.8712856872007251,false,0.004809141159057617
2025_10_BAL_MIN,132,1,13:25,4,2,BAL,MIN,BAL,61.0,"(13:25) 11-J.Stout punts 52 yards to MIN 9, Center-46-N.Moore. 4-M.Price to MIN 14 for 5 yards (24-M.Starks; 88-C.Kolar).",punt,0.0,false,false,,,,,,,false,false,false,false,false,false,,false,-0.28394509572535753,false,-0.004173487424850464
2025_10_BAL_MIN,158,1,13:13,1,10,MIN,BAL,MIN,86.0,(13:13) 9-J.McCarthy pass incomplete short right to 33-A.Jones (14-K.Hamilton).,pass,0.0,false,false,short,right,-3.0,,,,false,false,false,false,false,false,,false,-0.647518418263644,false,-0.010115981101989746
2025_10_BAL_MIN,181,1,13:09,2,10,MIN,BAL,MIN,86.0,(13:09) (Shotgun) 33-A.Jones up the middle to MIN 18 for 4 yards (98-T.Jones).,run,4.0,true,false,,,,,middle,,false,false,false,false,false,false,,false,-0.5028559667989612,false,-0.009147346019744873
2025_10_BAL_MIN,203,1,12:30,3,6,MIN,BAL,MIN,82.0,(12:30) (Shotgun) 9-J.McCarthy pass short right to 18-J.Jefferson pushed ob at MIN 28 for 10 yards (44-M.Humphrey) [14-K.Hamilton].,pass,10.0,true,false,short,right,6.0,4.0,,,true,true,false,false,false,false,,false,1.9907098594121635,true,0.03528761863708496
2025_10_BAL_MIN,233,1,11:56,1,10,MIN,BAL,MIN,72.0,(11:56) 33-A.Jones up the middle to MIN 30 for 2 yards (98-T.Jones).,run,2.0,false,false,,,,,middle,,false,false,false,false,false,false,,false,-0.4532489413395524,false,-0.012654423713684082
2025_10_BAL_MIN,255,1,11:16,2,8,MIN,BAL,MIN,70.0,(11:16) (Shotgun) 9-J.McCarthy pass short right to 33-A.Jones ran ob at MIN 34 for 4 yards.,pass,4.0,true,false,short,right,4.0,0.0,,,true,false,false,false,false,false,,false,-0.24507165933027864,false,0.0017448663711547852
2025_10_BAL_MIN,285,1,10:40,3,4,MIN,BAL,MIN,66.0,(10:40) (Shotgun) 9-J.McCarthy pass deep left to 1-J.Nailor to BAL 4 for 62 yards (12-A.Gilman).,pass,62.0,true,false,deep,left,25.0,37.0,,,true,true,false,false,false,false,,false,5.0069325942895375,true,0.11675721406936646
2025_10_BAL_MIN,310,1,09:50,1,4,MIN,BAL,BAL,4.0,"(9:50) 33-A.Jones left tackle for 4 yards, TOUCHDOWN.",run,4.0,false,false,,,,,left,tackle,false,true,false,false,false,false,,true,0.8177533322595991,true,0.02911159776296257
2025_10_BAL_MIN,322,1,09:50,,0,,,,,"Timeout #1 by MIN at 09:50.",no_play,0.0,false,false,,,,,,,false,false,false,false,false,false,,false,0.0,false,0.0
2025_10_BAL_MIN,340,1,09:46,,0,MIN,BAL,BAL,15.0,"16-W.Reichard extra point is GOOD, Center-42-A.DePaola, Holder-17-R.Wright.",extra_point,0.0,false,false,,,,,,,false,false,false,false,false,false,,false,0.05117156607063911,true,0.0011927149430310813
2025_10_BAL_MIN,355,1,09:46,,0,BAL,MIN,MIN,35.0,16-W.Reichard kicks 57 yards from MIN 35 to BAL 8. 34-K.Mitchell to BAL 32 for 24 yards (37-T.Thomas).,kickoff,0.0,false,false,,,,,,,false,false,false,false,false,false,,false,0.46866762614808977,true,0.004855737090110779
2025_10_BAL_MIN,385,1,09:42,1,10,BAL,MIN,BAL,68.0,(9:42) (Shotgun) 22-D.Henry left guard to BAL 36 for 4 yards (58-J.Greenard).,run,4.0,true,false,,,,,left,guard,false,false,false,false,false,false,,false,-0.1276726892683655,false,0.003980591893196106
2025_10_BAL_MIN,407,1,09:03,2,6,BAL,MIN,BAL,64.0,(9:03) (Shotgun) 22-D.Henry up the middle to BAL 38 for 2 yards (61-J.Redmond; 0-I.Pace).,run,2.0,true,false,,,,,middle,,false,false,false,false,false,false,,false,-0.6793745635077357,false,-0.016652867197990417
2025_10_BAL_MIN,429,1,08:25,3,4,BAL,MIN,BAL,62.0,(8:25) (Shotgun) 8-L.Jackson pass short left to 89-M.Andrews to BAL 44 for 6 yards (22-H.Smith).,pass,6.0,true,false,short,left,3.0,3.0,,,true,true,false,false,false,false,,false,1.4299830023664981,true,0.0362539142370224
2025_10_BAL_MIN,454,1,07:48,1,10,BAL,MIN,BAL,56.0,(7:48) 8-L.Jackson pass deep right to 4-Z.Flowers to MIN 40 for 16 yards (22-H.Smith) [0-I.Pace].,pass,16.0,false,false,deep,right,16.0,0.0,,,true,true,false,false,false,false,,false,1.0295083890669048,true,0.002927154302597046
2025_10_BAL_MIN,479,1,07:10,1,10,BAL,MIN,MIN,40.0,(7:10) (Shotgun) 22-D.Henry left end to MIN 39 for 1 yard (61-J.Redmond; 51-B.Cashman).,run,1.0,true,false,,,,,left,end,false,false,false,false,false,false,,false,-0.6365536116063595,false,-0.013185948133468628
2025_10_BAL_MIN,501,1,06:30,2,9,BAL,MIN,MIN,39.0,(6:30) (Shotgun) 8-L.Jackson pass short right to 10-D.Hopkins ran ob at MIN 32 for 7 yards (23-F.Moreau).,pass,7.0,true,false,short,right,7.0,0.0,,,true,false,false,false,false,false,,false,0.4611402612645179,true,0.011790424585342407
2025_10_BAL_MIN,531,1,05:55,3,2,BAL,MIN,MIN,32.0,(5:55) (Shotgun) 22-D.Henry up the middle to MIN 29 for 3 yards (43-A.Van Ginkel).,run,3.0,true,false,,,,,middle,,false,true,false,false,false,false,,false,0.866236275061965,true,0.02961874008178711
2025_10_BAL_MIN,558,1,05:16,1,10,BAL,MIN,MIN,29.0,(5:16) (Shotgun) 8-L.Jackson pass short right to 22-D.Henry to MIN 26 for 3 yards (7-B.Murphy).,pass,3.0,true,false,short,right,-1.0,4.0,,,true,false,false,false,false,false,,false,-0.20918524323496968,false,-0.0009265244007110596
2025_10_BAL_MIN,583,1,04:38,2,7,BAL,MIN,MIN,26.0,(4:38) (Shotgun) 8-L.Jackson pass incomplete deep middle to 89-M.Andrews.,pass,0.0,true,false,deep,middle,19.0,,,,false,false,false,false,false,false,,false,-0.6747570487204939,false,-0.01981806755065918
2025_10_BAL_MIN,606,1,04:33,3,7,BAL,MIN,MIN,26.0,(4:33) (Shotgun) 8-L.Jackson pass incomplete short middle to 80-I.Likely.,pass,0.0,true,false,short,middle,5.0,,,,false,false,false,false,false,false,,false,-1.4848451075840998,false,-0.036748453974723816
2025_10_BAL_MIN,629,1,04:29,4,7,BAL,MIN,MIN,26.0,"(4:29) 33-T.Loop 44 yard field goal is GOOD, Center-46-N.Moore, Holder-11-J.Stout.",field_goal,0.0,false,false,,,,,,,false,false,false,false,false,false,,false,1.0785432621369395,true,0.02566961944103241
2025_10_BAL_MIN,654,1,04:25,,0,MIN,BAL,BAL,35.0,33-T.Loop kicks 66 yards from BAL 35 to MIN -1. 4-M.Price to MIN 29 for 30 yards (49-J.Higgins).,kickoff,0.0,false,false,,,,,,,false,false,false,false,false,false,,false,0.26419461984187365,true,0.0054416656494140625
2025_10_BAL_MIN,684,1,04:20,1,10,MIN,BAL,MIN,71.0,(4:20) 33-A.Jones right tackle to MIN 32 for 3 yards (0-R.Smith; 91-B.Okoye).,run,3.0,false,false,,,,,right,tackle,false,false,false,false,false,false,,false,-0.3267933551687747,false,-0.0018955469131469727
2025_10_BAL_MIN,706,1,03:39,2,7,MIN,BAL,MIN,68.0,(3:39) (Shotgun) 33-A.Jones right guard to MIN 27 for -5 yards (45-M.Green).,run,-5.0,true,false,,,,,right,guard,false,false,false,false,false,false,,false,-1.7137697087600827,false,-0.044107794761657715
2025_10_BAL_MIN,728,1,03:07,3,12,MIN,BAL,MIN,73.0,(3:07) (Shotgun) 9-J.McCarthy right end to MIN 37 for 10 yards (14-K.Hamilton; 32-T.Simpson).,run,10.0,true,false,,,,,right,end,false,false,false,false,false,false,,false,-0.10073465574532747,false,0.022089362144470215
2025_10_BAL_MIN,753,1,02:14,4,2,MIN,BAL,MIN,63.0,"(2:14) 17-R.Wright punts 48 yards to BAL 15, Center-42-A.DePaola, fair catch by 83-L.Wester.",punt,0.0,false,false,,,,,,,false,false,false,false,false,false,,false,-0.47518072719685733,false,-0.008087247610092163
2025_10_BAL_MIN,773,1,02:06,1,10,BAL,MIN,BAL,85.0,(2:06) 22-D.Henry right tackle to BAL 19 for 4 yards (61-J.Redmond).,run,4.0,false,false,,,,,right,tackle,false,false,false,false,false,false,,false,-0.2329400754533708,false,0.00042682886123657227
2025_10_BAL_MIN,807,1,01:25,2,6,BAL,MIN,BAL,81.0,"(1:25) PENALTY on BAL-72-A.Vorhees, False Start, 5 yards, enforced at BAL 19 - No Play.",no_play,0.0,false,false,,,,,,,false,false,false,false,false,true,5.0,false,-0.8490408798679709,false,-0.024129658937454224
2025_10_BAL_MIN,831,1,01:10,2,11,BAL,MIN,BAL,86.0,(1:10) 8-L.Jackson pass short left to 22-D.Henry to BAL 12 for -2 yards (93-J.Allen).,pass,-2.0,false,false,short,left,-2.0,0.0,,,true,false,false,false,false,false,,false,-0.9629854043014348,false,-0.033661291003227234
2025_10_BAL_MIN,856,1,00:25,3,13,BAL,MIN,BAL,88.0,(:25) (Shotgun) 8-L.Jackson pass short left to 89-M.Andrews pushed ob at BAL 18 for 6 yards (44-J.Metellus).,pass,6.0,true,false,short,left,5.0,1.0,,,true,false,false,false,false,false,,false,-0.6307894932106137,false,-9.575486183166504e-05
2025_10_BAL_MIN,881,1,00:00,,0,BAL,MIN,,,END QUARTER 1,,,false,false,,,,,,,,,,,,,,,-0.0,false,-0.0
2025_10_BAL_MIN,906,2,15:00,4,7,BAL,MIN,BAL,82.0,"(15:00) 11-J.Stout punts 39 yards to MIN 43, Center-46-N.Moore, out of bounds.",punt,0.0,false,false,,,,,,,false,false,false,false,false,false,,false,-0.542919707717374,false,0.006954565644264221
2025_10_BAL_MIN,925,2,14:55,1,10,MIN,BAL,MIN,57.0,(14:55) 9-J.McCarthy pass incomplete deep right to 3-J.Addison (98-T.Jones).,pass,0.0,false,false,deep,right,24.0,,,,false,false,false,false,false,false,,false,-0.6186534613370895,false,-0.011893153190612793
2025_10_BAL_MIN,948,2,14:47,2,10,MIN,BAL,MIN,57.0,(14:47) (Shotgun) 9-J.McCarthy pass short left to 33-A.Jones pushed ob at MIN 49 for 6 yards (0-R.Smith).,pass,6.0,true,false,short,left,-5.0,11.0,,,true,false,false,false,false,false,,false,-0.16524916281923652,false,-0.0045427680015563965
2025_10_BAL_MIN,982,2,14:03,3,4,MIN,BAL,MIN,51.0,(14:03) (Shotgun) 9-J.McCarthy pass deep middle to 1-J.Nailor to BAL 33 for 18 yards (24-M.Starks) [98-T.Jones].,pass,18.0,true,false,deep,middle,16.0,2.0,,,true,true,false,false,false,false,,false,2.201297413907014,true,0.05056852102279663
2025_10_BAL_MIN,1007,2,13:18,1,10,MIN,BAL,BAL,33.0,(13:18) 27-J.Mason left end to BAL 34 for -1 yards (91-B.Okoye).,run,-1.0,false,false,,,,,left,end,false,false,false,false,false,false,,false,-0.9304280158830807,false,-0.012506842613220215
2025_10_BAL_MIN,1029,2,12:39,2,11,MIN,BAL,BAL,34.0,(12:39) (Shotgun) 9-J.McCarthy scrambles up the middle to BAL 31 for 3 yards (45-M.Green).,run,3.0,true,false,,,,,middle,,false,false,false,false,false,false,,false,-0.14048432523850352,false,-0.023671984672546387
2025_10_BAL_MIN,1051,2,11:55,3,8,MIN,BAL,BAL,31.0,"(11:55) (Shotgun) PENALTY on MIN-64-B.Brandel, False Start, 5 yards, enforced at BAL 31 - No Play.",no_play,0.0,true,false,,,,,,,false,false,false,false,false,true,5.0,false,-0.9978068926138803,false,-0.0039937496185302734
2025_10_BAL_MIN,1075,2,11:39,3,13,MIN,BAL,BAL,36.0,(11:39) (Shotgun) 9-J.McCarthy pass short right to 18-J.Jefferson to BAL 31 for 5 yards (24-M.Starks).,pass,5.0,true,false,short,right,0.0,5.0,,,true,false,false,false,false,false,,false,-0.15561678553031566,false,-0.022537410259246826
2025_10_BAL_MIN,1100,2,11:00,4,8,MIN,BAL,BAL,31.0,"(11:00) 16-W.Reichard 49 yard field goal is GOOD, Center-42-A.DePaola, Holder-17-R.Wright.",field_goal,0.0,false,false,,,,,,,false,false,false,false,false,false,,false,1.3708954079917985,true,0.03320696949958801
2025_10_BAL_MIN,1120,2,10:56,,0,BAL,MIN,MIN,35.0,16-W.Reichard kicks 65 yards from MIN 35 to BAL 0. 83-L.Wester to BAL 30 for 30 yards (0-I.Pace; 30-C.Ham).,kickoff,0.0,false,false,,,,,,,false,false,false,false,false,false,,false,0.23244136688299477,true,0.000254020094871521
2025_10_BAL_MIN,1150,2,10:51,1,10,BAL,MIN,BAL,70.0,(10:51) 8-L.Jackson scrambles up the middle to BAL 32 for 2 yards (61-J.Redmond).,run,2.0,false,false,,,,,middle,,false,false,false,false,false,false,,false,-0.45147657906636596,false,-0.009714141488075256
2025_10_BAL_MIN,1172,2,10:08,2,8,BAL,MIN,BAL,68.0,(10:08) (Shotgun) 22-D.Henry right tackle to BAL 35 for 3 yards (51-B.Cashman).,run,3.0,true,false,,,,,right,tackle,false,false,false,false,false,false,,false,-0.4939617128111422,false,0.009053677320480347
2025_10_BAL_MIN,1194,2,09:22,3,5,BAL,MIN,BAL,65.0,(9:22) (Shotgun) 8-L.Jackson pass incomplete short right to 10-D.Hopkins (43-A.Van Ginkel) [44-J.Metellus].,pass,0.0,true,false,short,right,-4.0,,,,false,false,false,false,false,false,,false,-1.3738895629066974,false,-0.029085591435432434
2025_10_BAL_MIN,1217,2,09:18,4,5,BAL,MIN,BAL,65.0,"(9:18) 11-J.Stout punts 49 yards to MIN 16, Center-46-N.Moore. 4-M.Price to MIN 16 for no gain (38-K.Martin).",punt,0.0,false,false,,,,,,,false,false,false,false,false,false,,false,-0.2386517769191414,false,0.006701454520225525
2025_10_BAL_MIN,1243,2,09:10,1,10,MIN,BAL,MIN,84.0,(9:10) 33-A.Jones right guard to MIN 22 for 6 yards (90-D.Ojabo; 0-R.Smith).,run,6.0,false,false,,,,,right,guard,false,false,false,false,false,false,,false,0.14489432983100414,true,0.0015506148338317871
2025_10_BAL_MIN,1272,2,08:43,2,4,MIN,BAL,MIN,78.0,(8:43) (No Huddle) 9-J.McCarthy pass short left to 18-J.Jefferson to MIN 33 for 11 yards (2-N.Wiggins).,pass,11.0,false,true,short,left,11.0,0.0,,,true,true,false,false,false,false,,false,0.847219628514722,true,0.03052234649658203
2025_10_BAL_MIN,1297,2,08:03,1,10,MIN,BAL,MIN,67.0,"(8:03) PENALTY on MIN-75-B.O'Neill, False Start, 5 yards, enforced at MIN 33 - No Play.",no_play,0.0,false,false,,,,,,,false,false,false,false,false,true,5.0,false,-0.6095551245380193,false,-0.021883606910705566
2025_10_BAL_MIN,1321,2,07:42,1,15,MIN,BAL,MIN,72.0,(7:42) (Shotgun) 9-J.McCarthy pass incomplete short middle to 3-J.Addison (91-B.Okoye) [41-D.Jones].,pass,0.0,true,false,short,middle,-4.0,,,,false,false,false,false,false,false,,false,-0.6212330679409206,false,-0.01062321662902832
2025_10_BAL_MIN,1344,2,07:37,2,15,MIN,BAL,MIN,72.0,(7:37) (Shotgun) 9-J.McCarthy pass short right to 19-A.Thielen to MIN 37 for 9 yards (53-K.Van Noy) [0-R.Smith].,pass,9.0,true,false,short,right,5.0,4.0,,,true,false,false,false,false,false,,false,0.26036476413719356,true,0.016427934169769287
2025_10_BAL_MIN,1369,2,06:54,3,6,MIN,BAL,MIN,63.0,"(6:54) (Shotgun) 9-J.McCarthy pass deep right intended for 18-J.Jefferson INTERCEPTED by 24-M.Starks at BAL 22. 24-M.Starks to BAL 46 for 24 yards (3-J.Addison). The Replay Official reviewed the runner was not down by contact ruling, and the play was REVERSED. (Shotgun) 9-J.McCarthy pass deep right intended for 18-J.Jefferson INTERCEPTED by 24-M.Starks at BAL 22. 24-M.Starks to BAL 22 for no gain (18-J.Jefferson).",pass,0.0,true,false,deep,right,41.0,,,,false,false,false,true,false,false,,false,-1.9098040468525141,false,-0.040902361273765564
2025_10_BAL_MIN,1396,2,06:47,1,10,BAL,MIN,BAL,78.0,(6:47) 22-D.Henry right tackle to BAL 25 for 3 yards (58-J.Greenard; 51-B.Cashman).,run,3.0,false,false,,,,,right,tackle,false,false,false,false,false,false,,false,-0.26630189805291593,false,-0.008587583899497986
2025_10_BAL_MIN,1425,2,06:06,2,7,BAL,MIN,BAL,75.0,(6:06) (Shotgun) 8-L.Jackson scrambles up the middle to BAL 33 for 8 yards (55-E.Wilson).,run,8.0,true,false,,,,,middle,,false,true,false,false,false,false,,false,0.9535605183336884,true,0.005513831973075867
2025_10_BAL_MIN,1479,2,05:23,1,10,BAL,MIN,BAL,67.0,"(5:23) (Shotgun) 8-L.Jackson sacked at BAL 32 for -1 yards (61-J.Redmond). PENALTY on MIN-7-B.Murphy, Illegal Use of Hands, 5 yards, enforced at BAL 33 - No Play.",no_play,0.0,true,false,,,,,,,false,true,false,false,false,true,5.0,false,0.2325578099116683,true,0.011538371443748474
2025_10_BAL_MIN,1510,2,05:01,1,10,BAL,MIN,BAL,62.0,(5:01) (Shotgun) 8-L.Jackson pass incomplete short right to 80-I.Likely.,pass,0.0,true,false,short,right,10.0,,,,false,false,false,false,false,false,,false,-0.5092978617176414,false,-0.014529779553413391
2025_10_BAL_MIN,1533,2,04:58,2,10,BAL,MIN,BAL,62.0,(4:58) (Shotgun) 22-D.Henry left end pushed ob at MIN 49 for 13 yards (44-J.Metellus).,run,13.0,true,false,,,,,left,end,false,true,false,false,false,false,,false,1.4109608754515648,true,0.03892140090465546
2025_10_BAL_MIN,1565,2,04:25,1,10,BAL,MIN,MIN,49.0,"(4:25) 34-K.Mitchell right end to MIN 40 for 9 yards (22-H.Smith). FUMBLES (22-H.Smith), ball out of bounds at MIN 40.",run,9.0,false,false,,,,,right,end,false,false,false,false,false,false,,false,0.5306490490329452,true,0.00801318883895874
2025_10_BAL_MIN,1596,2,03:47,2,1,BAL,MIN,MIN,40.0,(3:47) 34-K.Mitchell left guard to MIN 18 for 22 yards (22-H.Smith; 2-I.Rodgers).,run,22.0,false,false,,,,,left,guard,false,true,false,false,false,false,,false,1.2900944516295567,true,0.043110430240631104
2025_10_BAL_MIN,1618,2,03:04,1,10,BAL,MIN,MIN,18.0,"(3:04) 34-K.Mitchell left end to MIN 20 for -2 yards (55-E.Wilson, 15-D.Turner).",run,-2.0,false,false,,,,,left,end,false,false,false,false,false,false,,false,-1.0732502837781794,false,-0.026908278465270996
2025_10_BAL_MIN,1640,2,02:24,2,12,BAL,MIN,MIN,20.0,(2:24) (Shotgun) 8-L.Jackson pass short left to 4-Z.Flowers to MIN 10 for 10 yards (2-I.Rodgers).,pass,10.0,true,false,short,left,-3.0,13.0,,,true,false,false,false,false,false,,false,0.9473443032475188,true,0.043723493814468384
2025_10_BAL_MIN,1665,2,02:00,3,2,BAL,MIN,MIN,10.0,(2:00) 22-D.Henry left tackle to MIN 10 for no gain (55-E.Wilson; 51-B.Cashman).,run,0.0,false,false,,,,,left,tackle,false,false,false,false,false,false,,false,-1.7064731711669747,false,-0.04881146550178528
2025_10_BAL_MIN,1694,2,01:14,4,2,BAL,MIN,MIN,10.0,"(1:14) 33-T.Loop 28 yard field goal is GOOD, Center-46-N.Moore, Holder-11-J.Stout.",field_goal,0.0,false,false,,,,,,,false,false,false,false,false,false,,false,0.07765350087163192,true,-0.03334534168243408
2025_10_BAL_MIN,1706,2,01:14,,0,,,,,"Timeout #1 by BAL at 01:14.",no_play,0.0,false,false,,,,,,,false,false,false,false,false,false,,false,-0.0,false,-0.0
2025_10_BAL_MIN,1721,2,01:11,,0,MIN,BAL,BAL,35.0,"33-T.Loop kicks 65 yards from BAL 35 to end zone, Touchback to the MIN 35.",kickoff,0.0,false,false,,,,,,,false,false,false,false,false,false,,false,0.2832126667490229,true,0.017771422863006592
2025_10_BAL_MIN,1745,2,01:11,1,10,MIN,BAL,MIN,65.0,(1:11) (Shotgun) 9-J.McCarthy pass short right to 3-J.Addison to MIN 40 for 5 yards (2-N.Wiggins).,pass,5.0,true,false,short,right,5.0,0.0,,,true,false,false,false,false,false,,false,0.0648307369556278,true,0.006451964378356934
2025_10_BAL_MIN,1770,2,00:50,2,5,MIN,BAL,MIN,60.0,"(:50) (No Huddle, Shotgun) 9-J.McCarthy pass incomplete deep left to 3-J.Addison.",pass,0.0,true,true,deep,left,21.0,,,,false,false,false,false,false,false,,false,-0.4955182691337541,false,-0.018362045288085938
2025_10_BAL_MIN,1793,2,00:46,3,5,MIN,BAL,MIN,60.0,(:46) (Shotgun) 9-J.McCarthy pass incomplete short right [58-T.Bryan].,pass,0.0,true,false,short,right,3.0,,,,false,false,false,false,false,false,,false,-0.9581896077143028,false,-0.024091660976409912
2025_10_BAL_MIN,1816,2,00:40,4,5,MIN,BAL,MIN,60.0,"(:40) 17-R.Wright punts 54 yards to BAL 6, Center-42-A.DePaola. 83-L.Wester to BAL 25 for 19 yards (96-T.Batty).",punt,0.0,false,false,,,,,,,false,false,false,false,false,false,,false,-0.4889279651688412,false,-0.024121850728988647
2025_10_BAL_MIN,1842,2,00:30,1,10,BAL,MIN,BAL,75.0,(:30) (Shotgun) 8-L.Jackson pass short middle to 43-J.Hill to BAL 37 for 12 yards (51-B.Cashman; 43-A.Van Ginkel).,pass,12.0,true,false,short,middle,4.0,8.0,,,true,true,false,false,false,false,,false,0.2958291845279746,true,-0.002736002206802368
2025_10_BAL_MIN,1872,2,00:24,1,10,BAL,MIN,BAL,63.0,(:24) (Shotgun) 8-L.Jackson pass short left to 80-I.Likely pushed ob at BAL 48 for 11 yards (23-F.Moreau).,pass,11.0,true,false,short,left,5.0,6.0,,,true,true,false,false,false,false,,false,0.5259018830838613,true,0.01099511981010437
2025_10_BAL_MIN,1884,2,00:24,,0,,,,,"Timeout #2 by BAL at 00:24.",no_play,0.0,false,false,,,,,,,false,false,false,false,false,false,,false,-0.0,false,-0.0
2025_10_BAL_MIN,1909,2,00:19,1,10,BAL,MIN,BAL,52.0,(:19) (Shotgun) 8-L.Jackson pass short left to 4-Z.Flowers ran ob at MIN 25 for 27 yards (55-E.Wilson).,pass,27.0,true,false,short,left,15.0,12.0,,,true,true,false,false,false,false,,false,1.1416409321827814,true,0.08525428175926208
2025_10_BAL_MIN,1939,2,00:10,1,10,BAL,MIN,MIN,25.0,"(:10) (Shotgun) 8-L.Jackson sacked at MIN 35 for -10 yards (15-D.Turner). PENALTY on MIN-15-D.Turner, Roughing the Passer, 13 yards, enforced at MIN 25 - No Play.",no_play,0.0,true,false,,,,,,,false,true,false,false,false,true,13.0,false,0.4005037274841867,true,0.02563205361366272
2025_10_BAL_MIN,1951,2,00:10,,0,,,,,"Timeout #2 by MIN at 00:10.",no_play,0.0,false,false,,,,,,,false,false,false,false,false,false,,false,-0.0,false,-0.0
2025_10_BAL_MIN,1977,2,00:05,1,10,BAL,MIN,MIN,12.0,"(:05) 33-T.Loop 30 yard field goal is GOOD, Center-46-N.Moore, Holder-11-J.Stout.",field_goal,0.0,false,false,,,,,,,false,false,false,false,false,false,,false,0.08957855439030604,true,-0.10688909888267517
2025_10_BAL_MIN,1997,2,00:02,,0,MIN,BAL,BAL,35.0,33-T.Loop kicks 64 yards from BAL 35 to MIN 1. 4-M.Price to MIN 26 for 25 yards (16-T.Wallace).,kickoff,0.0,false,false,,,,,,,false,false,false,false,false,false,,false,-0.09279370936565101,false,-0.05979788303375244
2025_10_BAL_MIN,2020,2,00:00,,0,,,,,END QUARTER 2,,,false,false,,,,,,,,,,,,,,,,,0.0
2025_10_BAL_MIN,2041,3,15:00,,0,MIN,BAL,BAL,35.0,33-T.Loop kicks 63 yards from BAL 35 to MIN 2. 4-M.Price to MIN 24 for 22 yards (40-T.Buchanan).,kickoff,0.0,false,false,,,,,,,false,false,false,false,false,false,,false,-0.30823750514537096,false,0.0
2025_10_BAL_MIN,2064,3,14:55,1,10,MIN,BAL,MIN,76.0,(14:55) 33-A.Jones up the middle to MIN 41 for 17 yards (24-M.Starks; 44-M.Humphrey).,run,17.0,false,false,,,,,middle,,false,true,false,false,false,false,,false,1.2031083728652447,true,0.02478700876235962
2025_10_BAL_MIN,2086,3,14:17,1,10,MIN,BAL,MIN,59.0,(14:17) 33-A.Jones left end to MIN 46 for 5 yards (2-N.Wiggins).,run,5.0,false,false,,,,,left,end,false,false,false,false,false,false,,false,0.07047196966595948,true,-0.0021921396255493164
2025_10_BAL_MIN,2108,3,13:38,2,5,MIN,BAL,MIN,54.0,(13:38) 9-J.McCarthy pass short left to 3-J.Addison pushed ob at 50 for 4 yards (40-T.Buchanan).,pass,4.0,false,false,short,left,2.0,2.0,,,true,false,false,false,false,false,,false,0.10024557309225202,true,0.0139121413230896
2025_10_BAL_MIN,2138,3,12:55,3,1,MIN,BAL,50,50.0,(12:55) 9-J.McCarthy pass deep middle intended for 18-J.Jefferson INTERCEPTED by 44-M.Humphrey at BAL 2. 44-M.Humphrey ran ob at BAL 29 for 27 yards (74-D.Jackson; 33-A.Jones).,pass,0.0,false,false,deep,middle,48.0,,,,false,false,false,true,false,false,,false,-4.301973065827042,false,-0.10852012038230896
2025_10_BAL_MIN,2170,3,12:41,1,10,BAL,MIN,BAL,71.0,"(12:41) 8-L.Jackson pass incomplete deep right to 80-I.Likely. PENALTY on MIN-22-H.Smith, Defensive Pass Interference, 22 yards, enforced at BAL 29 - No Play.",no_play,0.0,false,false,,,,,,,false,true,false,false,false,true,22.0,false,1.3821475983131677,true,0.05067780613899231
2025_10_BAL_MIN,2211,3,12:35,1,10,BAL,MIN,MIN,49.0,(12:35) (Shotgun) 8-L.Jackson pass short left to 4-Z.Flowers pushed ob at MIN 27 for 22 yards (2-I.Rodgers).,pass,22.0,true,false,short,left,4.0,18.0,,,true,true,false,false,false,false,,false,1.5736593574984,true,0.0750231146812439
2025_10_BAL_MIN,2241,3,11:54,1,10,BAL,MIN,MIN,27.0,(11:54) 8-L.Jackson pass short right to 88-C.Kolar to MIN 4 for 23 yards (22-H.Smith; 43-A.Van Ginkel).,pass,23.0,false,false,short,right,5.0,18.0,,,true,true,false,false,false,false,,false,1.6143716156948358,true,0.05338829755783081
2025_10_BAL_MIN,2266,3,11:12,1,4,BAL,MIN,MIN,4.0,(11:12) 22-D.Henry right guard to MIN 4 for no gain (61-J.Redmond).,run,0.0,false,false,,,,,right,guard,false,false,false,false,false,false,,false,-0.4030053961323574,false,-0.008205294609069824
2025_10_BAL_MIN,2288,3,10:38,2,4,BAL,MIN,MIN,4.0,(10:38) 8-L.Jackson pass incomplete short right [43-A.Van Ginkel].,pass,0.0,false,false,short,right,4.0,,,,false,false,false,false,false,false,,false,-1.027209504158236,false,-0.023678481578826904
2025_10_BAL_MIN,2311,3,10:29,3,4,BAL,MIN,MIN,4.0,(10:29) (Shotgun) 8-L.Jackson pass incomplete short right to 10-D.Hopkins.,pass,0.0,true,false,short,right,4.0,,,,false,false,false,false,false,false,,false,-1.5538265634025166,false,-0.05979716777801514
2025_10_BAL_MIN,2334,3,10:22,4,4,BAL,MIN,MIN,4.0,"(10:22) 33-T.Loop 22 yard field goal is GOOD, Center-46-N.Moore, Holder-11-J.Stout.",field_goal,0.0,false,false,,,,,,,false,false,false,false,false,false,,false,0.018762220854377176,true,-0.029646307229995728
2025_10_BAL_MIN,2354,3,10:19,,0,MIN,BAL,BAL,35.0,"33-T.Loop kicks 65 yards from BAL 35 to MIN 0. 4-M.Price to MIN 23 for 23 yards (39-K.Jackson; 32-T.Simpson). FUMBLES (39-K.Jackson), RECOVERED by BAL-39-K.Jackson at MIN 23.",kickoff,0.0,false,false,,,,,,,false,false,false,false,true,false,,false,-6.249609168036841,false,-0.17864099144935608
2025_10_BAL_MIN,2400,3,10:13,1,10,BAL,MIN,MIN,23.0,(10:13) 8-L.Jackson scrambles right tackle to MIN 18 for 5 yards (61-J.Redmond).,run,5.0,false,false,,,,,right,tackle,false,false,false,false,false,false,,false,0.14876420458313078,true,0.014554321765899658
2025_10_BAL_MIN,2422,3,09:29,2,5,BAL,MIN,MIN,18.0,(9:29) (Shotgun) 8-L.Jackson right end pushed ob at MIN 14 for 4 yards (7-B.Murphy). MIN-58-J.Greenard was injured during the play.,run,4.0,true,false,,,,,right,end,false,false,false,false,false,false,,false,0.07656961842440069,true,0.012559711933135986
2025_10_BAL_MIN,2447,3,09:10,3,1,BAL,MIN,MIN,14.0,(9:10) Direct snap to 89-M.Andrews. 8-L.Jackson right end ran ob at MIN 11 for 3 yards (22-H.Smith).,run,3.0,false,false,,,,,right,end,false,true,false,false,false,false,,false,0.38495464820880443,true,0.007924139499664307
2025_10_BAL_MIN,2488,3,08:39,1,10,BAL,MIN,MIN,11.0,(8:39) (Shotgun) 8-L.Jackson pass incomplete short right to 7-R.Bateman.,pass,0.0,true,false,short,right,11.0,,,,false,false,false,false,false,false,,false,-0.48508188512641937,false,-0.012650668621063232
2025_10_BAL_MIN,2511,3,08:35,2,10,BAL,MIN,MIN,11.0,(8:35) (Shotgun) 8-L.Jackson pass short right to 7-R.Bateman to MIN 1 for 10 yards (2-I.Rodgers).,pass,10.0,true,false,short,right,4.0,6.0,,,true,true,false,false,false,false,,false,1.77742648369167,true,0.051108479499816895
2025_10_BAL_MIN,2536,3,08:09,1,1,BAL,MIN,MIN,1.0,"(8:09) (No Huddle, Shotgun) 43-J.Hill up the middle for 1 yard, TOUCHDOWN.",run,1.0,true,true,,,,,middle,,false,true,false,false,false,false,,true,0.5270414341939613,true,0.02246184788354688
2025_10_BAL_MIN,2559,3,08:02,,0,BAL,MIN,MIN,15.0,"33-T.Loop extra point is GOOD, Center-46-N.Moore, Holder-11-J.Stout.",extra_point,0.0,false,false,,,,,,,false,false,false,false,false,false,,false,0.05117156607063911,true,0.0013206139980906917
2025_10_BAL_MIN,2574,3,08:02,,0,MIN,BAL,BAL,35.0,"33-T.Loop kicks 65 yards from BAL 35 to MIN 0. 4-M.Price to MIN 27 for 27 yards (40-T.Buchanan; 16-T.Wallace). FUMBLES (40-T.Buchanan), touched at MIN 28, recovered by MIN-85-B.Yurosek at MIN 33.",kickoff,0.0,false,false,,,,,,,false,false,false,false,false,false,,false,0.4555418877862394,true,0.011043623089790344
2025_10_BAL_MIN,2625,3,07:50,1,10,MIN,BAL,MIN,67.0,(7:50) 27-J.Mason right tackle to MIN 46 for 13 yards (0-R.Smith; 44-M.Humphrey).,run,13.0,false,false,,,,,right,tackle,false,true,false,false,false,false,,false,0.815447696018964,true,0.023370936512947083
2025_10_BAL_MIN,2647,3,07:17,1,10,MIN,BAL,MIN,54.0,"(7:17) PENALTY on MIN-85-B.Yurosek, False Start, 5 yards, enforced at MIN 46 - No Play.",no_play,0.0,false,false,,,,,,,false,false,false,false,false,true,5.0,false,-0.6893278793431818,false,-0.018252477049827576
2025_10_BAL_MIN,2671,3,06:59,1,15,MIN,BAL,MIN,59.0,(6:59) (Shotgun) 9-J.McCarthy pass short middle to 19-A.Thielen to MIN 48 for 7 yards (0-R.Smith).,pass,7.0,true,false,short,middle,4.0,3.0,,,true,false,false,false,false,false,,false,0.18773008533753455,true,-0.001803472638130188
2025_10_BAL_MIN,2696,3,06:35,2,8,MIN,BAL,MIN,52.0,"(6:35) (No Huddle, Shotgun) 9-J.McCarthy pass short right to 27-J.Mason to BAL 46 for 6 yards (44-M.Humphrey).",pass,6.0,true,true,short,right,-4.0,10.0,,,true,false,false,false,false,false,,false,0.16857586544938385,true,0.009204819798469543
2025_10_BAL_MIN,2721,3,05:53,3,2,MIN,BAL,BAL,46.0,(5:53) 9-J.McCarthy pass incomplete short left to 19-A.Thielen (14-K.Hamilton).,pass,0.0,false,false,short,left,2.0,,,,false,false,false,false,false,false,,false,-1.8512206061277539,false,-0.05350126326084137
2025_10_BAL_MIN,2744,3,05:50,4,2,MIN,BAL,BAL,46.0,"(5:50) (Shotgun) 9-J.McCarthy pass incomplete short middle to 3-J.Addison (3-C.Awuzie). PENALTY on MIN-19-A.Thielen, Illegal Blindside Block, 15 yards, enforced at BAL 46.",pass,0.0,true,false,short,middle,14.0,,,,false,false,false,false,false,true,15.0,false,-4.257221932522953,false,-0.06727594137191772
2025_10_BAL_MIN,2778,3,05:44,1,10,BAL,MIN,MIN,38.0,(5:44) (Shotgun) 8-L.Jackson pass incomplete short left to 89-M.Andrews (15-D.Turner).,pass,0.0,true,false,short,left,4.0,,,,false,false,false,false,false,false,,false,-0.6090510794892907,false,-0.005374014377593994
2025_10_BAL_MIN,2802,3,05:41,2,10,BAL,MIN,MIN,38.0,(5:41) (Shotgun) 22-D.Henry right guard to MIN 38 for no gain (61-J.Redmond).,run,0.0,true,false,,,,,right,guard,false,false,false,false,false,false,,false,-0.9164131814613938,false,-0.02131474018096924
2025_10_BAL_MIN,2824,3,05:03,3,10,BAL,MIN,MIN,38.0,(5:03) (Shotgun) 8-L.Jackson pass incomplete short right to 4-Z.Flowers.,pass,0.0,true,false,short,right,-3.0,,,,false,false,false,false,false,false,,false,-1.003548434439395,false,-0.020197927951812744
2025_10_BAL_MIN,2847,3,05:00,4,10,BAL,MIN,MIN,38.0,"(5:00) 33-T.Loop 56 yard field goal is No Good, Wide Left, Center-46-N.Moore, Holder-11-J.Stout.",field_goal,0.0,false,false,,,,,,,false,false,false,false,false,false,,false,-3.9098170274241824,false,-0.08685725927352905
2025_10_BAL_MIN,2868,3,04:55,1,10,MIN,BAL,MIN,54.0,(4:55) 9-J.McCarthy pass short right to 33-A.Jones to BAL 42 for 12 yards (40-T.Buchanan).,pass,12.0,false,false,short,right,-1.0,13.0,,,true,true,false,false,false,false,,false,0.5803428892977536,true,0.0010366737842559814
2025_10_BAL_MIN,2900,3,04:14,1,10,MIN,BAL,BAL,42.0,(4:14) 33-A.Jones right end to BAL 31 for 11 yards (0-R.Smith).,run,11.0,false,false,,,,,right,end,false,true,false,false,false,false,,false,0.7034306765999645,true,0.02777916193008423
2025_10_BAL_MIN,2922,3,03:34,1,10,MIN,BAL,BAL,31.0,(3:34) 9-J.McCarthy pass short left to 18-J.Jefferson pushed ob at BAL 20 for 11 yards (2-N.Wiggins).,pass,11.0,false,false,short,left,0.0,11.0,,,true,true,false,false,false,false,,false,0.7213797314325348,true,0.028738349676132202
2025_10_BAL_MIN,2952,3,02:55,1,10,MIN,BAL,BAL,20.0,"(2:55) PENALTY on MIN-71-C.Darrisaw, False Start, 5 yards, enforced at BAL 20 - No Play.",no_play,0.0,false,false,,,,,,,false,false,false,false,false,true,5.0,false,-0.7561500197043642,false,-0.015908241271972656
2025_10_BAL_MIN,2976,3,02:34,1,15,MIN,BAL,BAL,25.0,(2:34) (Shotgun) 9-J.McCarthy pass incomplete short left to 33-A.Jones.,pass,0.0,true,false,short,left,-6.0,,,,false,false,false,false,false,false,,false,-0.5285087218508124,false,-0.01913309097290039
2025_10_BAL_MIN,3004,3,02:31,2,15,MIN,BAL,BAL,25.0,(2:31) (Shotgun) 9-J.McCarthy pass incomplete deep middle to 18-J.Jefferson (12-A.Gilman).,pass,0.0,true,false,deep,middle,25.0,,,,false,false,false,false,false,false,,false,-0.7242125835036859,false,-0.030466750264167786
2025_10_BAL_MIN,3027,3,02:26,3,15,MIN,BAL,BAL,25.0,(2:26) (Shotgun) 9-J.McCarthy pass incomplete deep left to 18-J.Jefferson.,pass,0.0,true,false,deep,left,25.0,,,,false,false,false,false,false,false,,false,-1.0107742588636373,false,-0.05521091818809509
2025_10_BAL_MIN,3050,3,02:20,4,15,MIN,BAL,BAL,25.0,"(2:20) 16-W.Reichard 43 yard field goal is GOOD, Center-42-A.DePaola, Holder-17-R.Wright.",field_goal,0.0,false,false,,,,,,,false,false,false,false,false,false,,false,1.051181362932073,true,0.039850518107414246
2025_10_BAL_MIN,3070,3,02:16,,0,BAL,MIN,MIN,35.0,16-W.Reichard kicks 61 yards from MIN 35 to BAL 4. 83-L.Wester to BAL 33 for 29 yards (30-C.Ham).,kickoff,0.0,false,false,,,,,,,false,false,false,false,false,false,,false,0.4452688447199762,true,0.016934990882873535
2025_10_BAL_MIN,3093,3,02:10,1,10,BAL,MIN,BAL,67.0,(2:10) 8-L.Jackson pass short right to 22-D.Henry to BAL 41 for 8 yards (44-J.Metellus; 51-B.Cashman).,pass,8.0,false,false,short,right,1.0,7.0,,,true,false,false,false,false,false,,false,0.4920415123924613,true,0.027501285076141357
2025_10_BAL_MIN,3118,3,01:29,2,2,BAL,MIN,BAL,59.0,(1:29) 22-D.Henry right tackle to MIN 45 for 14 yards (22-H.Smith).,run,14.0,false,false,,,,,right,tackle,false,true,false,false,false,false,,false,0.95642423001118,true,0.004336714744567871
2025_10_BAL_MIN,3140,3,00:48,1,10,BAL,MIN,MIN,45.0,(:48) 8-L.Jackson pass short middle to 10-D.Hopkins to MIN 36 for 9 yards (0-I.Pace; 51-B.Cashman).,pass,9.0,false,false,short,middle,6.0,3.0,,,true,false,false,false,false,false,,false,0.678211338352412,true,0.03208732604980469
2025_10_BAL_MIN,3169,3,00:10,2,1,BAL,MIN,MIN,36.0,(:10) 22-D.Henry up the middle to MIN 31 for 5 yards (93-J.Allen).,run,5.0,false,false,,,,,middle,,false,true,false,false,false,false,,false,0.2751604648074135,true,-0.003822147846221924
2025_10_BAL_MIN,3191,3,00:00,,0,BAL,MIN,,,END QUARTER 3,,,false,false,,,,,,,,,,,,,,,-0.0,false,-0.0
2025_10_BAL_MIN,3211,4,15:00,1,10,BAL,MIN,MIN,31.0,(15:00) (Shotgun) 22-D.Henry up the middle to MIN 23 for 8 yards (24-J.Ward; 51-B.Cashman).,run,8.0,true,false,,,,,middle,,false,false,false,false,false,false,,false,0.5711846045451239,true,0.017784059047698975
2025_10_BAL_MIN,3233,4,14:13,2,2,BAL,MIN,MIN,23.0,(14:13) 22-D.Henry right end to MIN 22 for 1 yard (51-B.Cashman).,run,1.0,false,false,,,,,right,end,false,false,false,false,false,false,,false,-0.36155201168730855,false,0.005210518836975098
2025_10_BAL_MIN,3255,4,13:32,3,1,BAL,MIN,MIN,22.0,(13:32) 22-D.Henry right end to MIN 17 for 5 yards (7-B.Murphy).,run,5.0,false,false,,,,,right,end,false,true,false,false,false,false,,false,0.7432900685817003,true,0.010775983333587646
2025_10_BAL_MIN,3277,4,12:50,1,10,BAL,MIN,MIN,17.0,(12:50) 22-D.Henry right end to MIN 11 for 6 yards (99-E.Williams).,run,6.0,false,false,,,,,right,end,false,false,false,false,false,false,,false,0.12477839516941458,true,2.3663043975830078e-05
2025_10_BAL_MIN,3299,4,12:13,2,4,BAL,MIN,MIN,11.0,(12:13) 34-K.Mitchell right end to MIN 9 for 2 yards (7-B.Murphy).,run,2.0,false,false,,,,,right,end,false,false,false,false,false,false,,false,-0.41976662760134786,false,0.004261195659637451
2025_10_BAL_MIN,3321,4,11:30,3,2,BAL,MIN,MIN,9.0,(11:30) (Shotgun) 8-L.Jackson left end to MIN 2 for 7 yards (2-I.Rodgers).,run,7.0,true,false,,,,,left,end,false,true,false,false,false,false,,false,1.6076500857598148,true,0.013638436794281006
2025_10_BAL_MIN,3333,4,11:30,,0,,,,,"Timeout #1 by BAL at 11:30.",no_play,0.0,false,false,,,,,,,false,false,false,false,false,false,,false,-0.0,false,-0.0
2025_10_BAL_MIN,3350,4,10:44,1,2,BAL,MIN,MIN,2.0,"(10:44) (Shotgun) 8-L.Jackson pass short right to 89-M.Andrews for 2 yards, TOUCHDOWN.",pass,2.0,true,false,short,right,2.0,0.0,,,true,true,false,false,false,false,,true,0.7372766896733083,true,0.03921994976885612
2025_10_BAL_MIN,3376,4,10:40,,0,BAL,MIN,MIN,2.0,TWO-POINT CONVERSION ATTEMPT. 8-L.Jackson pass to 7-R.Bateman is complete. ATTEMPT SUCCEEDS.,pass,2.0,false,false,,,,,,,false,false,false,false,false,false,,false,1.053,true,0.014237321538850711
2025_10_BAL_MIN,3389,4,10:40,,0,MIN,BAL,BAL,35.0,33-T.Loop kicks 62 yards from BAL 35 to MIN 3. 4-M.Price pushed ob at MIN 29 for 26 yards (49-J.Higgins).,kickoff,0.0,false,false,,,,,,,false,false,false,false,false,false,,false,0.2276572419796139,true,0.004395153373479843
2025_10_BAL_MIN,3424,4,10:35,1,10,MIN,BAL,MIN,71.0,(10:35) 27-J.Mason right tackle to MIN 41 for 12 yards (12-A.Gilman; 2-N.Wiggins).,run,12.0,false,false,,,,,right,tackle,false,true,false,false,false,false,,false,0.5607789899222553,true,0.0056315138936042786
2025_10_BAL_MIN,3446,4,09:57,1,10,MIN,BAL,MIN,59.0,"(9:57) PENALTY on MIN-18-J.Jefferson, False Start, 5 yards, enforced at MIN 41 - No Play.",no_play,0.0,false,false,,,,,,,false,false,false,false,false,true,5.0,false,-0.5006073389668018,false,-0.002419348806142807
2025_10_BAL_MIN,3470,4,09:57,1,15,MIN,BAL,MIN,64.0,"(9:57) (Shotgun) 9-J.McCarthy pass incomplete short middle to 87-T.Hockenson. PENALTY on BAL-0-R.Smith, Defensive Pass Interference, 5 yards, enforced at MIN 36 - No Play.",no_play,0.0,true,false,,,,,,,false,true,false,false,false,true,5.0,false,0.50162253389135,true,0.002419348806142807
2025_10_BAL_MIN,3504,4,09:54,1,10,MIN,BAL,MIN,59.0,(9:54) 9-J.McCarthy sacked at MIN 38 for -3 yards (98-T.Jones).,pass,-3.0,false,false,,,,,,,false,false,true,false,false,false,,false,-1.0342640136368573,false,-0.010157275944948196
2025_10_BAL_MIN,3524,4,09:11,2,13,MIN,BAL,MIN,62.0,(9:11) (Shotgun) 9-J.McCarthy pass short middle to 87-T.Hockenson to MIN 42 for 4 yards (40-T.Buchanan).,pass,4.0,true,false,short,middle,4.0,0.0,,,true,false,false,false,false,false,,false,-0.26599501608870924,false,0.0002044588327407837
2025_10_BAL_MIN,3549,4,08:43,3,9,MIN,BAL,MIN,58.0,"(8:43) (No Huddle, Shotgun) 9-J.McCarthy pass incomplete deep left to 18-J.Jefferson. PENALTY on BAL-3-C.Awuzie, Defensive Pass Interference, 38 yards, enforced at MIN 42 - No Play.",no_play,0.0,true,true,,,,,,,false,true,false,false,false,true,38.0,false,3.4812866707798094,true,0.03238188102841377
2025_10_BAL_MIN,3583,4,08:37,1,10,MIN,BAL,BAL,20.0,(8:37) 27-J.Mason left end to BAL 19 for 1 yard (94-J.Jenkins).,run,1.0,false,false,,,,,left,end,false,false,false,false,false,false,,false,-0.4920078692957759,false,-0.011015959084033966
2025_10_BAL_MIN,3605,4,08:10,2,9,MIN,BAL,BAL,19.0,"(8:10) (No Huddle, Shotgun) 9-J.McCarthy pass short left to 1-J.Nailor to BAL 13 for 6 yards (40-T.Buchanan).",pass,6.0,true,true,short,left,5.0,1.0,,,true,false,false,false,false,false,,false,0.182919378625229,true,0.0020289644598960876
2025_10_BAL_MIN,3630,4,07:26,3,3,MIN,BAL,BAL,13.0,(7:26) (Shotgun) 9-J.McCarthy pass incomplete short middle to 3-J.Addison (94-J.Jenkins).,pass,0.0,true,false,short,middle,1.0,,,,false,false,false,false,false,false,,false,-1.4518979940912686,false,-0.025250118225812912
2025_10_BAL_MIN,3653,4,07:19,4,3,MIN,BAL,BAL,13.0,(7:19) (Shotgun) 9-J.McCarthy pass incomplete short right to 18-J.Jefferson (2-N.Wiggins).,pass,0.0,true,false,short,right,13.0,,,,false,false,false,false,false,false,,false,-3.2988706727628596,false,-0.03660149499773979
2025_10_BAL_MIN,3676,4,07:15,1,10,BAL,MIN,BAL,86.0,(7:15) 22-D.Henry right tackle to BAL 14 for no gain (50-L.Rodriguez; 61-J.Redmond).,run,0.0,false,false,,,,,right,tackle,false,false,false,false,false,false,,false,-0.6742173824459314,false,-0.0012711286544799805
2025_10_BAL_MIN,3705,4,06:31,2,10,BAL,MIN,BAL,86.0,(6:31) (Shotgun) 8-L.Jackson sacked at BAL 7 for -7 yards (93-J.Allen).,pass,-7.0,true,false,,,,,,,false,false,true,false,false,false,,false,-1.6145723620429635,false,-0.008086442947387695
2025_10_BAL_MIN,3725,4,05:46,3,17,BAL,MIN,BAL,93.0,(5:46) (Shotgun) 8-L.Jackson pass incomplete short right to 43-J.Hill.,pass,0.0,true,false,short,right,2.0,,,,false,false,false,false,false,false,,false,-0.5694301209878176,false,-0.004358828067779541
2025_10_BAL_MIN,3748,4,05:41,4,17,BAL,MIN,BAL,93.0,"(5:41) 11-J.Stout punts 58 yards to MIN 35, Center-46-N.Moore, out of bounds.",punt,0.0,false,false,,,,,,,false,false,false,false,false,false,,false,0.7072551921010017,true,-0.021624024957418442
2025_10_BAL_MIN,3767,4,05:35,1,10,MIN,BAL,MIN,65.0,"(5:35) (Shotgun) PENALTY on MIN-9-J.McCarthy, False Start, 5 yards, enforced at MIN 35 - No Play.",no_play,0.0,true,false,,,,,,,false,false,false,false,false,true,5.0,false,-0.5025140263605863,false,-0.0009529627859592438
2025_10_BAL_MIN,3791,4,05:35,1,15,MIN,BAL,MIN,70.0,(5:35) (Shotgun) 9-J.McCarthy pass short middle to 3-J.Addison to BAL 44 for 26 yards (2-N.Wiggins).,pass,26.0,true,false,short,middle,15.0,11.0,,,true,true,false,false,false,false,,false,1.9273382931714877,true,0.01537393033504486
2025_10_BAL_MIN,3816,4,05:11,1,10,MIN,BAL,BAL,44.0,"(5:11) (No Huddle, Shotgun) 9-J.McCarthy pass incomplete short left to 33-A.Jones [58-T.Bryan]. PENALTY on BAL-0-R.Smith, Defensive Pass Interference, 9 yards, enforced at BAL 44 - No Play.",no_play,0.0,true,true,,,,,,,false,true,false,false,false,true,9.0,false,0.49217864719685167,true,0.0055046528577804565
2025_10_BAL_MIN,3850,4,05:04,1,10,MIN,BAL,BAL,35.0,(5:04) (Shotgun) 9-J.McCarthy pass incomplete deep right to 3-J.Addison (53-K.Van Noy).,pass,0.0,true,false,deep,right,25.0,,,,false,false,false,false,false,false,,false,-0.49434351676609367,false,-0.0067376308143138885
2025_10_BAL_MIN,3873,4,04:58,2,10,MIN,BAL,BAL,35.0,"(4:58) (Shotgun) 9-J.McCarthy pass short middle intended for 3-J.Addison INTERCEPTED by 0-R.Smith [45-M.Green] at BAL 21. 0-R.Smith to BAL 21 for no gain (3-J.Addison). The Replay Official reviewed the interception ruling, and the play was REVERSED. (Shotgun) 9-J.McCarthy pass incomplete short middle to 3-J.Addison (0-R.Smith) [45-M.Green].",pass,0.0,true,false,short,middle,14.0,,,,false,false,false,false,false,false,,false,-0.6793270810157992,false,-0.013784214854240417
2025_10_BAL_MIN,3900,4,04:54,3,10,MIN,BAL,BAL,35.0,(4:54) (Shotgun) 9-J.McCarthy pass incomplete deep right to 18-J.Jefferson.,pass,0.0,true,false,deep,right,16.0,,,,false,false,false,false,false,false,,false,-1.1515944040729664,false,-0.015675416216254234
2025_10_BAL_MIN,3965,4,04:49,4,10,MIN,BAL,BAL,35.0,(4:49) (Shotgun) 9-J.McCarthy pass deep right to 1-J.Nailor to BAL 7 for 28 yards (2-N.Wiggins) [3-C.Awuzie].,pass,28.0,true,false,deep,right,28.0,0.0,,,true,true,false,false,false,false,,false,4.088835368049331,true,0.04729313589632511
2025_10_BAL_MIN,3990,4,04:16,1,7,MIN,BAL,BAL,7.0,"(4:16) (No Huddle, Shotgun) 9-J.McCarthy scrambles right tackle to BAL 5 for 2 yards (53-K.Van Noy).",run,2.0,true,true,,,,,right,tackle,false,false,false,false,false,false,,false,-0.11327701527625322,false,-0.012945391237735748
2025_10_BAL_MIN,4012,4,03:37,2,5,MIN,BAL,BAL,5.0,(3:37) (Shotgun) 9-J.McCarthy pass incomplete short left to 18-J.Jefferson.,pass,0.0,true,false,short,left,5.0,,,,false,false,false,false,false,false,,false,-0.9844494489370845,false,-0.004788137972354889
2025_10_BAL_MIN,4035,4,03:34,3,5,MIN,BAL,BAL,5.0,(3:34) (Shotgun) 9-J.McCarthy pass incomplete short left to 3-J.Addison (98-T.Jones) [98-T.Jones].,pass,0.0,true,false,short,left,5.0,,,,false,false,false,false,false,false,,false,-1.4555096202529967,false,-0.020629893988370895
2025_10_BAL_MIN,4058,4,03:28,4,5,MIN,BAL,BAL,5.0,"(3:28) (Shotgun) PENALTY on MIN-75-B.O'Neill, False Start, 5 yards, enforced at BAL 5 - No Play.",no_play,0.0,true,false,,,,,,,false,false,false,false,false,true,5.0,false,-0.11370026372605935,false,-0.002927221357822418
2025_10_BAL_MIN,4082,4,03:28,4,10,MIN,BAL,BAL,10.0,"(3:28) (Shotgun) 9-J.McCarthy pass short right to 1-J.Nailor for 10 yards, TOUCHDOWN.",pass,10.0,true,false,short,right,10.0,0.0,,,true,true,false,false,false,false,,true,4.235337919089943,true,0.046705070823431116
2025_10_BAL_MIN,4108,4,03:23,,0,MIN,BAL,BAL,2.0,TWO-POINT CONVERSION ATTEMPT. 9-J.McCarthy pass to 18-J.Jefferson is incomplete. ATTEMPT FAILS.,pass,0.0,false,false,,,,,,,false,false,false,false,false,false,,false,-0.947,false,-0.034232392847538096
2025_10_BAL_MIN,4121,4,03:23,,0,BAL,MIN,MIN,35.0,"16-W.Reichard kicks 63 yards from MIN 35 to BAL 2. 83-L.Wester to BAL 22 for 20 yards (55-E.Wilson). FUMBLES (55-E.Wilson), ball out of bounds at BAL 22. PENALTY on BAL, Illegal Formation, 5 yards, enforced at BAL 22.",kickoff,0.0,false,false,,,,,,,false,false,false,false,false,true,5.0,false,-0.4453781950287521,false,-0.006236076354980469
2025_10_BAL_MIN,4160,4,03:19,1,10,BAL,MIN,BAL,83.0,(3:19) (Shotgun) 8-L.Jackson right end to BAL 23 for 6 yards (43-A.Van Ginkel).,run,6.0,true,false,,,,,right,end,false,false,false,false,false,false,,false,0.35384841565974057,true,-0.0015162825584411621
2025_10_BAL_MIN,4182,4,03:14,2,4,BAL,MIN,BAL,77.0,(3:14) (Shotgun) 22-D.Henry left tackle to BAL 26 for 3 yards (93-J.Allen).,run,3.0,true,false,,,,,left,tackle,false,false,false,false,false,false,,false,-0.2587936136405915,false,0.010720431804656982
2025_10_BAL_MIN,4194,4,03:14,,0,,,,,"Timeout #1 by MIN at 03:14.",no_play,0.0,false,false,,,,,,,false,false,false,false,false,false,,false,-0.0,false,-0.0
2025_10_BAL_MIN,4211,4,03:09,3,1,BAL,MIN,BAL,74.0,(3:09) 42-P.Ricard up the middle to BAL 29 for 3 yards (97-J.Hargrave).,run,3.0,false,false,,,,,middle,,false,true,false,false,false,false,,false,0.5102673803921789,true,0.005654692649841309
2025_10_BAL_MIN,4223,4,03:09,,0,,,,,"Timeout #2 by MIN at 03:09.",no_play,0.0,false,false,,,,,,,false,false,false,false,false,false,,false,-0.0,false,-0.0
2025_10_BAL_MIN,4240,4,03:04,1,10,BAL,MIN,BAL,71.0,(3:04) 22-D.Henry left tackle to BAL 29 for no gain (51-B.Cashman).,run,0.0,false,false,,,,,left,tackle,false,false,false,false,false,false,,false,-0.5679130934877321,false,0.00021034479141235352
2025_10_BAL_MIN,4252,4,03:04,,0,,,,,"Timeout #3 by MIN at 03:04.",no_play,0.0,false,false,,,,,,,false,false,false,false,false,false,,false,-0.0,false,-0.0
2025_10_BAL_MIN,4269,4,02:23,2,10,BAL,MIN,BAL,71.0,"(2:23) (Shotgun) 8-L.Jackson FUMBLES (Aborted) at BAL 24, recovered by BAL-4-Z.Flowers at BAL 25. 4-Z.Flowers to BAL 35 for 10 yards (55-E.Wilson).",run,6.0,true,false,,,,,,,false,false,false,false,false,false,,false,-0.27412250242196023,false,0.011517107486724854
2025_10_BAL_MIN,4307,4,02:00,3,4,BAL,MIN,BAL,65.0,(2:00) 8-L.Jackson pass incomplete short right to 88-C.Kolar (43-A.Van Ginkel).,pass,0.0,false,false,short,right,-5.0,,,,false,false,false,false,false,false,,false,-1.0154163899132982,false,-0.006904006004333496
2025_10_BAL_MIN,4343,4,01:55,4,4,BAL,MIN,BAL,65.0,"(1:55) 11-J.Stout punts 50 yards to MIN 15, Center-46-N.Moore. 4-M.Price to MIN 27 for 12 yards (35-J.Hummel). PENALTY on MIN-6-D.McGlothern, Offensive Holding, 7 yards, enforced at MIN 15.",punt,0.0,false,false,,,,,,,false,false,false,false,false,true,7.0,false,0.12809581845067441,true,0.0035413894802331924
2025_10_BAL_MIN,4380,4,01:44,1,10,MIN,BAL,MIN,92.0,(1:44) (Shotgun) 9-J.McCarthy pass incomplete deep left to 18-J.Jefferson.,pass,0.0,true,false,deep,left,24.0,,,,false,false,false,false,false,false,,false,-0.1522465159650892,false,-0.007040578871965408
2025_10_BAL_MIN,4403,4,01:39,2,10,MIN,BAL,MIN,92.0,(1:39) (Shotgun) 9-J.McCarthy scrambles right end to MIN 34 for 26 yards (12-A.Gilman).,run,26.0,true,false,,,,,right,end,false,true,false,false,false,false,,false,0.6514749376801774,true,0.02614491991698742
2025_10_BAL_MIN,4425,4,01:14,1,10,MIN,BAL,MIN,66.0,"(1:14) (No Huddle, Shotgun) 9-J.McCarthy pass short right to 87-T.Hockenson to MIN 38 for 4 yards (38-K.Martin) [45-M.Green].",pass,4.0,true,true,short,right,4.0,0.0,,,true,false,false,false,false,false,,false,-0.0614606742747128,false,-0.005461838096380234
2025_10_BAL_MIN,4450,4,00:52,2,6,MIN,BAL,MIN,62.0,"(:52) (No Huddle, Shotgun) 9-J.McCarthy pass incomplete deep right to 1-J.Nailor [41-D.Jones].",pass,0.0,true,true,deep,right,19.0,,,,false,false,false,false,false,false,,false,-0.4460309458663687,false,-0.0025908425450325012
2025_10_BAL_MIN,4473,4,00:47,3,6,MIN,BAL,MIN,62.0,"(:47) (Shotgun) PENALTY on MIN-75-B.O'Neill, False Start, 5 yards, enforced at MIN 38 - No Play.",no_play,0.0,true,false,,,,,,,false,false,false,false,false,true,5.0,false,-0.22076309117255732,false,-0.009653987362980843
2025_10_BAL_MIN,4497,4,00:47,3,11,MIN,BAL,MIN,67.0,(:47) (Shotgun) 9-J.McCarthy scrambles left tackle to MIN 40 for 7 yards (38-K.Martin).,run,7.0,true,false,,,,,left,tackle,false,false,false,false,false,false,,false,-0.2574512811261229,false,-0.010587228462100029
2025_10_BAL_MIN,4519,4,00:21,4,4,MIN,BAL,MIN,60.0,(:21) (Shotgun) 9-J.McCarthy pass incomplete short left to 33-A.Jones [45-M.Green].,pass,0.0,true,false,short,left,12.0,,,,false,false,false,false,false,false,,false,-1.5424227996263653,false,-0.015117835253477097
2025_10_BAL_MIN,4541,4,00:21,,0,,,,,"Timeout #2 by BAL at 00:21.",no_play,0.0,false,false,,,,,,,false,false,false,false,false,false,,false,0.0,false,0.0
2025_10_BAL_MIN,4559,4,00:09,1,10,BAL,MIN,MIN,40.0,(:09) 8-L.Jackson kneels to MIN 41 for -1 yards.,qb_kneel,-1.0,false,false,,,,,,,false,false,false,false,false,false,,false,-1.4387107911752537,false,
2025_10_BAL_MIN,4581,4,00:00,,0,BAL,MIN,,,END GAME,,,false,false,,,,,,,,,,,,,,,,,
2025_11_CHI_MIN,1,1,15:00,,0,,,,,GAME,,,false,false,,,,,,,,,,,,,,,0.0,false,0.0
2025_11_CHI_MIN,39,1,15:00,,0,MIN,CHI,CHI,35.0,"8-C.Santos kicks 65 yards from CHI 35 to landing zone to end zone, Touchback to the MIN 20.",kickoff,0.0,false,false,,,,,,,false,false,false,false,false,false,,false,-0.42521642288193107,false,-0.004408478736877441
2025_11_CHI_MIN,56,1,15:00,1,10,MIN,CHI,MIN,80.0,(15:00) 33-A.Jones right tackle to MIN 23 for 3 yards (49-T.Edmunds).,run,3.0,false,false,,,,,right,tackle,false,false,false,false,false,false,,false,-0.4518870138563216,false,-0.008393645286560059
2025_11_CHI_MIN,78,1,14:25,2,7,MIN,CHI,MIN,77.0,(14:25) (Shotgun) 33-A.Jones right end to MIN 25 for 2 yards (49-T.Edmunds).,run,2.0,true,false,,,,,right,end,false,false,false,false,false,false,,false,-0.33797103678807616,false,-0.021177828311920166
2025_11_CHI_MIN,100,1,13:52,3,5,MIN,CHI,MIN,75.0,(13:52) (Shotgun) 9-J.McCarthy pass short left to 19-A.Thielen to MIN 31 for 6 yards (26-N.Wright).,pass,6.0,true,false,short,left,5.0,1.0,,,true,true,false,false,false,false,,false,1.5843479242175817,true,0.04020625352859497
2025_11_CHI_MIN,125,1,13:16,1,10,MIN,CHI,MIN,69.0,(13:16) 33-A.Jones left end to MIN 32 for 1 yard (44-N.Sewell).,run,1.0,false,false,,,,,left,end,false,false,false,false,false,false,,false,-0.5883551151491702,false,-0.01204758882522583
2025_11_CHI_MIN,147,1,12:37,2,9,MIN,CHI,MIN,68.0,(12:37) (Shotgun) 9-J.McCarthy pass short left to 87-T.Hockenson to MIN 39 for 7 yards (35-C.Gardner-Johnson; 97-A.Billings).,pass,7.0,true,false,short,left,-3.0,10.0,,,true,false,false,false,false,false,,false,0.1641188533976674,true,0.008873581886291504
2025_11_CHI_MIN,172,1,11:50,3,2,MIN,CHI,MIN,61.0,(11:50) (Shotgun) 33-A.Jones up the middle to MIN 41 for 2 yards (44-N.Sewell; 49-T.Edmunds).,run,2.0,true,false,,,,,middle,,false,true,false,false,false,false,,false,0.8420483840163797,true,0.023259282112121582
2025_11_CHI_MIN,194,1,11:14,1,10,MIN,CHI,MIN,59.0,(11:14) 9-J.McCarthy pass incomplete deep left to 3-J.Addison.,pass,0.0,false,false,deep,left,31.0,,,,false,false,false,false,false,false,,false,-0.5343840871937573,false,-0.01803678274154663
2025_11_CHI_MIN,217,1,11:09,2,10,MIN,CHI,MIN,59.0,(11:09) (Shotgun) 33-A.Jones up the middle to MIN 48 for 7 yards (90-D.Robinson).,run,7.0,true,false,,,,,middle,,false,false,false,false,false,false,,false,0.006085969042032957,true,0.0038651227951049805
2025_11_CHI_MIN,239,1,10:30,3,3,MIN,CHI,MIN,52.0,(10:30) (Shotgun) 9-J.McCarthy pass incomplete short left to 18-J.Jefferson [94-A.Booker].,pass,0.0,true,false,short,left,8.0,,,,false,false,false,false,false,false,,false,-1.8400940673891455,false,-0.05472850799560547
2025_11_CHI_MIN,262,1,10:26,4,3,MIN,CHI,MIN,52.0,"(10:26) 17-R.Wright punts 42 yards to CHI 10, Center-42-A.DePaola, fair catch by 12-D.Duvernay.",punt,0.0,false,false,,,,,,,false,false,false,false,false,false,,false,-0.27616353519260883,false,0.024852752685546875
2025_11_CHI_MIN,282,1,10:20,1,10,CHI,MIN,CHI,90.0,(10:20) 4-D.Swift left guard to CHI 11 for 1 yard (7-B.Murphy).,run,1.0,false,false,,,,,left,guard,false,false,false,false,false,false,,false,-0.5029797223396599,false,-0.010894596576690674
2025_11_CHI_MIN,311,1,09:45,2,9,CHI,MIN,CHI,89.0,"(9:45) (Shotgun) 18-C.Williams pass incomplete short left. Penalty on CHI-4-D.Swift, Offensive Holding, declined.",pass,0.0,true,false,short,left,14.0,,,,false,false,false,false,false,false,,false,-0.7190120643936098,false,-0.02713295817375183
2025_11_CHI_MIN,345,1,09:36,3,9,CHI,MIN,CHI,89.0,(9:36) (Shotgun) 18-C.Williams pass incomplete deep right to 15-R.Odunze.,pass,0.0,true,false,deep,right,40.0,,,,false,false,false,false,false,false,,false,-1.2794062872417271,false,-0.019801229238510132
2025_11_CHI_MIN,368,1,09:30,4,9,CHI,MIN,CHI,89.0,"(9:30) 19-T.Taylor punts 53 yards to MIN 36, Center-46-S.Daly, out of bounds.",punt,0.0,false,false,,,,,,,false,false,false,false,false,false,,false,0.12211749772541225,true,0.013781368732452393
2025_11_CHI_MIN,387,1,09:20,1,10,MIN,CHI,MIN,64.0,(9:20) 27-J.Mason up the middle to MIN 42 for 6 yards (44-N.Sewell; 35-C.Gardner-Johnson).,run,6.0,false,false,,,,,middle,,false,false,false,false,false,false,,false,0.11445546546019614,true,-0.00914311408996582
2025_11_CHI_MIN,416,1,08:47,2,4,MIN,CHI,MIN,58.0,(8:47) 9-J.McCarthy pass short right to 84-J.Oliver to MIN 39 for -3 yards (35-C.Gardner-Johnson) [98-M.Sweat].,pass,-3.0,false,false,short,right,-3.0,0.0,,,true,false,false,false,false,false,,false,-1.2938846154138446,false,-0.04000133275985718
2025_11_CHI_MIN,441,1,08:06,3,7,MIN,CHI,MIN,61.0,(8:06) (Shotgun) 9-J.McCarthy pass incomplete deep middle to 3-J.Addison.,pass,0.0,true,false,deep,middle,29.0,,,,false,false,false,false,false,false,,false,-1.578944227192551,false,-0.02611479163169861
2025_11_CHI_MIN,464,1,08:00,4,7,MIN,CHI,MIN,61.0,"(8:00) 17-R.Wright punts 61 yards to end zone, Center-42-A.DePaola, Touchback.",punt,0.0,false,false,,,,,,,false,false,false,false,false,false,,false,-0.2976826885715127,false,0.021008044481277466
2025_11_CHI_MIN,482,1,07:51,1,10,CHI,MIN,CHI,80.0,(7:51) 25-K.Monangai right guard to CHI 24 for 4 yards (51-B.Cashman; 93-J.Allen).,run,4.0,false,false,,,,,right,guard,false,false,false,false,false,false,,false,-0.2760778469964862,false,0.0035872161388397217
2025_11_CHI_MIN,511,1,07:13,2,6,CHI,MIN,CHI,76.0,(7:13) 18-C.Williams pass short right to 10-L.Burden to CHI 21 for -3 yards (15-D.Turner).,pass,-3.0,false,false,short,right,-5.0,2.0,,,true,false,false,false,false,false,,false,-1.108418868854642,false,-0.0344255268573761
2025_11_CHI_MIN,536,1,06:39,3,9,CHI,MIN,CHI,79.0,(6:39) (Shotgun) 18-C.Williams pass incomplete deep right to 2-D.Moore.,pass,0.0,true,false,deep,right,37.0,,,,false,false,false,false,false,false,,false,-1.417242743074894,false,-0.023129194974899292
2025_11_CHI_MIN,559,1,06:34,4,9,CHI,MIN,CHI,79.0,"(6:34) 19-T.Taylor punts 57 yards to MIN 22, Center-46-S.Daly. 4-M.Price to MIN 40 for 18 yards (92-D.Hardy; 46-S.Daly).",punt,0.0,false,false,,,,,,,false,false,false,false,false,false,,false,-0.3868432901799679,false,-0.003078967332839966
2025_11_CHI_MIN,585,1,06:23,1,10,MIN,CHI,MIN,60.0,(6:23) 33-A.Jones up the middle to MIN 45 for 5 yards (50-G.Jarrett; 44-N.Sewell).,run,5.0,false,false,,,,,middle,,false,false,false,false,false,false,,false,0.03848100500181317,true,-0.00537264347076416
2025_11_CHI_MIN,614,1,05:47,2,5,MIN,CHI,MIN,55.0,(5:47) 9-J.McCarthy pass short right to 18-J.Jefferson to CHI 49 for 6 yards (29-T.Stevenson).,pass,6.0,false,false,short,right,-2.0,8.0,,,true,true,false,false,false,false,,false,0.6535685730632395,true,0.01722431182861328
2025_11_CHI_MIN,639,1,05:10,1,10,MIN,CHI,CHI,49.0,(5:10) 9-J.McCarthy pass short middle to 18-J.Jefferson to CHI 31 for 18 yards (29-T.Stevenson; 31-K.Byard).,pass,18.0,false,false,short,middle,14.0,4.0,,,true,true,false,false,false,false,,false,1.0641004114877433,true,0.047808945178985596
2025_11_CHI_MIN,664,1,04:23,1,10,MIN,CHI,CHI,31.0,(4:23) 33-A.Jones up the middle to CHI 17 for 14 yards (9-J.Brisker).,run,14.0,false,false,,,,,middle,,false,true,false,false,false,false,,false,0.9550598741043359,true,0.027264952659606934
2025_11_CHI_MIN,686,1,03:43,1,10,MIN,CHI,CHI,17.0,(3:43) 33-A.Jones up the middle to CHI 16 for 1 yard (44-N.Sewell; 94-A.Booker).,run,1.0,false,false,,,,,middle,,false,false,false,false,false,false,,false,-0.5060496452497318,false,-0.014056682586669922
2025_11_CHI_MIN,708,1,03:00,2,9,MIN,CHI,CHI,16.0,(3:00) (Shotgun) 9-J.McCarthy pass short left to 33-A.Jones to CHI 13 for 3 yards (44-N.Sewell).,pass,3.0,true,false,short,left,3.0,0.0,,,true,false,false,false,false,false,,false,-0.4537107201758772,false,-0.008916020393371582
2025_11_CHI_MIN,733,1,02:18,3,6,MIN,CHI,CHI,13.0,(2:18) (Shotgun) 9-J.McCarthy pass incomplete short left to 33-A.Jones.,pass,0.0,true,false,short,left,11.0,,,,false,false,false,false,false,false,,false,-1.3995722102509944,false,-0.0499076247215271
2025_11_CHI_MIN,756,1,02:13,4,6,MIN,CHI,CHI,13.0,"(2:13) 16-W.Reichard 31 yard field goal is GOOD, Center-42-A.DePaola, Holder-17-R.Wright.",field_goal,0.0,false,false,,,,,,,false,false,false,false,false,false,,false,0.15250161614233093,true,0.0021961331367492676
2025_11_CHI_MIN,776,1,02:10,,0,CHI,MIN,MIN,35.0,16-W.Reichard kicks 62 yards from MIN 35 to CHI 3. 23-R.Johnson to CHI 25 for 22 yards (98-B.Richter).,kickoff,0.0,false,false,,,,,,,false,false,false,false,false,false,,false,-0.0004701754078269005,false,-0.0
2025_11_CHI_MIN,806,1,02:05,1,10,CHI,MIN,CHI,75.0,"(2:05) 18-C.Williams FUMBLES (Aborted) at CHI 20, touched at CHI 21, recovered by CHI-15-R.Odunze at CHI 10.",run,0.0,false,false,,,,,,,false,false,false,false,false,false,,false,-2.447202121373266,false,-0.054852575063705444
2025_11_CHI_MIN,833,1,01:23,2,25,CHI,MIN,CHI,90.0,(1:23) 18-C.Williams pass deep middle to 15-R.Odunze to CHI 34 for 24 yards (22-H.Smith). CHI-79-T.Benedet was injured during the play.,pass,24.0,false,false,deep,middle,23.0,1.0,,,true,false,false,false,false,false,,false,2.612037659622729,true,0.052364081144332886
2025_11_CHI_MIN,858,1,00:57,3,1,CHI,MIN,CHI,66.0,(:57) 4-D.Swift right tackle to CHI 37 for 3 yards (51-B.Cashman).,run,3.0,false,false,,,,,right,tackle,false,true,false,false,false,false,,false,0.5487374877557158,true,0.030530929565429688
2025_11_CHI_MIN,890,1,00:15,1,10,CHI,MIN,CHI,63.0,(:15) 18-C.Williams pass incomplete deep left to 4-D.Swift. ** Injury Update: CHI-79-T.Benedet has returned to the game.,pass,0.0,false,false,deep,left,17.0,,,,false,false,false,false,false,false,,false,-0.55516048357822,false,-0.016521573066711426
2025_11_CHI_MIN,913,1,00:08,2,10,CHI,MIN,CHI,63.0,(:08) 4-D.Swift left tackle to CHI 43 for 6 yards (93-J.Allen; 43-A.Van Ginkel).,run,6.0,false,false,,,,,left,tackle,false,false,false,false,false,false,,false,-0.10705102770589292,false,-0.013766378164291382
2025_11_CHI_MIN,938,1,00:00,,0,CHI,MIN,,,END QUARTER 1,,,false,false,,,,,,,,,,,,,,,-0.0,false,-0.0
2025_11_CHI_MIN,958,2,15:00,3,4,CHI,MIN,CHI,57.0,(15:00) (Shotgun) 18-C.Williams pass incomplete short left to 10-L.Burden (23-F.Moreau) [15-D.Turner].,pass,0.0,true,false,short,left,9.0,,,,false,false,false,false,false,false,,false,-1.6917699626646936,false,-0.03715109825134277
2025_11_CHI_MIN,981,2,14:56,4,4,CHI,MIN,CHI,57.0,"(14:56) 19-T.Taylor punts 45 yards to MIN 12, Center-46-S.Daly, fair catch by 4-M.Price. PENALTY on CHI-39-J.Blackwell, Fair Catch Interference, 15 yards, enforced at MIN 12.",punt,0.0,false,false,,,,,,,false,false,false,false,false,true,15.0,false,-1.0439309407956898,false,-0.007364839315414429
2025_11_CHI_MIN,1012,2,14:48,1,10,MIN,CHI,MIN,73.0,(14:48) (Shotgun) 9-J.McCarthy pass short right to 33-A.Jones pushed ob at MIN 28 for 1 yard (49-T.Edmunds).,pass,1.0,true,false,short,right,-7.0,8.0,,,true,false,false,false,false,false,,false,-0.6091979765333235,false,-0.010617375373840332
2025_11_CHI_MIN,1042,2,14:14,2,9,MIN,CHI,MIN,72.0,(14:14) (Shotgun) 27-J.Mason right end to MIN 33 for 5 yards (31-K.Byard; 49-T.Edmunds).,run,5.0,true,false,,,,,right,end,false,false,false,false,false,false,,false,-0.018405063077807426,false,0.011069774627685547
2025_11_CHI_MIN,1064,2,13:31,3,4,MIN,CHI,MIN,67.0,(13:31) (Shotgun) 9-J.McCarthy pass incomplete short right to 33-A.Jones (49-T.Edmunds).,pass,0.0,true,false,short,right,3.0,,,,false,false,false,false,false,false,,false,-1.6235530977137387,false,-0.04064387083053589
2025_11_CHI_MIN,1087,2,13:27,4,4,MIN,CHI,MIN,67.0,"(13:27) 17-R.Wright punts 41 yards to CHI 26, Center-42-A.DePaola, fair catch by 12-D.Duvernay.",punt,0.0,false,false,,,,,,,false,false,false,false,false,false,,false,-0.5230187736451626,false,-0.006569981575012207
2025_11_CHI_MIN,1107,2,13:20,1,10,CHI,MIN,CHI,74.0,(13:20) 75-O.Trapilo reported in as eligible. 18-C.Williams scrambles right end ran ob at CHI 33 for 7 yards (0-I.Pace; 61-J.Redmond).,run,7.0,false,false,,,,,right,end,false,false,false,false,false,false,,false,0.2920888843946159,true,0.004969894886016846
2025_11_CHI_MIN,1143,2,12:41,2,3,CHI,MIN,CHI,67.0,(12:41) 4-D.Swift up the middle to CHI 41 for 8 yards (51-B.Cashman; 2-I.Rodgers).,run,8.0,false,false,,,,,middle,,false,true,false,false,false,false,,false,0.5631530440878123,true,0.023072540760040283
2025_11_CHI_MIN,1165,2,12:05,1,10,CHI,MIN,CHI,59.0,(12:05) 18-C.Williams pass short right to 10-L.Burden to MIN 45 for 14 yards (51-B.Cashman).,pass,14.0,false,false,short,right,14.0,0.0,,,true,true,false,false,false,false,,false,0.9385440137702972,true,0.0414101779460907
2025_11_CHI_MIN,1190,2,11:23,1,10,CHI,MIN,MIN,45.0,(11:23) 4-D.Swift right tackle to MIN 39 for 6 yards (50-L.Rodriguez).,run,6.0,false,false,,,,,right,tackle,false,false,false,false,false,false,,false,0.2275895745260641,true,0.005816459655761719
2025_11_CHI_MIN,1212,2,10:44,2,4,CHI,MIN,MIN,39.0,(10:44) 4-D.Swift right end to MIN 38 for 1 yard (51-B.Cashman; 15-D.Turner).,run,1.0,false,false,,,,,right,end,false,false,false,false,false,false,,false,-0.6095087017165497,false,3.2067298889160156e-05
2025_11_CHI_MIN,1234,2,10:06,3,3,CHI,MIN,MIN,38.0,(10:06) (Shotgun) 2-D.Moore right end to MIN 35 for 3 yards (23-F.Moreau).,run,3.0,true,false,,,,,right,end,false,true,false,false,false,false,,false,1.0384933082386851,true,0.03630337119102478
2025_11_CHI_MIN,1256,2,09:23,1,10,CHI,MIN,MIN,35.0,(9:23) 18-C.Williams pass short left to 85-C.Kmet to MIN 28 for 7 yards (2-I.Rodgers). MIN-2-I.Rodgers was injured during the play.,pass,7.0,false,false,short,left,2.0,5.0,,,true,false,false,false,false,false,,false,0.41683563590049744,true,0.007820308208465576
2025_11_CHI_MIN,1284,2,08:53,2,3,CHI,MIN,MIN,28.0,(8:53) 75-O.Trapilo reported in as eligible. 4-D.Swift right guard to MIN 25 for 3 yards (50-L.Rodriguez; 15-D.Turner).,run,3.0,false,false,,,,,right,guard,false,true,false,false,false,false,,false,0.18642422975972295,true,0.0214805006980896
2025_11_CHI_MIN,1313,2,08:12,1,10,CHI,MIN,MIN,25.0,(8:12) 18-C.Williams pass short right to 84-C.Loveland to MIN 16 for 9 yards (23-F.Moreau; 55-E.Wilson).,pass,9.0,false,false,short,right,1.0,8.0,,,true,false,false,false,false,false,,false,0.7748399239499122,true,0.01119697093963623
2025_11_CHI_MIN,1338,2,07:36,2,1,CHI,MIN,MIN,16.0,(7:36) 18-C.Williams pass incomplete deep middle to 15-R.Odunze.,pass,0.0,false,false,deep,middle,16.0,,,,false,false,false,false,false,false,,false,-0.535562744946219,false,-0.023407578468322754
2025_11_CHI_MIN,1361,2,07:32,3,1,CHI,MIN,MIN,16.0,(7:32) 18-C.Williams up the middle to MIN 13 for 3 yards (51-B.Cashman).,run,3.0,false,false,,,,,middle,,false,true,false,false,false,false,,false,0.5147669126163237,true,0.018581926822662354
2025_11_CHI_MIN,1383,2,06:56,1,10,CHI,MIN,MIN,13.0,(6:56) 4-D.Swift up the middle to MIN 8 for 5 yards (22-H.Smith).,run,5.0,false,false,,,,,middle,,false,false,false,false,false,false,,false,0.06253148359246552,true,-0.012641608715057373
2025_11_CHI_MIN,1405,2,06:18,2,5,CHI,MIN,MIN,8.0,(6:18) 4-D.Swift right guard to MIN 7 for 1 yard (50-L.Rodriguez).,run,1.0,false,false,,,,,right,guard,false,false,false,false,false,false,,false,-0.7269563386798836,false,-0.016263365745544434
2025_11_CHI_MIN,1427,2,05:36,3,4,CHI,MIN,MIN,7.0,(5:36) (Shotgun) 25-K.Monangai up the middle to MIN 1 for 6 yards (44-J.Metellus; 51-B.Cashman).,run,6.0,true,false,,,,,middle,,false,true,false,false,false,false,,false,2.041271899390267,true,0.06427597999572754
2025_11_CHI_MIN,1449,2,04:57,1,1,CHI,MIN,MIN,1.0,"(4:57) 25-K.Monangai left guard for 1 yard, TOUCHDOWN.",run,1.0,false,false,,,,,left,guard,false,true,false,false,false,false,,true,0.5777379346254747,true,0.017908554775164287
2025_11_CHI_MIN,1472,2,04:55,,0,CHI,MIN,MIN,15.0,"8-C.Santos extra point is GOOD, Center-46-S.Daly, Holder-19-T.Taylor.",extra_point,0.0,false,false,,,,,,,false,false,false,false,false,false,,false,0.05117156607063911,true,0.0021723692589543653
2025_11_CHI_MIN,1487,2,04:55,,0,MIN,CHI,CHI,35.0,8-C.Santos kicks 65 yards from CHI 35 to MIN 0. 4-M.Price to MIN 20 for 20 yards (22-E.Hicks; 39-J.Blackwell).,kickoff,0.0,false,false,,,,,,,false,false,false,false,false,false,,false,-0.2679213755764067,false,-0.006653875112533569
2025_11_CHI_MIN,1522,2,04:50,1,10,MIN,CHI,MIN,80.0,(4:50) 33-A.Jones left tackle to MIN 24 for 4 yards (44-N.Sewell; 31-K.Byard).,run,4.0,false,false,,,,,left,tackle,false,false,false,false,false,false,,false,-0.3076974821742624,false,-0.005679816007614136
2025_11_CHI_MIN,1546,2,04:11,2,6,MIN,CHI,MIN,76.0,(4:11) 9-J.McCarthy pass short left to 33-A.Jones to MIN 31 for 7 yards (44-N.Sewell). CHI-44-N.Sewell was injured during the play.,pass,7.0,false,false,short,left,4.0,3.0,,,true,true,false,false,false,false,,false,1.0345794257009402,true,0.018327325582504272
2025_11_CHI_MIN,1574,2,03:45,1,10,MIN,CHI,MIN,69.0,(3:45) (Shotgun) 9-J.McCarthy pass deep right intended for 18-J.Jefferson INTERCEPTED by 31-K.Byard [50-G.Jarrett] at MIN 48. 31-K.Byard ran ob at MIN 25 for 23 yards (74-D.Jackson).,pass,0.0,true,false,deep,right,17.0,,,,false,false,false,true,false,false,,false,-5.5087193512008525,false,-0.159300297498703
2025_11_CHI_MIN,1613,2,03:34,1,10,CHI,MIN,MIN,25.0,(3:34) 25-K.Monangai left tackle to MIN 27 for -2 yards (24-J.Ward).,run,-2.0,false,false,,,,,left,tackle,false,false,false,false,false,false,,false,-0.8852759406436235,false,-0.027247726917266846
2025_11_CHI_MIN,1635,2,03:00,2,12,CHI,MIN,MIN,27.0,(3:00) (Shotgun) 18-C.Williams pass short left to 84-C.Loveland to MIN 20 for 7 yards (7-B.Murphy). ** Injury Update: MIN-2-I.Rodgers has returned to the game.,pass,7.0,true,false,short,left,7.0,0.0,,,true,false,false,false,false,false,,false,0.45968747820006683,true,0.010714113712310791
2025_11_CHI_MIN,1660,2,02:13,3,5,CHI,MIN,MIN,20.0,(2:13) (Shotgun) 18-C.Williams pass incomplete deep left [55-E.Wilson].,pass,0.0,true,false,deep,left,17.0,,,,false,false,false,false,false,false,,false,-1.1156351786192666,false,-0.03797948360443115
2025_11_CHI_MIN,1686,2,02:04,4,5,CHI,MIN,MIN,20.0,"(2:04) 8-C.Santos 38 yard field goal is GOOD, Center-46-S.Daly, Holder-19-T.Taylor.",field_goal,0.0,false,false,,,,,,,false,false,false,false,false,false,,false,0.48020550921486427,true,-0.0030022263526916504
2025_11_CHI_MIN,1706,2,02:00,,0,MIN,CHI,CHI,35.0,8-C.Santos kicks 59 yards from CHI 35 to MIN 6. 4-M.Price to MIN 34 for 28 yards (45-A.Ogbongbemiga).,kickoff,0.0,false,false,,,,,,,false,false,false,false,false,false,,false,0.44935995643027127,true,0.017178744077682495
2025_11_CHI_MIN,1736,2,01:54,1,10,MIN,CHI,MIN,66.0,(1:54) (Shotgun) 33-A.Jones up the middle to MIN 38 for 4 yards (94-A.Booker). ** Injury Update: CHI-44-N.Sewell has returned to the game.,run,4.0,true,false,,,,,middle,,false,false,false,false,false,false,,false,-0.24658834899310023,false,-0.0024694502353668213
2025_11_CHI_MIN,1758,2,01:22,2,6,MIN,CHI,MIN,62.0,(1:22) (Shotgun) 9-J.McCarthy pass incomplete deep left to 87-T.Hockenson.,pass,0.0,true,false,deep,left,17.0,,,,false,false,false,false,false,false,,false,-0.34987731487490237,false,-0.013241082429885864
2025_11_CHI_MIN,1781,2,01:18,3,6,MIN,CHI,MIN,62.0,(1:18) (Shotgun) 9-J.McCarthy pass short left to 18-J.Jefferson to CHI 35 for 27 yards (31-K.Byard).,pass,27.0,true,false,short,left,13.0,14.0,,,true,true,false,false,false,false,,false,2.21938893845072,true,0.06303858757019043
2025_11_CHI_MIN,1806,2,00:54,1,10,MIN,CHI,CHI,35.0,"(:54) (No Huddle, Shotgun) 9-J.McCarthy pass incomplete short right to 19-A.Thielen.",pass,0.0,true,true,short,right,12.0,,,,false,false,false,false,false,false,,false,-0.35084779566386715,false,-0.015241622924804688
2025_11_CHI_MIN,1832,2,00:49,2,10,MIN,CHI,CHI,35.0,"(:49) (Shotgun) 9-J.McCarthy pass incomplete short middle to 33-A.Jones (49-T.Edmunds) [98-M.Sweat]. PENALTY on CHI-44-N.Sewell, Defensive Holding, 5 yards, enforced at CHI 35 - No Play.",no_play,0.0,true,false,,,,,,,false,true,false,false,false,true,5.0,false,0.7073117910185829,true,0.030938416719436646
2025_11_CHI_MIN,1866,2,00:42,1,10,MIN,CHI,CHI,30.0,(:42) (Shotgun) 9-J.McCarthy pass deep left intended for 3-J.Addison INTERCEPTED by 26-N.Wright at CHI -4. Touchback.,pass,0.0,true,false,deep,left,30.0,,,,false,false,false,true,false,false,,false,-3.9553803687449545,false,-0.11559349298477173
2025_11_CHI_MIN,1894,2,00:35,1,10,CHI,MIN,CHI,80.0,"(:35) (Shotgun) PENALTY on CHI-79-T.Benedet, False Start, 5 yards, enforced at CHI 20 - No Play.",no_play,0.0,true,false,,,,,,,false,false,false,false,false,true,5.0,false,-0.2677003429271281,false,-0.03433573246002197
2025_11_CHI_MIN,1918,2,00:35,1,15,CHI,MIN,CHI,85.0,(:35) (Shotgun) 18-C.Williams pass incomplete deep left to 15-R.Odunze.,pass,0.0,true,false,deep,left,32.0,,,,false,false,false,false,false,false,,false,-0.0823506850283593,false,-0.01104724407196045
2025_11_CHI_MIN,1946,2,00:31,2,15,CHI,MIN,CHI,85.0,(:31) (Shotgun) 18-C.Williams pass short right to 85-C.Kmet to CHI 29 for 14 yards (44-J.Metellus).,pass,14.0,true,false,short,right,14.0,0.0,,,true,false,false,false,false,false,,false,0.3015932940179482,true,0.04020273685455322
2025_11_CHI_MIN,1971,2,00:25,3,1,CHI,MIN,CHI,71.0,(:25) (Shotgun) 18-C.Williams pass incomplete deep right to 15-R.Odunze.,pass,0.0,true,false,deep,right,27.0,,,,false,false,false,false,false,false,,false,-0.38430753495777026,false,-0.027041733264923096
2025_11_CHI_MIN,1983,2,00:25,,0,,,,,"Timeout #1 by CHI at 00:25.",no_play,0.0,false,false,,,,,,,false,false,false,false,false,false,,false,-0.0,false,-0.0
2025_11_CHI_MIN,2001,2,00:21,4,1,CHI,MIN,CHI,71.0,"(:21) 19-T.Taylor punts 50 yards to MIN 21, Center-46-S.Daly. 4-M.Price to MIN 39 for 18 yards (48-D.Jackson; 21-T.Homer).",punt,0.0,false,false,,,,,,,false,false,false,false,false,false,,false,-0.45169124816311523,false,0.012358635663986206
2025_11_CHI_MIN,2027,2,00:10,1,10,MIN,CHI,MIN,61.0,"(:10) (Shotgun) 9-J.McCarthy pass short right to 18-J.Jefferson to MIN 41 for 2 yards. Lateral to 33-A.Jones to MIN 41 for no gain (29-T.Stevenson). FUMBLES (29-T.Stevenson), and recovers at MIN 41.",pass,2.0,true,false,short,right,3.0,-1.0,,,true,false,false,false,false,false,,false,-0.44553782418370247,false,-0.008921056985855103
2025_11_CHI_MIN,2073,2,00:00,,0,,,,,END QUARTER 2,,,false,false,,,,,,,,,,,,,,,,,-0.0
2025_11_CHI_MIN,2093,3,15:00,,0,CHI,MIN,MIN,35.0,16-W.Reichard kicks 64 yards from MIN 35 to CHI 1. 39-J.Blackwell to CHI 31 for 30 yards (30-C.Ham).,kickoff,0.0,false,false,,,,,,,false,false,false,false,false,false,,false,0.3277302198112011,true,0.00027054548263549805
2025_11_CHI_MIN,2116,3,14:55,1,10,CHI,MIN,CHI,69.0,(14:55) 75-O.Trapilo reported in as eligible. 25-K.Monangai left guard to CHI 30 for -1 yards (7-B.Murphy).,run,-1.0,false,false,,,,,left,guard,false,false,false,false,false,false,,false,-0.8086863500066102,false,-0.027406692504882812
2025_11_CHI_MIN,2140,3,14:21,2,11,CHI,MIN,CHI,70.0,(14:21) (Shotgun) 18-C.Williams pass short left to 15-R.Odunze to CHI 47 for 17 yards (44-J.Metellus; 7-B.Murphy).,pass,17.0,true,false,short,left,6.0,11.0,,,true,true,false,false,false,false,,false,1.9669549984391779,true,0.059718310832977295
2025_11_CHI_MIN,2165,3,13:51,1,10,CHI,MIN,CHI,53.0,(13:51) (No Huddle) 18-C.Williams pass short left to 85-C.Kmet to MIN 45 for 8 yards (51-B.Cashman).,pass,8.0,false,true,short,left,3.0,5.0,,,true,false,false,false,false,false,,false,0.6090101834852248,true,0.017173409461975098
2025_11_CHI_MIN,2190,3,13:14,2,2,CHI,MIN,MIN,45.0,(13:14) 25-K.Monangai left guard to MIN 46 for -1 yards (2-I.Rodgers).,run,-1.0,false,false,,,,,left,guard,false,false,false,false,false,false,,false,-1.0354057615622878,false,-0.0351637601852417
2025_11_CHI_MIN,2212,3,12:38,3,3,CHI,MIN,MIN,46.0,(12:38) 25-K.Monangai left tackle to MIN 39 for 7 yards (44-J.Metellus; 43-A.Van Ginkel).,run,7.0,false,false,,,,,left,tackle,false,true,false,false,false,false,,false,1.4116154459770769,true,0.04651498794555664
2025_11_CHI_MIN,2234,3,12:00,1,10,CHI,MIN,MIN,39.0,(12:00) 18-C.Williams pass short left to 85-C.Kmet to MIN 34 for 5 yards (55-E.Wilson).,pass,5.0,false,false,short,left,-1.0,6.0,,,true,false,false,false,false,false,,false,-0.07801370951347053,false,-0.0060059428215026855
2025_11_CHI_MIN,2259,3,11:23,2,5,CHI,MIN,MIN,34.0,"(11:23) (Shotgun) 18-C.Williams pass short middle to 81-D.Smythe to MIN 25 for 9 yards (43-A.Van Ginkel). Minnesota challenged the pass completion ruling, and the play was REVERSED. (Shotgun) 18-C.Williams pass incomplete short middle to 81-D.Smythe.",pass,0.0,true,false,short,middle,9.0,,,,false,false,false,false,false,false,,false,-0.7579755131155252,false,-0.0171053409576416
2025_11_CHI_MIN,2333,3,11:20,3,5,CHI,MIN,MIN,34.0,"(11:20) (Shotgun) 21-T.Homer right end to MIN 36 for -2 yards (43-A.Van Ginkel, 2-I.Rodgers).",run,-2.0,true,false,,,,,right,end,false,false,false,false,false,false,,false,-1.3661332725416906,false,-0.03126800060272217
2025_11_CHI_MIN,2362,3,10:36,4,7,CHI,MIN,MIN,36.0,"(10:36) 8-C.Santos 54 yard field goal is GOOD, Center-46-S.Daly, Holder-19-T.Taylor.",field_goal,0.0,false,false,,,,,,,false,false,false,false,false,false,,false,1.722652400737632,true,0.03538885712623596
2025_11_CHI_MIN,2382,3,10:31,,0,MIN,CHI,CHI,35.0,"8-C.Santos kicks 61 yards from CHI 35 to MIN 4. 4-M.Price to MIN 40 for 36 yards (36-J.Owens; 23-R.Johnson). PENALTY on MIN-24-J.Ward, Offensive Holding, 10 yards, enforced at MIN 30.",kickoff,0.0,false,false,,,,,,,false,false,false,false,false,true,10.0,false,-0.418761711101979,false,-0.003098726272583008
2025_11_CHI_MIN,2423,3,10:25,1,10,MIN,CHI,MIN,80.0,(10:25) 33-A.Jones left tackle to MIN 24 for 4 yards (49-T.Edmunds; 98-M.Sweat).,run,4.0,false,false,,,,,left,tackle,false,false,false,false,false,false,,false,-0.3520648358389735,false,-0.023279041051864624
2025_11_CHI_MIN,2445,3,09:50,2,6,MIN,CHI,MIN,76.0,(9:50) 33-A.Jones right guard to MIN 30 for 6 yards (97-A.Billings).,run,6.0,false,false,,,,,right,guard,false,true,false,false,false,false,,false,1.0545997866429389,true,0.016133278608322144
2025_11_CHI_MIN,2467,3,09:06,1,10,MIN,CHI,MIN,70.0,(9:06) 33-A.Jones left guard to MIN 36 for 6 yards (31-K.Byard).,run,6.0,false,false,,,,,left,guard,false,false,false,false,false,false,,false,0.22691689431667328,true,0.003247499465942383
2025_11_CHI_MIN,2489,3,08:28,2,4,MIN,CHI,MIN,64.0,(8:28) 33-A.Jones right end pushed ob at MIN 38 for 2 yards (29-T.Stevenson).,run,2.0,false,false,,,,,right,end,false,false,false,false,false,false,,false,-0.5179058574140072,false,-0.006043851375579834
2025_11_CHI_MIN,2521,3,07:55,3,2,MIN,CHI,MIN,62.0,"(7:55) (Shotgun) PENALTY on MIN-71-C.Darrisaw, False Start, 5 yards, enforced at MIN 38 - No Play.",no_play,0.0,true,false,,,,,,,false,false,false,false,false,true,5.0,false,-0.8170220702886581,false,-0.022503837943077087
2025_11_CHI_MIN,2545,3,07:32,3,7,MIN,CHI,MIN,67.0,(7:32) (Shotgun) 9-J.McCarthy pass incomplete short right to 18-J.Jefferson.,pass,0.0,true,false,short,right,12.0,,,,false,false,false,false,false,false,,false,-1.531007319688797,false,-0.02667464315891266
2025_11_CHI_MIN,2568,3,07:28,4,7,MIN,CHI,MIN,67.0,"(7:28) 17-R.Wright punts 52 yards to CHI 15, Center-42-A.DePaola. 12-D.Duvernay to CHI 20 for 5 yards (13-T.Felton; 37-T.Thomas).",punt,0.0,false,false,,,,,,,false,false,false,false,false,false,,false,-0.03005437832325697,false,-0.0036912262439727783
2025_11_CHI_MIN,2594,3,07:18,1,10,CHI,MIN,CHI,80.0,(7:18) 4-D.Swift right guard to CHI 22 for 2 yards (15-D.Turner; 51-B.Cashman).,run,2.0,false,false,,,,,right,guard,false,false,false,false,false,false,,false,-0.6101579200476408,false,-0.0048525333404541016
2025_11_CHI_MIN,2623,3,06:42,2,8,CHI,MIN,CHI,78.0,(6:42) (Shotgun) 18-C.Williams pass incomplete deep right to 10-L.Burden (26-T.Jackson).,pass,0.0,true,false,deep,right,18.0,,,,false,false,false,false,false,false,,false,-0.7626421456225216,false,-0.01554882526397705
2025_11_CHI_MIN,2669,3,06:37,3,8,CHI,MIN,CHI,78.0,"(6:37) (Shotgun) 18-C.Williams scrambles right end ran ob at CHI 33 for 11 yards (55-E.Wilson). PENALTY on CHI-15-R.Odunze, Illegal Formation, 5 yards, enforced at CHI 22 - No Play.",no_play,0.0,true,false,,,,,,,false,false,false,false,false,true,5.0,false,-0.6298169996589422,false,-0.01410377025604248
2025_11_CHI_MIN,2707,3,06:14,3,13,CHI,MIN,CHI,83.0,(6:14) (Shotgun) 18-C.Williams pass short left to 10-L.Burden to CHI 33 for 16 yards (51-B.Cashman).,pass,16.0,true,false,short,left,1.0,15.0,,,true,true,false,false,false,false,,false,2.853937924839556,true,0.0563969612121582
2025_11_CHI_MIN,2732,3,05:42,1,10,CHI,MIN,CHI,67.0,(5:42) 18-C.Williams scrambles right end ran ob at CHI 49 for 16 yards (55-E.Wilson).,run,16.0,false,false,,,,,right,end,false,true,false,false,false,false,,false,1.0410283298697323,true,0.006879568099975586
2025_11_CHI_MIN,2759,3,05:01,1,10,CHI,MIN,CHI,51.0,(5:01) 18-C.Williams pass deep right to 2-D.Moore to MIN 33 for 18 yards (44-J.Metellus).,pass,18.0,false,false,deep,right,17.0,1.0,,,true,true,false,false,false,false,,false,1.224324681214057,true,0.013524353504180908
2025_11_CHI_MIN,2784,3,04:37,1,10,CHI,MIN,MIN,33.0,(4:37) (No Huddle) 18-C.Williams pass short left to 85-C.Kmet to MIN 22 for 11 yards (43-A.Van Ginkel; 51-B.Cashman).,pass,11.0,false,true,short,left,-2.0,13.0,,,true,true,false,false,false,false,,false,0.8335854463512078,true,0.011669754981994629
2025_11_CHI_MIN,2809,3,03:48,1,10,CHI,MIN,MIN,22.0,(3:48) 4-D.Swift right end to MIN 18 for 4 yards (44-J.Metellus).,run,4.0,false,false,,,,,right,end,false,false,false,false,false,false,,false,-0.10061996208969504,false,0.00774073600769043
2025_11_CHI_MIN,2831,3,03:01,2,6,CHI,MIN,MIN,18.0,(3:01) 4-D.Swift left guard to MIN 15 for 3 yards (97-J.Hargrave).,run,3.0,false,false,,,,,left,guard,false,false,false,false,false,false,,false,-0.21409626922104508,false,0.008116066455841064
2025_11_CHI_MIN,2853,3,02:20,3,3,CHI,MIN,MIN,15.0,(2:20) (Shotgun) 18-C.Williams pass incomplete short left to 84-C.Loveland.,pass,0.0,true,false,short,left,15.0,,,,false,false,false,false,false,false,,false,-1.5257314178566146,false,-0.014149129390716553
2025_11_CHI_MIN,2876,3,02:15,4,3,CHI,MIN,MIN,15.0,"(2:15) 8-C.Santos 33 yard field goal is GOOD, Center-46-S.Daly, Holder-19-T.Taylor.",field_goal,0.0,false,false,,,,,,,false,false,false,false,false,false,,false,0.1972489641452837,true,0.01634146273136139
2025_11_CHI_MIN,2896,3,02:11,,0,MIN,CHI,CHI,35.0,8-C.Santos kicks 63 yards from CHI 35 to MIN 2. 4-M.Price to MIN 21 for 19 yards (23-R.Johnson).,kickoff,0.0,false,false,,,,,,,false,false,false,false,false,false,,false,-0.40757166035473347,false,-0.006881721317768097
2025_11_CHI_MIN,2926,3,02:05,1,10,MIN,CHI,MIN,79.0,(2:05) 27-J.Mason left guard to MIN 29 for 8 yards (50-G.Jarrett; 44-N.Sewell).,run,8.0,false,false,,,,,left,guard,false,false,false,false,false,false,,false,0.7251696134917438,true,0.014447428286075592
2025_11_CHI_MIN,2948,3,01:25,2,2,MIN,CHI,MIN,71.0,(1:25) 9-J.McCarthy pass incomplete deep right to 3-J.Addison (29-T.Stevenson). CHI-29-T.Stevenson was injured during the play.,pass,0.0,false,false,deep,right,30.0,,,,false,false,false,false,false,false,,false,-0.7478893422521651,false,-0.012024462223052979
2025_11_CHI_MIN,2986,3,01:18,3,2,MIN,CHI,MIN,71.0,(1:18) (Shotgun) 9-J.McCarthy pass incomplete short left to 18-J.Jefferson.,pass,0.0,true,false,short,left,13.0,,,,false,false,false,false,false,false,,false,-1.8253793930634856,false,-0.02368781343102455
2025_11_CHI_MIN,3017,3,01:14,4,2,MIN,CHI,MIN,71.0,"(1:14) 17-R.Wright punts 56 yards to CHI 15, Center-42-A.DePaola. 12-D.Duvernay pushed ob at CHI 21 for 6 yards (37-T.Thomas).",punt,0.0,false,false,,,,,,,false,false,false,false,false,false,,false,-0.24687919253483415,false,-0.013701241463422775
2025_11_CHI_MIN,3043,3,01:04,1,10,CHI,MIN,CHI,79.0,(1:04) 18-C.Williams pass short middle to 81-D.Smythe to CHI 29 for 8 yards (51-B.Cashman; 55-E.Wilson).,pass,8.0,false,false,short,middle,4.0,4.0,,,true,false,false,false,false,false,,false,0.6569991745054722,true,-0.002586841583251953
2025_11_CHI_MIN,3073,3,00:27,2,2,CHI,MIN,CHI,71.0,(:27) 25-K.Monangai left tackle to CHI 32 for 3 yards (51-B.Cashman).,run,3.0,false,false,,,,,left,tackle,false,true,false,false,false,false,,false,0.1304374528117478,true,0.0025644302368164062
2025_11_CHI_MIN,3095,3,00:00,,0,CHI,MIN,,,END QUARTER 3,,,false,false,,,,,,,,,,,,,,,-0.0,false,-0.0
2025_11_CHI_MIN,3115,4,15:00,1,10,CHI,MIN,CHI,68.0,(15:00) 18-C.Williams sacked at CHI 31 for -1 yards (15-D.Turner).,pass,-1.0,false,false,,,,,,,false,false,true,false,false,false,,false,-0.9362781415693462,false,-0.010389447212219238
2025_11_CHI_MIN,3135,4,14:20,2,11,CHI,MIN,CHI,69.0,(14:20) (Shotgun) 18-C.Williams pass incomplete short right.,pass,0.0,true,false,short,right,9.0,,,,false,false,false,false,false,false,,false,-0.7945997281931341,false,0.008968174457550049
2025_11_CHI_MIN,3158,4,14:12,3,11,CHI,MIN,CHI,69.0,(14:12) (Shotgun) 18-C.Williams sacked at CHI 19 for -12 yards (43-A.Van Ginkel).,pass,-12.0,true,false,,,,,,,false,false,true,false,false,false,,false,-2.113043926190585,false,-0.0068239569664001465
2025_11_CHI_MIN,3178,4,13:28,4,23,CHI,MIN,CHI,81.0,"(13:28) 19-T.Taylor punts 48 yards to MIN 33, Center-46-S.Daly. 4-M.Price to CHI 24 for 43 yards (92-D.Hardy).",punt,0.0,false,false,,,,,,,false,false,false,false,false,false,,false,-2.4337764733936638,false,-0.08853048086166382
2025_11_CHI_MIN,3209,4,13:14,1,10,MIN,CHI,CHI,24.0,(13:14) 27-J.Mason right end to CHI 16 for 8 yards (49-T.Edmunds).,run,8.0,false,false,,,,,right,end,false,false,false,false,false,false,,false,0.4402891859645024,true,0.012865200638771057
2025_11_CHI_MIN,3231,4,12:38,2,2,MIN,CHI,CHI,16.0,"(12:38) 27-J.Mason right tackle for 16 yards, TOUCHDOWN.",run,16.0,false,false,,,,,right,tackle,false,true,false,false,false,false,,true,1.903944699675776,true,0.035751885753977586
2025_11_CHI_MIN,3254,4,12:33,,0,MIN,CHI,CHI,15.0,"16-W.Reichard extra point is GOOD, Center-42-A.DePaola, Holder-17-R.Wright.",extra_point,0.0,false,false,,,,,,,false,false,false,false,false,false,,false,0.05117156607063911,true,0.0016500139414188375
2025_11_CHI_MIN,3269,4,12:33,,0,CHI,MIN,MIN,35.0,"16-W.Reichard kicks 65 yards from MIN 35 to end zone, Touchback to the CHI 35.",kickoff,0.0,false,false,,,,,,,false,false,false,false,false,false,,false,0.4387623816728592,true,0.014957845211029053
2025_11_CHI_MIN,3293,4,12:33,1,10,CHI,MIN,CHI,65.0,(12:33) 4-D.Swift right tackle to CHI 44 for 9 yards (15-D.Turner; 55-E.Wilson).,run,9.0,false,false,,,,,right,tackle,false,false,false,false,false,false,,false,0.8739123472478241,true,0.03191351890563965
2025_11_CHI_MIN,3315,4,11:53,2,1,CHI,MIN,CHI,56.0,(11:53) 75-O.Trapilo reported in as eligible. 4-D.Swift left guard to MIN 45 for 11 yards (44-J.Metellus; 43-A.Van Ginkel).,run,11.0,false,false,,,,,left,guard,false,true,false,false,false,false,,false,0.48657233687117696,true,3.1054019927978516e-05
2025_11_CHI_MIN,3339,4,11:10,1,10,CHI,MIN,MIN,45.0,(11:10) 4-D.Swift left tackle to MIN 37 for 8 yards (7-B.Murphy).,run,8.0,false,false,,,,,left,tackle,false,false,false,false,false,false,,false,0.5600858216639608,true,0.016444265842437744
2025_11_CHI_MIN,3361,4,10:26,2,2,CHI,MIN,MIN,37.0,(10:26) 4-D.Swift right tackle to MIN 34 for 3 yards (61-J.Redmond; 93-J.Allen).,run,3.0,false,false,,,,,right,tackle,false,true,false,false,false,false,,false,0.09536513953935355,true,0.011410057544708252
2025_11_CHI_MIN,3383,4,09:46,1,10,CHI,MIN,MIN,34.0,(9:46) 18-C.Williams pass incomplete short right to 81-D.Smythe (15-D.Turner).,pass,0.0,false,false,short,right,5.0,,,,false,false,false,false,false,false,,false,-0.5081732005346566,false,-0.007149934768676758
2025_11_CHI_MIN,3406,4,09:42,2,10,CHI,MIN,MIN,34.0,(9:42) 4-D.Swift left tackle to MIN 27 for 7 yards (97-J.Hargrave; 2-I.Rodgers).,run,7.0,false,false,,,,,left,tackle,false,false,false,false,false,false,,false,0.3488191399956122,true,0.01855701208114624
2025_11_CHI_MIN,3428,4,08:55,3,3,CHI,MIN,MIN,27.0,(8:55) 4-D.Swift right tackle to MIN 27 for no gain (51-B.Cashman; 7-B.Murphy).,run,0.0,false,false,,,,,right,tackle,false,false,false,false,false,false,,false,-1.6350708883986433,false,-0.020879685878753662
2025_11_CHI_MIN,3450,4,08:13,4,3,CHI,MIN,MIN,27.0,"(8:13) 8-C.Santos 45 yard field goal is No Good, Wide Left, Center-46-S.Daly, Holder-19-T.Taylor.",field_goal,0.0,false,false,,,,,,,false,false,false,false,false,false,,false,-3.780013208902944,false,-0.11178264021873474
2025_11_CHI_MIN,3471,4,08:08,1,10,MIN,CHI,MIN,65.0,(8:08) 27-J.Mason right end to MIN 37 for 2 yards (98-M.Sweat; 97-A.Billings). ** Injury Update: CHI-29-T.Stevenson has returned to the game.,run,2.0,false,false,,,,,right,end,false,false,false,false,false,false,,false,-0.28200824884697795,false,-0.01614108681678772
2025_11_CHI_MIN,3500,4,07:32,2,8,MIN,CHI,MIN,63.0,(7:32) (Shotgun) 9-J.McCarthy pass incomplete short left to 3-J.Addison.,pass,0.0,true,false,short,left,3.0,,,,false,false,false,false,false,false,,false,-0.7243251320905983,false,-0.03249502182006836
2025_11_CHI_MIN,3523,4,07:28,3,8,MIN,CHI,MIN,63.0,(7:28) (Shotgun) 9-J.McCarthy pass incomplete short middle to 87-T.Hockenson.,pass,0.0,true,false,short,middle,13.0,,,,false,false,false,false,false,false,,false,-1.5164380189962685,false,-0.04284250736236572
2025_11_CHI_MIN,3546,4,07:25,4,8,MIN,CHI,MIN,63.0,"(7:25) 17-R.Wright punts 45 yards to CHI 18, Center-42-A.DePaola, fair catch by 12-D.Duvernay.",punt,0.0,false,false,,,,,,,false,false,false,false,false,false,,false,-0.16579015599563718,false,-0.01785123348236084
2025_11_CHI_MIN,3566,4,07:18,1,10,CHI,MIN,CHI,82.0,(7:18) 25-K.Monangai right guard to CHI 15 for -3 yards (61-J.Redmond).,run,-3.0,false,false,,,,,right,guard,false,false,false,false,false,false,,false,-1.383788445033133,false,-0.03384929895401001
2025_11_CHI_MIN,3591,4,06:37,2,13,CHI,MIN,CHI,85.0,(6:37) 18-C.Williams pass incomplete deep right to 2-D.Moore.,pass,0.0,false,false,deep,right,18.0,,,,false,false,false,false,false,false,,false,-0.673747225664556,false,-0.016086101531982422
2025_11_CHI_MIN,3614,4,06:32,3,13,CHI,MIN,CHI,85.0,(6:32) (Shotgun) 18-C.Williams pass short middle to 84-C.Loveland to CHI 39 for 24 yards (26-T.Jackson).,pass,24.0,true,false,short,middle,5.0,19.0,,,true,true,false,false,false,false,,false,3.245640176348388,true,0.07008743286132812
2025_11_CHI_MIN,3639,4,05:49,1,10,CHI,MIN,CHI,61.0,(5:49) 25-K.Monangai right tackle to CHI 48 for 9 yards (15-D.Turner; 44-J.Metellus).,run,9.0,false,false,,,,,right,tackle,false,false,false,false,false,false,,false,0.8423986630514264,true,0.017195284366607666
2025_11_CHI_MIN,3661,4,05:10,2,1,CHI,MIN,CHI,52.0,(5:10) 25-K.Monangai up the middle to MIN 48 for 4 yards (51-B.Cashman; 90-T.Ingram-Dawkins).,run,4.0,false,false,,,,,middle,,false,true,false,false,false,false,,false,-0.007354268338531256,false,0.0010624527931213379
2025_11_CHI_MIN,3683,4,04:27,1,10,CHI,MIN,MIN,48.0,"(4:27) 25-K.Monangai right tackle to MIN 43 for 5 yards (55-E.Wilson; 61-J.Redmond). PENALTY on CHI-58-D.Wright, Illegal Formation, 5 yards, enforced at MIN 48 - No Play.",no_play,0.0,false,false,,,,,,,false,false,false,false,false,true,5.0,false,-0.6290854205144569,false,-0.008516073226928711
2025_11_CHI_MIN,3716,4,04:22,1,15,CHI,MIN,CHI,53.0,"(4:22) 75-O.Trapilo reported in as eligible. 25-K.Monangai right end to CHI 43 for -4 yards (55-E.Wilson, 43-A.Van Ginkel).",run,-4.0,false,false,,,,,right,end,false,false,false,false,false,false,,false,-0.9971097114030272,false,-0.01647043228149414
2025_11_CHI_MIN,3740,4,03:41,2,19,CHI,MIN,CHI,57.0,(3:41) 18-C.Williams pass incomplete deep right [15-D.Turner].,pass,0.0,false,false,deep,right,17.0,,,,false,false,false,false,false,false,,false,-0.6860660993261263,false,-0.019255876541137695
2025_11_CHI_MIN,3763,4,03:29,3,19,CHI,MIN,CHI,57.0,(3:29) (Shotgun) 18-C.Williams pass short left to 25-K.Monangai to MIN 43 for 14 yards (43-A.Van Ginkel; 44-J.Metellus). MIN-44-J.Metellus was injured during the play.,pass,14.0,true,false,short,left,-4.0,18.0,,,true,false,false,false,false,false,,false,-0.1173247282858938,false,-0.005717813968658447
2025_11_CHI_MIN,3791,4,03:21,4,5,CHI,MIN,MIN,43.0,"(3:21) (Run formation) PENALTY on CHI, Delay of Game, 5 yards, enforced at MIN 43 - No Play.",no_play,0.0,false,false,,,,,,,false,false,false,false,false,true,5.0,false,-0.4793476155027747,false,-0.011397898197174072
2025_11_CHI_MIN,3803,4,03:21,,0,,,,,"Timeout #1 by MIN at 03:21.",no_play,0.0,false,false,,,,,,,false,false,false,false,false,false,,false,-0.0,false,-0.0
2025_11_CHI_MIN,3822,4,03:21,4,10,CHI,MIN,MIN,48.0,"(3:21) 19-T.Taylor punts 33 yards to MIN 15, Center-46-S.Daly, fair catch by 4-M.Price.",punt,0.0,false,false,,,,,,,false,false,false,false,false,false,,false,-0.44540569465607405,false,-0.016066133975982666
2025_11_CHI_MIN,3842,4,03:14,1,10,MIN,CHI,MIN,85.0,(3:14) (Shotgun) 33-A.Jones right guard to MIN 18 for 3 yards (35-C.Gardner-Johnson).,run,3.0,true,false,,,,,right,guard,false,false,false,false,false,false,,false,-0.21434001671150327,false,-0.012892991304397583
2025_11_CHI_MIN,3864,4,02:54,2,7,MIN,CHI,MIN,82.0,"(2:54) (No Huddle, Shotgun) 9-J.McCarthy pass short middle to 87-T.Hockenson to MIN 39 for 21 yards (49-T.Edmunds) [35-C.Gardner-Johnson].",pass,21.0,true,true,short,middle,7.0,14.0,,,true,true,false,false,false,false,,false,1.5478972727432847,true,0.04874630272388458
2025_11_CHI_MIN,3889,4,02:28,1,10,MIN,CHI,MIN,61.0,"(2:28) (No Huddle, Shotgun) 33-A.Jones right tackle to MIN 45 for 6 yards (9-J.Brisker; 49-T.Edmunds).",run,6.0,true,true,,,,,right,tackle,false,false,false,false,false,false,,false,0.18148343253415078,true,-0.004266276955604553
2025_11_CHI_MIN,3911,4,02:07,2,4,MIN,CHI,MIN,55.0,"(2:07) (No Huddle, Shotgun) 9-J.McCarthy pass incomplete short right to 87-T.Hockenson.",pass,0.0,true,true,short,right,5.0,,,,false,false,false,false,false,false,,false,-0.47818475298117846,false,-0.02453535795211792
2025_11_CHI_MIN,3934,4,02:03,3,4,MIN,CHI,MIN,55.0,(2:03) (Shotgun) 9-J.McCarthy pass incomplete short right to 33-A.Jones (98-M.Sweat).,pass,0.0,true,false,short,right,-3.0,,,,false,false,false,false,false,false,,false,-1.5278540852013975,false,-0.05233100801706314
2025_11_CHI_MIN,3957,4,01:59,4,4,MIN,CHI,MIN,55.0,(1:59) (Shotgun) 9-J.McCarthy pass short right to 3-J.Addison to 50 for 5 yards (24-N.McCloud) [49-T.Edmunds].,pass,5.0,true,false,short,right,5.0,0.0,,,true,true,false,false,false,false,,false,2.4932654942385852,true,0.06754883378744125
2025_11_CHI_MIN,3989,4,01:40,1,10,MIN,CHI,50,50.0,"(1:40) (No Huddle, Shotgun) 9-J.McCarthy pass short right to 18-J.Jefferson to CHI 42 for 8 yards (44-N.Sewell).",pass,8.0,true,true,short,right,4.0,4.0,,,true,false,false,false,false,false,,false,0.39056951948441565,true,0.055784255266189575
2025_11_CHI_MIN,4014,4,01:22,2,2,MIN,CHI,CHI,42.0,"(1:22) (No Huddle, Shotgun) 9-J.McCarthy pass short middle to 87-T.Hockenson to CHI 31 for 11 yards (9-J.Brisker).",pass,11.0,true,true,short,middle,5.0,6.0,,,true,true,false,false,false,false,,false,0.6069727339199744,true,0.025081798434257507
2025_11_CHI_MIN,4039,4,01:01,1,10,MIN,CHI,CHI,31.0,"(1:01) (No Huddle, Shotgun) 9-J.McCarthy pass short right to 1-J.Nailor ran ob at CHI 15 for 16 yards.",pass,16.0,true,true,short,right,15.0,1.0,,,true,true,false,false,false,false,,false,1.1789070361410268,true,0.11111077666282654
2025_11_CHI_MIN,4069,4,00:56,1,10,MIN,CHI,CHI,15.0,"(:56) (Shotgun) 9-J.McCarthy pass short left to 3-J.Addison for 15 yards, TOUCHDOWN.",pass,15.0,true,false,short,left,15.0,0.0,,,true,true,false,false,false,false,,true,2.2951494152657688,true,0.18489401792580484
2025_11_CHI_MIN,4095,4,00:50,,0,MIN,CHI,CHI,15.0,"16-W.Reichard extra point is GOOD, Center-42-A.DePaola, Holder-17-R.Wright.",extra_point,0.0,false,false,,,,,,,false,false,false,false,false,false,,false,0.05117156607063911,true,0.00669387722914816
2025_11_CHI_MIN,4110,4,00:50,,0,CHI,MIN,MIN,35.0,16-W.Reichard kicks 61 yards from MIN 35 to CHI 4. 12-D.Duvernay pushed ob at MIN 40 for 56 yards (55-E.Wilson).,kickoff,0.0,false,false,,,,,,,false,false,false,false,false,false,,false,1.9560011068824679,true,0.17342308163642883
2025_11_CHI_MIN,4143,4,00:42,1,10,CHI,MIN,MIN,40.0,(:42) 4-D.Swift left tackle to MIN 36 for 4 yards (90-T.Ingram-Dawkins). ** Injury Update: MIN-44-J.Metellus has returned to the game.,run,4.0,false,false,,,,,left,tackle,false,false,false,false,false,false,,false,-0.2086282634991221,false,0.008545160293579102
2025_11_CHI_MIN,4165,4,00:37,2,6,CHI,MIN,MIN,36.0,(:37) 75-O.Trapilo reported in as eligible. 4-D.Swift right guard to MIN 38 for -2 yards (90-T.Ingram-Dawkins).,run,-2.0,false,false,,,,,right,guard,false,false,false,false,false,false,,false,-1.4336079327622429,false,-0.09731197357177734
2025_11_CHI_MIN,4177,4,00:37,,0,,,,,"Timeout #2 by MIN at 00:37.",no_play,0.0,false,false,,,,,,,false,false,false,false,false,false,,false,-0.0,false,-0.0
2025_11_CHI_MIN,4199,4,00:33,3,8,CHI,MIN,MIN,38.0,(:33) 4-D.Swift right tackle to MIN 31 for 7 yards (44-J.Metellus).,run,7.0,false,false,,,,,right,tackle,false,false,false,false,false,false,,false,0.9874907937200561,true,0.051934897899627686
2025_11_CHI_MIN,4211,4,00:33,,0,,,,,"Timeout #3 by MIN at 00:33.",no_play,0.0,false,false,,,,,,,false,false,false,false,false,false,,false,-0.0,false,-0.0
2025_11_CHI_MIN,4228,4,00:04,4,1,CHI,MIN,MIN,31.0,"(:04) 8-C.Santos 48 yard field goal is GOOD, Center-46-S.Daly, Holder-19-T.Taylor.",field_goal,0.0,false,false,,,,,,,false,false,false,false,false,false,,false,0.7932173628060326,true,0.43924450874328613
2025_11_CHI_MIN,4240,4,00:04,,0,,,,,"Timeout #1 by CHI at 00:04.",no_play,0.0,false,false,,,,,,,false,false,false,false,false,false,,false,-0.0,false,-0.0
2025_11_CHI_MIN,4255,4,00:00,,0,MIN,CHI,,,END GAME,,,false,false,,,,,,,,,,,,,,,,,
2025_12_MIN_GB,1,1,15:00,,0,,,,,GAME,,,false,false,,,,,,,,,,,,,,,-0.0,false,-0.0
2025_12_MIN_GB,40,1,15:00,,0,MIN,GB,GB,35.0,"17-B.McManus kicks 65 yards from GB 35 to end zone, Touchback to the MIN 35.",kickoff,0.0,false,false,,,,,,,false,false,false,false,false,false,,false,0.5022245356813073,true,0.015445202589035034
2025_12_MIN_GB,57,1,15:00,1,10,MIN,GB,MIN,65.0,(15:00) 33-A.Jones left guard to MIN 38 for 3 yards (96-C.Wooden).,run,3.0,false,false,,,,,left,guard,false,false,false,false,false,false,,false,-0.1273878295905888,false,-0.007205009460449219
2025_12_MIN_GB,79,1,14:22,2,7,MIN,GB,MIN,62.0,(14:22) 33-A.Jones up the middle to GB 49 for 13 yards (25-K.Nixon; 29-X.McKinney).,run,13.0,false,false,,,,,middle,,false,true,false,false,false,false,,false,1.4268467605579644,true,0.038669735193252563
2025_12_MIN_GB,101,1,13:42,1,10,MIN,GB,GB,49.0,(13:42) 9-J.McCarthy pass short middle to 18-J.Jefferson to GB 34 for 15 yards (25-K.Nixon).,pass,15.0,false,false,short,middle,15.0,0.0,,,true,true,false,false,false,false,,false,1.0124425301328301,true,0.05029389262199402
2025_12_MIN_GB,126,1,13:11,1,10,MIN,GB,GB,34.0,"(13:11) (No Huddle, Shotgun) 9-J.McCarthy pass incomplete short left [1-M.Parsons].",pass,0.0,true,true,short,left,-5.0,,,,false,false,false,false,false,false,,false,-0.5159667837433517,false,-0.015525281429290771
2025_12_MIN_GB,149,1,13:06,2,10,MIN,GB,GB,34.0,(13:06) (Shotgun) 9-J.McCarthy pass incomplete short left to 3-J.Addison (20-J.Bullard).,pass,0.0,true,false,short,left,-1.0,,,,false,false,false,false,false,false,,false,-0.7406790044624358,false,-0.032668232917785645
2025_12_MIN_GB,172,1,13:02,3,10,MIN,GB,GB,34.0,(13:02) (Shotgun) 9-J.McCarthy pass incomplete short middle to 33-A.Jones.,pass,0.0,true,false,short,middle,-2.0,,,,false,false,false,false,false,false,,false,-1.2540002908628338,false,-0.043282151222229004
2025_12_MIN_GB,195,1,12:58,4,10,MIN,GB,GB,34.0,"(12:58) 16-W.Reichard 52 yard field goal is GOOD, Center-42-A.DePaola, Holder-17-R.Wright.",field_goal,0.0,false,false,,,,,,,false,false,false,false,false,false,,false,1.926297715499615,true,0.04484492540359497
2025_12_MIN_GB,215,1,12:53,,0,GB,MIN,MIN,35.0,16-W.Reichard kicks 60 yards from MIN 35 to GB 5. 83-S.Williams to GB 30 for 25 yards (96-T.Batty).,kickoff,0.0,false,false,,,,,,,false,false,false,false,false,false,,false,0.33051655208691955,true,0.009234607219696045
2025_12_MIN_GB,245,1,12:48,1,10,GB,MIN,GB,70.0,(12:48) (Shotgun) 23-E.Wilson right guard to GB 30 for no gain (61-J.Redmond).,run,0.0,true,false,,,,,right,guard,false,false,false,false,false,false,,false,-0.6312442026101053,false,-0.016850173473358154
2025_12_MIN_GB,267,1,12:28,2,10,GB,MIN,GB,70.0,"(12:28) (No Huddle, Shotgun) 10-J.Love pass short middle to 23-E.Wilson to GB 37 for 7 yards (44-J.Metellus).",pass,7.0,true,true,short,middle,2.0,5.0,,,true,false,false,false,false,false,,false,0.09619030077010393,true,0.013078033924102783
2025_12_MIN_GB,292,1,11:48,3,3,GB,MIN,GB,63.0,(11:48) (Shotgun) 10-J.Love pass short right to 9-C.Watson ran ob at GB 49 for 12 yards.,pass,12.0,true,false,short,right,12.0,0.0,,,true,true,false,false,false,false,,false,1.6723913059104234,true,0.03611612319946289
2025_12_MIN_GB,322,1,11:17,1,10,GB,MIN,GB,51.0,(11:17) (Shotgun) 23-E.Wilson left end to MIN 47 for 4 yards (51-B.Cashman; 44-J.Metellus).,run,4.0,true,false,,,,,left,end,false,false,false,false,false,false,,false,-0.20874036266468465,false,0.00591045618057251
2025_12_MIN_GB,344,1,10:52,2,6,GB,MIN,MIN,47.0,"(10:52) (No Huddle, Shotgun) 10-J.Love pass incomplete deep left to 88-L.Musgrave. PENALTY on MIN-44-J.Metellus, Defensive Pass Interference, 24 yards, enforced at MIN 47 - No Play.",no_play,0.0,true,true,,,,,,,false,true,false,false,false,true,24.0,false,1.9787500395905226,true,0.07397198677062988
2025_12_MIN_GB,378,1,10:47,1,10,GB,MIN,MIN,23.0,(10:47) 70-D.Kinnard reported in as eligible. 23-E.Wilson right tackle to MIN 19 for 4 yards (50-L.Rodriguez).,run,4.0,false,false,,,,,right,tackle,false,false,false,false,false,false,,false,-0.25129991449648514,false,-0.0045746564865112305
2025_12_MIN_GB,402,1,10:05,2,6,GB,MIN,MIN,19.0,(10:05) (Shotgun) 10-J.Love pass short left to 13-D.Wicks to MIN 1 for 18 yards (2-I.Rodgers; 44-J.Metellus).,pass,18.0,true,false,short,left,4.0,14.0,,,true,true,false,false,false,false,,false,2.00489592392114,true,0.03465229272842407
2025_12_MIN_GB,427,1,09:19,1,1,GB,MIN,MIN,1.0,"(9:19) 70-D.Kinnard reported in as eligible. 23-E.Wilson up the middle for 1 yard, TOUCHDOWN.",run,1.0,false,false,,,,,middle,,false,true,false,false,false,false,,true,0.4815878481895197,true,0.01650976626565992
2025_12_MIN_GB,452,1,09:15,,0,GB,MIN,MIN,15.0,"17-B.McManus extra point is GOOD, Center-42-M.Orzech, Holder-19-D.Whelan.",extra_point,0.0,false,false,,,,,,,false,false,false,false,false,false,,false,0.06757300310763314,true,0.0018805912286943283
2025_12_MIN_GB,467,1,09:15,,0,MIN,GB,GB,35.0,17-B.McManus kicks 63 yards from GB 35 to MIN 2. 4-M.Price to MIN 28 for 26 yards (59-T.Hopper).,kickoff,0.0,false,false,,,,,,,false,false,false,false,false,false,,false,0.10478824423626065,true,0.0018233656883239746
2025_12_MIN_GB,497,1,09:10,1,10,MIN,GB,MIN,72.0,(9:10) 33-A.Jones right tackle to MIN 31 for 3 yards (52-R.Gary; 56-E.Cooper).,run,3.0,false,false,,,,,right,tackle,false,false,false,false,false,false,,false,-0.21450310293585062,false,-0.013112783432006836
2025_12_MIN_GB,519,1,08:28,2,7,MIN,GB,MIN,69.0,(8:28) (Shotgun) 9-J.McCarthy pass short middle to 33-A.Jones to MIN 37 for 6 yards (58-I.McDuffie).,pass,6.0,true,false,short,middle,2.0,4.0,,,true,false,false,false,false,false,,false,0.591600154992193,true,0.005285859107971191
2025_12_MIN_GB,544,1,07:54,3,1,MIN,GB,MIN,63.0,(7:54) 27-J.Mason up the middle to MIN 39 for 2 yards (52-R.Gary; 58-I.McDuffie).,run,2.0,false,false,,,,,middle,,false,true,false,false,false,false,,false,0.4112062209751457,true,0.02697959542274475
2025_12_MIN_GB,566,1,07:13,1,10,MIN,GB,MIN,61.0,"(7:13) 9-J.McCarthy FUMBLES (Aborted) at MIN 37, and recovers at MIN 36.",run,0.0,false,false,,,,,,,false,false,false,false,false,false,,false,-0.9941062855068594,false,-0.032468050718307495
2025_12_MIN_GB,593,1,06:31,2,13,MIN,GB,MIN,64.0,(6:31) (Shotgun) 33-A.Jones up the middle to MIN 40 for 4 yards (33-E.Williams).,run,4.0,true,false,,,,,middle,,false,false,false,false,false,false,,false,-0.3375334208831191,false,-0.012334942817687988
2025_12_MIN_GB,615,1,05:54,3,9,MIN,GB,MIN,60.0,(5:54) (Shotgun) 9-J.McCarthy pass short left to 87-T.Hockenson to MIN 45 for 5 yards (58-I.McDuffie).,pass,5.0,true,false,short,left,5.0,0.0,,,true,false,false,false,false,false,,false,-0.9499094905331731,false,-0.022111743688583374
2025_12_MIN_GB,640,1,05:12,4,4,MIN,GB,MIN,55.0,"(5:12) 17-R.Wright punts 53 yards to GB 2, Center-42-A.DePaola, out of bounds.",punt,0.0,false,false,,,,,,,false,false,false,false,false,false,,false,0.45278424373827875,true,0.026004105806350708
2025_12_MIN_GB,659,1,05:04,1,10,GB,MIN,GB,98.0,(5:04) (Shotgun) 10-J.Love pass short right to 9-C.Watson pushed ob at GB 11 for 9 yards (26-T.Jackson).,pass,9.0,true,false,short,right,3.0,6.0,,,true,false,false,false,false,false,,false,0.5878873739857227,true,0.024647951126098633
2025_12_MIN_GB,696,1,04:27,2,1,GB,MIN,GB,89.0,(4:27) 23-E.Wilson left tackle to GB 11 for no gain (55-E.Wilson).,run,0.0,false,false,,,,,left,tackle,false,false,false,false,false,false,,false,-0.6676945250947028,false,-0.03150457143783569
2025_12_MIN_GB,718,1,03:42,3,1,GB,MIN,GB,89.0,(3:42) 70-D.Kinnard reported in as eligible. 23-E.Wilson left end to GB 19 for 8 yards (51-B.Cashman; 44-J.Metellus).,run,8.0,false,false,,,,,left,end,false,true,false,false,false,false,,false,0.8317173894029111,true,0.023452579975128174
2025_12_MIN_GB,742,1,02:57,1,10,GB,MIN,GB,81.0,(2:57) (Shotgun) 10-J.Love pass incomplete short right to 87-R.Doubs (61-J.Redmond).,pass,0.0,true,false,short,right,-4.0,,,,false,false,false,false,false,false,,false,-0.5939825647510588,false,-0.008513569831848145
2025_12_MIN_GB,765,1,02:55,2,10,GB,MIN,GB,81.0,(2:55) 10-J.Love pass incomplete short right to 88-L.Musgrave (2-I.Rodgers).,pass,0.0,false,false,short,right,5.0,,,,false,false,false,false,false,false,,false,-0.7796493866480887,false,-0.019961833953857422
2025_12_MIN_GB,788,1,02:49,3,10,GB,MIN,GB,81.0,(2:49) (Shotgun) 10-J.Love pass short middle to 13-D.Wicks to GB 33 for 14 yards (51-B.Cashman) [55-E.Wilson].,pass,14.0,true,false,short,middle,12.0,2.0,,,true,true,false,false,false,false,,false,2.4340745327062905,true,0.05641162395477295
2025_12_MIN_GB,813,1,02:08,1,10,GB,MIN,GB,67.0,(2:08) 10-J.Love pass incomplete deep right to 9-C.Watson.,pass,0.0,false,false,deep,right,27.0,,,,false,false,false,false,false,false,,false,-0.5393425701186061,false,-0.011922955513000488
2025_12_MIN_GB,836,1,02:03,2,10,GB,MIN,GB,67.0,"(2:03) PENALTY on GB-86-J.FitzPatrick, False Start, 5 yards, enforced at GB 33 - No Play.",no_play,0.0,false,false,,,,,,,false,false,false,false,false,true,5.0,false,-0.7621621987782419,false,-0.014321506023406982
2025_12_MIN_GB,860,1,02:03,2,15,GB,MIN,GB,72.0,(2:03) (Shotgun) 10-J.Love pass incomplete deep left to 9-C.Watson.,pass,0.0,true,false,deep,left,18.0,,,,false,false,false,false,false,false,,false,-0.8455595085397363,false,-0.02591913938522339
2025_12_MIN_GB,883,1,01:59,3,15,GB,MIN,GB,72.0,(1:59) (Shotgun) 10-J.Love sacked at GB 24 for -4 yards (15-D.Turner).,pass,-4.0,true,false,,,,,,,false,false,true,false,false,false,,false,-1.5053096297197044,false,-0.03650021553039551
2025_12_MIN_GB,903,1,01:16,4,19,GB,MIN,GB,76.0,"(1:16) 19-D.Whelan punts 63 yards to MIN 13, Center-42-M.Orzech. 4-M.Price to MIN 24 for 11 yards (39-Z.Anderson; 59-T.Hopper).",punt,0.0,false,false,,,,,,,false,false,false,false,false,false,,false,1.0687008197419345,true,0.022501319646835327
2025_12_MIN_GB,929,1,01:03,1,10,MIN,GB,MIN,76.0,(1:03) 9-J.McCarthy pass short right to 18-J.Jefferson pushed ob at MIN 31 for 7 yards (25-K.Nixon). GB-25-K.Nixon was injured during the play.,pass,7.0,false,false,short,right,7.0,0.0,,,true,false,false,false,false,false,,false,0.48488833755254745,true,-0.010485470294952393
2025_12_MIN_GB,969,1,00:40,2,3,MIN,GB,MIN,69.0,(:40) 27-J.Mason left guard to MIN 35 for 4 yards (59-T.Hopper; 29-X.McKinney).,run,4.0,false,false,,,,,left,guard,false,true,false,false,false,false,,false,0.2531814780086279,true,0.014641433954238892
2025_12_MIN_GB,991,1,00:00,,0,MIN,GB,,,END QUARTER 1,,,false,false,,,,,,,,,,,,,,,-0.0,false,-0.0
2025_12_MIN_GB,1011,2,15:00,1,10,MIN,GB,MIN,65.0,(15:00) 27-J.Mason right tackle to MIN 40 for 5 yards (36-K.Hadden).,run,5.0,false,false,,,,,right,tackle,false,false,false,false,false,false,,false,0.12301266868598759,true,0.0009224116802215576
2025_12_MIN_GB,1033,2,14:22,2,5,MIN,GB,MIN,60.0,(14:22) 27-J.Mason up the middle to GB 38 for 22 yards (59-T.Hopper).,run,22.0,false,false,,,,,middle,,false,true,false,false,false,false,,false,1.7431197986006737,true,0.07189828157424927
2025_12_MIN_GB,1055,2,13:47,1,10,MIN,GB,GB,38.0,(13:47) 27-J.Mason up the middle to GB 30 for 8 yards (58-I.McDuffie).,run,8.0,false,false,,,,,middle,,false,false,false,false,false,false,,false,0.539485020795837,true,0.01403924822807312
2025_12_MIN_GB,1077,2,13:11,2,2,MIN,GB,GB,30.0,(13:11) 27-J.Mason left tackle to GB 26 for 4 yards (96-C.Wooden).,run,4.0,false,false,,,,,left,tackle,false,true,false,false,false,false,,false,0.32746637403033674,true,0.019970417022705078
2025_12_MIN_GB,1099,2,12:35,1,10,MIN,GB,GB,26.0,(12:35) 9-J.McCarthy pass short left to 84-J.Oliver to GB 22 for 4 yards (29-X.McKinney).,pass,4.0,false,false,short,left,2.0,2.0,,,true,false,false,false,false,false,,false,-0.11796334246173501,false,-0.0014357268810272217
2025_12_MIN_GB,1129,2,11:55,2,6,MIN,GB,GB,22.0,(11:55) 33-A.Jones right tackle to GB 17 for 5 yards (56-E.Cooper).,run,5.0,false,false,,,,,right,tackle,false,false,false,false,false,false,,false,0.33127198269357905,true,-0.0046332478523254395
2025_12_MIN_GB,1151,2,11:10,3,1,MIN,GB,GB,17.0,(11:10) Direct snap to 87-T.Hockenson. 87-T.Hockenson up the middle to GB 17 for no gain (58-I.McDuffie).,run,0.0,false,false,,,,,middle,,false,false,false,false,false,false,,false,-1.1067849059472792,false,-0.03640738129615784
2025_12_MIN_GB,1175,2,10:31,4,1,MIN,GB,GB,17.0,(10:31) 27-J.Mason up the middle to GB 18 for -1 yards (55-K.Enagbare).,run,-1.0,false,false,,,,,middle,,false,false,false,false,false,false,,false,-3.980721725150943,false,-0.11662310361862183
2025_12_MIN_GB,1197,2,10:26,1,10,GB,MIN,GB,82.0,(10:26) 23-E.Wilson up the middle to GB 29 for 11 yards (26-T.Jackson).,run,11.0,false,false,,,,,middle,,false,true,false,false,false,false,,false,0.7292614905163646,true,0.011975228786468506
2025_12_MIN_GB,1226,2,09:40,1,10,GB,MIN,GB,71.0,(9:40) (Shotgun) 23-E.Wilson up the middle to GB 36 for 7 yards (44-J.Metellus; 97-J.Hargrave).,run,7.0,true,false,,,,,middle,,false,false,false,false,false,false,,false,0.3275849404744804,true,0.01911306381225586
2025_12_MIN_GB,1248,2,08:55,2,3,GB,MIN,GB,64.0,(8:55) 23-E.Wilson right guard to GB 38 for 2 yards (51-B.Cashman; 44-J.Metellus). MIN-44-J.Metellus was injured during the play.,run,2.0,false,false,,,,,right,guard,false,false,false,false,false,false,,false,-0.12945956736803055,false,-0.020260334014892578
2025_12_MIN_GB,1273,2,08:38,3,1,GB,MIN,GB,62.0,(8:38) 23-E.Wilson left guard to GB 42 for 4 yards (43-A.Van Ginkel; 26-T.Jackson).,run,4.0,false,false,,,,,left,guard,false,true,false,false,false,false,,false,0.5330650610849261,true,0.018067538738250732
2025_12_MIN_GB,1302,2,08:02,1,10,GB,MIN,GB,58.0,(8:02) (Shotgun) 23-E.Wilson left end to GB 46 for 4 yards (51-B.Cashman).,run,4.0,true,false,,,,,left,end,false,false,false,false,false,false,,false,-0.06253176112659276,false,-0.002063572406768799
2025_12_MIN_GB,1324,2,07:24,2,6,GB,MIN,GB,54.0,(7:24) 10-J.Love pass short right to 30-C.Brooks pushed ob at MIN 49 for 5 yards (43-A.Van Ginkel).,pass,5.0,false,false,short,right,2.0,3.0,,,true,false,false,false,false,false,,false,0.2738671684637666,true,0.005450785160064697
2025_12_MIN_GB,1354,2,06:41,3,1,GB,MIN,MIN,49.0,(6:41) 70-D.Kinnard reported in as eligible. 30-C.Brooks up the middle to MIN 47 for 2 yards (51-B.Cashman).,run,2.0,false,false,,,,,middle,,false,true,false,false,false,false,,false,0.22603097010869533,true,0.013201594352722168
2025_12_MIN_GB,1378,2,05:54,1,10,GB,MIN,MIN,47.0,(5:54) (Shotgun) 23-E.Wilson right end to MIN 37 for 10 yards (44-J.Metellus). ** Injury Update: MIN-44-J.Metellus has returned to the game.,run,10.0,true,false,,,,,right,end,false,true,false,false,false,false,,false,0.7200763478176668,true,0.024260878562927246
2025_12_MIN_GB,1390,2,05:54,,0,,,,,"Timeout #1 by GB at 05:54.",no_play,0.0,false,false,,,,,,,false,false,false,false,false,false,,false,0.0,false,0.0
2025_12_MIN_GB,1407,2,05:07,1,10,GB,MIN,MIN,37.0,(5:07) (Shotgun) 23-E.Wilson up the middle to MIN 37 for no gain (7-B.Murphy; 15-D.Turner).,run,0.0,true,false,,,,,middle,,false,false,false,false,false,false,,false,-0.5700896457419731,false,-0.008313000202178955
2025_12_MIN_GB,1432,2,04:28,2,10,GB,MIN,MIN,37.0,(4:28) (Shotgun) 10-J.Love pass deep middle to 87-R.Doubs to MIN 19 for 18 yards (26-T.Jackson; 44-J.Metellus) [61-J.Redmond].,pass,18.0,true,false,deep,middle,16.0,2.0,,,true,true,false,false,false,false,,false,1.5714098888565786,true,0.023131191730499268
2025_12_MIN_GB,1457,2,03:51,1,10,GB,MIN,MIN,19.0,(3:51) (Shotgun) 30-C.Brooks left guard to MIN 19 for no gain (97-J.Hargrave).,run,0.0,true,false,,,,,left,guard,false,false,false,false,false,false,,false,-0.4580321288667619,false,-0.007838010787963867
2025_12_MIN_GB,1479,2,03:15,2,10,GB,MIN,MIN,19.0,"(3:15) (No Huddle, Shotgun) 10-J.Love pass short right to 87-R.Doubs pushed ob at MIN 14 for 5 yards (2-I.Rodgers).",pass,5.0,true,true,short,right,5.0,0.0,,,true,false,false,false,false,false,,false,-0.022513547621201724,false,-0.0068433284759521484
2025_12_MIN_GB,1509,2,02:34,3,5,GB,MIN,MIN,14.0,(2:34) (Shotgun) 10-J.Love pass incomplete short right.,pass,0.0,true,false,short,right,14.0,,,,false,false,false,false,false,false,,false,-1.0695526127642876,false,-0.028560996055603027
2025_12_MIN_GB,1532,2,02:28,4,5,GB,MIN,MIN,14.0,"(2:28) 17-B.McManus 32 yard field goal is GOOD, Center-42-M.Orzech, Holder-19-D.Whelan.",field_goal,0.0,false,false,,,,,,,false,false,false,false,false,false,,false,0.22397842605690643,true,-0.005890756845474243
2025_12_MIN_GB,1550,2,02:28,,0,,,,,"Timeout #1 by MIN at 02:28.",no_play,0.0,false,false,,,,,,,false,false,false,false,false,false,,false,0.0,false,0.0
2025_12_MIN_GB,1565,2,02:25,,0,MIN,GB,GB,35.0,17-B.McManus kicks 59 yards from GB 35 to MIN 6. 13-T.Felton to MIN 27 for 21 yards (30-C.Brooks).,kickoff,0.0,false,false,,,,,,,false,false,false,false,false,false,,false,0.0990630779415369,true,-0.0
2025_12_MIN_GB,1595,2,02:20,1,10,MIN,GB,MIN,73.0,(2:20) (Shotgun) 33-A.Jones right end to MIN 35 for 8 yards (96-C.Wooden; 36-K.Hadden).,run,8.0,true,false,,,,,right,end,false,false,false,false,false,false,,false,0.2017545608105138,true,0.014601394534111023
2025_12_MIN_GB,1617,2,02:00,2,2,MIN,GB,MIN,65.0,(2:00) (Shotgun) 33-A.Jones up the middle to MIN 36 for 1 yard (52-R.Gary).,run,1.0,true,false,,,,,middle,,false,false,false,false,false,false,,false,-0.3243562215939164,false,-0.003122389316558838
2025_12_MIN_GB,1646,2,01:20,3,1,MIN,GB,MIN,64.0,(1:20) (Shotgun) 33-A.Jones up the middle to MIN 41 for 5 yards (91-W.Brinson).,run,5.0,true,false,,,,,middle,,false,true,false,false,false,false,,false,0.5840415499405935,true,0.006419926881790161
2025_12_MIN_GB,1668,2,01:00,1,10,MIN,GB,MIN,59.0,"(1:00) (No Huddle, Shotgun) 9-J.McCarthy pass deep left to 18-J.Jefferson to GB 40 for 19 yards (33-E.Williams).",pass,19.0,true,true,deep,left,19.0,0.0,,,true,true,false,false,false,false,,false,0.7624550423352048,true,0.009755149483680725
2025_12_MIN_GB,1693,2,00:33,1,10,MIN,GB,GB,40.0,"(:33) (No Huddle, Shotgun) 9-J.McCarthy pass incomplete short left to 18-J.Jefferson.",pass,0.0,true,true,short,left,14.0,,,,false,false,false,false,false,false,,false,-0.13918805390130728,false,-0.012672126293182373
2025_12_MIN_GB,1716,2,00:29,2,10,MIN,GB,GB,40.0,(:29) (Shotgun) 9-J.McCarthy sacked at GB 47 for -7 yards (sack split by 58-I.McDuffie and 91-W.Brinson).,pass,-7.0,true,false,,,,,,,false,false,true,false,false,false,,false,-1.0189753861632198,false,-0.04271920025348663
2025_12_MIN_GB,1736,2,00:23,3,17,MIN,GB,GB,47.0,(:23) (Shotgun) 9-J.McCarthy pass short right to 33-A.Jones to GB 41 for 6 yards (58-I.McDuffie; 20-J.Bullard).,pass,6.0,true,false,short,right,2.0,4.0,,,true,false,false,false,false,false,,false,-0.054867395299717736,false,-0.02770368754863739
2025_12_MIN_GB,1748,2,00:23,,0,,,,,"Timeout #2 by MIN at 00:23.",no_play,0.0,false,false,,,,,,,false,false,false,false,false,false,,false,-0.0,false,-0.0
2025_12_MIN_GB,1768,2,00:15,4,11,MIN,GB,GB,41.0,"(:15) 16-W.Reichard 59 yard field goal is GOOD, Center-42-A.DePaola, Holder-17-R.Wright.",field_goal,0.0,false,false,,,,,,,false,false,false,false,false,false,,false,2.028295459558487,true,0.08362960815429688
2025_12_MIN_GB,1780,2,00:15,,0,,,,,"Timeout #2 by GB at 00:15.",no_play,0.0,false,false,,,,,,,false,false,false,false,false,false,,false,-0.0,false,-0.0
2025_12_MIN_GB,1795,2,00:10,,0,GB,MIN,MIN,35.0,"16-W.Reichard kicks 65 yards from MIN 35 to end zone, Touchback to the GB 35.",kickoff,0.0,false,false,,,,,,,false,false,false,false,false,false,,false,-0.05203833835548721,false,0.017574846744537354
2025_12_MIN_GB,1812,2,00:10,1,10,GB,MIN,GB,65.0,(:10) 10-J.Love kneels to GB 34 for -1 yards.,qb_kneel,-1.0,false,false,,,,,,,false,false,false,false,false,false,,false,0.0,false,
2025_12_MIN_GB,1834,2,00:00,,0,,,,,END QUARTER 2,,,false,false,,,,,,,,,,,,,,,,,0.0
2025_12_MIN_GB,1854,3,15:00,,0,GB,MIN,MIN,35.0,16-W.Reichard kicks 58 yards from MIN 35 to GB 7. 83-S.Williams to GB 28 for 21 yards (57-C.Chambliss).,kickoff,0.0,false,false,,,,,,,false,false,false,false,false,false,,false,0.14010167634114623,true,0.005812227725982666
2025_12_MIN_GB,1882,3,14:54,1,10,GB,MIN,GB,72.0,(14:54) (Shotgun) 23-E.Wilson up the middle to GB 31 for 3 yards (97-J.Hargrave; 51-B.Cashman).,run,3.0,true,false,,,,,middle,,false,false,false,false,false,false,,false,-0.2225786135531962,false,-0.012032151222229004
2025_12_MIN_GB,1904,3,14:36,2,7,GB,MIN,GB,69.0,"(14:36) (No Huddle, Shotgun) 10-J.Love pass short left to 23-E.Wilson to GB 42 for 11 yards (51-B.Cashman).",pass,11.0,true,true,short,left,0.0,11.0,,,true,true,false,false,false,false,,false,1.1806282775942236,true,0.03534740209579468
2025_12_MIN_GB,1929,3,13:57,1,10,GB,MIN,GB,58.0,(13:57) 70-D.Kinnard reported in as eligible. 10-J.Love scrambles right end ran ob at MIN 45 for 13 yards (51-B.Cashman).,run,13.0,false,false,,,,,right,end,false,true,false,false,false,false,,false,0.8066862518899143,true,0.04295867681503296
2025_12_MIN_GB,1958,3,13:18,1,10,GB,MIN,MIN,45.0,"(13:18) (Shotgun) 23-E.Wilson left guard to MIN 46 for -1 yards (26-T.Jackson, 55-E.Wilson).",run,-1.0,true,false,,,,,left,guard,false,false,false,false,false,false,,false,-0.9226224722806364,false,-0.034405529499053955
2025_12_MIN_GB,1980,3,12:34,2,11,GB,MIN,MIN,46.0,(12:34) (Shotgun) 30-C.Brooks right end pushed ob at 50 for -4 yards (43-A.Van Ginkel).,run,-4.0,true,false,,,,,right,end,false,false,false,false,false,false,,false,-1.3065423152875155,false,-0.02694159746170044
2025_12_MIN_GB,2007,3,11:53,3,15,GB,MIN,50,50.0,(11:53) (Shotgun) 10-J.Love pass incomplete deep middle to 13-D.Wicks.,pass,0.0,true,false,deep,middle,17.0,,,,false,false,false,false,false,false,,false,-1.261268932139501,false,-0.03415179252624512
2025_12_MIN_GB,2030,3,11:49,4,15,GB,MIN,50,50.0,"(11:49) 19-D.Whelan punts 42 yards to MIN 8, Center-42-M.Orzech. 4-M.Price MUFFS catch, RECOVERED by GB-39-Z.Anderson at MIN 5.",punt,0.0,false,false,,,,,,,false,false,false,false,true,false,,false,6.081691198167391,true,0.14983373880386353
2025_12_MIN_GB,2060,3,11:37,1,5,GB,MIN,MIN,5.0,(11:37) 23-E.Wilson up the middle to MIN 1 for 4 yards (51-B.Cashman; 44-J.Metellus).,run,4.0,false,false,,,,,middle,,false,false,false,false,false,false,,false,0.34331378038041294,true,0.013502359390258789
2025_12_MIN_GB,2082,3,10:58,2,1,GB,MIN,MIN,1.0,"(10:58) 23-E.Wilson right guard for 1 yard, TOUCHDOWN.",run,1.0,false,false,,,,,right,guard,false,true,false,false,false,false,,true,0.6864933810429648,true,0.01751794085149483
2025_12_MIN_GB,2105,3,10:53,,0,GB,MIN,MIN,15.0,"17-B.McManus extra point is GOOD, Center-42-M.Orzech, Holder-19-D.Whelan.",extra_point,0.0,false,false,,,,,,,false,false,false,false,false,false,,false,0.06757300310763314,true,0.00220005050058647
2025_12_MIN_GB,2120,3,10:53,,0,MIN,GB,GB,35.0,17-B.McManus kicks 60 yards from GB 35 to MIN 5. 4-M.Price to MIN 34 for 29 yards (39-Z.Anderson).,kickoff,0.0,false,false,,,,,,,false,false,false,false,false,false,,false,0.5394625053741038,true,0.0029824823141098022
2025_12_MIN_GB,2150,3,10:48,1,10,MIN,GB,MIN,66.0,(10:48) (Shotgun) 9-J.McCarthy sacked at MIN 27 for -7 yards (1-M.Parsons).,pass,-7.0,true,false,,,,,,,false,false,true,false,false,false,,false,-1.3516980223357677,false,-0.02095162868499756
2025_12_MIN_GB,2170,3,10:08,2,17,MIN,GB,MIN,73.0,(10:08) (Shotgun) 9-J.McCarthy pass short left to 87-T.Hockenson to MIN 32 for 5 yards (36-K.Hadden; 56-E.Cooper).,pass,5.0,true,false,short,left,4.0,1.0,,,true,false,false,false,false,false,,false,-0.3638085573911667,false,-0.00574386864900589
2025_12_MIN_GB,2195,3,09:38,3,12,MIN,GB,MIN,68.0,(9:38) (Shotgun) 9-J.McCarthy pass short right to 87-T.Hockenson to MIN 36 for 4 yards (33-E.Williams) [52-R.Gary].,pass,4.0,true,false,short,right,4.0,0.0,,,true,false,false,false,false,false,,false,-0.7688017506152391,false,-0.01320473849773407
2025_12_MIN_GB,2220,3,08:55,4,8,MIN,GB,MIN,64.0,"(8:55) 17-R.Wright punts 56 yards to GB 8, Center-42-A.DePaola, out of bounds.",punt,0.0,false,false,,,,,,,false,false,false,false,false,false,,false,0.8552259271964431,true,0.0186847522854805
2025_12_MIN_GB,2239,3,08:45,1,10,GB,MIN,GB,92.0,(8:45) (Shotgun) 30-C.Brooks right tackle to GB 13 for 5 yards (61-J.Redmond; 97-J.Hargrave).,run,5.0,true,false,,,,,right,tackle,false,false,false,false,false,false,,false,-0.09678482916206121,false,0.003554999828338623
2025_12_MIN_GB,2268,3,08:07,2,5,GB,MIN,GB,87.0,(8:07) (Shotgun) 83-S.Williams right end pushed ob at GB 13 for no gain (61-J.Redmond).,run,0.0,true,false,,,,,right,end,false,false,false,false,false,false,,false,-1.1091947234235704,false,-0.01901388168334961
2025_12_MIN_GB,2295,3,07:21,3,5,GB,MIN,GB,87.0,(7:21) (Shotgun) 10-J.Love pass short left to 9-C.Watson to GB 19 for 6 yards (2-I.Rodgers).,pass,6.0,true,false,short,left,5.0,1.0,,,true,true,false,false,false,false,,false,1.6409668931737542,true,0.027926146984100342
2025_12_MIN_GB,2307,3,07:21,,0,,,,,"Timeout #1 by GB at 07:21.",no_play,0.0,false,false,,,,,,,false,false,false,false,false,false,,false,0.0,false,0.0
2025_12_MIN_GB,2327,3,06:51,1,10,GB,MIN,GB,81.0,"(6:51) (No Huddle, Shotgun) 10-J.Love pass short left to 9-C.Watson to GB 30 for 11 yards (23-F.Moreau).",pass,11.0,true,true,short,left,11.0,0.0,,,true,true,false,false,false,false,,false,0.788448047824204,true,0.005441188812255859
2025_12_MIN_GB,2352,3,06:28,1,10,GB,MIN,GB,70.0,"(6:28) (No Huddle, Shotgun) 10-J.Love left end to GB 33 for 3 yards (61-J.Redmond; 22-H.Smith). MIN-44-J.Metellus was injured during the play.",run,3.0,true,true,,,,,left,end,false,false,false,false,false,false,,false,-0.2732795784249902,false,-0.00013822317123413086
2025_12_MIN_GB,2374,3,05:51,2,7,GB,MIN,GB,67.0,(5:51) 23-E.Wilson up the middle to GB 39 for 6 yards (43-A.Van Ginkel).,run,6.0,false,false,,,,,middle,,false,false,false,false,false,false,,false,0.5379856792278588,true,0.006524205207824707
2025_12_MIN_GB,2399,3,05:12,3,1,GB,MIN,GB,61.0,(5:12) (Shotgun) 23-E.Wilson up the middle to GB 37 for -2 yards (55-E.Wilson).,run,-2.0,true,false,,,,,middle,,false,false,false,false,false,false,,false,-2.2816652914043516,false,-0.032765209674835205
2025_12_MIN_GB,2426,3,04:29,4,3,GB,MIN,GB,63.0,"(4:29) 19-D.Whelan punts 50 yards to MIN 13, Center-42-M.Orzech, fair catch by 4-M.Price.",punt,0.0,false,false,,,,,,,false,false,false,false,false,false,,false,0.2120668962597847,true,0.021294936537742615
2025_12_MIN_GB,2446,3,04:21,1,10,MIN,GB,MIN,87.0,(4:21) 33-A.Jones right tackle to MIN 12 for -1 yards (33-E.Williams).,run,-1.0,false,false,,,,,right,tackle,false,false,false,false,false,false,,false,-0.8907237118110061,false,-0.023353345692157745
2025_12_MIN_GB,2475,3,03:41,2,11,MIN,GB,MIN,88.0,(3:41) (Shotgun) 9-J.McCarthy sacked at MIN 7 for -5 yards (1-M.Parsons).,pass,-5.0,true,false,,,,,,,false,false,true,false,false,false,,false,-1.329527968657203,false,-0.013132095336914062
2025_12_MIN_GB,2495,3,02:58,3,16,MIN,GB,MIN,93.0,(2:58) (Shotgun) 9-J.McCarthy sacked at MIN 1 for -6 yards (95-D.Wyatt).,pass,-6.0,true,false,,,,,,,false,false,true,false,false,false,,false,-1.5256650772644207,false,-0.02253742143511772
2025_12_MIN_GB,2515,3,02:17,4,22,MIN,GB,MIN,99.0,"(2:17) 17-R.Wright punts 59 yards to GB 40, Center-42-A.DePaola. 87-R.Doubs to GB 45 for 5 yards (26-T.Jackson).",punt,0.0,false,false,,,,,,,false,false,false,false,false,false,,false,0.9678393614012748,true,0.02069658413529396
2025_12_MIN_GB,2541,3,02:05,1,10,GB,MIN,GB,55.0,(2:05) (Shotgun) 23-E.Wilson left guard to MIN 43 for 12 yards (26-T.Jackson; 44-J.Metellus). ** Injury Update: MIN-44-J.Metellus has returned to the game.,run,12.0,true,false,,,,,left,guard,false,true,false,false,false,false,,false,0.6437872793758288,true,0.014796972274780273
2025_12_MIN_GB,2570,3,01:22,1,10,GB,MIN,MIN,43.0,(1:22) (Shotgun) 70-D.Kinnard reported in as eligible. 23-E.Wilson up the middle to MIN 37 for 6 yards (93-J.Allen).,run,6.0,true,false,,,,,middle,,false,false,false,false,false,false,,false,0.2524511170340702,true,-0.00037348270416259766
2025_12_MIN_GB,2597,3,00:37,2,4,GB,MIN,MIN,37.0,(:37) (Shotgun) 23-E.Wilson right guard to MIN 29 for 8 yards (44-J.Metellus).,run,8.0,true,false,,,,,right,guard,false,true,false,false,false,false,,false,0.6926446894649416,true,0.0035826563835144043
2025_12_MIN_GB,2619,3,00:00,,0,GB,MIN,,,END QUARTER 3,,,false,false,,,,,,,,,,,,,,,0.0,false,0.0
2025_12_MIN_GB,2639,4,15:00,1,10,GB,MIN,MIN,29.0,(15:00) (Shotgun) 70-D.Kinnard reported in as eligible. 23-E.Wilson right guard to MIN 18 for 11 yards (51-B.Cashman).,run,11.0,true,false,,,,,right,guard,false,true,false,false,false,false,,false,0.8046032671700232,true,0.005071699619293213
2025_12_MIN_GB,2663,4,14:22,1,10,GB,MIN,MIN,18.0,(14:22) (Shotgun) 23-E.Wilson left guard to MIN 15 for 3 yards (93-J.Allen; 97-J.Hargrave).,run,3.0,true,false,,,,,left,guard,false,false,false,false,false,false,,false,-0.2430982628138736,false,-0.0016908049583435059
2025_12_MIN_GB,2685,4,13:42,2,7,GB,MIN,MIN,15.0,(13:42) (Shotgun) 30-C.Brooks right guard to MIN 11 for 4 yards (97-J.Hargrave).,run,4.0,true,false,,,,,right,guard,false,false,false,false,false,false,,false,-0.22092274553142488,false,0.006243348121643066
2025_12_MIN_GB,2707,4,13:00,3,3,GB,MIN,MIN,11.0,"(13:00) (Shotgun) 23-E.Wilson right guard to MIN 12 for -1 yards (61-J.Redmond, 51-B.Cashman).",run,-1.0,true,false,,,,,right,guard,false,false,false,false,false,false,,false,-1.5114688121542947,false,-0.01822066307067871
2025_12_MIN_GB,2729,4,12:17,4,4,GB,MIN,MIN,12.0,"(12:17) 17-B.McManus 30 yard field goal is GOOD, Center-42-M.Orzech, Holder-19-D.Whelan.",field_goal,0.0,false,false,,,,,,,false,false,false,false,false,false,,false,0.1646535296171585,true,0.01532011479139328
2025_12_MIN_GB,2749,4,12:13,,0,MIN,GB,GB,35.0,17-B.McManus kicks 64 yards from GB 35 to MIN 1. 4-M.Price to MIN 19 for 18 yards (27-K.Oladapo).,kickoff,0.0,false,false,,,,,,,false,false,false,false,false,false,,false,-0.4463081690482795,false,-0.005088351666927338
2025_12_MIN_GB,2779,4,12:06,1,10,MIN,GB,MIN,81.0,(12:06) 27-J.Mason right end to MIN 17 for -2 yards (96-C.Wooden).,run,-2.0,false,false,,,,,right,end,false,false,false,false,false,false,,false,-0.9683100618422031,false,-0.011392474174499512
2025_12_MIN_GB,2801,4,11:18,2,12,MIN,GB,MIN,83.0,"(11:18) (Shotgun) PENALTY on MIN-71-C.Darrisaw, False Start, 5 yards, enforced at MIN 17 - No Play.",no_play,0.0,true,false,,,,,,,false,false,false,false,false,true,5.0,false,-0.40211570635437965,false,-0.006017381325364113
2025_12_MIN_GB,2825,4,11:18,2,17,MIN,GB,MIN,88.0,(11:18) (Shotgun) 9-J.McCarthy pass incomplete short left to 19-A.Thielen [52-R.Gary].,pass,0.0,true,false,short,left,3.0,,,,false,false,false,false,false,false,,false,-0.6988321135286242,false,-0.0018589235842227936
2025_12_MIN_GB,2848,4,11:14,3,17,MIN,GB,MIN,88.0,(11:14) (Shotgun) 9-J.McCarthy sacked at MIN 2 for -10 yards (95-D.Wyatt).,pass,-10.0,true,false,,,,,,,false,false,true,false,false,false,,false,-1.6065404551336542,false,-0.010451666079461575
2025_12_MIN_GB,2868,4,10:29,4,27,MIN,GB,MIN,98.0,"(10:29) 17-R.Wright punts 54 yards to GB 44, Center-42-A.DePaola. 87-R.Doubs pushed ob at MIN 40 for 16 yards (37-T.Thomas).",punt,0.0,false,false,,,,,,,false,false,false,false,false,false,,false,-0.20281860337127,false,0.007196282036602497
2025_12_MIN_GB,2899,4,10:17,1,10,GB,MIN,MIN,40.0,(10:17) (Shotgun) 70-D.Kinnard reported in as eligible. 10-J.Love pass short right to 86-J.FitzPatrick pushed ob at MIN 29 for 11 yards (51-B.Cashman; 50-L.Rodriguez).,pass,11.0,true,false,short,right,0.0,11.0,,,true,true,false,false,false,false,,false,0.7209800207056105,true,0.005864977836608887
2025_12_MIN_GB,2943,4,09:35,1,10,GB,MIN,MIN,29.0,"(9:35) PENALTY on GB-86-J.FitzPatrick, False Start, 5 yards, enforced at MIN 29 - No Play.",no_play,0.0,false,false,,,,,,,false,false,false,false,false,true,5.0,false,-0.743350992910564,false,-0.0011805295944213867
2025_12_MIN_GB,2967,4,09:35,1,15,GB,MIN,MIN,34.0,(9:35) 10-J.Love pass short right to 81-J.Whyle to MIN 33 for 1 yard (51-B.Cashman).,pass,1.0,false,false,short,right,-3.0,4.0,,,true,false,false,false,false,false,,false,-0.2834851089864969,false,-0.001053929328918457
2025_12_MIN_GB,2992,4,08:50,2,14,GB,MIN,MIN,33.0,(8:50) (Shotgun) 70-D.Kinnard reported in as eligible. 10-J.Love pass short left to 9-C.Watson ran ob at MIN 22 for 11 yards [50-L.Rodriguez].,pass,11.0,true,false,short,left,11.0,0.0,,,true,false,false,false,false,false,,false,0.9681352382176556,true,0.005011439323425293
2025_12_MIN_GB,3024,4,08:21,3,3,GB,MIN,MIN,22.0,(8:21) (No Huddle) 23-E.Wilson left tackle to MIN 21 for 1 yard (43-A.Van Ginkel).,run,1.0,false,true,,,,,left,tackle,false,false,false,false,false,false,,false,-1.3539925418142063,false,-0.0025401711463928223
2025_12_MIN_GB,3046,4,07:40,4,2,GB,MIN,MIN,21.0,"(7:40) 17-B.McManus 40 yard field goal is GOOD, Center-42-M.Orzech, Holder-19-D.Whelan.",field_goal,0.0,false,false,,,,,,,false,false,false,false,false,false,,false,0.5761464752419685,true,-0.0010587126016616821
2025_12_MIN_GB,3066,4,07:36,,0,MIN,GB,GB,35.0,"17-B.McManus kicks 65 yards from GB 35 to end zone, Touchback to the MIN 35.",kickoff,0.0,false,false,,,,,,,false,false,false,false,false,false,,false,0.4870700624305755,true,0.0030340589582920074
2025_12_MIN_GB,3095,4,07:36,1,10,MIN,GB,MIN,65.0,(7:36) 9-J.McCarthy pass short middle intended for 18-J.Jefferson INTERCEPTED by 58-I.McDuffie (52-R.Gary) at MIN 40. 58-I.McDuffie to MIN 40 for no gain (33-A.Jones).,pass,0.0,false,false,short,middle,5.0,,,,false,false,false,true,false,false,,false,-4.872970271157101,false,-0.01666678860783577
2025_12_MIN_GB,3122,4,07:30,1,10,GB,MIN,MIN,40.0,(7:30) (Shotgun) 23-E.Wilson up the middle to MIN 40 for no gain (55-E.Wilson).,run,0.0,true,false,,,,,middle,,false,false,false,false,false,false,,false,-0.449844719725661,false,0.0024307966232299805
2025_12_MIN_GB,3144,4,06:43,2,10,GB,MIN,MIN,40.0,(6:43) (Shotgun) 23-E.Wilson up the middle to MIN 39 for 1 yard (44-J.Metellus; 90-T.Ingram-Dawkins).,run,1.0,true,false,,,,,middle,,false,false,false,false,false,false,,false,-0.68613635096699,false,-0.00022727251052856445
2025_12_MIN_GB,3166,4,05:59,3,9,GB,MIN,MIN,39.0,"(5:59) (Shotgun) 10-J.Love pass incomplete deep right to 13-D.Wicks (43-A.Van Ginkel, 7-B.Murphy) [15-D.Turner].",pass,0.0,true,false,deep,right,19.0,,,,false,false,false,false,false,false,,false,-1.5484525016508996,false,-0.0006762146949768066
2025_12_MIN_GB,3178,4,05:59,,0,,,,,"Timeout #2 by GB at 05:59.",no_play,0.0,false,false,,,,,,,false,false,false,false,false,false,,false,0.0,false,0.0
2025_12_MIN_GB,3196,4,05:53,4,9,GB,MIN,MIN,39.0,"(5:53) 19-D.Whelan punts 32 yards to MIN 7, Center-42-M.Orzech, out of bounds.",punt,0.0,false,false,,,,,,,false,false,false,false,false,false,,false,-0.38899966899771243,false,-0.004315804224461317
2025_12_MIN_GB,3215,4,05:46,1,10,MIN,GB,MIN,93.0,(5:46) 9-J.McCarthy pass short right to 18-J.Jefferson to MIN 14 for 7 yards (95-D.Wyatt).,pass,7.0,false,false,short,right,-2.0,9.0,,,true,false,false,false,false,false,,false,0.26834798348136246,true,-0.0021221358329057693
2025_12_MIN_GB,3240,4,05:23,2,3,MIN,GB,MIN,86.0,"(5:23) (No Huddle, Shotgun) 9-J.McCarthy pass short right to 33-A.Jones pushed ob at MIN 18 for 4 yards (56-E.Cooper).",pass,4.0,true,true,short,right,-5.0,9.0,,,true,true,false,false,false,false,,false,0.24764066888019443,true,0.0001220465637743473
2025_12_MIN_GB,3270,4,05:01,1,10,MIN,GB,MIN,82.0,"(5:01) (No Huddle, Shotgun) 9-J.McCarthy scrambles left end to MIN 28 for 10 yards (58-I.McDuffie; 36-K.Hadden).",run,10.0,true,true,,,,,left,end,false,true,false,false,false,false,,false,0.5741525946650654,true,-0.0019589667208492756
2025_12_MIN_GB,3292,4,04:19,1,10,MIN,GB,MIN,72.0,(4:19) (Shotgun) 9-J.McCarthy pass short middle to 87-T.Hockenson to MIN 33 for 5 yards (20-J.Bullard) [55-K.Enagbare].,pass,5.0,true,false,short,middle,3.0,2.0,,,true,false,false,false,false,false,,false,-0.06928434257861227,false,-0.0005901437252759933
2025_12_MIN_GB,3317,4,03:43,2,5,MIN,GB,MIN,67.0,"(3:43) (No Huddle, Shotgun) 9-J.McCarthy pass deep middle intended for 1-J.Nailor INTERCEPTED by 33-E.Williams at GB 37. 33-E.Williams to GB 37 for no gain (1-J.Nailor).",pass,0.0,true,true,deep,middle,30.0,,,,false,false,false,true,false,false,,false,-2.4525315144564956,false,-0.001143531408160925
2025_12_MIN_GB,3344,4,03:37,1,10,GB,MIN,GB,63.0,(3:37) 70-D.Kinnard reported in as eligible. 30-C.Brooks up the middle to GB 39 for 2 yards (61-J.Redmond).,run,2.0,false,false,,,,,middle,,false,false,false,false,false,false,,false,-0.2956303720129654,false,-0.00026279687881469727
2025_12_MIN_GB,3368,4,02:52,2,8,GB,MIN,GB,61.0,(2:52) (Shotgun) 30-C.Brooks up the middle to GB 49 for 10 yards (51-B.Cashman).,run,10.0,true,false,,,,,middle,,false,true,false,false,false,false,,false,1.1078289025463164,true,0.0005397796630859375
2025_12_MIN_GB,3390,4,02:06,1,10,GB,MIN,GB,51.0,(2:06) 30-C.Brooks up the middle to MIN 49 for 2 yards (51-B.Cashman; 15-D.Turner).,run,2.0,false,false,,,,,middle,,false,false,false,false,false,false,,false,-0.3839893438271247,false,-9.369850158691406e-05
2025_12_MIN_GB,3412,4,02:00,2,8,GB,MIN,MIN,49.0,(2:00) 70-D.Kinnard reported in as eligible. 2-M.Willis pass short right to 88-L.Musgrave to MIN 42 for 7 yards (0-I.Pace).,pass,7.0,false,false,short,right,1.0,6.0,,,true,false,false,false,false,false,,false,0.37004217226058245,true,0.00023555755615234375
2025_12_MIN_GB,3446,4,01:14,3,1,GB,MIN,MIN,42.0,(1:14) 2-M.Willis up the middle to MIN 38 for 4 yards (0-I.Pace).,run,4.0,false,false,,,,,middle,,false,true,false,false,false,false,,false,0.2941144322103355,true,-1.7404556274414062e-05
2025_12_MIN_GB,3468,4,00:35,1,10,GB,MIN,MIN,38.0,(:35) 2-M.Willis kneels to MIN 39 for -1 yards.,qb_kneel,-1.0,false,false,,,,,,,false,false,false,false,false,false,,false,-2.5388709257531445,false,
2025_12_MIN_GB,3490,4,00:00,,0,GB,MIN,,,END GAME,,,false,false,,,,,,,,,,,,,,,,,
2025_13_MIN_SEA,1,1,15:00,,0,,,,,GAME,,,false,false,,,,,,,,,,,,,,,-0.0,false,-0.0
2025_13_MIN_SEA,40,1,15:00,,0,MIN,SEA,SEA,35.0,"5-J.Myers kicks 60 yards from SEA 35 to MIN 5. 4-M.Price to MIN 33 for 28 yards (28-N.Pritchett, 52-P.O'Connell).",kickoff,0.0,false,false,,,,,,,false,false,false,false,false,false,,false,0.5259141596034169,true,0.006420731544494629
2025_13_MIN_SEA,63,1,14:52,1,10,MIN,SEA,MIN,67.0,(14:52) (Shotgun) 33-A.Jones up the middle to MIN 37 for 4 yards (13-E.Jones).,run,4.0,true,false,,,,,middle,,false,false,false,false,false,false,,false,-0.04462455655448139,false,0.002342134714126587
2025_13_MIN_SEA,85,1,14:11,2,6,MIN,SEA,MIN,63.0,(14:11) (Shotgun) 12-M.Brosmer pass short left to 33-A.Jones pushed ob at MIN 37 for no gain (21-D.Witherspoon).,pass,0.0,true,false,short,left,-6.0,6.0,,,true,false,false,false,false,false,,false,-0.855740076629445,false,-0.023509830236434937
2025_13_MIN_SEA,115,1,13:30,3,6,MIN,SEA,MIN,63.0,"(13:30) (Shotgun) 12-M.Brosmer sacked at MIN 32 for -5 yards (7-U.Nwosu). PENALTY on SEA-29-J.Jobe, Defensive Holding, 5 yards, enforced at MIN 37 - No Play.",no_play,0.0,true,false,,,,,,,false,true,false,false,false,true,5.0,false,1.5673739626072347,true,0.03643840551376343
2025_13_MIN_SEA,146,1,13:13,1,10,MIN,SEA,MIN,58.0,(13:13) 33-A.Jones left guard to MIN 43 for 1 yard (99-L.Williams).,run,1.0,false,false,,,,,left,guard,false,false,false,false,false,false,,false,-0.42788643250241876,false,-0.01064571738243103
2025_13_MIN_SEA,168,1,12:32,2,9,MIN,SEA,MIN,57.0,(12:32) (Shotgun) 12-M.Brosmer pass short right to 33-A.Jones pushed ob at MIN 49 for 6 yards (21-D.Witherspoon; 3-N.Emmanwori).,pass,6.0,true,false,short,right,-6.0,12.0,,,true,false,false,false,false,false,,false,0.028718730667605996,true,0.0016282200813293457
2025_13_MIN_SEA,198,1,12:00,3,3,MIN,SEA,MIN,51.0,(12:00) (Shotgun) 12-M.Brosmer sacked at MIN 40 for -9 yards (99-L.Williams).,pass,-9.0,true,false,,,,,,,false,false,true,false,false,false,,false,-2.622198744909838,false,-0.07236838340759277
2025_13_MIN_SEA,218,1,11:18,4,12,MIN,SEA,MIN,60.0,"(11:18) 17-R.Wright punts 56 yards to SEA 4, Center-42-A.DePaola, fair catch by 22-R.Shaheed.",punt,0.0,false,false,,,,,,,false,false,false,false,false,false,,false,1.121814333833754,true,0.0283697247505188
2025_13_MIN_SEA,245,1,11:11,1,10,SEA,MIN,SEA,96.0,(11:11) (Shotgun) 9-K.Walker right guard to SEA 7 for 3 yards (55-E.Wilson).,run,3.0,true,false,,,,,right,guard,false,false,false,false,false,false,,false,-0.2669263172429055,false,-0.01241379976272583
2025_13_MIN_SEA,267,1,10:49,2,7,SEA,MIN,SEA,93.0,"(10:49) (No Huddle, Shotgun) 14-S.Darnold pass short left to 9-K.Walker to SEA 21 for 14 yards (51-B.Cashman).",pass,14.0,true,true,short,left,-2.0,16.0,,,true,true,false,false,false,false,,false,1.2882875816430897,true,0.02276855707168579
2025_13_MIN_SEA,292,1,10:03,1,10,SEA,MIN,SEA,79.0,"(10:03) (Shotgun) 9-K.Walker left guard to SEA 26 for 5 yards (93-J.Allen). PENALTY on MIN-43-A.Van Ginkel, Defensive Offside, 5 yards, enforced at SEA 21 - No Play.",no_play,0.0,true,false,,,,,,,false,false,false,false,false,true,5.0,false,0.7990183951333165,true,0.01035219430923462
2025_13_MIN_SEA,325,1,09:33,1,5,SEA,MIN,SEA,74.0,(9:33) 9-K.Walker left end to SEA 30 for 4 yards (7-B.Murphy).,run,4.0,false,false,,,,,left,end,false,false,false,false,false,false,,false,0.26446381118148565,true,0.014105260372161865
2025_13_MIN_SEA,347,1,08:49,2,1,SEA,MIN,SEA,70.0,(8:49) 14-S.Darnold pass incomplete deep left [15-D.Turner].,pass,0.0,false,false,deep,left,20.0,,,,false,false,false,false,false,false,,false,-0.5716791595332325,false,-0.023260176181793213
2025_13_MIN_SEA,370,1,08:41,3,1,SEA,MIN,SEA,70.0,(8:41) Direct snap to 88-A.Barner. 88-A.Barner up the middle to SEA 32 for 2 yards (93-J.Allen; 61-J.Redmond).,run,2.0,false,false,,,,,middle,,false,true,false,false,false,false,,false,0.47642250126227736,true,0.017571449279785156
2025_13_MIN_SEA,394,1,07:59,1,10,SEA,MIN,SEA,68.0,(7:59) (Shotgun) 14-S.Darnold pass short right to 10-C.Kupp pushed ob at SEA 45 for 13 yards (43-A.Van Ginkel).,pass,13.0,true,false,short,right,2.0,11.0,,,true,true,false,false,false,false,,false,0.7700873042922467,true,0.020156383514404297
2025_13_MIN_SEA,424,1,07:32,1,10,SEA,MIN,SEA,55.0,"(7:32) (No Huddle, Shotgun) 14-S.Darnold pass incomplete short right to 88-A.Barner.",pass,0.0,true,true,short,right,4.0,,,,false,false,false,false,false,false,,false,-0.49087601341307163,false,-0.014444589614868164
2025_13_MIN_SEA,447,1,07:29,2,10,SEA,MIN,SEA,55.0,(7:29) (Shotgun) 9-K.Walker right guard to SEA 44 for -1 yards (55-E.Wilson).,run,-1.0,true,false,,,,,right,guard,false,false,false,false,false,false,,false,-1.1983717440161854,false,-0.03227794170379639
2025_13_MIN_SEA,469,1,06:47,3,11,SEA,MIN,SEA,56.0,(6:47) (Shotgun) 14-S.Darnold sacked at SEA 31 for -13 yards (55-E.Wilson).,pass,-13.0,true,false,,,,,,,false,false,true,false,false,false,,false,-1.97189468331635,false,-0.04537743330001831
2025_13_MIN_SEA,489,1,05:58,4,24,SEA,MIN,SEA,69.0,"(5:58) 4-M.Dickson punts 56 yards to MIN 13, Center-41-C.Stoll, downed by SEA-28-N.Pritchett.",punt,0.0,false,false,,,,,,,false,false,false,false,false,false,,false,0.966483233962208,true,0.02217733860015869
2025_13_MIN_SEA,516,1,05:47,1,10,MIN,SEA,MIN,87.0,(5:47) 12-M.Brosmer pass short left to 33-A.Jones pushed ob at MIN 26 for 13 yards (13-E.Jones).,pass,13.0,false,false,short,left,-5.0,18.0,,,true,true,false,false,false,false,,false,0.9014936438761652,true,0.01914966106414795
2025_13_MIN_SEA,546,1,05:07,1,10,MIN,SEA,MIN,74.0,(5:07) 33-A.Jones left guard to MIN 27 for 1 yard (58-D.Hall; 91-B.Murphy).,run,1.0,false,false,,,,,left,guard,false,false,false,false,false,false,,false,-0.4980585938319564,false,-0.018000632524490356
2025_13_MIN_SEA,568,1,04:26,2,9,MIN,SEA,MIN,73.0,(4:26) (Shotgun) 12-M.Brosmer pass incomplete short middle to 3-J.Addison.,pass,0.0,true,false,short,middle,15.0,,,,false,false,false,false,false,false,,false,-0.7209258293733001,false,-0.025531351566314697
2025_13_MIN_SEA,591,1,04:22,3,9,MIN,SEA,MIN,73.0,(4:22) (Shotgun) 12-M.Brosmer pass short right to 3-J.Addison to MIN 34 for 7 yards (21-D.Witherspoon).,pass,7.0,true,false,short,right,4.0,3.0,,,true,false,false,false,false,false,,false,-0.5493563581258059,false,0.006979167461395264
2025_13_MIN_SEA,616,1,03:38,4,2,MIN,SEA,MIN,66.0,"(3:38) 17-R.Wright punts 60 yards to SEA 6, Center-42-A.DePaola. 22-R.Shaheed to SEA 14 for 8 yards (13-T.Felton; 98-B.Richter).",punt,0.0,false,false,,,,,,,false,false,false,false,false,false,,false,0.3611150146462023,true,-0.005860239267349243
2025_13_MIN_SEA,649,1,03:27,1,10,SEA,MIN,SEA,86.0,(3:27) 9-K.Walker left tackle pushed ob at SEA 15 for 1 yard (61-J.Redmond).,run,1.0,false,false,,,,,left,tackle,false,false,false,false,false,false,,false,-0.48844103794544935,false,-0.016275525093078613
2025_13_MIN_SEA,676,1,02:45,2,9,SEA,MIN,SEA,85.0,(2:45) (Shotgun) 14-S.Darnold pass incomplete short middle to 10-C.Kupp.,pass,0.0,true,false,short,middle,5.0,,,,false,false,false,false,false,false,,false,-0.7625038223341107,false,-0.025521278381347656
2025_13_MIN_SEA,699,1,02:42,3,9,SEA,MIN,SEA,85.0,(2:42) (Shotgun) 14-S.Darnold pass incomplete short left.,pass,0.0,true,false,short,left,10.0,,,,false,false,false,false,false,false,,false,-1.315715936012566,false,-0.028165698051452637
2025_13_MIN_SEA,722,1,02:36,4,9,SEA,MIN,SEA,85.0,"(2:36) 4-M.Dickson punts 48 yards to MIN 37, Center-41-C.Stoll, fair catch by 4-M.Price. PENALTY on MIN-98-B.Richter, Offensive Holding, 10 yards, enforced at MIN 37.",punt,0.0,false,false,,,,,,,false,false,false,false,false,true,10.0,false,1.0656000701710582,true,0.027549445629119873
2025_13_MIN_SEA,760,1,02:28,1,10,MIN,SEA,MIN,73.0,(2:28) 12-M.Brosmer pass incomplete deep right to 3-J.Addison.,pass,0.0,false,false,deep,right,21.0,,,,false,false,false,false,false,false,,false,-0.5633560493588448,false,-0.018000632524490356
2025_13_MIN_SEA,783,1,02:24,2,10,MIN,SEA,MIN,73.0,(2:24) (Shotgun) 27-J.Mason right guard to MIN 29 for 2 yards (42-D.Thomas).,run,2.0,true,false,,,,,right,guard,false,false,false,false,false,false,,false,-0.5309051224030554,false,-0.023503899574279785
2025_13_MIN_SEA,805,1,01:40,3,8,MIN,SEA,MIN,71.0,(1:40) (Shotgun) 12-M.Brosmer pass incomplete short left to 3-J.Addison.,pass,0.0,true,false,short,left,15.0,,,,false,false,false,false,false,false,,false,-1.2761883758939803,false,-0.03687477111816406
2025_13_MIN_SEA,828,1,01:36,4,8,MIN,SEA,MIN,71.0,"(1:36) 17-R.Wright punts 55 yards to SEA 16, Center-42-A.DePaola. 22-R.Shaheed pushed ob at SEA 32 for 16 yards (56-A.Keys).",punt,0.0,false,false,,,,,,,false,false,false,false,false,false,,false,-0.49270720849744976,false,0.022657424211502075
2025_13_MIN_SEA,859,1,01:26,1,10,SEA,MIN,SEA,68.0,(1:26) 14-S.Darnold pass incomplete deep right to 18-E.Arroyo (44-J.Metellus).,pass,0.0,false,false,deep,right,31.0,,,,false,false,false,false,false,false,,false,-0.5341464222874492,false,-0.014964759349822998
2025_13_MIN_SEA,882,1,01:18,2,10,SEA,MIN,SEA,68.0,(1:18) (Shotgun) 9-K.Walker left guard to SEA 36 for 4 yards (58-J.Greenard; 51-B.Cashman).,run,4.0,true,false,,,,,left,guard,false,false,false,false,false,false,,false,-0.49044416984543204,false,-0.006774783134460449
2025_13_MIN_SEA,904,1,00:37,3,6,SEA,MIN,SEA,64.0,(:37) (Shotgun) 14-S.Darnold pass short middle to 88-A.Barner to SEA 47 for 11 yards (55-E.Wilson).,pass,11.0,true,false,short,middle,11.0,0.0,,,true,true,false,false,false,false,,false,1.826498477254063,true,0.042193710803985596
2025_13_MIN_SEA,929,1,00:00,,0,SEA,MIN,,,END QUARTER 1,,,false,false,,,,,,,,,,,,,,,0.0,false,0.0
2025_13_MIN_SEA,949,2,15:00,1,10,SEA,MIN,SEA,53.0,(15:00) (Shotgun) 14-S.Darnold pass short middle to 10-C.Kupp to MIN 47 for 6 yards (22-H.Smith; 51-B.Cashman).,pass,6.0,true,false,short,middle,4.0,2.0,,,true,false,false,false,false,false,,false,0.13470878428779542,true,-0.002915024757385254
2025_13_MIN_SEA,974,2,14:18,2,4,SEA,MIN,MIN,47.0,"(14:18) (Shotgun) 14-S.Darnold sacked at SEA 45 for -8 yards (15-D.Turner). FUMBLES (15-D.Turner) [15-D.Turner], recovered by SEA-10-C.Kupp at SEA 46.",pass,-7.0,true,false,,,,,,,false,false,true,false,false,false,,false,-1.9091203573625535,false,-0.04782623052597046
2025_13_MIN_SEA,1004,2,13:24,3,11,SEA,MIN,SEA,54.0,(13:24) (Shotgun) 14-S.Darnold pass short left to 82-C.White to MIN 33 for 21 yards (44-J.Metellus).,pass,21.0,true,false,short,left,8.0,13.0,,,true,true,false,false,false,false,,false,2.870315197738819,true,0.10315662622451782
2025_13_MIN_SEA,1029,2,12:37,1,10,SEA,MIN,MIN,33.0,(12:37) 26-Z.Charbonnet right guard to MIN 26 for 7 yards (55-E.Wilson; 44-J.Metellus).,run,7.0,false,false,,,,,right,guard,false,false,false,false,false,false,,false,0.40334490430541337,true,0.01936858892440796
2025_13_MIN_SEA,1051,2,11:55,2,3,SEA,MIN,MIN,26.0,(11:55) 26-Z.Charbonnet right end to MIN 20 for 6 yards (7-B.Murphy; 22-H.Smith).,run,6.0,false,false,,,,,right,end,false,true,false,false,false,false,,false,0.4459028953569941,true,-0.0017123222351074219
2025_13_MIN_SEA,1073,2,11:11,1,10,SEA,MIN,MIN,20.0,(11:11) 9-K.Walker left guard to MIN 18 for 2 yards (61-J.Redmond).,run,2.0,false,false,,,,,left,guard,false,false,false,false,false,false,,false,-0.30402322916779667,false,-0.006597280502319336
2025_13_MIN_SEA,1095,2,10:29,2,8,SEA,MIN,MIN,18.0,(10:29) (Shotgun) 14-S.Darnold pass short right to 10-C.Kupp pushed ob at MIN 13 for 5 yards (2-I.Rodgers).,pass,5.0,true,false,short,right,2.0,3.0,,,true,false,false,false,false,false,,false,-0.013911064073909074,false,0.003091871738433838
2025_13_MIN_SEA,1125,2,09:55,3,3,SEA,MIN,MIN,13.0,"(9:55) (No Huddle, Shotgun) 26-Z.Charbonnet right guard to MIN 8 for 5 yards (93-J.Allen; 23-F.Moreau).",run,5.0,true,true,,,,,right,guard,false,true,false,false,false,false,,false,1.0172562421066687,true,0.020176351070404053
2025_13_MIN_SEA,1147,2,09:14,1,8,SEA,MIN,MIN,8.0,(9:14) 74-J.Jones reported in as eligible. 26-Z.Charbonnet left tackle to MIN 8 for no gain (15-D.Turner).,run,0.0,false,false,,,,,left,tackle,false,false,false,false,false,false,,false,-0.5836278473143466,false,-0.015950500965118408
2025_13_MIN_SEA,1171,2,08:34,2,8,SEA,MIN,MIN,8.0,(8:34) 26-Z.Charbonnet up the middle to MIN 10 for -2 yards (55-E.Wilson).,run,-2.0,false,false,,,,,middle,,false,false,false,false,false,false,,false,-0.9233325418899767,false,-0.01998990774154663
2025_13_MIN_SEA,1193,2,07:54,3,10,SEA,MIN,MIN,10.0,(7:54) (Shotgun) 14-S.Darnold sacked at MIN 15 for -5 yards (43-A.Van Ginkel).,pass,-5.0,true,false,,,,,,,false,false,true,false,false,false,,false,-1.0698100632684042,false,-0.04299062490463257
2025_13_MIN_SEA,1213,2,07:12,4,15,SEA,MIN,MIN,15.0,"(7:12) 5-J.Myers 33 yard field goal is GOOD, Center-41-C.Stoll, Holder-4-M.Dickson.",field_goal,0.0,false,false,,,,,,,false,false,false,false,false,false,,false,0.2611398742696007,true,0.013496816158294678
2025_13_MIN_SEA,1240,2,07:10,,0,MIN,SEA,SEA,35.0,5-J.Myers kicks 63 yards from SEA 35 to MIN 2. 4-M.Price pushed ob at MIN 29 for 27 yards (28-N.Pritchett).,kickoff,0.0,false,false,,,,,,,false,false,false,false,false,false,,false,0.26879041409119964,true,0.0019107162952423096
2025_13_MIN_SEA,1268,2,07:04,1,10,MIN,SEA,MIN,71.0,(7:04) 12-M.Brosmer pass short left to 87-T.Hockenson to MIN 42 for 13 yards (21-D.Witherspoon).,pass,13.0,false,false,short,left,-1.0,14.0,,,true,true,false,false,false,false,,false,0.7363975732587278,true,0.018188267946243286
2025_13_MIN_SEA,1303,2,06:20,1,10,MIN,SEA,MIN,58.0,(6:20) (Shotgun) 12-M.Brosmer pass incomplete short right to 18-J.Jefferson.,pass,0.0,true,false,short,right,8.0,,,,false,false,false,false,false,false,,false,-0.4677679480519146,false,-0.017890900373458862
2025_13_MIN_SEA,1326,2,06:14,2,10,MIN,SEA,MIN,58.0,(6:14) (Shotgun) 12-M.Brosmer pass short middle to 3-J.Addison to MIN 47 for 5 yards (27-T.Woolen).,pass,5.0,true,false,short,middle,5.0,0.0,,,true,false,false,false,false,false,,false,-0.21511201513931155,false,-0.006386369466781616
2025_13_MIN_SEA,1351,2,05:40,3,5,MIN,SEA,MIN,53.0,(5:40) (Shotgun) 12-M.Brosmer pass incomplete deep right to 18-J.Jefferson (3-N.Emmanwori).,pass,0.0,true,false,deep,right,19.0,,,,false,false,false,false,false,false,,false,-1.5210049550514668,false,-0.047153323888778687
2025_13_MIN_SEA,1374,2,05:33,4,5,MIN,SEA,MIN,53.0,"(5:33) 17-R.Wright punts 31 yards to SEA 22, Center-42-A.DePaola, fair catch by 22-R.Shaheed.",punt,0.0,false,false,,,,,,,false,false,false,false,false,false,,false,-0.46948458859696984,false,-0.024845808744430542
2025_13_MIN_SEA,1401,2,05:26,1,10,SEA,MIN,SEA,78.0,"(5:26) 14-S.Darnold sacked at SEA 15 for -7 yards (15-D.Turner). FUMBLES (15-D.Turner) [15-D.Turner], RECOVERED by MIN-61-J.Redmond at SEA 13.",pass,-9.0,false,false,,,,,,,false,false,true,false,true,false,,false,-5.470405917789321,false,-0.22158488631248474
2025_13_MIN_SEA,1431,2,05:21,1,10,MIN,SEA,SEA,13.0,(5:21) 33-A.Jones left guard to SEA 12 for 1 yard (13-E.Jones).,run,1.0,false,false,,,,,left,guard,false,false,false,false,false,false,,false,-0.5068411630927585,false,-0.010240554809570312
2025_13_MIN_SEA,1453,2,04:44,2,9,MIN,SEA,SEA,12.0,(4:44) (Shotgun) 12-M.Brosmer pass short right to 87-T.Hockenson to SEA 9 for 3 yards (39-T.Okada).,pass,3.0,true,false,short,right,-6.0,9.0,,,true,false,false,false,false,false,,false,-0.5153345474391244,false,0.002401411533355713
2025_13_MIN_SEA,1478,2,03:58,3,6,MIN,SEA,SEA,9.0,(3:58) (Shotgun) 12-M.Brosmer pass short left to 3-J.Addison pushed ob at SEA 4 for 5 yards (29-J.Jobe).,pass,5.0,true,false,short,left,5.0,0.0,,,true,false,false,false,false,false,,false,-0.15232919162372127,false,-0.010973155498504639
2025_13_MIN_SEA,1508,2,03:14,4,1,MIN,SEA,SEA,4.0,"(3:14) 12-M.Brosmer pass short right INTERCEPTED by 13-E.Jones [0-D.Lawrence] at SEA 15. 13-E.Jones for 85 yards, TOUCHDOWN.",pass,0.0,false,false,short,right,-11.0,,,,false,false,false,true,false,false,,true,-10.723745655501261,false,-0.2917599268982245
2025_13_MIN_SEA,1536,2,02:59,,0,SEA,MIN,MIN,15.0,"5-J.Myers extra point is GOOD, Center-41-C.Stoll, Holder-4-M.Dickson.",extra_point,0.0,false,false,,,,,,,false,false,false,false,false,false,,false,0.06757300310763314,true,0.0004935077598260396
2025_13_MIN_SEA,1551,2,02:59,,0,MIN,SEA,SEA,35.0,5-J.Myers kicks 62 yards from SEA 35 to MIN 3. 4-M.Price to MIN 32 for 29 yards (52-P.O'Connell).,kickoff,0.0,false,false,,,,,,,false,false,false,false,false,false,,false,0.5508102473104373,true,-0.002051115036010742
2025_13_MIN_SEA,1581,2,02:52,1,10,MIN,SEA,MIN,68.0,(2:52) 27-J.Mason up the middle to MIN 34 for 2 yards (42-D.Thomas; 13-E.Jones).,run,2.0,false,false,,,,,middle,,false,false,false,false,false,false,,false,-0.4558837505755946,false,-0.011067301034927368
2025_13_MIN_SEA,1603,2,02:19,2,8,MIN,SEA,MIN,66.0,"(2:19) (Shotgun) PENALTY on MIN-78-R.Kelly, False Start, 5 yards, enforced at MIN 34 - No Play.",no_play,0.0,true,false,,,,,,,false,false,false,false,false,true,5.0,false,-0.39751084498129785,false,-0.006598532199859619
2025_13_MIN_SEA,1627,2,02:11,2,13,MIN,SEA,MIN,71.0,"(2:11) (Shotgun) 12-M.Brosmer pass short right to 27-J.Mason to MIN 25 for -4 yards (53-B.Mafe). FUMBLES (53-B.Mafe), and recovers at MIN 28. 27-J.Mason to MIN 30 for 2 yards (91-B.Murphy).",pass,1.0,true,false,short,right,-5.0,6.0,,,true,false,false,false,false,false,,false,-0.47126115718856454,false,-0.011699289083480835
2025_13_MIN_SEA,1668,2,02:00,3,12,MIN,SEA,MIN,70.0,(2:00) (Shotgun) 12-M.Brosmer sacked at MIN 24 for -6 yards (0-D.Lawrence).,pass,-6.0,true,false,,,,,,,false,false,true,false,false,false,,false,-0.7505064876750112,false,-0.024469494819641113
2025_13_MIN_SEA,1695,2,01:12,4,18,MIN,SEA,MIN,76.0,"(1:12) 17-R.Wright punts 50 yards to SEA 26, Center-42-A.DePaola. 22-R.Shaheed pushed ob at SEA 45 for 19 yards (98-B.Richter).",punt,0.0,false,false,,,,,,,false,false,false,false,false,false,,false,-1.118054197751917,false,-0.02336367964744568
2025_13_MIN_SEA,1731,2,00:58,1,10,SEA,MIN,SEA,55.0,(:58) (Shotgun) 26-Z.Charbonnet left guard to MIN 46 for 9 yards (44-J.Metellus; 22-H.Smith).,run,9.0,true,false,,,,,left,guard,false,false,false,false,false,false,,false,0.41763525299029425,true,0.005967438220977783
2025_13_MIN_SEA,1753,2,00:39,2,1,SEA,MIN,MIN,46.0,"(:39) (No Huddle, Shotgun) 14-S.Darnold pass incomplete short left to 11-J.Smith-Njigba.",pass,0.0,true,true,short,left,12.0,,,,false,false,false,false,false,false,,false,-0.2333870026632212,false,-0.015748143196105957
2025_13_MIN_SEA,1776,2,00:36,3,1,SEA,MIN,MIN,46.0,(:36) (Shotgun) 26-Z.Charbonnet right guard to MIN 45 for 1 yard (51-B.Cashman).,run,1.0,true,false,,,,,right,guard,false,true,false,false,false,false,,false,-0.21655590715818107,false,0.010211348533630371
2025_13_MIN_SEA,1798,2,00:23,1,10,SEA,MIN,MIN,45.0,(:23) (Shotgun) 14-S.Darnold pass short right to 22-R.Shaheed pushed ob at MIN 38 for 7 yards (23-F.Moreau).,pass,7.0,true,false,short,right,6.0,1.0,,,true,false,false,false,false,false,,false,0.3928831022349186,true,0.006215155124664307
2025_13_MIN_SEA,1810,2,00:23,,0,,,,,"Timeout #1 by SEA at 00:23.",no_play,0.0,false,false,,,,,,,false,false,false,false,false,false,,false,0.0,false,0.0
2025_13_MIN_SEA,1835,2,00:19,2,3,SEA,MIN,MIN,38.0,(:19) (Shotgun) 14-S.Darnold pass incomplete short right to 22-R.Shaheed (51-B.Cashman).,pass,0.0,true,false,short,right,0.0,,,,false,false,false,false,false,false,,false,-0.34949736576527357,false,-0.014184534549713135
2025_13_MIN_SEA,1858,2,00:15,3,3,SEA,MIN,MIN,38.0,(:15) (Shotgun) 14-S.Darnold pass incomplete short right to 11-J.Smith-Njigba (22-H.Smith).,pass,0.0,true,false,short,right,-5.0,,,,false,false,false,false,false,false,,false,-0.3878386573881587,false,-0.01856088638305664
2025_13_MIN_SEA,1881,2,00:12,4,3,SEA,MIN,MIN,38.0,"(:12) 5-J.Myers 56 yard field goal is GOOD, Center-41-C.Stoll, Holder-4-M.Dickson.",field_goal,0.0,false,false,,,,,,,false,false,false,false,false,false,,false,1.6281602893389506,true,0.025346994400024414
2025_13_MIN_SEA,1901,2,00:08,,0,MIN,SEA,SEA,35.0,5-J.Myers kicks 63 yards from SEA 35 to MIN 2. 4-M.Price to MIN 31 for 29 yards (89-N.Kallerup).,kickoff,0.0,false,false,,,,,,,false,false,false,false,false,false,,false,-0.06709084493923001,false,0.0001240372657775879
2025_13_MIN_SEA,1924,2,00:03,1,10,MIN,SEA,MIN,69.0,(:03) 12-M.Brosmer kneels to MIN 30 for -1 yards.,qb_kneel,-1.0,false,false,,,,,,,false,false,false,false,false,false,,false,0.0,false,
2025_13_MIN_SEA,1946,2,00:00,,0,,,,,END QUARTER 2,,,false,false,,,,,,,,,,,,,,,,,0.0
2025_13_MIN_SEA,1966,3,15:00,,0,SEA,MIN,MIN,35.0,"16-W.Reichard kicks 65 yards from MIN 35 to landing zone to end zone, Touchback to the SEA 20.",kickoff,0.0,false,false,,,,,,,false,false,false,false,false,false,,false,-0.48201956367120147,false,-0.0017104148864746094
2025_13_MIN_SEA,1983,3,15:00,1,10,SEA,MIN,SEA,80.0,(15:00) 9-K.Walker left tackle to SEA 44 for 24 yards (22-H.Smith).,run,24.0,false,false,,,,,left,tackle,false,true,false,false,false,false,,false,1.7258977761957794,true,0.014005303382873535
2025_13_MIN_SEA,2005,3,14:18,1,10,SEA,MIN,SEA,56.0,(14:18) 9-K.Walker right end to SEA 46 for 2 yards (51-B.Cashman).,run,2.0,false,false,,,,,right,end,false,false,false,false,false,false,,false,-0.3976880004629493,false,-0.0015355944633483887
2025_13_MIN_SEA,2027,3,13:33,2,8,SEA,MIN,SEA,54.0,(13:33) (Shotgun) 14-S.Darnold pass short left to 9-K.Walker to SEA 46 for no gain (2-I.Rodgers; 43-A.Van Ginkel).,pass,0.0,true,false,short,left,-6.0,6.0,,,true,false,false,false,false,false,,false,-0.8390543176792562,false,-0.010729193687438965
2025_13_MIN_SEA,2052,3,12:49,3,8,SEA,MIN,SEA,54.0,"(12:49) (Shotgun) 14-S.Darnold pass incomplete deep right to 11-J.Smith-Njigba. PENALTY on MIN-93-J.Allen, Defensive Offside, 5 yards, enforced at SEA 46 - No Play.",no_play,0.0,true,false,,,,,,,false,false,false,false,false,true,5.0,false,0.7531315695960075,true,0.01095491647720337
2025_13_MIN_SEA,2086,3,12:44,3,3,SEA,MIN,MIN,49.0,(12:44) (Shotgun) 14-S.Darnold pass short left to 9-K.Walker to MIN 45 for 4 yards (44-J.Metellus).,pass,4.0,true,false,short,left,-1.0,5.0,,,true,true,false,false,false,false,,false,1.095683119026944,true,0.004727065563201904
2025_13_MIN_SEA,2111,3,12:04,1,10,SEA,MIN,MIN,45.0,(12:04) 9-K.Walker right end pushed ob at MIN 41 for 4 yards (2-I.Rodgers).,run,4.0,false,false,,,,,right,end,false,false,false,false,false,false,,false,-0.17954968567937613,false,0.004526853561401367
2025_13_MIN_SEA,2133,3,11:26,2,6,SEA,MIN,MIN,41.0,(11:26) (Shotgun) 14-S.Darnold pass incomplete short right to 9-K.Walker (15-D.Turner).,pass,0.0,true,false,short,right,-3.0,,,,false,false,false,false,false,false,,false,-0.8411410099361092,false,-0.007193922996520996
2025_13_MIN_SEA,2156,3,11:23,3,6,SEA,MIN,MIN,41.0,"(11:23) (Shotgun) PENALTY on MIN-58-J.Greenard, Neutral Zone Infraction, 5 yards, enforced at MIN 41 - No Play.",no_play,0.0,true,false,,,,,,,false,false,false,false,false,true,5.0,false,1.0772707385476679,true,0.008726418018341064
2025_13_MIN_SEA,2180,3,11:23,3,1,SEA,MIN,MIN,36.0,(11:23) 14-S.Darnold pass incomplete short right to 18-E.Arroyo (44-J.Metellus).,pass,0.0,false,false,short,right,0.0,,,,false,false,false,false,false,false,,false,-2.8738449022503105,false,-0.01528620719909668
2025_13_MIN_SEA,2208,3,11:19,4,1,SEA,MIN,MIN,36.0,"(11:19) 5-J.Myers 54 yard field goal is GOOD, Center-41-C.Stoll, Holder-4-M.Dickson.",field_goal,0.0,false,false,,,,,,,false,false,false,false,false,false,,false,2.487216508468008,true,0.001826256513595581
2025_13_MIN_SEA,2228,3,11:14,,0,MIN,SEA,SEA,35.0,5-J.Myers kicks 61 yards from SEA 35 to MIN 4. 4-M.Price to MIN 32 for 28 yards (48-T.Knight).,kickoff,0.0,false,false,,,,,,,false,false,false,false,false,false,,false,0.4896299550309777,true,0.011101581156253815
2025_13_MIN_SEA,2258,3,11:08,1,10,MIN,SEA,MIN,68.0,(11:08) 33-A.Jones right end to MIN 32 for no gain (13-E.Jones).,run,0.0,false,false,,,,,right,end,false,false,false,false,false,false,,false,-0.5540017019957304,false,-0.009743042290210724
2025_13_MIN_SEA,2280,3,10:23,2,10,MIN,SEA,MIN,68.0,(10:23) (Shotgun) 12-M.Brosmer pass deep right to 87-T.Hockenson to SEA 39 for 29 yards (3-N.Emmanwori).,pass,29.0,true,false,deep,right,22.0,7.0,,,true,true,false,false,false,false,,false,2.484433111269027,true,0.013022877275943756
2025_13_MIN_SEA,2305,3,09:38,1,10,MIN,SEA,SEA,39.0,(9:38) 33-A.Jones up the middle to SEA 43 for -4 yards (42-D.Thomas).,run,-4.0,false,false,,,,,middle,,false,false,false,false,false,false,,false,-1.3379504727199674,false,-0.012104958295822144
2025_13_MIN_SEA,2327,3,08:56,2,14,MIN,SEA,SEA,43.0,(8:56) (Shotgun) 12-M.Brosmer pass incomplete short right to 18-J.Jefferson.,pass,0.0,true,false,short,right,12.0,,,,false,false,false,false,false,false,,false,-0.9801070941612124,false,-0.007161937654018402
2025_13_MIN_SEA,2350,3,08:52,3,14,MIN,SEA,SEA,43.0,"(8:52) (Shotgun) 12-M.Brosmer pass short right to 33-A.Jones to SEA 40 for 3 yards (0-D.Lawrence). FUMBLES (0-D.Lawrence), RECOVERED by SEA-39-T.Okada at SEA 37.",pass,3.0,true,false,short,right,-7.0,10.0,,,true,false,false,false,true,false,,false,-3.1853072005324066,false,-0.014710530638694763
2025_13_MIN_SEA,2398,3,08:41,1,10,SEA,MIN,SEA,63.0,"(8:41) 9-K.Walker left guard pushed ob at SEA 43 for 6 yards (22-H.Smith). PENALTY on SEA-10-C.Kupp, Illegal Shift, 5 yards, enforced at SEA 37 - No Play.",no_play,0.0,false,false,,,,,,,false,false,false,false,false,true,5.0,false,-0.5595509866252542,false,-0.008775174617767334
2025_13_MIN_SEA,2436,3,08:12,1,15,SEA,MIN,SEA,68.0,(8:12) (Shotgun) 14-S.Darnold pass short right to 88-A.Barner to SEA 45 for 13 yards (51-B.Cashman).,pass,13.0,true,false,short,right,-4.0,17.0,,,true,false,false,false,false,false,,false,1.1149748959578574,true,0.018511533737182617
2025_13_MIN_SEA,2461,3,07:29,2,2,SEA,MIN,SEA,55.0,(7:29) 9-K.Walker up the middle to SEA 49 for 4 yards (51-B.Cashman).,run,4.0,false,false,,,,,middle,,false,true,false,false,false,false,,false,0.1930692121386528,true,0.00032788515090942383
2025_13_MIN_SEA,2483,3,07:01,1,10,SEA,MIN,SEA,51.0,(7:01) (No Huddle) 14-S.Darnold pass short right to 88-A.Barner to MIN 42 for 9 yards (2-I.Rodgers).,pass,9.0,false,true,short,right,-2.0,11.0,,,true,false,false,false,false,false,,false,0.640996134839952,true,0.004191219806671143
2025_13_MIN_SEA,2508,3,06:28,2,1,SEA,MIN,MIN,42.0,(6:28) (No Huddle) 9-K.Walker right guard to MIN 38 for 4 yards (55-E.Wilson).,run,4.0,false,true,,,,,right,guard,false,true,false,false,false,false,,false,0.11308518378064036,true,0.001587212085723877
2025_13_MIN_SEA,2530,3,05:51,1,10,SEA,MIN,MIN,38.0,"(5:51) 14-S.Darnold pass incomplete deep right to 11-J.Smith-Njigba. PENALTY on MIN-7-B.Murphy, Illegal Contact, 5 yards, enforced at MIN 38 - No Play.",no_play,0.0,false,false,,,,,,,false,true,false,false,false,true,5.0,false,0.25839679315686226,true,0.001437366008758545
2025_13_MIN_SEA,2564,3,05:47,1,10,SEA,MIN,MIN,33.0,"(5:47) 9-K.Walker right guard to MIN 27 for 6 yards (15-D.Turner; 51-B.Cashman). PENALTY on MIN-90-T.Ingram-Dawkins, Defensive Offside, 5 yards, enforced at MIN 33 - No Play.",no_play,0.0,false,false,,,,,,,false,false,false,false,false,true,5.0,false,0.5458373344736174,true,0.00027000904083251953
2025_13_MIN_SEA,2597,3,05:26,1,5,SEA,MIN,MIN,28.0,(5:26) (Shotgun) 14-S.Darnold pass short left to 11-J.Smith-Njigba pushed ob at MIN 22 for 6 yards (2-I.Rodgers).,pass,6.0,true,false,short,left,2.0,4.0,,,true,true,false,false,false,false,,false,0.26867498632054776,true,0.002517879009246826
2025_13_MIN_SEA,2627,3,04:44,1,10,SEA,MIN,MIN,22.0,(4:44) 26-Z.Charbonnet right tackle to MIN 22 for no gain (43-A.Van Ginkel; 93-J.Allen).,run,0.0,false,false,,,,,right,tackle,false,false,false,false,false,false,,false,-0.4624798216391355,false,-0.0033710598945617676
2025_13_MIN_SEA,2649,3,04:03,2,10,SEA,MIN,MIN,22.0,(4:03) 9-K.Walker left guard to MIN 21 for 1 yard (55-E.Wilson; 93-J.Allen).,run,1.0,false,false,,,,,left,guard,false,false,false,false,false,false,,false,-0.6817737898090854,false,-0.004164338111877441
2025_13_MIN_SEA,2671,3,03:22,3,9,SEA,MIN,MIN,21.0,(3:22) (Shotgun) 14-S.Darnold pass incomplete short left to 22-R.Shaheed (23-F.Moreau).,pass,0.0,true,false,short,left,5.0,,,,false,false,false,false,false,false,,false,-1.2748750673141775,false,-0.0035361647605895996
2025_13_MIN_SEA,2696,3,03:19,4,9,SEA,MIN,MIN,21.0,"(3:19) 5-J.Myers 40 yard field goal is GOOD, Center-41-C.Stoll, Holder-4-M.Dickson.",field_goal,0.0,false,false,,,,,,,false,false,false,false,false,false,,false,0.6377611337462885,true,0.010764794424176216
2025_13_MIN_SEA,2727,3,03:16,,0,MIN,SEA,SEA,35.0,5-J.Myers kicks 60 yards from SEA 35 to MIN 5. 4-M.Price to MIN 33 for 28 yards (8-C.Bryant; 52-P.O'Connell).,kickoff,0.0,false,false,,,,,,,false,false,false,false,false,false,,false,0.4977471334859729,true,0.004897678270936012
2025_13_MIN_SEA,2762,3,03:08,1,10,MIN,SEA,MIN,67.0,(3:08) 27-J.Mason up the middle to MIN 37 for 4 yards (53-B.Mafe; 13-E.Jones).,run,4.0,false,false,,,,,middle,,false,false,false,false,false,false,,false,-0.06406368687748909,false,-0.003212280571460724
2025_13_MIN_SEA,2784,3,02:48,2,6,MIN,SEA,MIN,63.0,(2:48) (No Huddle) 12-M.Brosmer pass short middle to 87-T.Hockenson to MIN 38 for 1 yard (13-E.Jones).,pass,1.0,false,true,short,middle,1.0,0.0,,,true,false,false,false,false,false,,false,-0.7403223146684468,false,-0.00527535192668438
2025_13_MIN_SEA,2809,3,02:07,3,5,MIN,SEA,MIN,62.0,(2:07) (Shotgun) 12-M.Brosmer pass short right to 87-T.Hockenson to MIN 44 for 6 yards (13-E.Jones).,pass,6.0,true,false,short,right,6.0,0.0,,,true,true,false,false,false,false,,false,1.5357222857419401,true,0.002365054562687874
2025_13_MIN_SEA,2834,3,01:28,1,10,MIN,SEA,MIN,56.0,"(1:28) (Shotgun) 12-M.Brosmer pass short left to 18-J.Jefferson to MIN 40 for -4 yards (3-N.Emmanwori) [42-D.Thomas]. PENALTY on SEA-3-N.Emmanwori, Unnecessary Roughness, 15 yards, enforced at MIN 40.",pass,-4.0,true,false,short,left,-4.0,0.0,,,true,true,false,false,false,true,15.0,false,0.7716814882587641,true,-0.0007993839681148529
2025_13_MIN_SEA,2870,3,01:09,1,10,MIN,SEA,SEA,45.0,(1:09) 12-M.Brosmer pass deep right intended for 1-J.Nailor INTERCEPTED by 8-C.Bryant at SEA 21. 8-C.Bryant to SEA 21 for no gain (1-J.Nailor).,pass,0.0,false,false,deep,right,24.0,,,,false,false,false,true,false,false,,false,-3.7170739443972707,false,-0.01707541197538376
2025_13_MIN_SEA,2904,3,01:02,1,10,SEA,MIN,SEA,79.0,(1:02) 9-K.Walker right end pushed ob at SEA 25 for 4 yards (55-E.Wilson).,run,4.0,false,false,,,,,right,end,false,false,false,false,false,false,,false,-0.024854708462953568,false,-0.0011084675788879395
2025_13_MIN_SEA,2931,3,00:25,2,6,SEA,MIN,SEA,75.0,(:25) 14-S.Darnold pass short left to 11-J.Smith-Njigba to SEA 42 for 17 yards (43-A.Van Ginkel).,pass,17.0,false,false,short,left,-2.0,19.0,,,true,true,false,false,false,false,,false,1.46557855210267,true,0.0025358200073242188
2025_13_MIN_SEA,2956,3,00:00,,0,SEA,MIN,,,END QUARTER 3,,,false,false,,,,,,,,,,,,,,,0.0,false,0.0
2025_13_MIN_SEA,2976,4,15:00,1,10,SEA,MIN,SEA,58.0,(15:00) 26-Z.Charbonnet left end pushed ob at SEA 38 for -4 yards (55-E.Wilson).,run,-4.0,false,false,,,,,left,end,false,false,false,false,false,false,,false,-1.1284799922723323,false,-0.001341402530670166
2025_13_MIN_SEA,3008,4,14:18,2,14,SEA,MIN,SEA,62.0,(14:18) (Shotgun) 14-S.Darnold pass incomplete short right.,pass,0.0,true,false,short,right,-4.0,,,,false,false,false,false,false,false,,false,-0.9088594885542989,false,-0.0008099079132080078
2025_13_MIN_SEA,3031,4,14:15,3,14,SEA,MIN,SEA,62.0,(14:15) (Shotgun) 22-R.Shaheed left end pushed ob at SEA 47 for 9 yards (22-H.Smith).,run,9.0,true,false,,,,,left,end,false,false,false,false,false,false,,false,-0.3828169722110033,false,-0.004357635974884033
2025_13_MIN_SEA,3058,4,13:34,4,5,SEA,MIN,SEA,53.0,"(13:34) 4-M.Dickson punts 53 yards to end zone, Center-41-C.Stoll, Touchback.",punt,0.0,false,false,,,,,,,false,false,false,false,false,false,,false,-0.4290368128567934,false,-0.0023293830454349518
2025_13_MIN_SEA,3083,4,13:26,1,10,MIN,SEA,MIN,80.0,(13:26) (Shotgun) 12-M.Brosmer pass short left to 36-Z.Scott to MIN 24 for 4 yards (13-E.Jones; 21-D.Witherspoon).,pass,4.0,true,false,short,left,-2.0,6.0,,,true,false,false,false,false,false,,false,-0.16699096141383052,false,-0.001591208390891552
2025_13_MIN_SEA,3113,4,13:02,2,6,MIN,SEA,MIN,76.0,"(13:02) (No Huddle, Shotgun) 12-M.Brosmer pass short middle intended for 18-J.Jefferson INTERCEPTED by 13-E.Jones (29-J.Jobe) at MIN 38. 13-E.Jones to MIN 32 for 6 yards (76-W.Fries; 18-J.Jefferson).",pass,0.0,true,true,short,middle,14.0,,,,false,false,false,true,false,false,,false,-4.254766617203131,false,-0.011521370150148869
2025_13_MIN_SEA,3147,4,12:52,1,10,SEA,MIN,MIN,32.0,(12:52) (Shotgun) 26-Z.Charbonnet left end to MIN 24 for 8 yards (15-D.Turner).,run,8.0,true,false,,,,,left,end,false,false,false,false,false,false,,false,0.6769954595947638,true,9.119510650634766e-06
2025_13_MIN_SEA,3169,4,12:06,2,2,SEA,MIN,MIN,24.0,(12:06) 26-Z.Charbonnet up the middle to MIN 23 for 1 yard (7-B.Murphy; 55-E.Wilson).,run,1.0,false,false,,,,,middle,,false,false,false,false,false,false,,false,-0.380627972423099,false,0.001903235912322998
2025_13_MIN_SEA,3191,4,11:26,3,1,SEA,MIN,MIN,23.0,(11:26) 26-Z.Charbonnet up the middle to MIN 23 for no gain (90-T.Ingram-Dawkins; 51-B.Cashman).,run,0.0,false,false,,,,,middle,,false,false,false,false,false,false,,false,-1.131365425302647,false,-0.0011518001556396484
2025_13_MIN_SEA,3213,4,10:40,4,1,SEA,MIN,MIN,23.0,(10:40) (Shotgun) 14-S.Darnold pass short left to 88-A.Barner to MIN 21 for 2 yards (7-B.Murphy).,pass,2.0,true,false,short,left,0.0,2.0,,,true,true,false,false,false,false,,false,1.4348968036356382,true,0.0011879801750183105
2025_13_MIN_SEA,3225,4,10:40,,0,,,,,"Timeout #1 by SEA at 10:40.",no_play,0.0,false,false,,,,,,,false,false,false,false,false,false,,false,0.0,false,0.0
2025_13_MIN_SEA,3245,4,09:59,1,10,SEA,MIN,MIN,21.0,(9:59) 26-Z.Charbonnet left end pushed ob at MIN 17 for 4 yards (93-J.Allen; 7-B.Murphy).,run,4.0,false,false,,,,,left,end,false,false,false,false,false,false,,false,-0.10752667859196663,false,-0.0002865791320800781
2025_13_MIN_SEA,3272,4,09:17,2,6,SEA,MIN,MIN,17.0,"(9:17) 26-Z.Charbonnet left tackle for 17 yards, TOUCHDOWN.",run,17.0,false,false,,,,,left,tackle,false,true,false,false,false,false,,true,2.643003787554335,true,0.0018613478941832406
2025_13_MIN_SEA,3295,4,09:11,,0,SEA,MIN,MIN,15.0,"5-J.Myers extra point is GOOD, Center-41-C.Stoll, Holder-4-M.Dickson. PENALTY on MIN-24-J.Ward, Unnecessary Roughness, 15 yards, enforced between downs.",extra_point,0.0,false,false,,,,,,,false,false,false,false,false,true,15.0,false,0.06757300310763314,true,2.64767177297065e-05
2025_13_MIN_SEA,3310,4,09:11,,0,MIN,SEA,50,50.0,"5-J.Myers kicks 25 yards from 50 to MIN 25, short of landing zone. PENALTY on SEA-5-J.Myers, Kickoff Short of Landing Zone, placed at MIN 25.",kickoff,0.0,false,false,,,,,,,false,false,false,false,false,true,0.0,false,-0.0,false,-0.0
2025_13_MIN_SEA,3360,4,09:11,1,10,MIN,SEA,MIN,75.0,(9:11) (Shotgun) 27-J.Mason up the middle to MIN 36 for 11 yards (39-T.Okada). MIN-27-J.Mason was injured during the play.,run,11.0,true,false,,,,,middle,,false,true,false,false,false,false,,false,0.6627506997901946,true,-7.429793186020106e-06
2025_13_MIN_SEA,3385,4,08:33,1,10,MIN,SEA,MIN,64.0,(8:33) (Shotgun) 12-M.Brosmer pass short left to 3-J.Addison pushed ob at MIN 47 for 11 yards (21-D.Witherspoon).,pass,11.0,true,false,short,left,8.0,3.0,,,true,true,false,false,false,false,,false,0.6548379010055214,true,2.545464667491615e-06
2025_13_MIN_SEA,3415,4,08:02,1,10,MIN,SEA,MIN,53.0,(8:02) (Shotgun) 36-Z.Scott left guard to SEA 49 for 4 yards (13-E.Jones).,run,4.0,true,false,,,,,left,guard,false,false,false,false,false,false,,false,-0.06268903310410678,false,1.7641250451561064e-05
2025_13_MIN_SEA,3437,4,07:24,2,6,MIN,SEA,SEA,49.0,(7:24) (Shotgun) 12-M.Brosmer pass incomplete short right to 3-J.Addison.,pass,0.0,true,false,short,right,6.0,,,,false,false,false,false,false,false,,false,-0.725212728139013,false,-3.723340341821313e-06
2025_13_MIN_SEA,3460,4,07:21,3,6,MIN,SEA,SEA,49.0,(7:21) (Shotgun) 12-M.Brosmer pass short right to 3-J.Addison to SEA 41 for 8 yards (27-T.Woolen).,pass,8.0,true,false,short,right,8.0,0.0,,,true,true,false,false,false,false,,false,1.5744631245033816,true,3.0306619009934366e-06
2025_13_MIN_SEA,3485,4,06:47,1,10,MIN,SEA,SEA,41.0,"(6:47) (No Huddle, Shotgun) 27-J.Mason up the middle to SEA 17 for 24 yards (21-D.Witherspoon; 29-J.Jobe). ** Injury Update: MIN-27-J.Mason has returned to the game. SEA-29-J.Jobe was injured during the play. PENALTY on MIN-64-B.Brandel, Unnecessary Roughness, 15 yards, enforced between downs.",run,24.0,true,true,,,,,middle,,false,true,false,false,false,true,15.0,false,0.4906139717786573,true,4.192748747300357e-06
2025_13_MIN_SEA,3518,4,06:26,1,10,MIN,SEA,SEA,32.0,(6:26) 27-J.Mason right guard to SEA 28 for 4 yards (13-E.Jones; 8-C.Bryant).,run,4.0,false,false,,,,,right,guard,false,false,false,false,false,false,,false,-0.09054376248968765,false,2.1624269720632583e-05
2025_13_MIN_SEA,3546,4,05:48,2,6,MIN,SEA,SEA,28.0,"(5:48) (Shotgun) 12-M.Brosmer pass deep left intended for 3-J.Addison INTERCEPTED by 27-T.Woolen at SEA 5. 27-T.Woolen to SEA 35 for 30 yards (1-J.Nailor). FUMBLES (1-J.Nailor), touched at SEA 38, RECOVERED by MIN-1-J.Nailor at SEA 37.",pass,0.0,true,false,deep,left,23.0,,,,false,false,false,true,true,false,,false,-0.13798687676899135,false,-2.1624269720632583e-05
2025_13_MIN_SEA,3589,4,05:33,1,10,MIN,SEA,SEA,37.0,"(5:33) (Shotgun) 36-Z.Scott right end pushed ob at SEA 30 for 7 yards (13-E.Jones). PENALTY on MIN-75-B.O'Neill, Offensive Holding, 10 yards, enforced at SEA 37 - No Play.",no_play,0.0,true,false,,,,,,,false,false,false,false,false,true,10.0,false,-1.0086525386432186,false,-7.095433829817921e-06
2025_13_MIN_SEA,3627,4,05:12,1,20,MIN,SEA,SEA,47.0,(5:12) (Shotgun) 12-M.Brosmer pass short middle to 87-T.Hockenson to SEA 40 for 7 yards (42-D.Thomas; 13-E.Jones). SEA-13-E.Jones was injured during the play.,pass,7.0,true,false,short,middle,5.0,2.0,,,true,false,false,false,false,false,,false,-0.11058047250844538,false,1.7836653569247574e-05
2025_13_MIN_SEA,3655,4,04:42,2,13,MIN,SEA,SEA,40.0,(4:42) (Shotgun) 12-M.Brosmer sacked at SEA 48 for -8 yards (91-B.Murphy).,pass,-8.0,true,false,,,,,,,false,false,true,false,false,false,,false,-1.3422310777241364,false,-3.6727018596138805e-05
2025_13_MIN_SEA,3675,4,03:57,3,21,MIN,SEA,SEA,48.0,(3:57) (Shotgun) 12-M.Brosmer pass short left to 18-J.Jefferson to SEA 40 for 8 yards (3-N.Emmanwori).,pass,8.0,true,false,short,left,-1.0,9.0,,,true,false,false,false,false,false,,false,-0.8641106166178361,false,1.6426813090220094e-05
2025_13_MIN_SEA,3705,4,03:15,4,13,MIN,SEA,SEA,40.0,(3:15) (Shotgun) 12-M.Brosmer sacked at SEA 47 for -7 yards (sack split by 42-D.Thomas and 7-U.Nwosu).,pass,-7.0,true,false,,,,,,,false,false,true,false,false,false,,false,-2.218707611958962,false,1.6991340089589357e-05
2025_13_MIN_SEA,3725,4,03:10,1,10,SEA,MIN,SEA,53.0,(3:10) 33-M.Gaskin left tackle to 50 for 3 yards (51-B.Cashman; 15-D.Turner).,run,3.0,false,false,,,,,left,tackle,false,false,false,false,false,false,,false,-0.19900217931717634,false,3.814697265625e-06
2025_13_MIN_SEA,3751,4,02:28,2,7,SEA,MIN,50,50.0,(2:28) 33-M.Gaskin up the middle to 50 for no gain (93-J.Allen).,run,0.0,false,false,,,,,middle,,false,false,false,false,false,false,,false,-0.38784044777275994,false,4.5299530029296875e-06
2025_13_MIN_SEA,3773,4,02:00,3,7,SEA,MIN,50,50.0,(2:00) 33-M.Gaskin right end to MIN 47 for 3 yards (50-L.Rodriguez).,run,3.0,false,false,,,,,right,end,false,false,false,false,false,false,,false,-0.9552478304831311,false,2.2172927856445312e-05
2025_13_MIN_SEA,3802,4,01:00,4,4,SEA,MIN,MIN,47.0,"(1:00) 4-M.Dickson punts 45 yards to MIN 2, impetus ends at MIN 1, Center-41-C.Stoll, downed by SEA-32-V.Jones.",punt,0.0,false,false,,,,,,,false,false,false,false,false,false,,false,-0.2998183726449497,false,2.7428370231064036e-05
2025_13_MIN_SEA,3827,4,00:51,1,10,MIN,SEA,MIN,98.0,"(:51) 36-Z.Scott up the middle to MIN 11 for 9 yards (8-C.Bryant, 23-D.Bell).",run,9.0,false,false,,,,,middle,,false,false,false,false,false,false,,false,0.17639135936042294,true,7.732726589892991e-05
2025_13_MIN_SEA,3849,4,00:19,2,1,MIN,SEA,MIN,89.0,(:19) 36-Z.Scott up the middle to MIN 15 for 4 yards (92-Q.Bohanna; 95-B.Pili).,run,4.0,false,false,,,,,middle,,false,true,false,false,false,false,,false,-0.027967320987954736,false,-0.000122854980872944
2025_13_MIN_SEA,3871,4,00:00,,0,MIN,SEA,,,END GAME,,,false,false,,,,,,,,,,,,,,,,,
2025_14_WAS_MIN,1,1,15:00,,0,,,,,GAME,,,false,false,,,,,,,,,,,,,,,0.0,false,0.0
2025_14_WAS_MIN,39,1,15:00,,0,MIN,WAS,WAS,35.0,16-J.Moody kicks 61 yards from WAS 35 to MIN 4. 4-M.Price to MIN 39 for 35 yards (0-M.Sainristil).,kickoff,0.0,false,false,,,,,,,false,false,false,false,false,false,,false,0.800426225643605,true,0.02631157636642456
2025_14_WAS_MIN,62,1,14:54,1,10,MIN,WAS,MIN,61.0,(14:54) 33-A.Jones right tackle to MIN 42 for 3 yards (55-J.Martin; 54-B.Wagner).,run,3.0,false,false,,,,,right,tackle,false,false,false,false,false,false,,false,-0.30671707494184375,false,-0.013361155986785889
2025_14_WAS_MIN,84,1,14:16,2,7,MIN,WAS,MIN,58.0,(14:16) (Shotgun) 9-J.McCarthy pass short right to 89-B.Sims to WAS 49 for 9 yards (4-F.Luvu).,pass,9.0,true,false,short,right,4.0,5.0,,,true,true,false,false,false,false,,false,0.9894812162965536,true,0.025234460830688477
2025_14_WAS_MIN,109,1,13:39,1,10,MIN,WAS,WAS,49.0,(13:39) 33-A.Jones up the middle to WAS 42 for 7 yards (54-B.Wagner; 20-Q.Martin).,run,7.0,false,false,,,,,middle,,false,false,false,false,false,false,,false,0.2722408508416265,true,0.00329434871673584
2025_14_WAS_MIN,131,1,13:02,2,3,MIN,WAS,WAS,42.0,(13:02) (Shotgun) 9-J.McCarthy pass short left to 87-T.Hockenson pushed ob at WAS 32 for 10 yards (6-N.Igbinoghene).,pass,10.0,true,false,short,left,5.0,5.0,,,true,true,false,false,false,false,,false,0.7241264764452353,true,0.04463469982147217
2025_14_WAS_MIN,161,1,12:28,1,10,MIN,WAS,WAS,32.0,(12:28) (Shotgun) 9-J.McCarthy pass short middle to 1-J.Nailor to WAS 23 for 9 yards (0-M.Sainristil; 54-B.Wagner).,pass,9.0,true,false,short,middle,-3.0,12.0,,,true,false,false,false,false,false,,false,0.8055728113977239,true,0.03787732124328613
2025_14_WAS_MIN,186,1,11:46,2,1,MIN,WAS,WAS,23.0,(11:46) 33-A.Jones left guard to WAS 18 for 5 yards (20-Q.Martin).,run,5.0,false,false,,,,,left,guard,false,true,false,false,false,false,,false,0.08514448255300522,true,-0.010520339012145996
2025_14_WAS_MIN,208,1,11:07,1,10,MIN,WAS,WAS,18.0,"(11:07) (Shotgun) 9-J.McCarthy pass deep left to 84-J.Oliver for 18 yards, TOUCHDOWN.",pass,18.0,true,false,deep,left,16.0,2.0,,,true,true,false,false,false,false,,true,1.7884410277474672,true,0.03821496486137488
2025_14_WAS_MIN,234,1,11:03,,0,MIN,WAS,WAS,15.0,"16-W.Reichard extra point is GOOD, Center-42-A.DePaola, Holder-17-R.Wright.",extra_point,0.0,false,false,,,,,,,false,false,false,false,false,false,,false,0.05117156607063911,true,0.0013477969222249753
2025_14_WAS_MIN,249,1,11:03,,0,WAS,MIN,MIN,35.0,"16-W.Reichard kicks 64 yards from MIN 35 to WAS 1. 1-D.Samuel to WAS 41 for 40 yards (56-A.Keys; 36-Z.Scott). PENALTY on WAS-35-P.Butler, Offensive Holding, 10 yards, enforced at WAS 25.",kickoff,0.0,false,false,,,,,,,false,false,false,false,false,true,10.0,false,-0.7431268589571118,false,-0.014047890901565552
2025_14_WAS_MIN,290,1,10:52,1,10,WAS,MIN,WAS,85.0,(10:52) (Shotgun) 36-C.Rodriguez left tackle to WAS 19 for 4 yards (55-E.Wilson; 43-A.Van Ginkel).,run,4.0,true,false,,,,,left,tackle,false,false,false,false,false,false,,false,-0.18775079865008593,false,0.00022083520889282227
2025_14_WAS_MIN,312,1,10:18,2,6,WAS,MIN,WAS,81.0,"(10:18) (No Huddle, Shotgun) 5-J.Daniels pass deep left to 17-T.McLaurin to WAS 47 for 28 yards (24-J.Ward) [93-J.Allen].",pass,28.0,true,true,deep,left,20.0,8.0,,,true,true,false,false,false,false,,false,2.3458899564575404,true,0.05039268732070923
2025_14_WAS_MIN,337,1,09:46,1,10,WAS,MIN,WAS,53.0,"(9:46) (No Huddle, Shotgun) 5-J.Daniels pass short right to 1-D.Samuel to WAS 49 for 2 yards (43-A.Van Ginkel).",pass,2.0,true,true,short,right,-4.0,6.0,,,true,false,false,false,false,false,,false,-0.48769047833047807,false,-0.014914870262145996
2025_14_WAS_MIN,362,1,09:06,2,8,WAS,MIN,WAS,51.0,(9:06) (No Huddle) 36-C.Rodriguez right tackle to MIN 41 for 10 yards (44-J.Metellus; 51-B.Cashman).,run,10.0,false,true,,,,,right,tackle,false,true,false,false,false,false,,false,1.3352636634372175,true,0.011033684015274048
2025_14_WAS_MIN,384,1,08:30,1,10,WAS,MIN,MIN,41.0,"(8:30) (No Huddle, Shotgun) 5-J.Daniels pass incomplete short left to 80-C.Yankoff.",pass,0.0,true,true,short,left,4.0,,,,false,false,false,false,false,false,,false,-0.5695773700717837,false,-0.0148257315158844
2025_14_WAS_MIN,407,1,08:27,2,10,WAS,MIN,MIN,41.0,"(8:27) (No Huddle, Shotgun) 5-J.Daniels pass short left to 82-B.Sinnott to MIN 33 for 8 yards (7-B.Murphy; 51-B.Cashman).",pass,8.0,true,true,short,left,0.0,8.0,,,true,false,false,false,false,false,,false,0.41820616368204355,true,0.017305761575698853
2025_14_WAS_MIN,432,1,07:46,3,2,WAS,MIN,MIN,33.0,"(7:46) (No Huddle, Shotgun) 5-J.Daniels scrambles right end to MIN 31 for 2 yards (51-B.Cashman).",run,2.0,true,true,,,,,right,end,false,true,false,false,false,false,,false,0.828678349382244,true,0.03664755821228027
2025_14_WAS_MIN,454,1,07:05,1,10,WAS,MIN,MIN,31.0,"(7:05) (No Huddle, Shotgun) 26-J.McNichols right guard to MIN 23 for 8 yards (44-J.Metellus; 22-H.Smith). PENALTY on WAS-87-J.Bates, Offensive Holding, 10 yards, enforced at MIN 31 - No Play.",no_play,0.0,true,true,,,,,,,false,false,false,false,false,true,10.0,false,-1.1090257643954828,false,-0.040178775787353516
2025_14_WAS_MIN,487,1,06:47,1,20,WAS,MIN,MIN,41.0,"(6:47) (No Huddle, Shotgun) 5-J.Daniels pass short right to 26-J.McNichols to MIN 39 for 2 yards (51-B.Cashman; 61-J.Redmond).",pass,2.0,true,true,short,right,-6.0,8.0,,,true,false,false,false,false,false,,false,-0.6553568535018712,false,-0.012389451265335083
2025_14_WAS_MIN,512,1,06:03,2,18,WAS,MIN,MIN,39.0,"(6:03) (No Huddle, Shotgun) 5-J.Daniels scrambles up the middle to MIN 34 for 5 yards (22-H.Smith).",run,5.0,true,true,,,,,middle,,false,false,false,false,false,false,,false,-0.37216259096749127,false,-0.006596684455871582
2025_14_WAS_MIN,534,1,05:15,3,13,WAS,MIN,MIN,34.0,"(5:15) (No Huddle, Shotgun) 5-J.Daniels pass short left to 1-D.Samuel to MIN 19 for 15 yards (2-I.Rodgers; 43-A.Van Ginkel).",pass,15.0,true,true,short,left,-1.0,16.0,,,true,true,false,false,false,false,,false,2.8780832359334454,true,0.07773581147193909
2025_14_WAS_MIN,559,1,04:28,1,10,WAS,MIN,MIN,19.0,(4:28) (No Huddle) 36-C.Rodriguez right tackle to MIN 4 for 15 yards (15-D.Turner; 22-H.Smith).,run,15.0,false,true,,,,,right,tackle,false,true,false,false,false,false,,false,1.2523708122898825,true,0.009401470422744751
2025_14_WAS_MIN,581,1,03:42,1,4,WAS,MIN,MIN,4.0,"(3:42) (No Huddle, Shotgun) 36-C.Rodriguez left guard to MIN 2 for 2 yards (51-B.Cashman; 55-E.Wilson).",run,2.0,true,true,,,,,left,guard,false,false,false,false,false,false,,false,-0.061589973338413984,false,-0.00017344951629638672
2025_14_WAS_MIN,603,1,02:59,2,2,WAS,MIN,MIN,2.0,(2:59) (No Huddle) 74-B.Coleman reported in as eligible. 5-J.Daniels pass incomplete short left.,pass,0.0,false,true,short,left,2.0,,,,false,false,false,false,false,false,,false,-0.8357427919982001,false,-0.028291642665863037
2025_14_WAS_MIN,628,1,02:53,3,2,WAS,MIN,MIN,2.0,"(2:53) (No Huddle, Shotgun) 5-J.Daniels pass incomplete short right [93-J.Allen].",pass,0.0,true,true,short,right,2.0,,,,false,false,false,false,false,false,,false,-1.9013188200769946,false,-0.040359288454055786
2025_14_WAS_MIN,651,1,02:46,4,2,WAS,MIN,MIN,2.0,(2:46) (Shotgun) 5-J.Daniels pass incomplete short middle to 1-D.Samuel.,pass,0.0,true,false,short,middle,2.0,,,,false,false,false,false,false,false,,false,-3.4634900036035106,false,-0.056598961353302
2025_14_WAS_MIN,674,1,02:42,1,10,MIN,WAS,MIN,98.0,(2:42) 27-J.Mason up the middle to MIN 6 for 4 yards (54-B.Wagner; 24-V.Miller).,run,4.0,false,false,,,,,middle,,false,false,false,false,false,false,,false,-0.25183419953100383,false,-0.024343132972717285
2025_14_WAS_MIN,703,1,02:04,2,6,MIN,WAS,MIN,94.0,(2:04) 27-J.Mason left guard to MIN 6 for no gain (54-B.Wagner).,run,0.0,false,false,,,,,left,guard,false,false,false,false,false,false,,false,-0.7681777789257467,false,-0.028949856758117676
2025_14_WAS_MIN,725,1,01:24,3,6,MIN,WAS,MIN,94.0,(1:24) (Shotgun) 9-J.McCarthy scrambles up the middle to MIN 13 for 7 yards (4-F.Luvu).,run,7.0,true,false,,,,,middle,,false,true,false,false,false,false,,false,1.4904527780599892,true,0.05671584606170654
2025_14_WAS_MIN,747,1,00:36,1,10,MIN,WAS,MIN,87.0,(:36) 27-J.Mason left end to MIN 15 for 2 yards (54-B.Wagner; 99-J.Kinlaw).,run,2.0,false,false,,,,,left,end,false,false,false,false,false,false,,false,-0.5428874348290265,false,-0.010554492473602295
2025_14_WAS_MIN,769,1,00:00,,0,MIN,WAS,,,END QUARTER 1,,,false,false,,,,,,,,,,,,,,,0.0,false,0.0
2025_14_WAS_MIN,789,2,15:00,2,8,MIN,WAS,MIN,85.0,(15:00) (Shotgun) 9-J.McCarthy pass short middle to 1-J.Nailor to MIN 24 for 9 yards (54-B.Wagner; 58-J.Magee).,pass,9.0,true,false,short,middle,7.0,2.0,,,true,true,false,false,false,false,,false,0.997320372145623,true,0.022662878036499023
2025_14_WAS_MIN,814,2,14:19,1,10,MIN,WAS,MIN,76.0,(14:19) 9-J.McCarthy pass incomplete deep right to 3-J.Addison [52-P.Smith].,pass,0.0,false,false,deep,right,16.0,,,,false,false,false,false,false,false,,false,-0.5918116918765008,false,-0.014340877532958984
2025_14_WAS_MIN,837,2,14:15,2,10,MIN,WAS,MIN,76.0,(14:15) (Shotgun) 27-J.Mason right guard to MIN 36 for 12 yards (54-B.Wagner).,run,12.0,true,false,,,,,right,guard,false,true,false,false,false,false,,false,1.5424842888023704,true,0.04192572832107544
2025_14_WAS_MIN,859,2,13:36,1,10,MIN,WAS,MIN,64.0,(13:36) (Shotgun) 27-J.Mason up the middle to MIN 40 for 4 yards (54-B.Wagner).,run,4.0,true,false,,,,,middle,,false,false,false,false,false,false,,false,-0.2501392688136548,false,-0.0030916929244995117
2025_14_WAS_MIN,881,2,12:56,2,6,MIN,WAS,MIN,60.0,(12:56) (Shotgun) 9-J.McCarthy sacked ob at MIN 37 for -3 yards (3-W.Harris).,pass,-3.0,true,false,,,,,,,false,false,true,false,false,false,,false,-1.122133660595864,false,-0.02974224090576172
2025_14_WAS_MIN,901,2,12:16,3,9,MIN,WAS,MIN,63.0,(12:16) (Shotgun) 9-J.McCarthy pass short left to 1-J.Nailor ran ob at MIN 49 for 12 yards (0-M.Sainristil).,pass,12.0,true,false,short,left,11.0,1.0,,,true,true,false,false,false,false,,false,2.0968569528777152,true,0.044265925884246826
2025_14_WAS_MIN,931,2,11:38,1,10,MIN,WAS,MIN,51.0,(11:38) 33-A.Jones right end to WAS 49 for 2 yards (55-J.Martin; 58-J.Magee).,run,2.0,false,false,,,,,right,end,false,false,false,false,false,false,,false,-0.46588710183277726,false,-0.013814568519592285
2025_14_WAS_MIN,953,2,10:54,2,8,MIN,WAS,WAS,49.0,(10:54) (Shotgun) 9-J.McCarthy sacked at WAS 49 for 0 yards (94-D.Payne).,pass,0.0,true,false,,,,,,,false,false,true,false,false,false,,false,-0.8841176128480583,false,-0.024876892566680908
2025_14_WAS_MIN,982,2,09:59,3,8,MIN,WAS,WAS,49.0,(9:59) (Shotgun) 9-J.McCarthy pass deep left to 3-J.Addison to WAS 28 for 21 yards (20-Q.Martin).,pass,21.0,true,false,deep,left,21.0,0.0,,,true,true,false,false,false,false,,false,2.69706091680564,true,0.06717348098754883
2025_14_WAS_MIN,1007,2,09:14,1,10,MIN,WAS,WAS,28.0,"(9:14) (Shotgun) 9-J.McCarthy pass short left to 18-J.Jefferson to WAS 30 for -2 yards (0-M.Sainristil, 50-D.Walker).",pass,-2.0,true,false,short,left,-2.0,0.0,,,true,false,false,false,false,false,,false,-0.9298116761492565,false,-0.017463266849517822
2025_14_WAS_MIN,1032,2,08:36,2,12,MIN,WAS,WAS,30.0,(8:36) 33-A.Jones right end to WAS 30 for no gain (20-Q.Martin).,run,0.0,false,false,,,,,right,end,false,false,false,false,false,false,,false,-0.7340874285437167,false,-0.01752251386642456
2025_14_WAS_MIN,1054,2,07:50,3,12,MIN,WAS,WAS,30.0,(7:50) (Shotgun) 9-J.McCarthy pass short middle to 18-J.Jefferson to WAS 17 for 13 yards (54-B.Wagner; 20-Q.Martin).,pass,13.0,true,false,short,middle,1.0,12.0,,,true,true,false,false,false,false,,false,2.3341363503132015,true,0.06417912244796753
2025_14_WAS_MIN,1079,2,07:08,1,10,MIN,WAS,WAS,17.0,(7:08) 27-J.Mason up the middle to WAS 12 for 5 yards (54-B.Wagner).,run,5.0,false,false,,,,,middle,,false,false,false,false,false,false,,false,0.043658668524585664,true,-0.0033653974533081055
2025_14_WAS_MIN,1101,2,06:29,2,5,MIN,WAS,WAS,12.0,(6:29) 27-J.Mason right tackle to WAS 8 for 4 yards (55-J.Martin).,run,4.0,false,false,,,,,right,tackle,false,false,false,false,false,false,,false,0.20020950911566615,true,0.01986902952194214
2025_14_WAS_MIN,1123,2,05:45,3,1,MIN,WAS,WAS,8.0,"(5:45) 27-J.Mason left end for 8 yards, TOUCHDOWN.",run,8.0,false,false,,,,,left,end,false,true,false,false,false,false,,true,1.8799564379733056,true,0.006918847091404334
2025_14_WAS_MIN,1146,2,05:41,,0,MIN,WAS,WAS,15.0,"16-W.Reichard extra point is GOOD, Center-42-A.DePaola, Holder-17-R.Wright.",extra_point,0.0,false,false,,,,,,,false,false,false,false,false,false,,false,0.05117156607063911,true,0.00024522887924538495
2025_14_WAS_MIN,1161,2,05:41,,0,WAS,MIN,MIN,35.0,16-W.Reichard kicks 60 yards from MIN 35 to WAS 5. 1-D.Samuel to WAS 24 for 19 yards (98-B.Richter).,kickoff,0.0,false,false,,,,,,,false,false,false,false,false,false,,false,-0.1418823031708598,false,-0.0
2025_14_WAS_MIN,1191,2,05:37,1,10,WAS,MIN,WAS,76.0,(5:37) (Shotgun) 5-J.Daniels pass incomplete short left to 17-T.McLaurin (43-A.Van Ginkel).,pass,0.0,true,false,short,left,11.0,,,,false,false,false,false,false,false,,false,-0.5483100130222738,false,-0.007889971137046814
2025_14_WAS_MIN,1214,2,05:33,2,10,WAS,MIN,WAS,76.0,"(5:33) (No Huddle, Shotgun) 36-C.Rodriguez up the middle to WAS 29 for 5 yards (58-J.Greenard; 97-J.Hargrave).",run,5.0,true,true,,,,,middle,,false,false,false,false,false,false,,false,-0.02910116408020258,false,-0.008189491927623749
2025_14_WAS_MIN,1236,2,04:57,3,5,WAS,MIN,WAS,71.0,"(4:57) (No Huddle, Shotgun) 5-J.Daniels scrambles right end pushed ob at WAS 33 for 4 yards (22-H.Smith).",run,4.0,true,true,,,,,right,end,false,false,false,false,false,false,,false,-0.6938090750481933,false,-0.007068894803524017
2025_14_WAS_MIN,1263,2,04:25,4,1,WAS,MIN,WAS,67.0,"(4:25) 10-T.Way punts 46 yards to MIN 21, Center-69-T.Ott, fair catch by 4-M.Price.",punt,0.0,false,false,,,,,,,false,false,false,false,false,false,,false,-0.40180005435831845,false,-0.012669846415519714
2025_14_WAS_MIN,1292,2,04:18,1,10,MIN,WAS,MIN,79.0,(4:18) 33-A.Jones right guard to MIN 26 for 5 yards (97-E.Goldman; 52-P.Smith).,run,5.0,false,false,,,,,right,guard,false,false,false,false,false,false,,false,-0.08388921990990639,false,0.0009461045265197754
2025_14_WAS_MIN,1321,2,03:41,2,5,MIN,WAS,MIN,74.0,(3:41) 33-A.Jones right tackle to MIN 30 for 4 yards (31-J.Jones; 39-J.Reaves).,run,4.0,false,false,,,,,right,tackle,false,false,false,false,false,false,,false,0.38978870841674507,true,0.000818789005279541
2025_14_WAS_MIN,1343,2,02:56,3,1,MIN,WAS,MIN,70.0,(2:56) (Shotgun) 33-A.Jones right guard to MIN 34 for 4 yards (52-P.Smith; 54-B.Wagner).,run,4.0,true,false,,,,,right,guard,false,true,false,false,false,false,,false,0.7120441116858274,true,0.011776268482208252
2025_14_WAS_MIN,1365,2,02:20,1,10,MIN,WAS,MIN,66.0,(2:20) (Shotgun) 33-A.Jones up the middle to MIN 38 for 4 yards (24-V.Miller).,run,4.0,true,false,,,,,middle,,false,false,false,false,false,false,,false,-0.38064143958035856,false,0.0057888031005859375
2025_14_WAS_MIN,1387,2,02:00,2,6,MIN,WAS,MIN,62.0,"(2:00) (Shotgun) PENALTY on MIN-71-C.Darrisaw, False Start, 5 yards, enforced at MIN 38 - No Play.",no_play,0.0,true,false,,,,,,,false,false,false,false,false,true,5.0,false,-0.28223350492771715,false,-0.01706761121749878
2025_14_WAS_MIN,1418,2,02:00,2,11,MIN,WAS,MIN,67.0,(2:00) (Shotgun) 9-J.McCarthy pass incomplete short left to 33-A.Jones (4-F.Luvu).,pass,0.0,true,false,short,left,-7.0,,,,false,false,false,false,false,false,,false,-0.543326186016202,false,-0.010173201560974121
2025_14_WAS_MIN,1441,2,01:57,3,11,MIN,WAS,MIN,67.0,(1:57) (Shotgun) 9-J.McCarthy sacked at MIN 24 for -9 yards (24-V.Miller).,pass,-9.0,true,false,,,,,,,false,false,true,false,false,false,,false,-1.7410981026478112,false,-0.02337116003036499
2025_14_WAS_MIN,1461,2,01:51,4,20,MIN,WAS,MIN,76.0,"(1:51) 17-R.Wright punts 43 yards to WAS 33, Center-42-A.DePaola, fair catch by 83-J.Lane.",punt,0.0,false,false,,,,,,,false,false,false,false,false,false,,false,-0.2875593891367316,false,0.009765438735485077
2025_14_WAS_MIN,1473,2,01:51,,0,,,,,"Timeout #1 by WAS at 01:51.",no_play,0.0,false,false,,,,,,,false,false,false,false,false,false,,false,0.0,false,0.0
2025_14_WAS_MIN,1488,2,01:45,1,10,WAS,MIN,WAS,67.0,(1:45) (Shotgun) 5-J.Daniels pass short left to 17-T.McLaurin pushed ob at WAS 39 for 6 yards (23-F.Moreau).,pass,6.0,true,false,short,left,6.0,0.0,,,true,false,false,false,false,false,,false,0.07596856215968728,true,0.0002210959792137146
2025_14_WAS_MIN,1530,2,01:42,2,4,WAS,MIN,WAS,61.0,"(1:42) (No Huddle, Shotgun) 5-J.Daniels pass incomplete short left.",pass,0.0,true,true,short,left,3.0,,,,false,false,false,false,false,false,,false,-0.4813260614173487,false,-0.010681472718715668
2025_14_WAS_MIN,1553,2,01:40,3,4,WAS,MIN,WAS,61.0,(1:40) (Shotgun) 5-J.Daniels pass short left to 17-T.McLaurin to WAS 46 for 7 yards (23-F.Moreau).,pass,7.0,true,false,short,left,7.0,0.0,,,true,true,false,false,false,false,,false,0.9906567826983519,true,0.02812429517507553
2025_14_WAS_MIN,1578,2,01:22,1,10,WAS,MIN,WAS,54.0,"(1:22) (No Huddle, Shotgun) 5-J.Daniels pass incomplete short left to 17-T.McLaurin.",pass,0.0,true,true,short,left,10.0,,,,false,false,false,false,false,false,,false,-0.3484237488009967,false,-0.011729851365089417
2025_14_WAS_MIN,1601,2,01:19,2,10,WAS,MIN,WAS,54.0,"(1:19) (No Huddle, Shotgun) 5-J.Daniels pass short right to 1-D.Samuel to WAS 45 for -1 yards (7-B.Murphy).",pass,-1.0,true,true,short,right,-2.0,1.0,,,true,false,false,false,false,false,,false,-0.6430943793384358,false,-0.020276784896850586
2025_14_WAS_MIN,1626,2,00:35,3,11,WAS,MIN,WAS,55.0,"(:35) (No Huddle, Shotgun) 5-J.Daniels pass incomplete short right.",pass,0.0,true,true,short,right,15.0,,,,false,false,false,false,false,false,,false,-0.8287301936652511,false,-0.009126216173171997
2025_14_WAS_MIN,1649,2,00:27,4,11,WAS,MIN,WAS,55.0,"(:27) 10-T.Way punts 49 yards to MIN 6, Center-69-T.Ott. 4-M.Price to MIN 14 for 8 yards (56-K.Medrano).",punt,0.0,false,false,,,,,,,false,false,false,false,false,false,,false,-0.2167103490792215,false,-0.0015944093465805054
2025_14_WAS_MIN,1675,2,00:17,1,10,MIN,WAS,MIN,86.0,(:17) 9-J.McCarthy kneels to MIN 13 for -1 yards.,qb_kneel,-1.0,false,false,,,,,,,false,false,false,false,false,false,,false,0.0,false,
2025_14_WAS_MIN,1704,2,00:00,,0,,,,,END QUARTER 2,,,false,false,,,,,,,,,,,,,,,,,-0.0
2025_14_WAS_MIN,1724,3,15:00,,0,WAS,MIN,MIN,35.0,16-W.Reichard kicks 61 yards from MIN 35 to WAS 4. 1-D.Samuel to WAS 23 for 19 yards (24-J.Ward).,kickoff,0.0,false,false,,,,,,,false,false,false,false,false,false,,false,-0.2876602434553206,false,-0.0009779110550880432
2025_14_WAS_MIN,1747,3,14:56,1,10,WAS,MIN,WAS,77.0,(14:56) 36-C.Rodriguez right guard to WAS 27 for 4 yards (51-B.Cashman).,run,4.0,false,false,,,,,right,guard,false,false,false,false,false,false,,false,0.027547525241971016,true,-0.011314980685710907
2025_14_WAS_MIN,1769,3,14:17,2,6,WAS,MIN,WAS,73.0,"(14:17) (No Huddle, Shotgun) 5-J.Daniels sacked ob at WAS 26 for -1 yards (61-J.Redmond).",pass,-1.0,true,true,,,,,,,false,false,true,false,false,false,,false,-0.9313953663222492,false,-0.007214486598968506
2025_14_WAS_MIN,1803,3,13:31,3,7,WAS,MIN,WAS,74.0,"(13:31) (No Huddle, Shotgun) 5-J.Daniels pass incomplete deep right to 85-N.Brown. PENALTY on MIN-23-F.Moreau, Defensive Pass Interference, 14 yards, enforced at WAS 26 - No Play.",no_play,0.0,true,true,,,,,,,false,true,false,false,false,true,14.0,false,2.1540948490146548,true,0.022458016872406006
2025_14_WAS_MIN,1837,3,13:27,1,10,WAS,MIN,WAS,60.0,(13:27) 36-C.Rodriguez up the middle to WAS 44 for 4 yards (61-J.Redmond).,run,4.0,false,false,,,,,middle,,false,false,false,false,false,false,,false,-0.04923910018987954,false,0.0014874786138534546
2025_14_WAS_MIN,1859,3,12:46,2,6,WAS,MIN,WAS,56.0,"(12:46) (No Huddle, Shotgun) 36-C.Rodriguez right end to WAS 49 for 5 yards (51-B.Cashman; 97-J.Hargrave).",run,5.0,true,true,,,,,right,end,false,false,false,false,false,false,,false,0.2743886501993984,true,-0.0012773573398590088
2025_14_WAS_MIN,1881,3,12:05,3,1,WAS,MIN,WAS,51.0,"(12:05) (No Huddle, Shotgun) 5-J.Daniels sacked at WAS 44 for -5 yards (55-E.Wilson). FUMBLES (55-E.Wilson) [55-E.Wilson], RECOVERED by MIN-90-T.Ingram-Dawkins at WAS 46. 90-T.Ingram-Dawkins to WAS 26 for 20 yards (72-J.Conerly). PENALTY on MIN, Defensive Too Many Men on Field, 5 yards, enforced at WAS 49 - No Play.",no_play,0.0,true,true,,,,,,,false,true,false,false,false,true,5.0,false,0.7844380713067949,true,0.007907040417194366
2025_14_WAS_MIN,1923,3,11:52,1,10,WAS,MIN,MIN,46.0,(11:52) (No Huddle) 36-C.Rodriguez left tackle to MIN 42 for 4 yards (0-I.Pace; 93-J.Allen).,run,4.0,false,true,,,,,left,tackle,false,false,false,false,false,false,,false,-0.23094077804125845,false,-0.006629683077335358
2025_14_WAS_MIN,1945,3,11:15,2,6,WAS,MIN,MIN,42.0,"(11:15) (No Huddle, Shotgun) 5-J.Daniels pass incomplete short left to 1-D.Samuel.",pass,0.0,true,true,short,left,-6.0,,,,false,false,false,false,false,false,,false,-0.904015188338235,false,-0.00566527247428894
2025_14_WAS_MIN,1968,3,11:13,3,6,WAS,MIN,MIN,42.0,(11:13) (Shotgun) 5-J.Daniels scrambles right end to MIN 37 for 5 yards (7-B.Murphy; 58-J.Greenard).,run,5.0,true,false,,,,,right,end,false,false,false,false,false,false,,false,-0.41534797498025,false,-0.010741665959358215
2025_14_WAS_MIN,1990,3,10:26,4,1,WAS,MIN,MIN,37.0,(10:26) (No Huddle) 5-J.Daniels pass short left to 86-Z.Ertz to MIN 26 for 11 yards (2-I.Rodgers; 51-B.Cashman).,pass,11.0,false,true,short,left,5.0,6.0,,,true,true,false,false,false,false,,false,2.963163719046861,true,0.05257047712802887
2025_14_WAS_MIN,2015,3,09:45,1,10,WAS,MIN,MIN,26.0,(9:45) (No Huddle) 22-J.Croskey-Merritt right guard to MIN 19 for 7 yards (22-H.Smith).,run,7.0,false,true,,,,,right,guard,false,false,false,false,false,false,,false,0.22722158627584577,true,0.005745023488998413
2025_14_WAS_MIN,2037,3,09:10,2,3,WAS,MIN,MIN,19.0,"(9:10) (No Huddle, Shotgun) 22-J.Croskey-Merritt right end to MIN 19 for no gain (61-J.Redmond; 2-I.Rodgers).",run,0.0,true,true,,,,,right,end,false,false,false,false,false,false,,false,-0.6244010865921155,false,-0.011698827147483826
2025_14_WAS_MIN,2059,3,08:27,3,3,WAS,MIN,MIN,19.0,"(8:27) (No Huddle, Shotgun) 5-J.Daniels pass incomplete short left to 85-N.Brown.",pass,0.0,true,true,short,left,4.0,,,,false,false,false,false,false,false,,false,-1.3978695881087333,false,-0.030565030872821808
2025_14_WAS_MIN,2082,3,08:24,4,3,WAS,MIN,MIN,19.0,"(8:24) (No Huddle, Shotgun) 5-J.Daniels pass short left intended for 17-T.McLaurin INTERCEPTED by 43-A.Van Ginkel at MIN 30. 43-A.Van Ginkel to WAS 30 for 40 yards (17-T.McLaurin).",pass,0.0,true,true,short,left,-11.0,,,,false,false,false,true,false,false,,false,-6.9402786125428975,false,-0.05717938393354416
2025_14_WAS_MIN,2109,3,08:16,1,10,MIN,WAS,WAS,30.0,"(8:16) 9-J.McCarthy pass short left to 18-J.Jefferson to WAS 20 for 10 yards (0-M.Sainristil). Penalty on MIN-71-C.Darrisaw, Offensive Holding, offsetting, enforced at WAS 30 - No Play. Penalty on WAS-99-J.Kinlaw, Defensive Holding, offsetting.",no_play,,false,false,,,,,,,,,,,,,,,-0.01691312517505139,false,0.0014011263847351074
2025_14_WAS_MIN,2152,3,07:52,1,10,MIN,WAS,WAS,30.0,(7:52) 33-A.Jones up the middle to WAS 27 for 3 yards (97-E.Goldman; 55-J.Martin).,run,3.0,false,false,,,,,middle,,false,false,false,false,false,false,,false,-0.17349197412841022,false,0.0018635988235473633
2025_14_WAS_MIN,2174,3,07:15,2,7,MIN,WAS,WAS,27.0,(7:15) (Shotgun) 9-J.McCarthy pass incomplete short right to 18-J.Jefferson (31-J.Jones).,pass,0.0,true,false,short,right,5.0,,,,false,false,false,false,false,false,,false,-0.6816327997948974,false,-0.008431732654571533
2025_14_WAS_MIN,2197,3,07:10,3,7,MIN,WAS,WAS,27.0,(7:10) (Shotgun) 9-J.McCarthy pass incomplete short right to 87-T.Hockenson (31-J.Jones).,pass,0.0,true,false,short,right,7.0,,,,false,false,false,false,false,false,,false,-1.6655766820917366,false,-0.007564067840576172
2025_14_WAS_MIN,2220,3,07:06,4,7,MIN,WAS,WAS,27.0,"(7:06) 16-W.Reichard 45 yard field goal is GOOD, Center-42-A.DePaola, Holder-17-R.Wright.",field_goal,0.0,false,false,,,,,,,false,false,false,false,false,false,,false,1.195572401993954,true,0.00923202559351921
2025_14_WAS_MIN,2240,3,07:01,,0,WAS,MIN,MIN,35.0,"16-W.Reichard kicks 65 yards from MIN 35 to landing zone to end zone, Touchback to the WAS 20.",kickoff,0.0,false,false,,,,,,,false,false,false,false,false,false,,false,-0.3721104864962399,false,-0.004581499844789505
2025_14_WAS_MIN,2269,3,07:01,1,10,WAS,MIN,WAS,80.0,(7:01) 22-J.Croskey-Merritt right tackle to WAS 25 for 5 yards (61-J.Redmond; 55-E.Wilson).,run,5.0,false,false,,,,,right,tackle,false,false,false,false,false,false,,false,0.06062391214072704,true,0.00058717280626297
2025_14_WAS_MIN,2291,3,06:25,2,5,WAS,MIN,WAS,75.0,"(6:25) (No Huddle, Shotgun) 8-M.Mariota pass short middle to 1-D.Samuel to WAS 36 for 11 yards (44-J.Metellus; 0-I.Pace).",pass,11.0,true,true,short,middle,10.0,1.0,,,true,true,false,false,false,false,,false,1.0052873068489134,true,0.009291671216487885
2025_14_WAS_MIN,2316,3,05:46,1,10,WAS,MIN,WAS,64.0,(5:46) (No Huddle) 22-J.Croskey-Merritt up the middle to WAS 37 for 1 yard (51-B.Cashman; 0-I.Pace).,run,1.0,false,true,,,,,middle,,false,false,false,false,false,false,,false,-0.5777498946990818,false,-0.012984029948711395
2025_14_WAS_MIN,2338,3,05:05,2,9,WAS,MIN,WAS,63.0,"(5:05) (No Huddle, Shotgun) 8-M.Mariota pass short left intended for 13-T.Burks INTERCEPTED by 22-H.Smith at WAS 48. 22-H.Smith to WAS 37 for 11 yards (13-T.Burks; 1-D.Samuel).",pass,0.0,true,true,short,left,11.0,,,,false,false,false,true,false,false,,false,-5.085823553847149,false,-0.024716146290302277
2025_14_WAS_MIN,2365,3,04:57,1,10,MIN,WAS,WAS,37.0,(4:57) 9-J.McCarthy pass deep left to 3-J.Addison ran ob at WAS 17 for 20 yards (0-M.Sainristil).,pass,20.0,false,false,deep,left,19.0,1.0,,,true,true,false,false,false,false,,false,1.3064474946586415,true,0.00441586971282959
2025_14_WAS_MIN,2403,3,04:15,1,10,MIN,WAS,WAS,17.0,(4:15) 27-J.Mason left end to WAS 11 for 6 yards (20-Q.Martin).,run,6.0,false,false,,,,,left,end,false,false,false,false,false,false,,false,0.08489137032302096,true,-0.001268625259399414
2025_14_WAS_MIN,2430,3,03:40,2,4,MIN,WAS,WAS,11.0,(3:40) 27-J.Mason right end to WAS 6 for 5 yards (31-J.Jones).,run,5.0,false,false,,,,,right,end,false,true,false,false,false,false,,false,0.5922111336840317,true,0.0066620707511901855
2025_14_WAS_MIN,2442,3,03:40,,0,,,,,"Timeout #1 by MIN at 03:40.",no_play,0.0,false,false,,,,,,,false,false,false,false,false,false,,false,0.0,false,0.0
2025_14_WAS_MIN,2459,3,02:58,1,6,MIN,WAS,WAS,6.0,"(2:58) 9-J.McCarthy pass short right to 84-J.Oliver for 6 yards, TOUCHDOWN [55-J.Martin].",pass,6.0,false,false,short,right,2.0,4.0,,,true,true,false,false,false,false,,true,1.117083307763096,true,0.008912794291973114
2025_14_WAS_MIN,2485,3,02:53,,0,MIN,WAS,WAS,15.0,"16-W.Reichard extra point is GOOD, Center-42-A.DePaola, Holder-17-R.Wright.",extra_point,0.0,false,false,,,,,,,false,false,false,false,false,false,,false,0.05117156607063911,true,0.0
2025_14_WAS_MIN,2500,3,02:53,,0,WAS,MIN,MIN,35.0,16-W.Reichard kicks 60 yards from MIN 35 to WAS 5. 1-D.Samuel pushed ob at WAS 30 for 25 yards (37-T.Thomas).,kickoff,0.0,false,false,,,,,,,false,false,false,false,false,false,,false,0.2752294873353094,true,0.0005525448359549046
2025_14_WAS_MIN,2535,3,02:49,1,10,WAS,MIN,WAS,70.0,"(2:49) (Shotgun) 36-C.Rodriguez right tackle to WAS 29 for -1 yards (61-J.Redmond, 93-J.Allen).",run,-1.0,true,false,,,,,right,tackle,false,false,false,false,false,false,,false,-0.7837534421123564,false,-0.001286547165364027
2025_14_WAS_MIN,2557,3,02:10,2,11,WAS,MIN,WAS,71.0,"(2:10) (No Huddle, Shotgun) 8-M.Mariota pass incomplete short left to 86-Z.Ertz. WAS-86-Z.Ertz was injured during the play.",pass,0.0,true,true,short,left,14.0,,,,false,false,false,false,false,false,,false,-0.7951068868860602,false,-0.0012181014753878117
2025_14_WAS_MIN,2583,3,02:05,3,11,WAS,MIN,WAS,71.0,(2:05) (Shotgun) 8-M.Mariota sacked at WAS 21 for -8 yards (55-E.Wilson).,pass,-8.0,true,false,,,,,,,false,false,true,false,false,false,,false,-2.140869507798925,false,-0.0014444207772612572
2025_14_WAS_MIN,2610,3,01:28,4,19,WAS,MIN,WAS,79.0,"(1:28) 10-T.Way punts 45 yards to MIN 34, Center-69-T.Ott. 4-M.Price to MIN 34 for no gain (18-T.Owens). Penalty on WAS-57-N.Bellore, Unnecessary Roughness, offsetting. Penalty on MIN-0-I.Pace, Unnecessary Roughness, offsetting.",punt,0.0,false,false,,,,,,,false,false,false,false,false,false,,false,-0.007535421987995505,false,-0.0015600859187543392
2025_14_WAS_MIN,2647,3,01:18,1,10,MIN,WAS,MIN,66.0,(1:18) (Shotgun) 9-J.McCarthy scrambles right end to 50 for 16 yards (6-N.Igbinoghene).,run,16.0,true,false,,,,,right,end,false,true,false,false,false,false,,false,0.8782778682652861,true,0.0003706812858581543
2025_14_WAS_MIN,2681,3,00:28,1,10,MIN,WAS,50,50.0,(:28) 33-A.Jones left tackle to WAS 41 for 9 yards (24-V.Miller; 4-F.Luvu).,run,9.0,false,false,,,,,left,tackle,false,false,false,false,false,false,,false,0.6886112714419141,true,0.0001842975616455078
2025_14_WAS_MIN,2703,3,00:00,,0,MIN,WAS,,,END QUARTER 3,,,false,false,,,,,,,,,,,,,,,0.0,false,0.0
2025_14_WAS_MIN,2723,4,15:00,2,1,MIN,WAS,WAS,41.0,(15:00) 33-A.Jones left guard to WAS 36 for 5 yards (58-J.Magee).,run,5.0,false,false,,,,,left,guard,false,true,false,false,false,false,,false,0.1270485487766564,true,0.0001289844512939453
2025_14_WAS_MIN,2745,4,14:23,1,10,MIN,WAS,WAS,36.0,(14:23) 9-J.McCarthy pass incomplete deep left to 18-J.Jefferson (0-M.Sainristil) [97-E.Goldman].,pass,0.0,false,false,deep,left,36.0,,,,false,false,false,false,false,false,,false,-0.5369683677563444,false,-8.016824722290039e-05
2025_14_WAS_MIN,2768,4,14:17,2,10,MIN,WAS,WAS,36.0,(14:17) (Shotgun) 33-A.Jones left guard to WAS 18 for 18 yards (31-J.Jones; 0-M.Sainristil).,run,18.0,true,false,,,,,left,guard,false,true,false,false,false,false,,false,1.8207342985551804,true,8.577108383178711e-05
2025_14_WAS_MIN,2790,4,13:29,1,10,MIN,WAS,WAS,18.0,"(13:29) 9-J.McCarthy pass short right to 33-A.Jones to WAS 5 for 13 yards (6-N.Igbinoghene). PENALTY on WAS-55-J.Martin, Roughing the Passer, 9 yards, enforced at WAS 18 - No Play. Penalty on MIN-74-D.Jackson, Ineligible Downfield Pass, superseded.",no_play,0.0,false,false,,,,,,,false,true,false,false,false,true,9.0,false,0.3719795191427693,true,1.9073486328125e-06
2025_14_WAS_MIN,2826,4,13:09,1,9,MIN,WAS,WAS,9.0,(13:09) 33-A.Jones right end to WAS 2 for 7 yards (50-D.Walker; 3-W.Harris).,run,7.0,false,false,,,,,right,end,false,false,false,false,false,false,,false,0.6404063598602079,true,0.00013887882232666016
2025_14_WAS_MIN,2848,4,12:25,2,2,MIN,WAS,WAS,2.0,(12:25) 9-J.McCarthy sacked at WAS 2 for 0 yards (54-B.Wagner).,pass,0.0,false,false,,,,,,,false,false,true,false,false,false,,false,-0.8433005037368275,false,0.00013059377670288086
2025_14_WAS_MIN,2868,4,11:34,3,2,MIN,WAS,WAS,2.0,(11:34) (Shotgun) 9-J.McCarthy pass incomplete short left to 3-J.Addison (6-N.Igbinoghene).,pass,0.0,true,false,short,left,2.0,,,,false,false,false,false,false,false,,false,-1.9064399530179799,false,-0.00020265579223632812
2025_14_WAS_MIN,2891,4,11:31,4,2,MIN,WAS,WAS,2.0,"(11:31) (Shotgun) 9-J.McCarthy pass short right to 87-T.Hockenson for 2 yards, TOUCHDOWN. WAS-31-J.Jones was injured during the play.",pass,2.0,true,false,short,right,1.0,1.0,,,true,true,false,false,false,false,,true,3.7370237801223993,true,0.0002529288103687577
2025_14_WAS_MIN,2903,4,11:31,,0,,,,,"Timeout #2 by MIN at 11:31.",no_play,0.0,false,false,,,,,,,false,false,false,false,false,false,,false,0.0,false,0.0
2025_14_WAS_MIN,2927,4,11:26,,0,MIN,WAS,WAS,15.0,"16-W.Reichard extra point is GOOD, Center-42-A.DePaola, Holder-17-R.Wright.",extra_point,0.0,false,false,,,,,,,false,false,false,false,false,false,,false,0.05117156607063911,true,0.0
2025_14_WAS_MIN,2942,4,11:26,,0,WAS,MIN,MIN,35.0,"16-W.Reichard kicks 65 yards from MIN 35 to end zone, Touchback to the WAS 35.",kickoff,0.0,false,false,,,,,,,false,false,false,false,false,false,,false,0.4835586305707693,true,-7.429793186020106e-06
2025_14_WAS_MIN,2966,4,11:26,1,10,WAS,MIN,WAS,65.0,(11:26) (Shotgun) 8-M.Mariota pass deep right to 85-N.Brown to MIN 46 for 19 yards (44-J.Metellus).,pass,19.0,true,false,deep,right,19.0,0.0,,,true,true,false,false,false,false,,false,1.1565688664559275,true,5.3864423534832895e-06
2025_14_WAS_MIN,2991,4,10:52,1,10,WAS,MIN,MIN,46.0,"(10:52) (No Huddle, Shotgun) 22-J.Croskey-Merritt up the middle to MIN 38 for 8 yards (55-E.Wilson; 44-J.Metellus).",run,8.0,true,true,,,,,middle,,false,false,false,false,false,false,,false,0.4755944947246462,true,4.9464630137663335e-05
2025_14_WAS_MIN,3013,4,10:09,2,2,WAS,MIN,MIN,38.0,(10:09) (No Huddle) 22-J.Croskey-Merritt left end pushed ob at MIN 28 for 10 yards (51-B.Cashman).,run,10.0,false,true,,,,,left,end,false,true,false,false,false,false,,false,0.5140808837022632,true,-4.5915810915175825e-05
2025_14_WAS_MIN,3040,4,09:30,1,10,WAS,MIN,MIN,28.0,(9:30) (No Huddle) 22-J.Croskey-Merritt left guard to MIN 27 for 1 yard (15-D.Turner).,run,1.0,false,true,,,,,left,guard,false,false,false,false,false,false,,false,-0.44475992990192026,false,1.204117143061012e-05
2025_14_WAS_MIN,3062,4,08:48,2,9,WAS,MIN,MIN,27.0,"(8:48) (No Huddle, Shotgun) 8-M.Mariota scrambles right end to MIN 24 for 3 yards (55-E.Wilson).",run,3.0,true,true,,,,,right,end,false,false,false,false,false,false,,false,-0.25240005063824356,false,7.590890163555741e-06
2025_14_WAS_MIN,3084,4,08:02,3,6,WAS,MIN,MIN,24.0,"(8:02) (No Huddle, Shotgun) 8-M.Mariota scrambles right end to MIN 20 for 4 yards (97-J.Hargrave; 43-A.Van Ginkel). FUMBLES (97-J.Hargrave), RECOVERED by MIN-97-J.Hargrave at MIN 17.",run,4.0,true,true,,,,,right,end,false,false,false,false,true,false,,false,-4.322573279845528,false,4.773213731823489e-05
2025_14_WAS_MIN,3127,4,07:53,1,10,MIN,WAS,MIN,83.0,(7:53) 27-J.Mason left guard to MIN 19 for 2 yards (97-E.Goldman).,run,2.0,false,false,,,,,left,guard,false,false,false,false,false,false,,false,-0.42986536072567105,false,-3.725290298461914e-05
2025_14_WAS_MIN,3156,4,07:10,2,8,MIN,WAS,MIN,81.0,(7:10) 9-J.McCarthy pass short right to 3-J.Addison pushed ob at MIN 28 for 9 yards (34-A.Hamilton).,pass,9.0,false,false,short,right,6.0,3.0,,,true,true,false,false,false,false,,false,0.9473490009550005,true,3.3915042877197266e-05
2025_14_WAS_MIN,3186,4,06:29,1,10,MIN,WAS,MIN,72.0,(6:29) 9-J.McCarthy pass short right to 13-T.Felton pushed ob at MIN 38 for 10 yards (34-A.Hamilton).,pass,10.0,false,false,short,right,-2.0,12.0,,,true,true,false,false,false,false,,false,0.6177197026554495,true,-6.133317947387695e-05
2025_14_WAS_MIN,3216,4,05:45,1,10,MIN,WAS,MIN,62.0,"(5:45) 27-J.Mason left end to MIN 35 for -3 yards (54-B.Wagner). PENALTY on WAS-98-S.Day, Defensive Holding, 5 yards, enforced at MIN 38 - No Play.",no_play,0.0,false,false,,,,,,,false,true,false,false,false,true,5.0,false,0.28489047894254327,true,7.510185241699219e-06
2025_14_WAS_MIN,3249,4,05:15,1,10,MIN,WAS,MIN,57.0,(5:15) 36-Z.Scott right tackle to MIN 44 for 1 yard (52-P.Smith).,run,1.0,false,false,,,,,right,tackle,false,false,false,false,false,false,,false,-0.639508604304865,false,-5.1856040954589844e-05
2025_14_WAS_MIN,3271,4,04:34,2,9,MIN,WAS,MIN,56.0,(4:34) (Shotgun) 9-J.McCarthy pass short left to 3-J.Addison to WAS 44 for 12 yards (34-A.Hamilton).,pass,12.0,true,false,short,left,3.0,9.0,,,true,true,false,false,false,false,,false,1.4649502381798811,true,9.638071060180664e-05
2025_14_WAS_MIN,3296,4,03:49,1,10,MIN,WAS,WAS,44.0,(3:49) 9-J.McCarthy pass incomplete short left to 3-J.Addison.,pass,0.0,false,false,short,left,11.0,,,,false,false,false,false,false,false,,false,-0.6877817857312039,false,-4.3332576751708984e-05
2025_14_WAS_MIN,3331,4,03:42,2,10,MIN,WAS,WAS,44.0,(3:42) 36-Z.Scott left end to WAS 40 for 4 yards (54-B.Wagner; 94-D.Payne).,run,4.0,false,false,,,,,left,end,false,false,false,false,false,false,,false,-0.18808199337217957,false,-1.728534698486328e-05
2025_14_WAS_MIN,3353,4,02:59,3,6,MIN,WAS,WAS,40.0,(2:59) (Shotgun) 9-J.McCarthy pass short right to 36-Z.Scott to WAS 35 for 5 yards (54-B.Wagner). (Virtual Measurement).,pass,5.0,true,false,short,right,-6.0,11.0,,,true,false,false,false,false,false,,false,-0.2284679096774198,false,-5.269050598144531e-05
2025_14_WAS_MIN,3378,4,02:03,4,1,MIN,WAS,WAS,35.0,(2:03) 36-Z.Scott left guard to WAS 25 for 10 yards (20-Q.Martin; 6-N.Igbinoghene).,run,10.0,false,false,,,,,left,guard,false,true,false,false,false,false,,false,2.1406127850641496,true,0.00015300512313842773
2025_14_WAS_MIN,3404,4,01:59,1,10,MIN,WAS,WAS,25.0,(1:59) 9-J.McCarthy kneels to WAS 26 for -1 yards.,qb_kneel,-1.0,false,false,,,,,,,false,false,false,false,false,false,,false,-0.7738905987935141,false,
2025_14_WAS_MIN,3433,4,01:16,2,11,MIN,WAS,WAS,26.0,(1:16) 9-J.McCarthy kneels to WAS 27 for -1 yards.,qb_kneel,-1.0,false,false,,,,,,,false,false,false,false,false,false,,false,-0.40152959543047473,false,
2025_14_WAS_MIN,3455,4,00:39,3,12,MIN,WAS,WAS,27.0,(:39) 9-J.McCarthy kneels to WAS 28 for -1 yards.,qb_kneel,-1.0,false,false,,,,,,,false,false,false,false,false,false,,false,-2.8669218674767762,false,
2025_14_WAS_MIN,3477,4,00:00,,0,MIN,WAS,,,END GAME,,,false,false,,,,,,,,,,,,,,,,,
2025_15_MIN_DAL,1,1,15:00,,0,,,,,GAME,,,false,false,,,,,,,,,,,,,,,-0.0,false,-0.0
2025_15_MIN_DAL,39,1,15:00,,0,MIN,DAL,DAL,35.0,17-B.Aubrey kicks 57 yards from DAL 35 to MIN 8. 4-M.Price to MIN 32 for 24 yards (89-B.Spann-Ford; 14-M.Bell).,kickoff,0.0,false,false,,,,,,,false,false,false,false,false,false,,false,0.49029072374105453,true,0.006420731544494629
2025_15_MIN_DAL,62,1,14:53,1,10,MIN,DAL,MIN,68.0,(14:53) 33-A.Jones left end to MIN 38 for 6 yards (26-D.Bland).,run,6.0,false,false,,,,,left,end,false,false,false,false,false,false,,false,0.17215486941859126,true,0.007292062044143677
2025_15_MIN_DAL,84,1,14:09,2,4,MIN,DAL,MIN,62.0,(14:09) (Shotgun) 9-J.McCarthy pass short right intended for 18-J.Jefferson INTERCEPTED by 92-Q.Williams (6-D.Wilson) at MIN 35. 92-Q.Williams to MIN 35 for no gain (84-J.Oliver).,pass,0.0,true,false,short,right,-3.0,,,,false,false,false,true,false,false,,false,-5.612936096382327,false,-0.14576125144958496
2025_15_MIN_DAL,111,1,14:02,1,10,DAL,MIN,MIN,35.0,(14:02) 33-J.Williams left guard to MIN 33 for 2 yards (61-J.Redmond).,run,2.0,false,false,,,,,left,guard,false,false,false,false,false,false,,false,-0.2790344924433157,false,-0.010971367359161377
2025_15_MIN_DAL,133,1,13:26,2,8,DAL,MIN,MIN,33.0,(13:26) (Shotgun) 4-D.Prescott pass incomplete short middle to 89-B.Spann-Ford (51-B.Cashman).,pass,0.0,true,false,short,middle,8.0,,,,false,false,false,false,false,false,,false,-0.6958905979990959,false,-0.02845090627670288
2025_15_MIN_DAL,156,1,13:22,3,8,DAL,MIN,MIN,33.0,(13:22) (Shotgun) 4-D.Prescott pass short middle to 88-C.Lamb to MIN 29 for 4 yards (55-E.Wilson).,pass,4.0,true,false,short,middle,4.0,0.0,,,true,false,false,false,false,false,,false,-0.8560328140156344,false,-0.007255733013153076
2025_15_MIN_DAL,181,1,12:41,4,4,DAL,MIN,MIN,29.0,(12:41) (Field Goal formation) 17-B.Aubrey right end to MIN 23 for 6 yards (0-I.Pace).,run,6.0,false,false,,,,,right,end,false,true,false,false,false,false,,false,2.724662708467804,true,0.06393969058990479
2025_15_MIN_DAL,209,1,12:02,1,10,DAL,MIN,MIN,23.0,(12:02) 33-J.Williams up the middle to MIN 21 for 2 yards (90-T.Ingram-Dawkins).,run,2.0,false,false,,,,,middle,,false,false,false,false,false,false,,false,-0.43885398900602013,false,-0.010607540607452393
2025_15_MIN_DAL,231,1,11:22,2,8,DAL,MIN,MIN,21.0,(11:22) (Shotgun) 4-D.Prescott pass short right to 19-R.Flournoy to MIN 11 for 10 yards (2-I.Rodgers; 7-B.Murphy).,pass,10.0,true,false,short,right,5.0,5.0,,,true,true,false,false,false,false,,false,0.9447018609498627,true,0.01701420545578003
2025_15_MIN_DAL,256,1,10:40,1,10,DAL,MIN,MIN,11.0,(10:40) 33-J.Williams up the middle to MIN 6 for 5 yards (50-L.Rodriguez).,run,5.0,false,false,,,,,middle,,false,false,false,false,false,false,,false,0.15835328755201772,true,-0.008061885833740234
2025_15_MIN_DAL,278,1,10:03,2,5,DAL,MIN,MIN,6.0,(10:03) 33-J.Williams up the middle to MIN 4 for 2 yards (55-E.Wilson; 15-D.Turner).,run,2.0,false,false,,,,,middle,,false,false,false,false,false,false,,false,-0.6532615194446407,false,0.000604093074798584
2025_15_MIN_DAL,300,1,09:23,3,3,DAL,MIN,MIN,4.0,(9:23) (Shotgun) 4-D.Prescott up the middle to MIN 2 for 2 yards (61-J.Redmond; 15-D.Turner).,run,2.0,true,false,,,,,middle,,false,false,false,false,false,false,,false,-0.2696112525300123,false,-0.027154982089996338
2025_15_MIN_DAL,322,1,08:43,4,1,DAL,MIN,MIN,2.0,(8:43) 33-J.Williams up the middle to MIN 1 for 1 yard (51-B.Cashman; 44-J.Metellus).,run,1.0,false,false,,,,,middle,,false,true,false,false,false,false,,false,1.9350059159332886,true,0.05766034126281738
2025_15_MIN_DAL,344,1,08:26,1,1,DAL,MIN,MIN,1.0,"(8:26) 33-J.Williams right guard for 1 yard, TOUCHDOWN.",run,1.0,false,false,,,,,right,guard,false,true,false,false,false,false,,true,0.41015814046841115,true,0.013711778317320622
2025_15_MIN_DAL,367,1,08:23,,0,DAL,MIN,MIN,15.0,"17-B.Aubrey extra point is GOOD, Center-44-T.Sieg, Holder-5-B.Anger.",extra_point,0.0,false,false,,,,,,,false,false,false,false,false,false,,false,0.06857135097992784,true,0.0020017941848156084
2025_15_MIN_DAL,382,1,08:23,,0,MIN,DAL,DAL,35.0,17-B.Aubrey kicks 62 yards from DAL 35 to MIN 3. 4-M.Price to MIN 14 for 11 yards (38-A.Clark).,kickoff,0.0,false,false,,,,,,,false,false,false,false,false,false,,false,-0.7866111299954355,false,-0.0138939768075943
2025_15_MIN_DAL,412,1,08:19,1,10,MIN,DAL,MIN,86.0,(8:19) 33-A.Jones up the middle to MIN 11 for -3 yards (95-K.Clark).,run,-3.0,false,false,,,,,middle,,false,false,false,false,false,false,,false,-1.1962793613784015,false,-0.014846891164779663
2025_15_MIN_DAL,434,1,07:40,2,13,MIN,DAL,MIN,89.0,(7:40) (Shotgun) 9-J.McCarthy pass short left to 87-T.Hockenson pushed ob at MIN 24 for 13 yards (28-M.Hooker; 0-D.Overshown).,pass,13.0,true,false,short,left,4.0,9.0,,,true,true,false,false,false,false,,false,1.694530331529677,true,0.03591768443584442
2025_15_MIN_DAL,464,1,06:55,1,10,MIN,DAL,MIN,76.0,(6:55) 33-A.Jones right tackle to MIN 25 for 1 yard (42-J.Clowney; 26-D.Bland).,run,1.0,false,false,,,,,right,tackle,false,false,false,false,false,false,,false,-0.37900436809286475,false,-0.014196023344993591
2025_15_MIN_DAL,486,1,06:10,2,9,MIN,DAL,MIN,75.0,(6:10) (Shotgun) 9-J.McCarthy pass short left to 3-J.Addison to MIN 33 for 8 yards (28-M.Hooker).,pass,8.0,true,false,short,left,4.0,4.0,,,true,false,false,false,false,false,,false,0.7589070433750749,true,0.008930236101150513
2025_15_MIN_DAL,511,1,05:28,3,1,MIN,DAL,MIN,67.0,(5:28) 33-A.Jones left guard to MIN 32 for -1 yards (34-S.Revel).,run,-1.0,false,false,,,,,left,guard,false,false,false,false,false,false,,false,-2.116571394726634,false,-0.029365792870521545
2025_15_MIN_DAL,533,1,04:43,4,2,MIN,DAL,MIN,68.0,"(4:43) 17-R.Wright punts 65 yards to DAL 3, Center-42-A.DePaola, downed by MIN-13-T.Felton.",punt,0.0,false,false,,,,,,,false,false,false,false,false,false,,false,0.7497296987567097,true,0.007663995027542114
2025_15_MIN_DAL,553,1,04:31,1,10,DAL,MIN,DAL,97.0,(4:31) 43-M.Davis up the middle to DAL 3 for no gain (2-I.Rodgers).,run,0.0,false,false,,,,,middle,,false,false,false,false,false,false,,false,-0.5937396609224379,false,-0.012266337871551514
2025_15_MIN_DAL,582,1,04:01,2,10,DAL,MIN,DAL,97.0,(4:01) 4-D.Prescott pass incomplete short left to 3-G.Pickens (7-B.Murphy).,pass,0.0,false,false,short,left,5.0,,,,false,false,false,false,false,false,,false,-0.7028738767839968,false,-0.023208916187286377
2025_15_MIN_DAL,605,1,03:57,3,10,DAL,MIN,DAL,97.0,(3:57) (Shotgun) 40-H.Luepke left guard to DAL 11 for 8 yards (43-A.Van Ginkel).,run,8.0,true,false,,,,,left,guard,false,false,false,false,false,false,,false,-0.7864798763766885,false,-0.0038754940032958984
2025_15_MIN_DAL,632,1,03:16,4,2,DAL,MIN,DAL,89.0,"(3:16) 5-B.Anger punts 42 yards to MIN 47, Center-44-T.Sieg, fair catch by 4-M.Price.",punt,0.0,false,false,,,,,,,false,false,false,false,false,false,,false,-0.5673334582243115,false,-0.01476210355758667
2025_15_MIN_DAL,652,1,03:08,1,10,MIN,DAL,MIN,53.0,"(3:08) (Shotgun) 9-J.McCarthy pass short right to 33-A.Jones pushed ob at DAL 35 for 18 yards (27-R.Steward). PENALTY on DAL-27-R.Steward, Horse Collar Tackle, 15 yards, enforced at DAL 35.",pass,18.0,true,false,short,right,-7.0,25.0,,,true,true,false,false,false,true,15.0,false,2.241098248574417,true,0.05112302303314209
2025_15_MIN_DAL,700,1,02:41,1,10,MIN,DAL,DAL,20.0,"(2:41) 9-J.McCarthy pass deep left to 1-J.Nailor for 20 yards, TOUCHDOWN. MIN-1-J.Nailor was injured during the play.",pass,20.0,false,false,deep,left,20.0,0.0,,,true,true,false,false,false,false,,true,2.320138437964488,true,0.0699584148866722
2025_15_MIN_DAL,729,1,02:35,,0,MIN,DAL,DAL,15.0,"16-W.Reichard extra point is GOOD, Center-42-A.DePaola, Holder-17-R.Wright.",extra_point,0.0,false,false,,,,,,,false,false,false,false,false,false,,false,0.06857135097992784,true,0.0025810934560707155
2025_15_MIN_DAL,744,1,02:35,,0,DAL,MIN,MIN,35.0,16-W.Reichard kicks 64 yards from MIN 35 to DAL 1. 9-K.Turpin to DAL 27 for 26 yards (56-A.Keys; 37-T.Thomas).,kickoff,0.0,false,false,,,,,,,false,false,false,false,false,false,,false,0.10774675570428371,true,0.0
2025_15_MIN_DAL,774,1,02:30,1,10,DAL,MIN,DAL,73.0,(2:30) 4-D.Prescott pass short left to 19-R.Flournoy pushed ob at DAL 46 for 19 yards (51-B.Cashman; 2-I.Rodgers) [43-A.Van Ginkel].,pass,19.0,false,false,short,left,-1.0,20.0,,,true,true,false,false,false,false,,false,1.2238613213412464,true,0.033592939376831055
2025_15_MIN_DAL,804,1,01:53,1,10,DAL,MIN,DAL,54.0,(1:53) (Shotgun) 4-D.Prescott pass deep left to 88-C.Lamb to MIN 24 for 30 yards (44-J.Metellus).,pass,30.0,true,false,deep,left,21.0,9.0,,,true,true,false,false,false,false,,false,1.9401457369094715,true,0.06769371032714844
2025_15_MIN_DAL,829,1,01:12,1,10,DAL,MIN,MIN,24.0,"(1:12) 88-C.Lamb left end to MIN 27 for -3 yards (2-I.Rodgers, 61-J.Redmond). PENALTY on MIN-50-L.Rodriguez, Face Mask, 12 yards, enforced at MIN 24 - No Play.",no_play,0.0,false,false,,,,,,,false,true,false,false,false,true,12.0,false,0.5442736829281785,true,0.006561934947967529
2025_15_MIN_DAL,862,1,00:55,1,10,DAL,MIN,MIN,12.0,(:55) (Shotgun) 43-M.Davis up the middle to MIN 7 for 5 yards (51-B.Cashman).,run,5.0,true,false,,,,,middle,,false,false,false,false,false,false,,false,0.07595790072809905,true,-0.0034058094024658203
2025_15_MIN_DAL,884,1,00:13,2,5,DAL,MIN,MIN,7.0,(:13) 43-M.Davis up the middle to MIN 1 for 6 yards (51-B.Cashman; 50-L.Rodriguez).,run,6.0,false,false,,,,,middle,,false,true,false,false,false,false,,false,1.1462437384470832,true,0.0315743088722229
2025_15_MIN_DAL,906,1,00:00,,0,DAL,MIN,,,END QUARTER 1,,,false,false,,,,,,,,,,,,,,,0.0,false,0.0
2025_15_MIN_DAL,926,2,15:00,1,1,DAL,MIN,MIN,1.0,(15:00) 4-D.Prescott pass incomplete short left to 88-C.Lamb.,pass,0.0,false,false,short,left,1.0,,,,false,false,false,false,false,false,,false,-0.22530654203728773,false,-0.008611202239990234
2025_15_MIN_DAL,949,2,14:55,2,1,DAL,MIN,MIN,1.0,"(14:55) 43-M.Davis up the middle for 1 yard, TOUCHDOWN.",run,1.0,false,false,,,,,middle,,false,true,false,false,false,false,,true,0.6888747977791354,true,0.023910189287473238
2025_15_MIN_DAL,972,2,14:52,,0,DAL,MIN,MIN,15.0,"17-B.Aubrey extra point is GOOD, Center-44-T.Sieg, Holder-5-B.Anger.",extra_point,0.0,false,false,,,,,,,false,false,false,false,false,false,,false,0.06857135097992784,true,0.0015948468281731243
2025_15_MIN_DAL,987,2,14:52,,0,MIN,DAL,DAL,35.0,17-B.Aubrey kicks 58 yards from DAL 35 to MIN 7. 4-M.Price to MIN 25 for 18 yards (50-S.James).,kickoff,0.0,false,false,,,,,,,false,false,false,false,false,false,,false,0.0008224374614655972,true,-0.0
2025_15_MIN_DAL,1010,2,14:48,1,10,MIN,DAL,MIN,75.0,(14:48) 27-J.Mason right tackle to MIN 32 for 7 yards (0-D.Overshown).,run,7.0,false,false,,,,,right,tackle,false,false,false,false,false,false,,false,0.3626696662977338,true,-0.0023695677518844604
2025_15_MIN_DAL,1032,2,14:13,2,3,MIN,DAL,MIN,68.0,(14:13) 27-J.Mason right guard to MIN 34 for 2 yards (92-Q.Williams).,run,2.0,false,false,,,,,right,guard,false,false,false,false,false,false,,false,-0.15492439968511462,false,0.005949929356575012
2025_15_MIN_DAL,1054,2,13:34,3,1,MIN,DAL,MIN,66.0,(13:34) 27-J.Mason up the middle to MIN 36 for 2 yards (92-Q.Williams).,run,2.0,false,false,,,,,middle,,false,true,false,false,false,false,,false,0.5425263135693967,true,0.012983888387680054
2025_15_MIN_DAL,1076,2,12:52,1,10,MIN,DAL,MIN,64.0,(12:52) (Shotgun) 9-J.McCarthy pass incomplete deep right to 18-J.Jefferson (26-D.Bland).,pass,0.0,true,false,deep,right,19.0,,,,false,false,false,false,false,false,,false,-0.5586208286695182,false,-0.014758974313735962
2025_15_MIN_DAL,1099,2,12:48,2,10,MIN,DAL,MIN,64.0,(12:48) (Shotgun) 27-J.Mason right tackle to MIN 38 for 2 yards (0-D.Overshown; 34-S.Revel). ** Injury Update: MIN-1-J.Nailor has returned to the game.,run,2.0,true,false,,,,,right,tackle,false,false,false,false,false,false,,false,-0.7408212260343134,false,-0.015274375677108765
2025_15_MIN_DAL,1121,2,12:08,3,8,MIN,DAL,MIN,62.0,(12:08) (Shotgun) 9-J.McCarthy pass deep left to 3-J.Addison to DAL 4 for 58 yards (21-C.Carson).,pass,58.0,true,false,deep,left,44.0,14.0,,,true,true,false,false,false,false,,false,5.353607891593128,true,0.11775785684585571
2025_15_MIN_DAL,1146,2,11:17,1,4,MIN,DAL,DAL,4.0,(11:17) 27-J.Mason up the middle to DAL 3 for 1 yard (59-K.Murray; 0-D.Overshown).,run,1.0,false,false,,,,,middle,,false,false,false,false,false,false,,false,-0.22915231890510768,false,-0.004025578498840332
2025_15_MIN_DAL,1170,2,11:17,,0,,,,,"Timeout #1 by MIN at 11:17.",no_play,0.0,false,false,,,,,,,false,false,false,false,false,false,,false,-0.0,false,-0.0
2025_15_MIN_DAL,1187,2,10:31,2,3,MIN,DAL,DAL,3.0,"(10:31) (Shotgun) 9-J.McCarthy pass short middle to 18-J.Jefferson for 3 yards, TOUCHDOWN NULLIFIED by Penalty [97-O.Odighizuwa]. PENALTY on MIN, Illegal Formation, 5 yards, enforced at DAL 3 - No Play.",no_play,0.0,true,false,,,,,,,false,false,false,false,false,true,5.0,false,-0.8665796194691211,false,-0.018370211124420166
2025_15_MIN_DAL,1224,2,10:27,2,8,MIN,DAL,DAL,8.0,(10:27) (Shotgun) 9-J.McCarthy pass incomplete short left to 18-J.Jefferson.,pass,0.0,true,false,short,left,8.0,,,,false,false,false,false,false,false,,false,-0.8298634195234627,false,-0.01822507381439209
2025_15_MIN_DAL,1236,2,10:27,,0,,,,,"Timeout #1 by DAL at 10:27.",no_play,0.0,false,false,,,,,,,false,false,false,false,false,false,,false,-0.0,false,-0.0
2025_15_MIN_DAL,1254,2,10:23,3,8,MIN,DAL,DAL,8.0,(10:23) (Shotgun) 9-J.McCarthy scrambles right guard to DAL 1 for 7 yards (28-M.Hooker).,run,7.0,true,false,,,,,right,guard,false,false,false,false,false,false,,false,0.6509765872033313,true,-0.013859331607818604
2025_15_MIN_DAL,1276,2,09:34,4,1,MIN,DAL,DAL,1.0,"(9:34) 64-B.Brandel reported in as eligible. 9-J.McCarthy left end for 1 yard, TOUCHDOWN.",run,1.0,false,false,,,,,left,end,false,true,false,false,false,false,,true,2.4118227001745254,true,0.10693532658591676
2025_15_MIN_DAL,1301,2,09:28,,0,MIN,DAL,DAL,15.0,"16-W.Reichard extra point is GOOD, Center-42-A.DePaola, Holder-17-R.Wright.",extra_point,0.0,false,false,,,,,,,false,false,false,false,false,false,,false,0.06857135097992784,true,0.00455370115265441
2025_15_MIN_DAL,1316,2,09:28,,0,DAL,MIN,MIN,35.0,16-W.Reichard kicks 60 yards from MIN 35 to DAL 5. 9-K.Turpin pushed ob at DAL 43 for 38 yards (96-T.Batty).,kickoff,0.0,false,false,,,,,,,false,false,false,false,false,false,,false,1.054981144843623,true,0.0353318452835083
2025_15_MIN_DAL,1351,2,09:23,1,10,DAL,MIN,DAL,57.0,(9:23) 43-M.Davis left tackle to DAL 43 for no gain (61-J.Redmond).,run,0.0,false,false,,,,,left,tackle,false,false,false,false,false,false,,false,-0.477945692371577,false,-0.014730274677276611
2025_15_MIN_DAL,1373,2,08:46,2,10,DAL,MIN,DAL,57.0,"(8:46) (Shotgun) 4-D.Prescott pass incomplete short right to 88-C.Lamb (7-B.Murphy, 22-H.Smith).",pass,0.0,true,false,short,right,7.0,,,,false,false,false,false,false,false,,false,-0.8204200284089893,false,-0.031062304973602295
2025_15_MIN_DAL,1396,2,08:43,3,10,DAL,MIN,DAL,57.0,(8:43) (Shotgun) 4-D.Prescott pass short right to 87-J.Ferguson to 50 for 7 yards (7-B.Murphy).,pass,7.0,true,false,short,right,-4.0,11.0,,,true,false,false,false,false,false,,false,-0.9275373134296387,false,-0.008464694023132324
2025_15_MIN_DAL,1421,2,08:00,4,3,DAL,MIN,50,50.0,(8:00) (Shotgun) 4-D.Prescott pass short middle to 88-C.Lamb to MIN 33 for 17 yards (55-E.Wilson).,pass,17.0,true,false,short,middle,12.0,5.0,,,true,true,false,false,false,false,,false,3.5046609972487204,true,0.10697907209396362
2025_15_MIN_DAL,1446,2,07:20,1,10,DAL,MIN,MIN,33.0,(7:20) (Shotgun) 43-M.Davis up the middle to MIN 28 for 5 yards (43-A.Van Ginkel; 50-L.Rodriguez).,run,5.0,true,false,,,,,middle,,false,false,false,false,false,false,,false,0.18119368562474847,true,0.007306098937988281
2025_15_MIN_DAL,1468,2,06:45,2,5,DAL,MIN,MIN,28.0,(6:45) 4-D.Prescott pass incomplete short right to 87-J.Ferguson [50-L.Rodriguez].,pass,0.0,false,false,short,right,8.0,,,,false,false,false,false,false,false,,false,-0.5515760427806526,false,-0.02312934398651123
2025_15_MIN_DAL,1491,2,06:41,3,5,DAL,MIN,MIN,28.0,(6:41) (Shotgun) 4-D.Prescott sacked at MIN 33 for -5 yards (sack split by 58-J.Greenard and 97-J.Hargrave).,pass,-5.0,true,false,,,,,,,false,false,true,false,false,false,,false,-1.884463817698533,false,-0.0565909743309021
2025_15_MIN_DAL,1503,2,06:41,,0,,,,,"Timeout #2 by DAL at 06:41.",no_play,0.0,false,false,,,,,,,false,false,false,false,false,false,,false,0.0,false,0.0
2025_15_MIN_DAL,1518,2,05:56,4,10,DAL,MIN,MIN,33.0,"(5:56) 17-B.Aubrey 51 yard field goal is No Good, Wide Right, Center-44-T.Sieg, Holder-5-B.Anger.",field_goal,0.0,false,false,,,,,,,false,false,false,false,false,false,,false,-3.5210139314270332,false,-0.07569193840026855
2025_15_MIN_DAL,1548,2,05:51,1,10,MIN,DAL,MIN,59.0,(5:51) 9-J.McCarthy pass short right to 33-A.Jones pushed ob at MIN 49 for 8 yards (55-L.Wilson; 26-D.Bland).,pass,8.0,false,false,short,right,2.0,6.0,,,true,false,false,false,false,false,,false,0.5845563991460949,true,0.033607929944992065
2025_15_MIN_DAL,1585,2,05:15,2,2,MIN,DAL,MIN,51.0,(5:15) 33-A.Jones right end to DAL 38 for 13 yards (6-D.Wilson).,run,13.0,false,false,,,,,right,end,false,true,false,false,false,false,,false,0.856514934450388,true,0.04715821146965027
2025_15_MIN_DAL,1607,2,04:33,1,10,MIN,DAL,DAL,38.0,(4:33) 9-J.McCarthy pass short right to 33-A.Jones to DAL 33 for 5 yards (34-S.Revel).,pass,5.0,false,false,short,right,1.0,4.0,,,true,false,false,false,false,false,,false,-0.10898984409868717,false,-0.009659886360168457
2025_15_MIN_DAL,1632,2,03:51,2,5,MIN,DAL,DAL,33.0,(3:51) (Shotgun) 9-J.McCarthy pass short middle to 18-J.Jefferson to DAL 21 for 12 yards (26-D.Bland).,pass,12.0,true,false,short,middle,8.0,4.0,,,true,true,false,false,false,false,,false,1.0019299869891256,true,0.05216038227081299
2025_15_MIN_DAL,1657,2,03:07,1,10,MIN,DAL,DAL,21.0,"(3:07) 33-A.Jones left tackle to DAL 14 for 7 yards (90-S.Thomas). PENALTY on DAL-21-C.Carson, Unnecessary Roughness, 10 yards, enforced at DAL 21 - No Play. Penalty on MIN-1-J.Nailor, Illegal Shift, superseded.",no_play,0.0,false,false,,,,,,,false,true,false,false,false,true,10.0,false,0.5113157312734984,true,0.016528606414794922
2025_15_MIN_DAL,1690,2,02:42,1,10,MIN,DAL,DAL,11.0,(2:42) 33-A.Jones right guard to DAL 11 for no gain (42-J.Clowney; 92-Q.Williams).,run,0.0,false,false,,,,,right,guard,false,false,false,false,false,false,,false,-0.4657746110460721,false,-0.01496589183807373
2025_15_MIN_DAL,1721,2,02:00,2,10,MIN,DAL,DAL,11.0,(2:00) (Shotgun) 9-J.McCarthy pass incomplete short right to 18-J.Jefferson.,pass,0.0,true,false,short,right,11.0,,,,false,false,false,false,false,false,,false,-0.7279626083327457,false,-0.020524561405181885
2025_15_MIN_DAL,1751,2,01:56,3,10,MIN,DAL,DAL,11.0,(1:56) (Shotgun) 9-J.McCarthy pass incomplete short right to 87-T.Hockenson.,pass,0.0,true,false,short,right,11.0,,,,false,false,false,false,false,false,,false,-0.8419810244135499,false,-0.04796117544174194
2025_15_MIN_DAL,1774,2,01:52,4,10,MIN,DAL,DAL,11.0,"(1:52) 16-W.Reichard 29 yard field goal is GOOD, Center-42-A.DePaola, Holder-17-R.Wright.",field_goal,0.0,false,false,,,,,,,false,false,false,false,false,false,,false,0.1468799396438465,true,-3.2901763916015625e-05
2025_15_MIN_DAL,1794,2,01:48,,0,DAL,MIN,MIN,35.0,"16-W.Reichard kicks 57 yards from MIN 35 to DAL 8, out of bounds. PENALTY on MIN-16-W.Reichard, Kickoff Out of Bounds, placed at DAL 40.",kickoff,0.0,false,false,,,,,,,false,false,false,false,false,true,0.0,false,0.7634291003923863,true,0.029644429683685303
2025_15_MIN_DAL,1828,2,01:48,1,10,DAL,MIN,DAL,60.0,(1:48) (Shotgun) 4-D.Prescott pass incomplete short middle to 3-G.Pickens [43-A.Van Ginkel].,pass,0.0,true,false,short,middle,6.0,,,,false,false,false,false,false,false,,false,-0.3450542129576206,false,-0.016869813203811646
2025_15_MIN_DAL,1851,2,01:43,2,10,DAL,MIN,DAL,60.0,(1:43) (Shotgun) 4-D.Prescott pass short middle to 87-J.Ferguson to DAL 49 for 9 yards (15-D.Turner).,pass,9.0,true,false,short,middle,7.0,2.0,,,true,false,false,false,false,false,,false,0.677925186464563,true,0.018621593713760376
2025_15_MIN_DAL,1876,2,01:28,3,1,DAL,MIN,DAL,51.0,"(1:28) (No Huddle, Shotgun) 40-H.Luepke left guard to MIN 46 for 5 yards (51-B.Cashman; 97-J.Hargrave). DAL-73-T.Smith was injured during the play.",run,5.0,true,true,,,,,left,guard,false,true,false,false,false,false,,false,0.340646589465905,true,-0.031974464654922485
2025_15_MIN_DAL,1901,2,01:18,1,10,DAL,MIN,MIN,46.0,(1:18) (Shotgun) 40-H.Luepke up the middle to MIN 43 for 3 yards (61-J.Redmond; 93-J.Allen).,run,3.0,true,false,,,,,middle,,false,false,false,false,false,false,,false,-0.3558779140585102,false,0.018172919750213623
2025_15_MIN_DAL,1913,2,01:18,,0,,,,,"Timeout #3 by DAL at 01:18.",no_play,0.0,false,false,,,,,,,false,false,false,false,false,false,,false,0.0,false,0.0
2025_15_MIN_DAL,1930,2,00:58,2,7,DAL,MIN,MIN,43.0,"(:58) (No Huddle, Shotgun) 4-D.Prescott pass short middle to 40-H.Luepke to MIN 32 for 11 yards (51-B.Cashman; 22-H.Smith).",pass,11.0,true,true,short,middle,5.0,6.0,,,true,true,false,false,false,false,,false,0.99480976263294,true,0.03968647122383118
2025_15_MIN_DAL,1955,2,00:39,1,10,DAL,MIN,MIN,32.0,"(:39) (No Huddle, Shotgun) 4-D.Prescott pass short left to 3-G.Pickens pushed ob at MIN 22 for 10 yards (22-H.Smith).",pass,10.0,true,true,short,left,6.0,4.0,,,true,true,false,false,false,false,,false,0.719266069936566,true,0.020675718784332275
2025_15_MIN_DAL,1985,2,00:35,1,10,DAL,MIN,MIN,22.0,(:35) (Shotgun) 4-D.Prescott pass short left to 40-H.Luepke to MIN 19 for 3 yards (22-H.Smith).,pass,3.0,true,false,short,left,-5.0,8.0,,,true,false,false,false,false,false,,false,-0.6847326980787329,false,0.003480076789855957
2025_15_MIN_DAL,2010,2,00:16,2,7,DAL,MIN,MIN,19.0,"(:16) (No Huddle, Shotgun) 4-D.Prescott pass incomplete deep left [55-E.Wilson].",pass,0.0,true,true,deep,left,16.0,,,,false,false,false,false,false,false,,false,-0.5590861890814267,false,-0.02955383062362671
2025_15_MIN_DAL,2033,2,00:11,3,7,DAL,MIN,MIN,19.0,(:11) (Shotgun) 4-D.Prescott pass incomplete short left.,pass,0.0,true,false,short,left,9.0,,,,false,false,false,false,false,false,,false,-0.00725775844115617,false,-0.021106302738189697
2025_15_MIN_DAL,2045,2,00:11,,0,,,,,"Timeout #2 by MIN at 00:11.",no_play,0.0,false,false,,,,,,,false,false,false,false,false,false,,false,0.0,false,0.0
2025_15_MIN_DAL,2063,2,00:08,4,7,DAL,MIN,MIN,19.0,"(:08) 17-B.Aubrey 37 yard field goal is GOOD, Center-44-T.Sieg, Holder-5-B.Anger.",field_goal,0.0,false,false,,,,,,,false,false,false,false,false,false,,false,0.31806565807131904,true,0.03644841909408569
2025_15_MIN_DAL,2083,2,00:03,,0,MIN,DAL,DAL,35.0,17-B.Aubrey kicks 74 yards from DAL 35 to MIN -9. 4-M.Price to MIN 23 for 32 yards (14-M.Bell; 35-M.Liufau).,kickoff,0.0,false,false,,,,,,,false,false,false,false,false,false,,false,-0.04579027302679606,false,-0.013562798500061035
2025_15_MIN_DAL,2106,2,00:00,,0,,,,,END QUARTER 2,,,false,false,,,,,,,,,,,,,,,,,0.0
2025_15_MIN_DAL,2126,3,15:00,,0,DAL,MIN,MIN,35.0,16-W.Reichard kicks 63 yards from MIN 35 to DAL 2. 9-K.Turpin ran ob at DAL 42 for 40 yards (16-W.Reichard).,kickoff,0.0,false,false,,,,,,,false,false,false,false,false,false,,false,0.9677846482954919,true,0.02612900733947754
2025_15_MIN_DAL,2159,3,14:54,1,10,DAL,MIN,DAL,58.0,(14:54) 33-J.Williams right tackle to MIN 43 for 15 yards (44-J.Metellus; 93-J.Allen). ** Injury Update: DAL-33-J.Williams has returned to the game. ** Injury Update: DAL-73-T.Smith has returned to the game.,run,15.0,false,false,,,,,right,tackle,false,true,false,false,false,false,,false,0.8208769084885716,true,0.011767208576202393
2025_15_MIN_DAL,2181,3,14:14,1,10,DAL,MIN,MIN,43.0,(14:14) 33-J.Williams left guard to MIN 40 for 3 yards (55-E.Wilson).,run,3.0,false,false,,,,,left,guard,false,false,false,false,false,false,,false,-0.13672163407318294,false,0.027563512325286865
2025_15_MIN_DAL,2209,3,13:34,2,7,DAL,MIN,MIN,40.0,(13:34) (Shotgun) 4-D.Prescott pass short right to 86-L.Schoonmaker to MIN 11 for 29 yards (7-B.Murphy) [58-J.Greenard].,pass,29.0,true,false,short,right,6.0,23.0,,,true,true,false,false,false,false,,false,2.158559608156793,true,0.06619054079055786
2025_15_MIN_DAL,2234,3,12:42,1,10,DAL,MIN,MIN,11.0,(12:42) (Shotgun) 4-D.Prescott pass incomplete short left to 88-C.Lamb.,pass,0.0,true,false,short,left,11.0,,,,false,false,false,false,false,false,,false,-0.4633859458845109,false,-0.013444125652313232
2025_15_MIN_DAL,2257,3,12:37,2,10,DAL,MIN,MIN,11.0,(12:37) 43-M.Davis right guard to MIN 9 for 2 yards (58-J.Greenard; 50-L.Rodriguez).,run,2.0,false,false,,,,,right,guard,false,false,false,false,false,false,,false,-0.7733343691797927,false,-0.013910174369812012
2025_15_MIN_DAL,2279,3,11:58,3,8,DAL,MIN,MIN,9.0,(11:58) (Shotgun) 4-D.Prescott pass short right to 9-K.Turpin to MIN 8 for 1 yard (23-F.Moreau).,pass,1.0,true,false,short,right,1.0,0.0,,,true,false,false,false,false,false,,false,-1.2771291153187008,false,-0.03987884521484375
2025_15_MIN_DAL,2304,3,11:17,4,7,DAL,MIN,MIN,8.0,"(11:17) 17-B.Aubrey 26 yard field goal is GOOD, Center-44-T.Sieg, Holder-5-B.Anger.",field_goal,0.0,false,false,,,,,,,false,false,false,false,false,false,,false,0.11035635882598172,true,0.004982620477676392
2025_15_MIN_DAL,2324,3,11:14,,0,MIN,DAL,DAL,35.0,17-B.Aubrey kicks 55 yards from DAL 35 to MIN 10. 4-M.Price to MIN 42 for 32 yards (50-S.James).,kickoff,0.0,false,false,,,,,,,false,false,false,false,false,false,,false,0.9951380603015423,true,0.026132851839065552
2025_15_MIN_DAL,2354,3,11:09,1,10,MIN,DAL,MIN,58.0,(11:09) 33-A.Jones up the middle to MIN 43 for 1 yard (41-D.Ezeiruaku; 97-O.Odighizuwa).,run,1.0,false,false,,,,,middle,,false,false,false,false,false,false,,false,-0.43187017808668315,false,-0.011387646198272705
2025_15_MIN_DAL,2376,3,10:28,2,9,MIN,DAL,MIN,57.0,(10:28) (Shotgun) 9-J.McCarthy pass incomplete deep right to 1-J.Nailor.,pass,0.0,true,false,deep,right,17.0,,,,false,false,false,false,false,false,,false,-0.8770103682763875,false,-0.03930667042732239
2025_15_MIN_DAL,2399,3,10:22,3,9,MIN,DAL,MIN,57.0,(10:22) (Shotgun) 9-J.McCarthy pass incomplete short right to 1-J.Nailor.,pass,0.0,true,false,short,right,5.0,,,,false,false,false,false,false,false,,false,-1.5724294462706894,false,-0.03430262207984924
2025_15_MIN_DAL,2422,3,10:17,4,9,MIN,DAL,MIN,57.0,"(10:17) 17-R.Wright punts 47 yards to DAL 10, Center-42-A.DePaola, out of bounds.",punt,0.0,false,false,,,,,,,false,false,false,false,false,false,,false,0.3986026735510677,true,0.010964751243591309
2025_15_MIN_DAL,2441,3,10:10,1,10,DAL,MIN,DAL,90.0,(10:10) 4-D.Prescott pass deep right to 88-C.Lamb pushed ob at DAL 40 for 30 yards (2-I.Rodgers) [43-A.Van Ginkel].,pass,30.0,false,false,deep,right,27.0,3.0,,,true,true,false,false,false,false,,false,1.935981530463323,true,0.04420262575149536
2025_15_MIN_DAL,2478,3,09:33,1,10,DAL,MIN,DAL,60.0,(9:33) 4-D.Prescott pass short left to 19-R.Flournoy to DAL 43 for 3 yards (2-I.Rodgers).,pass,3.0,false,false,short,left,-4.0,7.0,,,true,false,false,false,false,false,,false,-0.19618781935423613,false,0.007657289505004883
2025_15_MIN_DAL,2503,3,08:57,2,7,DAL,MIN,DAL,57.0,(8:57) (Shotgun) 33-J.Williams left guard to MIN 36 for 21 yards (7-B.Murphy).,run,21.0,true,false,,,,,left,guard,false,true,false,false,false,false,,false,1.739457322168164,true,0.03520864248275757
2025_15_MIN_DAL,2525,3,08:17,1,10,DAL,MIN,MIN,36.0,(8:17) (Shotgun) 4-D.Prescott pass short left to 9-K.Turpin pushed ob at MIN 27 for 9 yards (51-B.Cashman).,pass,9.0,true,false,short,left,-5.0,14.0,,,true,false,false,false,false,false,,false,0.735579083673656,true,0.017972230911254883
2025_15_MIN_DAL,2555,3,07:37,2,1,DAL,MIN,MIN,27.0,(7:37) (Shotgun) 43-M.Davis left tackle to MIN 25 for 2 yards (55-E.Wilson; 58-J.Greenard).,run,2.0,true,false,,,,,left,tackle,false,true,false,false,false,false,,false,0.0023671924136579037,true,-0.0014033317565917969
2025_15_MIN_DAL,2577,3,06:53,1,10,DAL,MIN,MIN,25.0,(6:53) (Shotgun) 4-D.Prescott pass incomplete short left.,pass,0.0,true,false,short,left,-3.0,,,,false,false,false,false,false,false,,false,-0.46158841089345515,false,-0.012859702110290527
2025_15_MIN_DAL,2600,3,06:50,2,10,DAL,MIN,MIN,25.0,(6:50) (Shotgun) 9-K.Turpin right end pushed ob at MIN 23 for 2 yards (15-D.Turner).,run,2.0,true,false,,,,,right,end,false,false,false,false,false,false,,false,-0.42431849683634937,false,-0.009813308715820312
2025_15_MIN_DAL,2627,3,06:08,3,8,DAL,MIN,MIN,23.0,"(6:08) (Shotgun) PENALTY on DAL-71-N.Thomas, False Start, 5 yards, enforced at MIN 23 - No Play.",no_play,0.0,true,false,,,,,,,false,false,false,false,false,true,5.0,false,-0.9001219767378643,false,-0.025177001953125
2025_15_MIN_DAL,2651,3,05:52,3,13,DAL,MIN,MIN,28.0,(5:52) (Shotgun) 4-D.Prescott pass short middle to 43-M.Davis to MIN 18 for 10 yards (15-D.Turner; 51-B.Cashman).,pass,10.0,true,false,short,middle,4.0,6.0,,,true,false,false,false,false,false,,false,-0.0885984628694132,false,0.04192996025085449
2025_15_MIN_DAL,2676,3,05:04,4,3,DAL,MIN,MIN,18.0,"(5:04) (No Huddle, Shotgun) PENALTY on DAL, Delay of Game, 5 yards, enforced at MIN 18 - No Play.",no_play,0.0,true,true,,,,,,,false,false,false,false,false,true,5.0,false,-0.5226121870266218,false,-0.030338943004608154
2025_15_MIN_DAL,2700,3,04:54,4,8,DAL,MIN,MIN,23.0,"(4:54) 17-B.Aubrey 41 yard field goal is GOOD, Center-44-T.Sieg, Holder-5-B.Anger.",field_goal,0.0,false,false,,,,,,,false,false,false,false,false,false,,false,0.7216380716465358,true,-0.010150045156478882
2025_15_MIN_DAL,2720,3,04:50,,0,MIN,DAL,DAL,35.0,17-B.Aubrey kicks 64 yards from DAL 35 to MIN 1. 4-M.Price pushed ob at MIN 27 for 26 yards (89-B.Spann-Ford).,kickoff,0.0,false,false,,,,,,,false,false,false,false,false,false,,false,0.09066091431304812,true,-0.0
2025_15_MIN_DAL,2755,3,04:44,1,10,MIN,DAL,MIN,73.0,(4:44) (Shotgun) 9-J.McCarthy pass deep middle to 87-T.Hockenson to DAL 44 for 29 yards (28-M.Hooker).,pass,29.0,true,false,deep,middle,21.0,8.0,,,true,true,false,false,false,false,,false,1.8413497284054756,true,0.040791064500808716
2025_15_MIN_DAL,2780,3,04:10,1,10,MIN,DAL,DAL,44.0,(4:10) (No Huddle) 9-J.McCarthy pass incomplete deep right to 18-J.Jefferson [95-K.Clark].,pass,0.0,false,true,deep,right,20.0,,,,false,false,false,false,false,false,,false,-0.5309890646021813,false,-0.02519369125366211
2025_15_MIN_DAL,2803,3,04:04,2,10,MIN,DAL,DAL,44.0,(4:04) (Shotgun) 27-J.Mason right tackle to DAL 35 for 9 yards (0-D.Overshown).,run,9.0,true,false,,,,,right,tackle,false,false,false,false,false,false,,false,0.7045855051837862,true,0.025750726461410522
2025_15_MIN_DAL,2825,3,03:26,3,1,MIN,DAL,DAL,35.0,(3:26) 1-J.Nailor right end to DAL 37 for -2 yards (6-D.Wilson).,run,-2.0,false,false,,,,,right,end,false,false,false,false,false,false,,false,-2.375341435195878,false,-0.05031123757362366
2025_15_MIN_DAL,2852,3,02:49,4,3,MIN,DAL,DAL,37.0,(2:49) (Shotgun) 9-J.McCarthy pass deep right to 1-J.Nailor to DAL 14 for 23 yards (34-S.Revel).,pass,23.0,true,false,deep,right,23.0,0.0,,,true,true,false,false,false,false,,false,4.351800249249209,true,0.1314494013786316
2025_15_MIN_DAL,2877,3,02:02,1,10,MIN,DAL,DAL,14.0,(2:02) (Shotgun) 9-J.McCarthy pass short right to 18-J.Jefferson to DAL 4 for 10 yards (0-D.Overshown).,pass,10.0,true,false,short,right,7.0,3.0,,,true,true,false,false,false,false,,false,0.8553237911546603,true,0.011631637811660767
2025_15_MIN_DAL,2902,3,01:23,1,4,MIN,DAL,DAL,4.0,"(1:23) 9-J.McCarthy pass incomplete short right. PENALTY on DAL-34-S.Revel, Illegal Contact, 3 yards, enforced at DAL 4 - No Play.",no_play,0.0,false,false,,,,,,,false,true,false,false,false,true,3.0,false,0.506508943537483,true,0.04244387149810791
2025_15_MIN_DAL,2936,3,01:18,1,1,MIN,DAL,DAL,1.0,(1:18) (Shotgun) 9-J.McCarthy pass incomplete short left to 18-J.Jefferson.,pass,0.0,true,false,short,left,1.0,,,,false,false,false,false,false,false,,false,-0.24245099295512773,false,-0.011319994926452637
2025_15_MIN_DAL,2959,3,01:14,2,1,MIN,DAL,DAL,1.0,"(1:14) 30-C.Ham up the middle for 1 yard, TOUCHDOWN.",run,1.0,false,false,,,,,middle,,false,true,false,false,false,false,,true,0.7691153493360616,true,0.019224315456760288
2025_15_MIN_DAL,2982,3,01:12,,0,MIN,DAL,DAL,15.0,"16-W.Reichard extra point is GOOD, Center-42-A.DePaola, Holder-17-R.Wright.",extra_point,0.0,false,false,,,,,,,false,false,false,false,false,false,,false,0.06857135097992784,true,0.0011294488388177149
2025_15_MIN_DAL,2997,3,01:12,,0,DAL,MIN,MIN,35.0,"16-W.Reichard kicks 65 yards from MIN 35 to end zone, Touchback to the DAL 35.",kickoff,0.0,false,false,,,,,,,false,false,false,false,false,false,,false,0.5230418008286506,true,0.021913349628448486
2025_15_MIN_DAL,3021,3,01:12,1,10,DAL,MIN,DAL,65.0,(1:12) 33-J.Williams up the middle to DAL 46 for 11 yards (44-J.Metellus; 22-H.Smith).,run,11.0,false,false,,,,,middle,,false,true,false,false,false,false,,false,0.7314087408594787,true,0.01670515537261963
2025_15_MIN_DAL,3043,3,00:38,1,10,DAL,MIN,DAL,54.0,(:38) 33-J.Williams left guard to MIN 46 for 8 yards (51-B.Cashman; 15-D.Turner).,run,8.0,false,false,,,,,left,guard,false,false,false,false,false,false,,false,0.4538916228339076,true,0.02925872802734375
2025_15_MIN_DAL,3065,3,00:00,,0,DAL,MIN,,,END QUARTER 3,,,false,false,,,,,,,,,,,,,,,0.0,false,0.0
2025_15_MIN_DAL,3085,4,15:00,2,2,DAL,MIN,MIN,46.0,(15:00) 33-J.Williams left tackle to MIN 45 for 1 yard (61-J.Redmond; 55-E.Wilson).,run,1.0,false,false,,,,,left,tackle,false,false,false,false,false,false,,false,-0.3880469254218042,false,-0.027241528034210205
2025_15_MIN_DAL,3112,4,14:23,3,1,DAL,MIN,MIN,45.0,(14:23) 33-J.Williams up the middle to MIN 43 for 2 yards (44-J.Metellus).,run,2.0,false,false,,,,,middle,,false,true,false,false,false,false,,false,0.36507988907396793,true,0.018194377422332764
2025_15_MIN_DAL,3134,4,13:46,1,10,DAL,MIN,MIN,43.0,(13:46) (Shotgun) 4-D.Prescott pass incomplete short left to 3-G.Pickens (22-H.Smith) [22-H.Smith].,pass,0.0,true,false,short,left,6.0,,,,false,false,false,false,false,false,,false,-0.4973052248824388,false,-0.025364816188812256
2025_15_MIN_DAL,3158,4,13:41,2,10,DAL,MIN,MIN,43.0,"(13:41) (No Huddle, Shotgun) 4-D.Prescott pass short left to 3-G.Pickens pushed ob at MIN 37 for 6 yards (22-H.Smith).",pass,6.0,true,true,short,left,-2.0,8.0,,,true,false,false,false,false,false,,false,0.0380290801404044,true,0.02784252166748047
2025_15_MIN_DAL,3188,4,13:06,3,4,DAL,MIN,MIN,37.0,"(13:06) (No Huddle, Shotgun) 4-D.Prescott sacked at MIN 41 for -4 yards (sack split by 43-A.Van Ginkel and 58-J.Greenard).",pass,-4.0,true,true,,,,,,,false,false,true,false,false,false,,false,-2.2842234068270795,false,-0.09083545207977295
2025_15_MIN_DAL,3208,4,12:24,4,8,DAL,MIN,MIN,41.0,"(12:24) 17-B.Aubrey 59 yard field goal is No Good, Wide Right, Center-44-T.Sieg, Holder-5-B.Anger.",field_goal,0.0,false,false,,,,,,,false,false,false,false,false,false,,false,-3.004181358129715,false,-0.15428972244262695
2025_15_MIN_DAL,3229,4,12:20,1,10,MIN,DAL,MIN,51.0,(12:20) 27-J.Mason left end to DAL 48 for 3 yards (97-O.Odighizuwa).,run,3.0,false,false,,,,,left,end,false,false,false,false,false,false,,false,-0.2513290992937982,false,-0.017892777919769287
2025_15_MIN_DAL,3251,4,11:37,2,7,MIN,DAL,DAL,48.0,(11:37) (Shotgun) 9-J.McCarthy scrambles right tackle to DAL 40 for 8 yards (6-D.Wilson).,run,8.0,true,false,,,,,right,tackle,false,true,false,false,false,false,,false,1.0173026375705376,true,0.03948855400085449
2025_15_MIN_DAL,3273,4,10:55,1,10,MIN,DAL,DAL,40.0,(10:55) 9-J.McCarthy pass short right to 84-J.Oliver to DAL 22 for 18 yards (28-M.Hooker; 34-S.Revel).,pass,18.0,false,false,short,right,8.0,10.0,,,true,true,false,false,false,false,,false,1.2394049247959629,true,0.042750418186187744
2025_15_MIN_DAL,3298,4,10:06,1,10,MIN,DAL,DAL,22.0,(10:06) 9-J.McCarthy pass deep left to 87-T.Hockenson to DAL 4 for 18 yards (14-M.Bell).,pass,18.0,false,false,deep,left,18.0,0.0,,,true,true,false,false,false,false,,false,1.2937136988621205,true,0.02704787254333496
2025_15_MIN_DAL,3323,4,09:16,1,4,MIN,DAL,DAL,4.0,"(9:16) (Shotgun) 9-J.McCarthy pass short right to 1-J.Nailor for 4 yards, TOUCHDOWN.",pass,4.0,true,false,short,right,4.0,0.0,,,true,true,false,false,false,false,,true,1.1305297007784247,true,0.10801479313704299
2025_15_MIN_DAL,3349,4,09:12,,0,MIN,DAL,DAL,15.0,"16-W.Reichard extra point is GOOD, Center-42-A.DePaola, Holder-17-R.Wright.",extra_point,0.0,false,false,,,,,,,false,false,false,false,false,false,,false,0.06857135097992784,true,0.001577167769939436
2025_15_MIN_DAL,3364,4,09:12,,0,DAL,MIN,MIN,35.0,"16-W.Reichard kicks 65 yards from MIN 35 to DAL 0. 9-K.Turpin ran ob at MIN 45 for 55 yards (16-W.Reichard). PENALTY on DAL-29-C.Goodwin, Offensive Holding, 10 yards, enforced at DAL 20.",kickoff,0.0,false,false,,,,,,,false,false,false,false,false,true,10.0,false,-1.078727268613875,false,-0.029007911682128906
2025_15_MIN_DAL,3410,4,09:03,1,10,DAL,MIN,DAL,90.0,(9:03) (Shotgun) 4-D.Prescott pass short right to 3-G.Pickens to DAL 27 for 17 yards (43-A.Van Ginkel).,pass,17.0,true,false,short,right,12.0,5.0,,,true,true,false,false,false,false,,false,1.1556986193172634,true,0.017319291830062866
2025_15_MIN_DAL,3435,4,08:29,1,10,DAL,MIN,DAL,73.0,(8:29) 33-J.Williams right tackle to DAL 42 for 15 yards (44-J.Metellus).,run,15.0,false,false,,,,,right,tackle,false,true,false,false,false,false,,false,0.8715578983537853,true,0.02645781636238098
2025_15_MIN_DAL,3457,4,07:54,1,10,DAL,MIN,DAL,58.0,(7:54) 33-J.Williams right guard to DAL 44 for 2 yards (50-L.Rodriguez).,run,2.0,false,false,,,,,right,guard,false,false,false,false,false,false,,false,-0.3475426035001874,false,-0.031083673238754272
2025_15_MIN_DAL,3479,4,07:13,2,8,DAL,MIN,DAL,56.0,(7:13) (Shotgun) 4-D.Prescott pass short left to 19-R.Flournoy to MIN 48 for 8 yards (22-H.Smith; 51-B.Cashman).,pass,8.0,true,false,short,left,1.0,7.0,,,true,true,false,false,false,false,,false,0.9035040197195485,true,0.02303321659564972
2025_15_MIN_DAL,3504,4,06:30,1,10,DAL,MIN,MIN,48.0,"(6:30) (Shotgun) 4-D.Prescott pass short left to 43-M.Davis pushed ob at MIN 34 for 14 yards (55-E.Wilson). PENALTY on DAL-75-H.Adeniji, Offensive Holding, 10 yards, enforced at MIN 48 - No Play.",no_play,0.0,true,false,,,,,,,false,false,false,false,false,true,10.0,false,-0.8834358906606212,false,-0.024984270334243774
2025_15_MIN_DAL,3545,4,06:06,1,20,DAL,MIN,DAL,58.0,(6:06) (Shotgun) 4-D.Prescott pass incomplete short left to 88-C.Lamb.,pass,0.0,true,false,short,left,3.0,,,,false,false,false,false,false,false,,false,-0.5359248165041208,false,-0.02132526785135269
2025_15_MIN_DAL,3568,4,06:03,2,20,DAL,MIN,DAL,58.0,(6:03) (Shotgun) 4-D.Prescott pass short right to 88-C.Lamb to MIN 45 for 13 yards (51-B.Cashman).,pass,13.0,true,false,short,right,3.0,10.0,,,true,false,false,false,false,false,,false,0.5645628836937249,true,-0.004441246390342712
2025_15_MIN_DAL,3598,4,05:40,3,7,DAL,MIN,MIN,45.0,"(5:40) (No Huddle, Shotgun) 4-D.Prescott pass incomplete short right to 43-M.Davis.",pass,0.0,true,true,short,right,3.0,,,,false,false,false,false,false,false,,false,-1.6206988615449518,false,-0.028712742030620575
2025_15_MIN_DAL,3621,4,05:35,4,7,DAL,MIN,MIN,45.0,(5:35) (Shotgun) 4-D.Prescott pass short middle to 43-M.Davis to MIN 39 for 6 yards (55-E.Wilson). MIN-58-J.Greenard was injured during the play.,pass,6.0,true,false,short,middle,6.0,0.0,,,true,false,false,false,false,false,,false,-2.4306300622411072,false,-0.03873085975646973
2025_15_MIN_DAL,3649,4,05:30,1,10,MIN,DAL,MIN,61.0,(5:30) 27-J.Mason up the middle to MIN 42 for 3 yards (42-J.Clowney).,run,3.0,false,false,,,,,middle,,false,false,false,false,false,false,,false,-0.4033392430283129,false,-0.0021862387657165527
2025_15_MIN_DAL,3678,4,04:46,2,7,MIN,DAL,MIN,58.0,(4:46) 27-J.Mason right end to MIN 42 for no gain (41-D.Ezeiruaku). DAL-92-Q.Williams was injured during the play.,run,0.0,false,false,,,,,right,end,false,false,false,false,false,false,,false,-0.7387481866171584,false,9.47713851928711e-06
2025_15_MIN_DAL,3703,4,04:09,3,7,MIN,DAL,MIN,58.0,(4:09) (Shotgun) 9-J.McCarthy pass short middle to 87-T.Hockenson to MIN 48 for 6 yards (0-D.Overshown).,pass,6.0,true,false,short,middle,3.0,3.0,,,true,false,false,false,false,false,,false,-0.7454895823029801,false,0.0022909045219421387
2025_15_MIN_DAL,3735,4,03:21,4,1,MIN,DAL,MIN,52.0,(3:21) (Shotgun) 33-A.Jones up the middle to DAL 48 for 4 yards (42-J.Clowney; 95-K.Clark).,run,4.0,true,false,,,,,middle,,false,true,false,false,false,false,,false,2.5661298543564044,true,0.017636477947235107
2025_15_MIN_DAL,3747,4,03:21,,0,,,,,"Timeout #1 by MIN at 03:21.",no_play,0.0,false,false,,,,,,,false,false,false,false,false,false,,false,-0.0,false,-0.0
2025_15_MIN_DAL,3764,4,03:16,1,10,MIN,DAL,DAL,48.0,(3:16) 33-A.Jones left guard to DAL 46 for 2 yards (21-C.Carson; 95-K.Clark).,run,2.0,false,false,,,,,left,guard,false,false,false,false,false,false,,false,-1.3884102940210141,false,-0.002373218536376953
2025_15_MIN_DAL,3776,4,03:16,,0,,,,,"Timeout #1 by DAL at 03:16.",no_play,0.0,false,false,,,,,,,false,false,false,false,false,false,,false,-0.0,false,-0.0
2025_15_MIN_DAL,3798,4,03:12,2,8,MIN,DAL,DAL,46.0,"(3:12) 33-A.Jones up the middle to DAL 30 for 16 yards (21-C.Carson; 28-M.Hooker). Dallas challenged the runner was down by contact ruling, and the play was Upheld. The ruling on the field stands. (Timeout #3.)",run,16.0,false,false,,,,,middle,,false,true,false,false,false,false,,false,1.4575813158298843,true,0.01018977165222168
2025_15_MIN_DAL,3810,4,03:12,,0,,,,,"Timeout #2 by DAL at 03:12.",no_play,0.0,false,false,,,,,,,false,false,false,false,false,false,,false,-0.0,false,-0.0
2025_15_MIN_DAL,3839,4,03:02,1,10,MIN,DAL,DAL,30.0,"(3:02) 33-A.Jones right tackle to DAL 31 for -1 yards (54-S.Williams, 97-O.Odighizuwa).",run,-1.0,false,false,,,,,right,tackle,false,false,false,false,false,false,,false,-0.8022098048822954,false,0.0002530217170715332
2025_15_MIN_DAL,3895,4,02:18,2,11,MIN,DAL,DAL,31.0,(2:18) 27-J.Mason left tackle to DAL 31 for no gain (35-M.Liufau).,run,0.0,false,false,,,,,left,tackle,false,false,false,false,false,false,,false,-0.3181613255292177,false,0.004850924015045166
2025_15_MIN_DAL,3917,4,02:00,3,11,MIN,DAL,DAL,31.0,(2:00) 33-A.Jones right tackle to DAL 35 for -4 yards (14-M.Bell).,run,-4.0,false,false,,,,,right,tackle,false,false,false,false,false,false,,false,-0.0013722122273929216,false,0.008142173290252686
2025_15_MIN_DAL,3946,4,01:13,4,15,MIN,DAL,DAL,35.0,"(1:13) 16-W.Reichard 53 yard field goal is GOOD, Center-42-A.DePaola, Holder-17-R.Wright.",field_goal,0.0,false,false,,,,,,,false,false,false,false,false,false,,false,1.382719457356684,true,0.0032874271273612976
2025_15_MIN_DAL,3958,4,01:13,,0,,,,,"Timeout #2 by MIN at 01:13.",no_play,0.0,false,false,,,,,,,false,false,false,false,false,false,,false,-0.0,false,-0.0
2025_15_MIN_DAL,3973,4,01:08,,0,DAL,MIN,MIN,35.0,"16-W.Reichard kicks 65 yards from MIN 35 to end zone, Touchback to the DAL 35.",kickoff,0.0,false,false,,,,,,,false,false,false,false,false,false,,false,0.1996309101814404,true,0.001961696892976761
2025_15_MIN_DAL,3990,4,01:08,1,10,DAL,MIN,DAL,65.0,(1:08) (Shotgun) 4-D.Prescott pass incomplete deep middle to 19-R.Flournoy.,pass,0.0,true,false,deep,middle,36.0,,,,false,false,false,false,false,false,,false,-0.281459599849768,false,-0.0035421261563897133
2025_15_MIN_DAL,4013,4,01:00,2,10,DAL,MIN,DAL,65.0,(1:00) (Shotgun) 4-D.Prescott pass deep middle to 81-J.Mingo to MIN 40 for 25 yards (2-I.Rodgers). MIN-2-I.Rodgers was injured during the play.,pass,25.0,true,false,deep,middle,21.0,4.0,,,true,true,false,false,false,false,,false,1.1662238921853714,true,0.013505301438272
2025_15_MIN_DAL,4041,4,00:44,1,10,DAL,MIN,MIN,40.0,(:44) (Shotgun) 4-D.Prescott pass deep middle to 88-C.Lamb to MIN 23 for 17 yards (44-J.Metellus).,pass,17.0,true,false,deep,middle,17.0,0.0,,,true,true,false,false,false,false,,false,0.8776844703825191,true,0.001497063785791397
2025_15_MIN_DAL,4053,4,00:44,,0,,,,,"Timeout #3 by MIN at 00:44.",no_play,0.0,false,false,,,,,,,false,false,false,false,false,false,,false,0.0,false,0.0
2025_15_MIN_DAL,4073,4,00:28,1,10,DAL,MIN,MIN,23.0,"(:28) (No Huddle, Shotgun) 4-D.Prescott pass incomplete deep middle to 87-J.Ferguson.",pass,0.0,true,true,deep,middle,23.0,,,,false,false,false,false,false,false,,false,-0.18489751899710338,false,-0.0037050172686576843
2025_15_MIN_DAL,4096,4,00:23,2,10,DAL,MIN,MIN,23.0,"(:23) 17-B.Aubrey 41 yard field goal is GOOD, Center-44-T.Sieg, Holder-5-B.Anger.",field_goal,0.0,false,false,,,,,,,false,false,false,false,false,false,,false,0.48232569439664896,true,-0.012555478140711784
2025_15_MIN_DAL,4116,4,00:19,,0,MIN,DAL,DAL,35.0,17-B.Aubrey kicks onside 10 yards from DAL 35 to DAL 45. 84-J.Oliver (didn't try to advance) to DAL 45 for no gain. ** Injury Update: MIN-2-I.Rodgers has returned to the game.,kickoff,0.0,false,false,,,,,,,false,false,false,false,false,false,,false,0.9947611821989994,true,0.0030599236488342285
2025_15_MIN_DAL,4139,4,00:18,1,10,MIN,DAL,DAL,45.0,(:18) 9-J.McCarthy kneels to DAL 46 for -1 yards.,qb_kneel,-1.0,false,false,,,,,,,false,false,false,false,false,false,,false,-1.1097458880394697,false,
2025_15_MIN_DAL,4164,4,00:00,,0,MIN,DAL,,,END GAME,,,false,false,,,,,,,,,,,,,,,,,
2025_16_MIN_NYG,1,1,15:00,,0,,,,,GAME,,,false,false,,,,,,,,,,,,,,,-0.0,false,-0.0
2025_16_MIN_NYG,39,1,15:00,,0,MIN,NYG,NYG,35.0,"30-B.Sauls kicks 60 yards from NYG 35 to MIN 5, out of bounds. PENALTY on NYG-30-B.Sauls, Kickoff Out of Bounds, placed at MIN 40.",kickoff,0.0,false,false,,,,,,,false,false,false,false,false,true,0.0,false,0.8947232952341437,true,0.021691441535949707
2025_16_MIN_NYG,55,1,15:00,1,10,MIN,NYG,MIN,60.0,(15:00) (Shotgun) 9-J.McCarthy pass incomplete short right to 33-A.Jones (27-T.Nubin).,pass,0.0,true,false,short,right,-7.0,,,,false,false,false,false,false,false,,false,-0.5282054846175015,false,-0.018117934465408325
2025_16_MIN_NYG,90,1,14:56,2,10,MIN,NYG,MIN,60.0,(14:56) 33-A.Jones right tackle to MIN 39 for -1 yards (57-C.Golston).,run,-1.0,false,false,,,,,right,tackle,false,false,false,false,false,false,,false,-1.08980324678123,false,-0.03969097137451172
2025_16_MIN_NYG,112,1,14:15,3,11,MIN,NYG,MIN,61.0,(14:15) (Shotgun) 9-J.McCarthy pass short middle to 18-J.Jefferson pushed ob at NYG 48 for 13 yards (8-J.Holland).,pass,13.0,true,false,short,middle,2.0,11.0,,,true,true,false,false,false,false,,false,2.5466389604844153,true,0.08302739262580872
2025_16_MIN_NYG,142,1,13:34,1,10,MIN,NYG,NYG,48.0,(13:34) 27-J.Mason left end to NYG 43 for 5 yards (27-T.Nubin).,run,5.0,false,false,,,,,left,end,false,false,false,false,false,false,,false,0.046802079770714045,true,-0.015350550413131714
2025_16_MIN_NYG,164,1,12:55,2,5,MIN,NYG,NYG,43.0,(12:55) (Shotgun) 9-J.McCarthy pass short left to 84-J.Oliver pushed ob at NYG 31 for 12 yards (27-T.Nubin).,pass,12.0,true,false,short,left,-4.0,16.0,,,true,true,false,false,false,false,,false,1.232718696235679,true,0.06564444303512573
2025_16_MIN_NYG,194,1,12:17,1,10,MIN,NYG,NYG,31.0,(12:17) 27-J.Mason up the middle to NYG 31 for no gain (57-C.Golston).,run,0.0,false,false,,,,,middle,,false,false,false,false,false,false,,false,-0.4881997280754149,false,-0.015525281429290771
2025_16_MIN_NYG,216,1,11:34,2,10,MIN,NYG,NYG,31.0,(11:34) (Shotgun) 9-J.McCarthy pass short right to 27-J.Mason to NYG 25 for 6 yards (22-A.Phillips; 58-B.Okereke) [51-A.Carter]. MIN-27-J.Mason was injured during the play.,pass,6.0,true,false,short,right,-4.0,10.0,,,true,false,false,false,false,false,,false,0.04450675577390939,true,0.007889628410339355
2025_16_MIN_NYG,244,1,10:59,3,4,MIN,NYG,NYG,25.0,"(10:59) (Shotgun) 9-J.McCarthy pass incomplete deep left to 3-J.Addison (97-D.Lawrence, 28-C.Flott) [97-D.Lawrence].",pass,0.0,true,false,deep,left,25.0,,,,false,false,false,false,false,false,,false,-1.3035301731452806,false,-0.05627092719078064
2025_16_MIN_NYG,279,1,10:54,4,4,MIN,NYG,NYG,25.0,"(10:54) 16-W.Reichard 43 yard field goal is GOOD, Center-42-A.DePaola, Holder-17-R.Wright.",field_goal,0.0,false,false,,,,,,,false,false,false,false,false,false,,false,0.8741264783330722,true,0.017275840044021606
2025_16_MIN_NYG,299,1,10:49,,0,NYG,MIN,MIN,35.0,16-W.Reichard kicks 56 yards from MIN 35 to NYG 9. 2-D.Banks to NYG 35 for 26 yards (96-T.Batty).,kickoff,0.0,false,false,,,,,,,false,false,false,false,false,false,,false,0.5792362366337329,true,0.023276567459106445
2025_16_MIN_NYG,329,1,10:43,1,10,NYG,MIN,NYG,65.0,(10:43) 29-T.Tracy left tackle pushed ob at MIN 47 for 18 yards (2-I.Rodgers).,run,18.0,false,false,,,,,left,tackle,false,true,false,false,false,false,,false,1.1832715587224811,true,0.03442639112472534
2025_16_MIN_NYG,356,1,10:05,1,10,NYG,MIN,MIN,47.0,(10:05) 29-T.Tracy up the middle to MIN 34 for 13 yards (22-H.Smith).,run,13.0,false,false,,,,,middle,,false,true,false,false,false,false,,false,0.690791345667094,true,0.04021346569061279
2025_16_MIN_NYG,378,1,09:27,1,10,NYG,MIN,MIN,34.0,(9:27) 29-T.Tracy left guard to MIN 32 for 2 yards (61-J.Redmond; 51-B.Cashman).,run,2.0,false,false,,,,,left,guard,false,false,false,false,false,false,,false,-0.2706459827022627,false,-0.014255881309509277
2025_16_MIN_NYG,400,1,08:48,2,8,NYG,MIN,MIN,32.0,(8:48) 29-T.Tracy right end to MIN 30 for 2 yards (7-B.Murphy; 24-J.Ward).,run,2.0,false,false,,,,,right,end,false,false,false,false,false,false,,false,-0.5450403625145555,false,-0.020505249500274658
2025_16_MIN_NYG,432,1,08:05,3,6,NYG,MIN,MIN,30.0,"(8:05) (Shotgun) 6-J.Dart pass incomplete short left to 17-W.Robinson. Penalty on MIN-7-B.Murphy, Defensive Pass Interference, offsetting, enforced at MIN 30 - No Play. Penalty on NYG-64-A.Stinnie, Offensive Holding, offsetting.",no_play,,true,false,,,,,,,,,,,,,,,-0.003168963943608105,false,0.0
2025_16_MIN_NYG,466,1,08:01,3,6,NYG,MIN,MIN,30.0,"(8:01) (Shotgun) 6-J.Dart sacked at MIN 41 for -11 yards (22-H.Smith). PENALTY on MIN-22-H.Smith, Roughing the Passer, 15 yards, enforced at MIN 30 - No Play.",no_play,0.0,true,false,,,,,,,false,true,false,false,false,true,15.0,false,2.0949636732111685,true,0.058206796646118164
2025_16_MIN_NYG,497,1,07:32,1,10,NYG,MIN,MIN,15.0,(7:32) 29-T.Tracy left end to MIN 17 for -2 yards (93-J.Allen).,run,-2.0,false,false,,,,,left,end,false,false,false,false,false,false,,false,-0.9129571881494485,false,-0.020867526531219482
2025_16_MIN_NYG,519,1,06:46,2,12,NYG,MIN,MIN,17.0,(6:46) 29-T.Tracy right tackle to MIN 13 for 4 yards (51-B.Cashman).,run,4.0,false,false,,,,,right,tackle,false,false,false,false,false,false,,false,-0.2926827991614118,false,-0.014637589454650879
2025_16_MIN_NYG,546,1,06:06,3,8,NYG,MIN,MIN,13.0,(6:06) (Shotgun) 29-T.Tracy right guard to MIN 10 for 3 yards (15-D.Turner; 51-B.Cashman).,run,3.0,true,false,,,,,right,guard,false,false,false,false,false,false,,false,-1.0310783094610088,false,-0.027116000652313232
2025_16_MIN_NYG,568,1,05:21,4,5,NYG,MIN,MIN,10.0,(5:21) (Shotgun) 6-J.Dart sacked at MIN 15 for -5 yards (61-J.Redmond).,pass,-5.0,true,false,,,,,,,false,false,true,false,false,false,,false,-3.0552877939189784,false,-0.11064064502716064
2025_16_MIN_NYG,593,1,05:16,1,10,MIN,NYG,MIN,85.0,(5:16) 9-J.McCarthy scrambles up the middle to MIN 23 for 8 yards (58-B.Okereke; 53-D.Muasau).,run,8.0,false,false,,,,,middle,,false,false,false,false,false,false,,false,0.5286852717399597,true,0.014561057090759277
2025_16_MIN_NYG,622,1,04:38,2,2,MIN,NYG,MIN,77.0,(4:38) 36-Z.Scott up the middle to MIN 27 for 4 yards (95-R.Robertson-Harris; 98-D.Davidson).,run,4.0,false,false,,,,,middle,,false,true,false,false,false,false,,false,0.30578981060534716,true,0.004787921905517578
2025_16_MIN_NYG,644,1,03:55,1,10,MIN,NYG,MIN,73.0,(3:55) (Shotgun) 9-J.McCarthy pass incomplete short left to 18-J.Jefferson.,pass,0.0,true,false,short,left,8.0,,,,false,false,false,false,false,false,,false,-0.5639757979661226,false,-0.018178284168243408
2025_16_MIN_NYG,667,1,03:52,2,10,MIN,NYG,MIN,73.0,(3:52) (Shotgun) 9-J.McCarthy sacked at MIN 25 for -2 yards (0-B.Burns).,pass,-2.0,true,false,,,,,,,false,false,true,false,false,false,,false,-1.1725863190367818,false,-0.03447014093399048
2025_16_MIN_NYG,687,1,03:13,3,12,MIN,NYG,MIN,75.0,(3:13) (Shotgun) 9-J.McCarthy pass short right to 18-J.Jefferson to MIN 39 for 14 yards (24-D.Belton).,pass,14.0,true,false,short,right,0.0,14.0,,,true,true,false,false,false,false,,false,2.5459332205355167,true,0.07423412799835205
2025_16_MIN_NYG,712,1,02:26,1,10,MIN,NYG,MIN,61.0,(2:26) 36-Z.Scott left tackle to MIN 39 for no gain (58-B.Okereke).,run,0.0,false,false,,,,,left,tackle,false,false,false,false,false,false,,false,-0.5031226631253958,false,-0.01799774169921875
2025_16_MIN_NYG,734,1,01:46,2,10,MIN,NYG,MIN,61.0,(1:46) (Shotgun) 9-J.McCarthy pass short right intended for 1-J.Nailor INTERCEPTED by 21-P.Adebo at MIN 44. 21-P.Adebo ran ob at MIN 44 for no gain.,pass,0.0,true,false,short,right,5.0,,,,false,false,false,true,false,false,,false,-4.506287481170148,false,-0.14924240112304688
2025_16_MIN_NYG,766,1,01:41,1,10,NYG,MIN,MIN,44.0,(1:41) (Shotgun) 26-D.Singletary right guard to MIN 40 for 4 yards (24-J.Ward).,run,4.0,true,false,,,,,right,guard,false,false,false,false,false,false,,false,-0.21227017510682344,false,-0.009656012058258057
2025_16_MIN_NYG,795,1,01:04,2,6,NYG,MIN,MIN,40.0,(1:04) (Shotgun) 26-D.Singletary left guard to MIN 35 for 5 yards (51-B.Cashman).,run,5.0,true,false,,,,,left,guard,false,false,false,false,false,false,,false,0.25159469805657864,true,0.009630262851715088
2025_16_MIN_NYG,817,1,00:28,3,1,NYG,MIN,MIN,35.0,(:28) (Shotgun) 26-D.Singletary right guard to MIN 33 for 2 yards (50-L.Rodriguez; 93-J.Allen).,run,2.0,true,false,,,,,right,guard,false,true,false,false,false,false,,false,0.5651815654709935,true,0.017555296421051025
2025_16_MIN_NYG,839,1,00:00,,0,NYG,MIN,,,END QUARTER 1,,,false,false,,,,,,,,,,,,,,,0.0,false,0.0
2025_16_MIN_NYG,859,2,15:00,1,10,NYG,MIN,MIN,33.0,(15:00) 17-W.Robinson left end to MIN 30 for 3 yards (24-J.Ward).,run,3.0,false,false,,,,,left,end,false,false,false,false,false,false,,false,-0.2396919884486124,false,-0.015638530254364014
2025_16_MIN_NYG,881,2,14:27,2,7,NYG,MIN,MIN,30.0,(14:27) (Shotgun) 29-T.Tracy up the middle to MIN 25 for 5 yards (24-J.Ward; 55-E.Wilson).,run,5.0,true,false,,,,,middle,,false,false,false,false,false,false,,false,0.14350761740934104,true,0.016079246997833252
2025_16_MIN_NYG,903,2,13:49,3,2,NYG,MIN,MIN,25.0,(13:49) 6-J.Dart up the middle to MIN 22 for 3 yards (51-B.Cashman).,run,3.0,false,false,,,,,middle,,false,true,false,false,false,false,,false,0.8780028375331312,true,0.012678682804107666
2025_16_MIN_NYG,925,2,13:15,1,10,NYG,MIN,MIN,22.0,(13:15) 29-T.Tracy right end to MIN 15 for 7 yards (24-J.Ward; 55-E.Wilson).,run,7.0,false,false,,,,,right,end,false,false,false,false,false,false,,false,0.32605210214387625,true,0.012079000473022461
2025_16_MIN_NYG,947,2,12:42,2,3,NYG,MIN,MIN,15.0,(12:42) 29-T.Tracy left tackle to MIN 11 for 4 yards (24-J.Ward; 51-B.Cashman).,run,4.0,false,false,,,,,left,tackle,false,true,false,false,false,false,,false,0.13214615365723148,true,-0.004641890525817871
2025_16_MIN_NYG,969,2,12:03,1,10,NYG,MIN,MIN,11.0,(12:03) (Shotgun) 6-J.Dart pass incomplete short right to 84-T.Johnson.,pass,0.0,true,false,short,right,0.0,,,,false,false,false,false,false,false,,false,-0.4583511426462792,false,-0.013253331184387207
2025_16_MIN_NYG,992,2,11:58,2,10,NYG,MIN,MIN,11.0,(11:58) 26-D.Singletary right end to MIN 8 for 3 yards (50-L.Rodriguez; 43-A.Van Ginkel). NYG-78-A.Thomas was injured during the play.,run,3.0,false,false,,,,,right,end,false,false,false,false,false,false,,false,-0.5059639467508532,false,-0.013475239276885986
2025_16_MIN_NYG,1014,2,11:19,3,7,NYG,MIN,MIN,8.0,"(11:19) (Shotgun) 6-J.Dart sacked at MIN 9 for -1 yards (55-E.Wilson). Penalty on NYG-71-M.Mbow, Illegal Formation, declined.",pass,-1.0,true,false,,,,,,,false,false,true,false,false,false,,false,-1.2229749343570129,false,-0.04462587833404541
2025_16_MIN_NYG,1048,2,11:08,4,8,NYG,MIN,MIN,9.0,"(11:08) 30-B.Sauls 27 yard field goal is GOOD, Center-59-C.Kreiter, Holder-12-J.Gillan.",field_goal,0.0,false,false,,,,,,,false,false,false,false,false,false,,false,0.11051681780748002,true,0.0037709176540374756
2025_16_MIN_NYG,1076,2,11:04,,0,MIN,NYG,NYG,35.0,30-B.Sauls kicks 63 yards from NYG 35 to MIN 2. 4-M.Price to MIN 23 for 21 yards (24-D.Belton).,kickoff,0.0,false,false,,,,,,,false,false,false,false,false,false,,false,-0.2658616346307099,false,-0.0018367767333984375
2025_16_MIN_NYG,1106,2,10:59,1,10,MIN,NYG,MIN,77.0,(10:59) 33-A.Jones up the middle to MIN 28 for 5 yards (94-E.Chatman; 53-D.Muasau). ** Injury Update: MIN-33-A.Jones has returned to the game.,run,5.0,false,false,,,,,middle,,false,false,false,false,false,false,,false,0.1181703140027821,true,-0.008923858404159546
2025_16_MIN_NYG,1128,2,10:30,2,5,MIN,NYG,MIN,72.0,(10:30) (No Huddle) 9-J.McCarthy pass deep left to 18-J.Jefferson ran ob at MIN 44 for 16 yards.,pass,16.0,false,true,deep,left,16.0,0.0,,,true,true,false,false,false,false,,false,1.2762347641400993,true,0.04004618525505066
2025_16_MIN_NYG,1166,2,10:06,1,10,MIN,NYG,MIN,56.0,"(10:06) (No Huddle, Shotgun) 9-J.McCarthy pass short right to 3-J.Addison to 50 for 6 yards (21-P.Adebo).",pass,6.0,true,true,short,right,6.0,0.0,,,true,false,false,false,false,false,,false,0.2899160294327885,true,0.005394667387008667
2025_16_MIN_NYG,1191,2,09:25,2,4,MIN,NYG,50,50.0,"(9:25) PENALTY on MIN-87-T.Hockenson, False Start, 5 yards, enforced at 50 - No Play.",no_play,0.0,false,false,,,,,,,false,false,false,false,false,true,5.0,false,-0.753096250584349,false,-0.02360481023788452
2025_16_MIN_NYG,1215,2,09:04,2,9,MIN,NYG,MIN,55.0,(9:04) 33-A.Jones right tackle to MIN 44 for -1 yards (57-C.Golston).,run,-1.0,false,false,,,,,right,tackle,false,false,false,false,false,false,,false,-0.7352398354560137,false,-0.02471134066581726
2025_16_MIN_NYG,1237,2,08:19,3,10,MIN,NYG,MIN,56.0,"(8:19) (Shotgun) PENALTY on MIN, Delay of Game, 5 yards, enforced at MIN 44 - No Play.",no_play,0.0,true,false,,,,,,,false,false,false,false,false,true,5.0,false,-0.675037216860801,false,-0.021346747875213623
2025_16_MIN_NYG,1261,2,08:09,3,15,MIN,NYG,MIN,61.0,(8:09) (Shotgun) 9-J.McCarthy pass short middle to 18-J.Jefferson to NYG 47 for 14 yards (27-T.Nubin).,pass,14.0,true,false,short,middle,6.0,8.0,,,true,false,false,false,false,false,,false,0.4256544033996761,true,0.02810448408126831
2025_16_MIN_NYG,1286,2,07:28,4,1,MIN,NYG,NYG,47.0,"(7:28) (Shotgun) 33-A.Jones up the middle to NYG 44 for 3 yards (22-A.Phillips). MIN-78-R.Kelly was injured during the play. PENALTY on NYG-22-A.Phillips, Unnecessary Roughness, 15 yards, enforced at NYG 44.",run,3.0,true,false,,,,,middle,,false,true,false,false,false,true,15.0,false,3.152959938161075,true,0.12946763634681702
2025_16_MIN_NYG,1322,2,07:05,1,10,MIN,NYG,NYG,29.0,(7:05) 9-J.McCarthy pass deep left to 3-J.Addison to NYG 9 for 20 yards (24-D.Belton).,pass,20.0,false,false,deep,left,19.0,1.0,,,true,true,false,false,false,false,,false,1.1388693952467293,true,0.04098445177078247
2025_16_MIN_NYG,1354,2,06:18,1,9,MIN,NYG,NYG,9.0,(6:18) 33-A.Jones right tackle to NYG 8 for 1 yard (53-D.Muasau; 8-J.Holland).,run,1.0,false,false,,,,,right,tackle,false,false,false,false,false,false,,false,-0.37350520421750844,false,-0.01615917682647705
2025_16_MIN_NYG,1376,2,05:55,2,8,MIN,NYG,NYG,8.0,"(5:55) (No Huddle, Shotgun) 9-J.McCarthy pass incomplete short middle to 18-J.Jefferson (58-B.Okereke) [95-R.Robertson-Harris].",pass,0.0,true,true,short,middle,2.0,,,,false,false,false,false,false,false,,false,-0.8042171114939265,false,-0.02057337760925293
2025_16_MIN_NYG,1399,2,05:51,3,8,MIN,NYG,NYG,8.0,"(5:51) (Shotgun) 9-J.McCarthy pass short right intended for 1-J.Nailor INTERCEPTED by 8-J.Holland at NYG 4. 8-J.Holland for 96 yards, TOUCHDOWN NULLIFIED by Penalty. PENALTY on NYG-51-A.Carter, Defensive Offside, 4 yards, enforced at NYG 8 - No Play.",no_play,0.0,true,false,,,,,,,false,false,false,false,false,true,4.0,false,0.5620522220851853,true,0.022784829139709473
2025_16_MIN_NYG,1438,2,05:35,3,4,MIN,NYG,NYG,4.0,(5:35) (Shotgun) 9-J.McCarthy sacked at NYG 13 for -9 yards (57-C.Golston).,pass,-9.0,true,false,,,,,,,false,false,true,false,false,false,,false,-1.5834196945258738,false,-0.10761108994483948
2025_16_MIN_NYG,1458,2,04:53,4,13,MIN,NYG,NYG,13.0,"(4:53) 16-W.Reichard 31 yard field goal is GOOD, Center-42-A.DePaola, Holder-17-R.Wright.",field_goal,0.0,false,false,,,,,,,false,false,false,false,false,false,,false,0.18647344877965244,true,0.02641749382019043
2025_16_MIN_NYG,1481,2,04:50,,0,NYG,MIN,MIN,35.0,16-W.Reichard kicks 65 yards from MIN 35 to NYG 0. 80-G.Olszewski to NYG 29 for 29 yards (57-C.Chambliss; 0-I.Pace).,kickoff,0.0,false,false,,,,,,,false,false,false,false,false,false,,false,0.30102379037998617,true,0.006907403469085693
2025_16_MIN_NYG,1516,2,04:42,1,10,NYG,MIN,NYG,71.0,(4:42) (Shotgun) 6-J.Dart sacked at NYG 29 for 0 yards (50-L.Rodriguez).,pass,0.0,true,false,,,,,,,false,false,true,false,false,false,,false,-0.4036540527595207,false,-0.016864538192749023
2025_16_MIN_NYG,1536,2,03:51,2,10,NYG,MIN,NYG,71.0,(3:51) (Shotgun) 6-J.Dart pass incomplete deep right to 17-W.Robinson (2-I.Rodgers) [43-A.Van Ginkel].,pass,0.0,true,false,deep,right,28.0,,,,false,false,false,false,false,false,,false,-0.6502668156754225,false,-0.032120078802108765
2025_16_MIN_NYG,1559,2,03:45,3,10,NYG,MIN,NYG,71.0,"(3:45) (Shotgun) PENALTY on NYG, Delay of Game, 5 yards, enforced at NYG 29 - No Play.",no_play,0.0,true,false,,,,,,,false,false,false,false,false,true,5.0,false,-0.7311352597316727,false,-0.018371880054473877
2025_16_MIN_NYG,1583,2,03:45,3,15,NYG,MIN,NYG,76.0,(3:45) (Shotgun) 6-J.Dart pass short left intended for 84-T.Johnson INTERCEPTED by 7-B.Murphy at NYG 31. 7-B.Murphy ran ob at NYG 16 for 15 yards (64-A.Stinnie).,pass,0.0,true,false,short,left,7.0,,,,false,false,false,true,false,false,,false,-3.9607065917225555,false,-0.09943521022796631
2025_16_MIN_NYG,1615,2,03:39,1,10,MIN,NYG,NYG,16.0,(3:39) 33-A.Jones left guard to NYG 9 for 7 yards (8-J.Holland).,run,7.0,false,false,,,,,left,guard,false,false,false,false,false,false,,false,0.35175318611436523,true,0.022443652153015137
2025_16_MIN_NYG,1637,2,02:57,2,3,MIN,NYG,NYG,9.0,"(2:57) (Shotgun) 9-J.McCarthy pass incomplete short right to 30-C.Ham [95-R.Robertson-Harris]. PENALTY on MIN-67-J.Skule, Offensive Holding, 10 yards, enforced at NYG 9 - No Play.",no_play,0.0,true,false,,,,,,,false,false,false,false,false,true,10.0,false,-1.5877154161280487,false,-0.05271780490875244
2025_16_MIN_NYG,1671,2,02:51,2,13,MIN,NYG,NYG,19.0,(2:51) (Shotgun) 9-J.McCarthy pass short right to 33-A.Jones to NYG 12 for 7 yards (8-J.Holland).,pass,7.0,true,false,short,right,-3.0,10.0,,,true,false,false,false,false,false,,false,0.3527473363210447,true,0.02774292230606079
2025_16_MIN_NYG,1696,2,02:09,3,6,MIN,NYG,NYG,12.0,"(2:09) (Shotgun) 9-J.McCarthy scrambles right end for 12 yards, TOUCHDOWN.",run,12.0,true,false,,,,,right,end,false,true,false,false,false,false,,true,3.291336140653584,true,0.0870671201723553
2025_16_MIN_NYG,1708,2,02:09,,0,,,,,"Timeout #1 by MIN at 02:09.",no_play,0.0,false,false,,,,,,,false,false,false,false,false,false,,false,-0.0,false,-0.0
2025_16_MIN_NYG,1726,2,02:01,,0,MIN,NYG,NYG,15.0,"16-W.Reichard extra point is GOOD, Center-42-A.DePaola, Holder-17-R.Wright.",extra_point,0.0,false,false,,,,,,,false,false,false,false,false,false,,false,0.06757300310763314,true,0.0005257945281528231
2025_16_MIN_NYG,1741,2,02:01,,0,NYG,MIN,MIN,35.0,16-W.Reichard kicks 61 yards from MIN 35 to NYG 4. 80-G.Olszewski to NYG 30 for 26 yards (90-T.Ingram-Dawkins).,kickoff,0.0,false,false,,,,,,,false,false,false,false,false,false,,false,0.06954327027779073,true,0.004471734166145325
2025_16_MIN_NYG,1764,2,01:53,1,10,NYG,MIN,NYG,70.0,"(1:53) (Shotgun) 6-J.Dart pass incomplete short left to 89-I.Hodgins (7-B.Murphy). PENALTY on NYG-29-T.Tracy, Offensive Holding, 10 yards, enforced at NYG 30 - No Play.",no_play,0.0,true,false,,,,,,,false,false,false,false,false,true,10.0,false,-0.7200228202855214,false,-0.020132482051849365
2025_16_MIN_NYG,1805,2,01:48,1,20,NYG,MIN,NYG,80.0,(1:48) (Shotgun) 6-J.Dart pass short left to 17-W.Robinson to NYG 22 for 2 yards (2-I.Rodgers).,pass,2.0,true,false,short,left,2.0,0.0,,,true,false,false,false,false,false,,false,-0.09704220481216908,false,-0.008246496319770813
2025_16_MIN_NYG,1830,2,01:18,2,18,NYG,MIN,NYG,78.0,"(1:18) (No Huddle, Shotgun) 6-J.Dart pass incomplete short middle to 17-W.Robinson (43-A.Van Ginkel).",pass,0.0,true,true,short,middle,14.0,,,,false,false,false,false,false,false,,false,-0.34628728427924216,false,-0.01951843500137329
2025_16_MIN_NYG,1853,2,01:13,3,18,NYG,MIN,NYG,78.0,(1:13) (Shotgun) 6-J.Dart scrambles up the middle to NYG 26 for 4 yards (43-A.Van Ginkel).,run,4.0,true,false,,,,,middle,,false,false,false,false,false,false,,false,-0.37121616990771145,false,-0.014865085482597351
2025_16_MIN_NYG,1875,2,01:04,4,14,NYG,MIN,NYG,74.0,"(1:04) 12-J.Gillan punts 51 yards to MIN 23, Center-59-C.Kreiter. 4-M.Price to MIN 35 for 12 yards (23-A.Green).",punt,0.0,false,false,,,,,,,false,false,false,false,false,false,,false,-0.468632775824517,false,0.003317892551422119
2025_16_MIN_NYG,1887,2,01:04,,0,,,,,"Timeout #2 by MIN at 01:04.",no_play,0.0,false,false,,,,,,,false,false,false,false,false,false,,false,0.0,false,0.0
2025_16_MIN_NYG,1908,2,00:53,1,10,MIN,NYG,MIN,65.0,(:53) (Shotgun) 33-A.Jones right guard to MIN 41 for 6 yards (24-D.Belton).,run,6.0,true,false,,,,,right,guard,false,false,false,false,false,false,,false,-0.09342618694063276,false,0.003615736961364746
2025_16_MIN_NYG,1937,2,00:25,2,4,MIN,NYG,MIN,59.0,"(:25) (No Huddle, Shotgun) 9-J.McCarthy sacked at MIN 33 for -8 yards (0-B.Burns). FUMBLES (0-B.Burns) [0-B.Burns], RECOVERED by NYG-27-T.Nubin at MIN 27. 27-T.Nubin for 27 yards, TOUCHDOWN. MIN-9-J.McCarthy was injured during the play.",pass,-14.0,true,true,,,,,,,false,false,true,false,true,false,,true,-7.7324732365086675,false,-0.24667426231594647
2025_16_MIN_NYG,1968,2,00:17,,0,NYG,MIN,MIN,15.0,"30-B.Sauls extra point is GOOD, Center-59-C.Kreiter, Holder-12-J.Gillan.",extra_point,0.0,false,false,,,,,,,false,false,false,false,false,false,,false,0.06757300310763314,true,0.0020110976388875157
2025_16_MIN_NYG,1983,2,00:17,,0,MIN,NYG,NYG,35.0,"30-B.Sauls kicks 65 yards from NYG 35 to end zone, Touchback to the MIN 35.",kickoff,0.0,false,false,,,,,,,false,false,false,false,false,false,,false,-0.13253717712359503,false,0.015358209609985352
2025_16_MIN_NYG,2000,2,00:17,1,10,MIN,NYG,MIN,65.0,(:17) 12-M.Brosmer kneels to MIN 34 for -1 yards.,qb_kneel,-1.0,false,false,,,,,,,false,false,false,false,false,false,,false,0.0,false,
2025_16_MIN_NYG,2022,2,00:00,,0,,,,,END QUARTER 2,,,false,false,,,,,,,,,,,,,,,,,0.0
2025_16_MIN_NYG,2042,3,15:00,,0,NYG,MIN,MIN,35.0,16-W.Reichard kicks 50 yards from MIN 35 to NYG 15. 80-G.Olszewski to NYG 31 for 16 yards (40-S.Takitaki).,kickoff,0.0,false,false,,,,,,,false,false,false,false,false,false,,false,0.3705692880321294,true,0.006230950355529785
2025_16_MIN_NYG,2075,3,14:55,1,10,NYG,MIN,NYG,69.0,(14:55) 29-T.Tracy left guard to NYG 32 for 1 yard (51-B.Cashman; 99-E.Williams).,run,1.0,false,false,,,,,left,guard,false,false,false,false,false,false,,false,-0.399346953490749,false,-0.013206720352172852
2025_16_MIN_NYG,2097,3,14:25,2,9,NYG,MIN,NYG,68.0,"(14:25) (Shotgun) PENALTY on MIN-50-L.Rodriguez, Encroachment, 5 yards, enforced at NYG 32 - No Play.",no_play,0.0,true,false,,,,,,,false,false,false,false,false,true,5.0,false,0.7033032085746527,true,0.03194284439086914
2025_16_MIN_NYG,2121,3,14:08,2,4,NYG,MIN,NYG,63.0,"(14:08) 29-T.Tracy right end to NYG 38 for 1 yard (90-T.Ingram-Dawkins). PENALTY on NYG-85-C.Manhertz, Offensive Holding, 10 yards, enforced at NYG 37 - No Play.",no_play,0.0,false,false,,,,,,,false,false,false,false,false,true,10.0,false,-1.4644260620698333,false,-0.07185709476470947
2025_16_MIN_NYG,2157,3,13:36,2,14,NYG,MIN,NYG,73.0,"(13:36) (Shotgun) 6-J.Dart pass short middle to 82-D.Bellinger to NYG 40 for 13 yards (43-A.Van Ginkel; 24-J.Ward). PENALTY on MIN-15-D.Turner, Defensive Holding, 5 yards, enforced at NYG 27 - No Play.",no_play,0.0,true,false,,,,,,,false,true,false,false,false,true,5.0,false,1.3704117278102785,true,0.05195671319961548
2025_16_MIN_NYG,2193,3,13:16,1,10,NYG,MIN,NYG,68.0,(13:16) 29-T.Tracy right tackle to NYG 35 for 3 yards (93-J.Allen; 50-L.Rodriguez).,run,3.0,false,false,,,,,right,tackle,false,false,false,false,false,false,,false,-0.4253617550712079,false,-0.000954747200012207
2025_16_MIN_NYG,2225,3,12:47,2,7,NYG,MIN,NYG,65.0,"(12:47) (No Huddle, Shotgun) 29-T.Tracy up the middle to NYG 38 for 3 yards (51-B.Cashman; 61-J.Redmond).",run,3.0,true,true,,,,,middle,,false,false,false,false,false,false,,false,-0.3563279574736953,false,-0.018324047327041626
2025_16_MIN_NYG,2247,3,12:05,3,4,NYG,MIN,NYG,62.0,"(12:05) (Shotgun) PENALTY on NYG-64-A.Stinnie, False Start, 5 yards, enforced at NYG 38 - No Play.",no_play,0.0,true,false,,,,,,,false,false,false,false,false,true,5.0,false,-0.644075183197856,false,-0.026104360818862915
2025_16_MIN_NYG,2271,3,11:53,3,9,NYG,MIN,NYG,67.0,(11:53) (Shotgun) 6-J.Dart pass short left to 29-T.Tracy to NYG 37 for 4 yards (51-B.Cashman; 93-J.Allen).,pass,4.0,true,false,short,left,-4.0,8.0,,,true,false,false,false,false,false,,false,-1.0451136641204357,false,-0.018079280853271484
2025_16_MIN_NYG,2296,3,11:15,4,5,NYG,MIN,NYG,63.0,"(11:15) 12-J.Gillan punts 40 yards to MIN 23, Center-59-C.Kreiter, fair catch by 4-M.Price. PENALTY on MIN-0-I.Pace, Offensive Holding, 10 yards, enforced at MIN 23.",punt,0.0,false,false,,,,,,,false,false,false,false,false,true,10.0,false,0.435649664606899,true,0.03184819221496582
2025_16_MIN_NYG,2328,3,11:08,1,10,MIN,NYG,MIN,87.0,(11:08) 33-A.Jones left end ran ob at MIN 28 for 15 yards (58-B.Okereke).,run,15.0,false,false,,,,,left,end,false,true,false,false,false,false,,false,1.0003068041987717,true,0.01847553253173828
2025_16_MIN_NYG,2367,3,10:38,1,10,MIN,NYG,MIN,72.0,(10:38) 33-A.Jones right tackle to MIN 34 for 6 yards (58-B.Okereke; 21-P.Adebo).,run,6.0,false,false,,,,,right,tackle,false,false,false,false,false,false,,false,0.2650978951714933,true,0.008160889148712158
2025_16_MIN_NYG,2389,3,09:59,2,4,MIN,NYG,MIN,66.0,(9:59) 33-A.Jones right guard to MIN 39 for 5 yards (8-J.Holland). MIN-3-J.Addison was injured during the play.,run,5.0,false,false,,,,,right,guard,false,true,false,false,false,false,,false,0.5111881548073143,true,0.016152799129486084
2025_16_MIN_NYG,2414,3,09:37,1,10,MIN,NYG,MIN,61.0,(9:37) 12-M.Brosmer pass short right to 87-T.Hockenson pushed ob at MIN 41 for 2 yards (8-J.Holland).,pass,2.0,false,false,short,right,1.0,1.0,,,true,false,false,false,false,false,,false,-0.4193518317770213,false,0.004485368728637695
2025_16_MIN_NYG,2444,3,08:52,2,8,MIN,NYG,MIN,59.0,(8:52) 33-A.Jones left tackle to MIN 46 for 5 yards (0-B.Burns; 8-J.Holland).,run,5.0,false,false,,,,,left,tackle,false,false,false,false,false,false,,false,0.03627841081470251,true,-0.004618704319000244
2025_16_MIN_NYG,2466,3,08:09,3,3,MIN,NYG,MIN,54.0,(8:09) (Shotgun) 12-M.Brosmer pass short left to 13-T.Felton ran ob at NYG 48 for 6 yards.,pass,6.0,true,false,short,left,6.0,0.0,,,true,true,false,false,false,false,,false,1.2510826764628291,true,0.05665755271911621
2025_16_MIN_NYG,2496,3,07:34,1,10,MIN,NYG,NYG,48.0,"(7:34) 33-A.Jones left end to NYG 42 for 6 yards (2-D.Banks). PENALTY on MIN-87-T.Hockenson, Offensive Holding, 10 yards, enforced at NYG 48 - No Play.",no_play,0.0,false,false,,,,,,,false,false,false,false,false,true,10.0,false,-0.9082710570655763,false,-0.03077763319015503
2025_16_MIN_NYG,2529,3,07:09,1,20,MIN,NYG,MIN,58.0,(7:09) (Shotgun) 12-M.Brosmer pass short middle to 18-J.Jefferson to MIN 49 for 7 yards (22-A.Phillips) [51-A.Carter].,pass,7.0,true,false,short,middle,4.0,3.0,,,true,false,false,false,false,false,,false,-0.081335567869246,false,0.016127049922943115
2025_16_MIN_NYG,2554,3,06:27,2,13,MIN,NYG,MIN,51.0,(6:27) (Shotgun) 12-M.Brosmer pass short middle to 84-J.Oliver to NYG 44 for 7 yards (58-B.Okereke; 51-A.Carter).,pass,7.0,true,false,short,middle,6.0,1.0,,,true,false,false,false,false,false,,false,-0.004844802198931575,false,0.002718329429626465
2025_16_MIN_NYG,2584,3,05:40,3,6,MIN,NYG,NYG,44.0,(5:40) (Shotgun) 12-M.Brosmer pass incomplete deep right to 1-J.Nailor.,pass,0.0,true,false,deep,right,19.0,,,,false,false,false,false,false,false,,false,-1.771694497903809,false,-0.04085993766784668
2025_16_MIN_NYG,2607,3,05:35,4,6,MIN,NYG,NYG,44.0,"(5:35) 17-R.Wright punts 29 yards to NYG 15, Center-42-A.DePaola. 80-G.Olszewski pushed ob at NYG 20 for 5 yards (36-Z.Scott). PENALTY on MIN-40-S.Takitaki, Illegal Formation, 5 yards, enforced at NYG 20.",punt,0.0,false,false,,,,,,,false,false,false,false,false,true,5.0,false,-1.262466847896576,false,-0.054410338401794434
2025_16_MIN_NYG,2654,3,05:27,1,10,NYG,MIN,NYG,75.0,(5:27) (Shotgun) 26-D.Singletary left guard to NYG 33 for 8 yards (7-B.Murphy; 51-B.Cashman).,run,8.0,true,false,,,,,left,guard,false,false,false,false,false,false,,false,0.577620639000088,true,0.032580405473709106
2025_16_MIN_NYG,2683,3,04:58,2,2,NYG,MIN,NYG,67.0,(4:58) (Shotgun) 26-D.Singletary right tackle to NYG 38 for 5 yards (51-B.Cashman).,run,5.0,true,false,,,,,right,tackle,false,true,false,false,false,false,,false,0.21838454459793866,true,-0.0044019222259521484
2025_16_MIN_NYG,2705,3,04:19,1,10,NYG,MIN,NYG,62.0,(4:19) (Shotgun) 26-D.Singletary right tackle to NYG 38 for no gain (50-L.Rodriguez; 55-E.Wilson).,run,0.0,true,false,,,,,right,tackle,false,false,false,false,false,false,,false,-0.4937636125832796,false,-0.022096365690231323
2025_16_MIN_NYG,2727,3,03:41,2,10,NYG,MIN,NYG,62.0,"(3:41) (Shotgun) 6-J.Dart pass short left to 26-D.Singletary to NYG 37 for -1 yards (2-I.Rodgers, 51-B.Cashman).",pass,-1.0,true,false,short,left,-5.0,4.0,,,true,false,false,false,false,false,,false,-1.1494089143816382,false,-0.058107197284698486
2025_16_MIN_NYG,2752,3,02:53,3,11,NYG,MIN,NYG,63.0,"(2:53) (Shotgun) PENALTY on NYG-72-J.Eluemunor, False Start, 5 yards, enforced at NYG 37 - No Play.",no_play,0.0,true,false,,,,,,,false,false,false,false,false,true,5.0,false,-0.42225362127646804,false,-0.02892252802848816
2025_16_MIN_NYG,2776,3,02:33,3,16,NYG,MIN,NYG,68.0,(2:33) (Shotgun) 6-J.Dart pass short middle to 17-W.Robinson to NYG 46 for 14 yards (22-H.Smith).,pass,14.0,true,false,short,middle,14.0,0.0,,,true,false,false,false,false,false,,false,0.04282127786427736,true,0.02556893229484558
2025_16_MIN_NYG,2801,3,01:59,4,2,NYG,MIN,NYG,54.0,(1:59) (Shotgun) 6-J.Dart pass short middle to 18-D.Slayton to MIN 46 for 8 yards (51-B.Cashman).,pass,8.0,true,false,short,middle,4.0,4.0,,,true,true,false,false,false,false,,false,2.9567328351549804,true,0.1107465922832489
2025_16_MIN_NYG,2826,3,01:20,1,10,NYG,MIN,MIN,46.0,(1:20) 26-D.Singletary right tackle to MIN 42 for 4 yards (93-J.Allen).,run,4.0,false,false,,,,,right,tackle,false,false,false,false,false,false,,false,-0.2971869274042547,false,0.009006917476654053
2025_16_MIN_NYG,2848,3,00:39,2,6,NYG,MIN,MIN,42.0,(:39) 6-J.Dart sacked at MIN 48 for -6 yards (93-J.Allen). NYG-61-J.Schmitz was injured during the play.,pass,-6.0,false,false,,,,,,,false,false,true,false,false,false,,false,-1.725323663558811,false,-0.10075634717941284
2025_16_MIN_NYG,2871,3,00:00,,0,NYG,MIN,,,END QUARTER 3,,,false,false,,,,,,,,,,,,,,,0.0,false,0.0
2025_16_MIN_NYG,2891,4,15:00,3,12,NYG,MIN,MIN,48.0,"(15:00) (Shotgun) 6-J.Dart sacked at NYG 40 for -12 yards (55-E.Wilson). PENALTY on MIN-55-E.Wilson, Roughing the Passer, 15 yards, enforced at MIN 48 - No Play.",no_play,0.0,true,false,,,,,,,false,true,false,false,false,true,15.0,false,2.684963066945784,true,0.1387331187725067
2025_16_MIN_NYG,2923,4,14:38,1,10,NYG,MIN,MIN,33.0,(14:38) (Shotgun) 26-D.Singletary up the middle to MIN 29 for 4 yards (99-E.Williams).,run,4.0,true,false,,,,,middle,,false,false,false,false,false,false,,false,-0.08018832444213331,false,0.003184795379638672
2025_16_MIN_NYG,2945,4,14:07,2,6,NYG,MIN,MIN,29.0,(14:07) 26-D.Singletary right end to MIN 21 for 8 yards (51-B.Cashman; 43-A.Van Ginkel).,run,8.0,false,false,,,,,right,end,false,true,false,false,false,false,,false,0.9352837582118809,true,0.04592496156692505
2025_16_MIN_NYG,2967,4,13:29,1,10,NYG,MIN,MIN,21.0,(13:29) 26-D.Singletary left tackle to MIN 17 for 4 yards (2-I.Rodgers).,run,4.0,false,false,,,,,left,tackle,false,false,false,false,false,false,,false,-0.11470676463795826,false,-0.01271754503250122
2025_16_MIN_NYG,2989,4,13:03,2,6,NYG,MIN,MIN,17.0,"(13:03) (No Huddle) 26-D.Singletary left tackle to MIN 17 for no gain (55-E.Wilson). PENALTY on NYG-64-A.Stinnie, Offensive Holding, 10 yards, enforced at MIN 17 - No Play.",no_play,0.0,false,true,,,,,,,false,false,false,false,false,true,10.0,false,-1.2138223925721832,false,-0.043987810611724854
2025_16_MIN_NYG,3022,4,12:36,2,16,NYG,MIN,MIN,27.0,(12:36) (Shotgun) 6-J.Dart pass short right to 29-T.Tracy to MIN 24 for 3 yards (23-F.Moreau).,pass,3.0,true,false,short,right,0.0,3.0,,,true,false,false,false,false,false,,false,-0.24295154900755733,false,-0.02610519528388977
2025_16_MIN_NYG,3052,4,11:52,3,13,NYG,MIN,MIN,24.0,(11:52) (Shotgun) 6-J.Dart pass short left to 17-W.Robinson to MIN 21 for 3 yards (51-B.Cashman).,pass,3.0,true,false,short,left,3.0,0.0,,,true,false,false,false,false,false,,false,-0.6938284498181799,false,-0.02236536145210266
2025_16_MIN_NYG,3077,4,11:10,4,10,NYG,MIN,MIN,21.0,"(11:10) 30-B.Sauls 39 yard field goal is GOOD, Center-59-C.Kreiter, Holder-12-J.Gillan.",field_goal,0.0,false,false,,,,,,,false,false,false,false,false,false,,false,0.6142373532064864,true,0.04638403654098511
2025_16_MIN_NYG,3106,4,11:06,,0,MIN,NYG,NYG,35.0,"30-B.Sauls kicks 63 yards from NYG 35 to MIN 2. 4-M.Price pushed ob at MIN 31 for 29 yards (24-D.Belton; 46-Z.Barnes). Penalty on MIN-0-I.Pace, Offensive Holding, offsetting, enforced at MIN 31. Penalty on NYG-23-A.Green, Unnecessary Roughness, offsetting.",kickoff,0.0,false,false,,,,,,,false,false,false,false,false,false,,false,0.2730977716855705,true,0.005982488393783569
2025_16_MIN_NYG,3162,4,10:59,1,10,MIN,NYG,MIN,69.0,(10:59) (Shotgun) 33-A.Jones right end to MIN 33 for 2 yards (58-B.Okereke; 57-C.Golston). ** Injury Update: MIN-3-J.Addison has returned to the game.,run,2.0,true,false,,,,,right,end,false,false,false,false,false,false,,false,-0.4439014005474746,false,-0.018877089023590088
2025_16_MIN_NYG,3184,4,10:20,2,8,MIN,NYG,MIN,67.0,(10:20) (Shotgun) 12-M.Brosmer sacked at MIN 24 for -9 yards (51-A.Carter). NYG-0-B.Burns was injured during the play.,pass,-9.0,true,false,,,,,,,false,false,true,false,false,false,,false,-1.6436606841161847,false,-0.06650030612945557
2025_16_MIN_NYG,3210,4,09:44,3,17,MIN,NYG,MIN,76.0,(9:44) (Shotgun) 12-M.Brosmer pass deep left to 18-J.Jefferson ran ob at MIN 45 for 21 yards.,pass,21.0,true,false,deep,left,21.0,0.0,,,true,true,false,false,false,false,,false,2.9648643534164876,true,0.11781606078147888
2025_16_MIN_NYG,3247,4,09:18,1,10,MIN,NYG,MIN,55.0,(9:18) (No Huddle) 30-C.Ham up the middle to MIN 48 for 3 yards (95-R.Robertson-Harris; 57-C.Golston).,run,3.0,false,true,,,,,middle,,false,false,false,false,false,false,,false,-0.17912872484885156,false,-0.001369178295135498
2025_16_MIN_NYG,3269,4,08:38,2,7,MIN,NYG,MIN,52.0,"(8:38) 33-A.Jones up the middle to 50 for 2 yards (58-B.Okereke). PENALTY on NYG-97-D.Lawrence, Defensive Holding, 5 yards, enforced at 50.",run,2.0,false,false,,,,,middle,,false,true,false,false,false,true,5.0,false,0.7909817846957594,true,0.0314105749130249
2025_16_MIN_NYG,3302,4,08:06,1,10,MIN,NYG,NYG,45.0,(8:06) 12-M.Brosmer pass incomplete short middle to 84-J.Oliver [51-A.Carter].,pass,0.0,false,false,short,middle,4.0,,,,false,false,false,false,false,false,,false,-0.4033519078511745,false,-0.025004267692565918
2025_16_MIN_NYG,3325,4,08:03,2,10,MIN,NYG,NYG,45.0,"(8:03) (Shotgun) PENALTY on NYG-97-D.Lawrence, Neutral Zone Infraction, 5 yards, enforced at NYG 45 - No Play.",no_play,0.0,true,false,,,,,,,false,false,false,false,false,true,5.0,false,0.5276067912345752,true,0.04565662145614624
2025_16_MIN_NYG,3349,4,08:03,2,5,MIN,NYG,NYG,40.0,(8:03) 33-A.Jones right tackle to NYG 36 for 4 yards (58-B.Okereke).,run,4.0,false,false,,,,,right,tackle,false,false,false,false,false,false,,false,0.14322628849186003,true,0.005085170269012451
2025_16_MIN_NYG,3371,4,07:48,3,1,MIN,NYG,NYG,36.0,(7:48) 33-A.Jones left end pushed ob at NYG 30 for 6 yards (58-B.Okereke). ** Injury Update: NYG-0-B.Burns has returned to the game.,run,6.0,false,false,,,,,left,end,false,true,false,false,false,false,,false,0.713785152300261,true,0.038062870502471924
2025_16_MIN_NYG,3398,4,07:08,1,10,MIN,NYG,NYG,30.0,(7:08) 33-A.Jones right end to NYG 27 for 3 yards (95-R.Robertson-Harris).,run,3.0,false,false,,,,,right,end,false,false,false,false,false,false,,false,-0.1466319063329138,false,-0.0018848180770874023
2025_16_MIN_NYG,3423,4,06:24,2,7,MIN,NYG,NYG,27.0,(6:24) 12-M.Brosmer pass short left to 36-Z.Scott to NYG 19 for 8 yards (58-B.Okereke).,pass,8.0,false,false,short,left,-5.0,13.0,,,true,true,false,false,false,false,,false,0.8820578607846983,true,0.06301921606063843
2025_16_MIN_NYG,3448,4,05:40,1,10,MIN,NYG,NYG,19.0,(5:40) 33-A.Jones left guard to NYG 17 for 2 yards (27-T.Nubin; 95-R.Robertson-Harris).,run,2.0,false,false,,,,,left,guard,false,false,false,false,false,false,,false,-0.30930904229171574,false,-0.020048320293426514
2025_16_MIN_NYG,3460,4,05:40,,0,,,,,"Timeout #1 by NYG at 05:40.",no_play,0.0,false,false,,,,,,,false,false,false,false,false,false,,false,-0.0,false,-0.0
2025_16_MIN_NYG,3492,4,04:59,2,8,MIN,NYG,NYG,17.0,(4:59) 33-A.Jones up the middle to NYG 13 for 4 yards (0-B.Burns; 24-D.Belton). NYG-27-T.Nubin was injured during the play. ** Injury Update: NYG-0-B.Burns has returned to the game.,run,4.0,false,false,,,,,middle,,false,false,false,false,false,false,,false,-0.05368463596096262,false,-0.018463850021362305
2025_16_MIN_NYG,3517,4,04:23,3,4,MIN,NYG,NYG,13.0,(4:23) (Shotgun) 12-M.Brosmer pass short left to 33-A.Jones to NYG 12 for 1 yard (58-B.Okereke).,pass,1.0,true,false,short,left,-2.0,3.0,,,true,false,false,false,false,false,,false,-1.3170842970704033,false,-0.02758777141571045
2025_16_MIN_NYG,3552,4,04:18,4,3,MIN,NYG,NYG,12.0,"(4:18) 16-W.Reichard 30 yard field goal is GOOD, Center-42-A.DePaola, Holder-17-R.Wright.",field_goal,0.0,false,false,,,,,,,false,false,false,false,false,false,,false,0.16869287792186505,true,0.005758166313171387
2025_16_MIN_NYG,3572,4,04:15,,0,NYG,MIN,MIN,35.0,16-W.Reichard kicks 61 yards from MIN 35 to NYG 4. 2-D.Banks pushed ob at NYG 34 for 30 yards (0-I.Pace; 40-S.Takitaki).,kickoff,0.0,false,false,,,,,,,false,false,false,false,false,false,,false,0.5239687169669196,true,0.021353930234909058
2025_16_MIN_NYG,3612,4,04:08,1,10,NYG,MIN,NYG,66.0,(4:08) (Shotgun) 29-T.Tracy left tackle to NYG 35 for 1 yard (93-J.Allen; 61-J.Redmond).,run,1.0,true,false,,,,,left,tackle,false,false,false,false,false,false,,false,-0.5041761019965634,false,-0.056999921798706055
2025_16_MIN_NYG,3634,4,03:30,2,9,NYG,MIN,NYG,65.0,"(3:30) (No Huddle, Shotgun) 6-J.Dart pass incomplete short middle to 18-D.Slayton.",pass,0.0,true,true,short,middle,15.0,,,,false,false,false,false,false,false,,false,-0.5313310970086604,false,-0.038405805826187134
2025_16_MIN_NYG,3669,4,03:24,3,9,NYG,MIN,NYG,65.0,"(3:24) (Shotgun) 6-J.Dart pass incomplete short right to 17-W.Robinson. PENALTY on MIN-7-B.Murphy, Illegal Contact, 5 yards, enforced at NYG 35 - No Play.",no_play,0.0,true,false,,,,,,,false,true,false,false,false,true,5.0,false,1.3044964228756726,true,0.07974573969841003
2025_16_MIN_NYG,3703,4,03:20,1,10,NYG,MIN,NYG,60.0,(3:20) 29-T.Tracy right tackle to NYG 45 for 5 yards (51-B.Cashman).,run,5.0,false,false,,,,,right,tackle,false,false,false,false,false,false,,false,0.09524978313129395,true,0.002695798873901367
2025_16_MIN_NYG,3725,4,02:50,2,5,NYG,MIN,NYG,55.0,(2:50) (No Huddle) 29-T.Tracy right tackle to NYG 47 for 2 yards (93-J.Allen).,run,2.0,false,true,,,,,right,tackle,false,false,false,false,false,false,,false,-0.08053973957430571,false,-0.021890729665756226
2025_16_MIN_NYG,3747,4,02:08,3,3,NYG,MIN,NYG,53.0,(2:08) (Shotgun) 6-J.Dart pass incomplete short middle to 17-W.Robinson (61-J.Redmond).,pass,0.0,true,false,short,middle,6.0,,,,false,false,false,false,false,false,,false,-1.4344586442457512,false,-0.08157193660736084
2025_16_MIN_NYG,3770,4,02:05,4,3,NYG,MIN,NYG,53.0,(2:05) (Shotgun) 6-J.Dart sacked at NYG 39 for -8 yards (43-A.Van Ginkel).,pass,-8.0,true,false,,,,,,,false,false,true,false,false,false,,false,-3.0407626144005917,false,-0.21785306930541992
2025_16_MIN_NYG,3790,4,01:58,1,10,MIN,NYG,NYG,39.0,(1:58) 33-A.Jones right tackle to NYG 40 for -1 yards (97-D.Lawrence). ** Injury Update: NYG-27-T.Nubin has returned to the game.,run,-1.0,false,false,,,,,right,tackle,false,false,false,false,false,false,,false,-1.1508119992213324,false,-0.004193544387817383
2025_16_MIN_NYG,3819,4,01:53,2,11,MIN,NYG,NYG,40.0,(1:53) 33-A.Jones up the middle to NYG 37 for 3 yards (27-T.Nubin; 58-B.Okereke).,run,3.0,false,false,,,,,middle,,false,false,false,false,false,false,,false,-1.2140559295658022,false,-0.004281103610992432
2025_16_MIN_NYG,3831,4,01:53,,0,,,,,"Timeout #2 by NYG at 01:53.",no_play,0.0,false,false,,,,,,,false,false,false,false,false,false,,false,-0.0,false,-0.0
2025_16_MIN_NYG,3851,4,01:49,3,8,MIN,NYG,NYG,37.0,(1:49) 33-A.Jones right guard to NYG 28 for 9 yards (27-T.Nubin).,run,9.0,false,false,,,,,right,guard,false,true,false,false,false,false,,false,1.2900455510243773,true,0.04262220859527588
2025_16_MIN_NYG,3863,4,01:49,,0,,,,,"Timeout #3 by NYG at 01:49.",no_play,0.0,false,false,,,,,,,false,false,false,false,false,false,,false,-0.0,false,-0.0
2025_16_MIN_NYG,3880,4,01:05,1,10,MIN,NYG,NYG,28.0,(1:05) 12-M.Brosmer kneels to NYG 29 for -1 yards.,qb_kneel,-1.0,false,false,,,,,,,false,false,false,false,false,false,,false,-0.28412275534356013,false,
2025_16_MIN_NYG,3902,4,00:36,2,11,MIN,NYG,NYG,29.0,(:36) 12-M.Brosmer kneels to NYG 30 for -1 yards.,qb_kneel,-1.0,false,false,,,,,,,false,false,false,false,false,false,,false,-1.6411263869376853,false,
2025_16_MIN_NYG,3924,4,00:00,,0,MIN,NYG,,,END GAME,,,false,false,,,,,,,,,,,,,,,,,
2025_17_DET_MIN,1,1,15:00,,0,,,,,GAME,,,false,false,,,,,,,,,,,,,,,0.0,false,0.0
2025_17_DET_MIN,39,1,15:00,,0,MIN,DET,DET,35.0,39-J.Bates kicks 64 yards from DET 35 to MIN 1. 4-M.Price to MIN 25 for 24 yards (33-S.Vaki). MIN-4-M.Price was injured during the play.,kickoff,0.0,false,false,,,,,,,false,false,false,false,false,false,,false,-0.0040657916106283665,false,0.0
2025_17_DET_MIN,62,1,14:56,1,10,MIN,DET,MIN,75.0,(14:56) 12-M.Brosmer pass incomplete short right.,pass,0.0,false,false,short,right,5.0,,,,false,false,false,false,false,false,,false,-0.6324215740896761,false,-0.01823192834854126
2025_17_DET_MIN,95,1,14:50,2,10,MIN,DET,MIN,75.0,(14:50) 33-A.Jones left tackle to MIN 26 for 1 yard (23-R.Ya-Sin).,run,1.0,false,false,,,,,left,tackle,false,false,false,false,false,false,,false,-0.7558385422453284,false,-0.029710888862609863
2025_17_DET_MIN,117,1,14:08,3,9,MIN,DET,MIN,74.0,(14:08) (Shotgun) 12-M.Brosmer sacked at MIN 19 for -7 yards (34-A.Anzalone).,pass,-7.0,true,false,,,,,,,false,false,true,false,false,false,,false,-2.226402497384697,false,-0.04400774836540222
2025_17_DET_MIN,137,1,13:32,4,16,MIN,DET,MIN,81.0,"(13:32) 17-R.Wright punts 48 yards to DET 33, Center-42-A.DePaola. 11-K.Raymond to DET 37 for 4 yards (40-S.Takitaki; 32-T.Chandler).",punt,0.0,false,false,,,,,,,false,false,false,false,false,false,,false,-0.05963797541335225,false,0.023254424333572388
2025_17_DET_MIN,163,1,13:23,1,10,DET,MIN,DET,63.0,(13:23) 16-J.Goff pass short right to 14-A.St. Brown pushed ob at DET 48 for 11 yards (24-J.Ward).,pass,11.0,false,false,short,right,3.0,8.0,,,true,true,false,false,false,false,,false,0.7695077364332974,true,0.025201082229614258
2025_17_DET_MIN,193,1,12:52,1,10,DET,MIN,DET,52.0,(12:52) 0-J.Gibbs left tackle to MIN 48 for 4 yards (50-L.Rodriguez).,run,4.0,false,false,,,,,left,tackle,false,false,false,false,false,false,,false,-0.20323916128836572,false,-0.010336041450500488
2025_17_DET_MIN,215,1,12:15,2,6,DET,MIN,MIN,48.0,(12:15) (Shotgun) 16-J.Goff sacked at DET 45 for -7 yards (22-H.Smith).,pass,-7.0,true,false,,,,,,,false,false,true,false,false,false,,false,-1.9544836573768407,false,-0.06176328659057617
2025_17_DET_MIN,235,1,11:39,3,13,DET,MIN,DET,55.0,(11:39) (Shotgun) 16-J.Goff pass short left to 0-J.Gibbs to MIN 45 for 10 yards (51-B.Cashman).,pass,10.0,true,false,short,left,0.0,10.0,,,true,false,false,false,false,false,,false,-0.29935396020300686,false,0.006004959344863892
2025_17_DET_MIN,260,1,10:53,4,3,DET,MIN,MIN,45.0,"(10:53) (Shotgun) PENALTY on DET-65-K.Eguakun, False Start, 5 yards, enforced at MIN 45 - No Play.",no_play,0.0,true,false,,,,,,,false,false,false,false,false,true,5.0,false,-0.6583546500187367,false,-0.009559601545333862
2025_17_DET_MIN,284,1,10:42,4,8,DET,MIN,50,50.0,"(10:42) 3-J.Fox punts 50 yards to end zone, Center-49-H.Hatten, Touchback.",punt,0.0,false,false,,,,,,,false,false,false,false,false,false,,false,-0.7611934700980783,false,-0.013834774494171143
2025_17_DET_MIN,302,1,10:34,1,10,MIN,DET,MIN,80.0,(10:34) 33-A.Jones right guard to MIN 23 for 3 yards (12-T.Harper; 97-A.Hutchinson).,run,3.0,false,false,,,,,right,guard,false,false,false,false,false,false,,false,-0.48321907222270966,false,-0.008393645286560059
2025_17_DET_MIN,331,1,09:58,2,7,MIN,DET,MIN,77.0,"(9:58) 12-M.Brosmer pass incomplete short left. PENALTY on DET-23-R.Ya-Sin, Defensive Holding, 5 yards, enforced at MIN 23 - No Play.",no_play,0.0,false,false,,,,,,,false,true,false,false,false,true,5.0,false,0.9856393118388951,true,0.019641637802124023
2025_17_DET_MIN,365,1,09:51,1,10,MIN,DET,MIN,72.0,(9:51) (Shotgun) 12-M.Brosmer pass short left to 18-J.Jefferson pushed ob at MIN 33 for 5 yards (2-D.Thomas).,pass,5.0,true,false,short,left,-7.0,12.0,,,true,false,false,false,false,false,,false,0.03238304425030947,true,0.00040924549102783203
2025_17_DET_MIN,395,1,09:12,2,5,MIN,DET,MIN,67.0,(9:12) 33-A.Jones up the middle to MIN 43 for 10 yards (4-D.Reed; 12-T.Harper).,run,10.0,false,false,,,,,middle,,false,true,false,false,false,false,,false,0.9449226658325642,true,0.026465892791748047
2025_17_DET_MIN,417,1,08:31,1,10,MIN,DET,MIN,57.0,(8:31) (Shotgun) 12-M.Brosmer pass short right to 18-J.Jefferson to DET 48 for 9 yards (4-D.Reed; 55-D.Barnes).,pass,9.0,true,false,short,right,6.0,3.0,,,true,false,false,false,false,false,,false,0.5571924704127014,true,0.008598566055297852
2025_17_DET_MIN,442,1,07:47,2,1,MIN,DET,DET,48.0,(7:47) 33-A.Jones left guard to DET 48 for no gain (51-R.Lopez).,run,0.0,false,false,,,,,left,guard,false,false,false,false,false,false,,false,-0.6369167806115001,false,-0.031157732009887695
2025_17_DET_MIN,454,1,07:47,,0,,,,,"Timeout #1 by MIN at 07:47.",no_play,0.0,false,false,,,,,,,false,false,false,false,false,false,,false,0.0,false,0.0
2025_17_DET_MIN,471,1,07:03,3,1,MIN,DET,DET,48.0,(7:03) (Shotgun) 12-M.Brosmer scrambles right end ran ob at DET 37 for 11 yards (55-D.Barnes).,run,11.0,true,false,,,,,right,end,false,true,false,false,false,false,,false,1.1495303369592875,true,0.0705711841583252
2025_17_DET_MIN,503,1,06:23,1,10,MIN,DET,DET,37.0,(6:23) (Shotgun) 33-A.Jones left tackle to DET 32 for 5 yards (2-D.Thomas).,run,5.0,true,false,,,,,left,tackle,false,false,false,false,false,false,,false,0.08446185768116266,true,-0.011868894100189209
2025_17_DET_MIN,525,1,05:48,2,5,MIN,DET,DET,32.0,(5:48) (Shotgun) 12-M.Brosmer pass short right to 33-A.Jones to DET 36 for -4 yards (2-D.Thomas).,pass,-4.0,true,false,short,right,-6.0,2.0,,,true,false,false,false,false,false,,false,-1.4204837766010314,false,-0.03748220205307007
2025_17_DET_MIN,550,1,05:03,3,9,MIN,DET,DET,36.0,(5:03) (Shotgun) 12-M.Brosmer sacked at MIN 49 for -15 yards (97-A.Hutchinson).,pass,-15.0,true,false,,,,,,,false,false,true,false,false,false,,false,-2.6773370337905362,false,-0.0964396595954895
2025_17_DET_MIN,581,1,04:44,4,24,MIN,DET,MIN,51.0,"(4:44) 17-R.Wright punts 45 yards to DET 6, Center-42-A.DePaola. 11-K.Raymond to DET 9 for 3 yards (37-T.Thomas).",punt,0.0,false,false,,,,,,,false,false,false,false,false,false,,false,-0.23858020827174187,false,0.043171703815460205
2025_17_DET_MIN,607,1,04:35,1,10,DET,MIN,DET,91.0,(4:35) 0-J.Gibbs up the middle to DET 13 for 4 yards (15-D.Turner; 24-J.Ward).,run,4.0,false,false,,,,,middle,,false,false,false,false,false,false,,false,-0.24370904476381838,false,0.0029643774032592773
2025_17_DET_MIN,636,1,03:59,2,6,DET,MIN,DET,87.0,"(3:59) 5-D.Montgomery up the middle to DET 19 for 6 yards (51-B.Cashman; 43-A.Van Ginkel). Minnesota challenged the first down ruling, and the play was REVERSED. 5-D.Montgomery up the middle to DET 18 for 5 yards (51-B.Cashman; 43-A.Van Ginkel).",run,5.0,false,false,,,,,middle,,false,false,false,false,false,false,,false,0.23794509656727314,true,-0.009083181619644165
2025_17_DET_MIN,658,1,03:46,3,1,DET,MIN,DET,82.0,"(3:46) 16-J.Goff FUMBLES (Aborted) at DET 18, RECOVERED by MIN-43-A.Van Ginkel at DET 16.",run,0.0,false,false,,,,,,,false,false,false,false,true,false,,false,-5.615162733825855,false,-0.12400588393211365
2025_17_DET_MIN,712,1,03:42,1,10,MIN,DET,DET,16.0,(3:42) 33-A.Jones up the middle to DET 7 for 9 yards (12-T.Harper).,run,9.0,false,false,,,,,middle,,false,false,false,false,false,false,,false,0.6980581048992462,true,0.03909111022949219
2025_17_DET_MIN,734,1,03:03,2,1,MIN,DET,DET,7.0,(3:03) 33-A.Jones right guard to DET 5 for 2 yards (2-D.Thomas; 97-A.Hutchinson).,run,2.0,false,false,,,,,right,guard,false,true,false,false,false,false,,false,0.12075380404712632,true,-0.01764678955078125
2025_17_DET_MIN,756,1,02:24,1,5,MIN,DET,DET,5.0,(2:24) (Shotgun) 12-M.Brosmer pass incomplete short left to 18-J.Jefferson.,pass,0.0,true,false,short,left,5.0,,,,false,false,false,false,false,false,,false,-0.4097191336331889,false,-0.01209402084350586
2025_17_DET_MIN,779,1,02:21,2,5,MIN,DET,DET,5.0,(2:21) (Shotgun) 33-A.Jones up the middle to DET 1 for 4 yards (97-A.Hutchinson).,run,4.0,true,false,,,,,middle,,false,false,false,false,false,false,,false,0.3887429077294655,true,0.008197307586669922
2025_17_DET_MIN,801,1,01:38,3,1,MIN,DET,DET,1.0,"(1:38) 33-A.Jones left tackle for 1 yard, TOUCHDOWN.",run,1.0,false,false,,,,,left,tackle,false,true,false,false,false,false,,true,1.013610053632874,true,0.02934259630744296
2025_17_DET_MIN,824,1,01:35,,0,MIN,DET,DET,15.0,"16-W.Reichard extra point is GOOD, Center-42-A.DePaola, Holder-17-R.Wright.",extra_point,0.0,false,false,,,,,,,false,false,false,false,false,false,,false,0.05117156607063911,true,0.001337106451346104
2025_17_DET_MIN,839,1,01:35,,0,DET,MIN,MIN,35.0,16-W.Reichard kicks 60 yards from MIN 35 to DET 5. 85-T.Kennedy pushed ob at DET 30 for 25 yards (30-C.Ham).,kickoff,0.0,false,false,,,,,,,false,false,false,false,false,false,,false,0.2824899833649397,true,0.005969792604446411
2025_17_DET_MIN,879,1,01:31,1,10,DET,MIN,DET,70.0,(1:31) 5-D.Montgomery up the middle to DET 32 for 2 yards (51-B.Cashman).,run,2.0,false,false,,,,,middle,,false,false,false,false,false,false,,false,-0.4099757634103298,false,-0.008940428495407104
2025_17_DET_MIN,901,1,00:45,2,8,DET,MIN,DET,68.0,(:45) (Shotgun) 16-J.Goff pass short middle to 1-J.Williams to DET 47 for 15 yards (2-I.Rodgers).,pass,15.0,true,false,short,middle,15.0,0.0,,,true,true,false,false,false,false,,false,1.477725172881037,true,0.03925403952598572
2025_17_DET_MIN,931,1,00:00,,0,DET,MIN,,,END QUARTER 1,,,false,false,,,,,,,,,,,,,,,-0.0,false,-0.0
2025_17_DET_MIN,951,2,15:00,1,10,DET,MIN,DET,53.0,(15:00) 0-J.Gibbs left guard to MIN 49 for 4 yards (15-D.Turner; 93-J.Allen).,run,4.0,false,false,,,,,left,guard,false,false,false,false,false,false,,false,-0.22453963104635477,false,-0.006625145673751831
2025_17_DET_MIN,973,2,14:22,2,6,DET,MIN,MIN,49.0,"(14:22) 0-J.Gibbs left tackle to MIN 47 for 2 yards (55-E.Wilson; 51-B.Cashman). FUMBLES (55-E.Wilson), RECOVERED by MIN-7-B.Murphy at DET 47.",run,-4.0,false,false,,,,,left,tackle,false,false,false,false,true,false,,false,-5.575500705628656,false,-0.09030008316040039
2025_17_DET_MIN,1011,2,14:15,1,10,MIN,DET,DET,47.0,(14:15) 33-A.Jones left end to DET 45 for 2 yards (55-D.Barnes; 2-D.Thomas).,run,2.0,false,false,,,,,left,end,false,false,false,false,false,false,,false,-0.5076955243712291,false,0.0024116039276123047
2025_17_DET_MIN,1033,2,13:30,2,8,MIN,DET,DET,45.0,(13:30) (Shotgun) 12-M.Brosmer pass short middle to 89-B.Sims to DET 42 for 3 yards (34-A.Anzalone) [97-A.Hutchinson].,pass,3.0,true,false,short,middle,3.0,0.0,,,true,false,false,false,false,false,,false,-0.47263815556652844,false,-0.010200858116149902
2025_17_DET_MIN,1058,2,12:47,3,5,MIN,DET,DET,42.0,"(12:47) (Shotgun) PENALTY on MIN-64-B.Brandel, False Start, 5 yards, enforced at DET 42 - No Play.",no_play,0.0,true,false,,,,,,,false,false,false,false,false,true,5.0,false,-0.5011080515105277,false,-0.020078659057617188
2025_17_DET_MIN,1082,2,12:21,3,10,MIN,DET,DET,47.0,"(12:21) (Shotgun) PENALTY on MIN-1-J.Nailor, False Start, 5 yards, enforced at DET 47 - No Play.",no_play,0.0,true,false,,,,,,,false,false,false,false,false,true,5.0,false,-0.7511977406684309,false,-0.009153604507446289
2025_17_DET_MIN,1106,2,11:55,3,15,MIN,DET,MIN,52.0,(11:55) (Shotgun) 12-M.Brosmer sacked at MIN 41 for -7 yards (97-A.Hutchinson).,pass,-7.0,true,false,,,,,,,false,false,true,false,false,false,,false,-1.5146147459745407,false,-0.02527177333831787
2025_17_DET_MIN,1126,2,11:20,4,22,MIN,DET,MIN,59.0,"(11:20) 17-R.Wright punts 59 yards to end zone, Center-42-A.DePaola, Touchback.",punt,0.0,false,false,,,,,,,false,false,false,false,false,false,,false,-0.5135935482103378,false,0.013194799423217773
2025_17_DET_MIN,1149,2,11:13,1,10,DET,MIN,DET,80.0,(11:13) 16-J.Goff sacked at DET 14 for -6 yards (43-A.Van Ginkel).,pass,-6.0,false,false,,,,,,,false,false,true,false,false,false,,false,-1.6135759975295514,false,-0.027461975812911987
2025_17_DET_MIN,1176,2,10:25,2,16,DET,MIN,DET,86.0,(10:25) (Shotgun) 16-J.Goff pass incomplete short middle to 0-J.Gibbs.,pass,0.0,true,false,short,middle,9.0,,,,false,false,false,false,false,false,,false,-0.7610135651193559,false,-0.018557533621788025
2025_17_DET_MIN,1199,2,10:22,3,16,DET,MIN,DET,86.0,(10:22) (Shotgun) 16-J.Goff pass deep middle to 18-I.TeSlaa to DET 42 for 28 yards (23-F.Moreau).,pass,28.0,true,false,deep,middle,17.0,11.0,,,true,true,false,false,false,false,,false,3.5888693653978407,true,0.08715112507343292
2025_17_DET_MIN,1224,2,09:42,1,10,DET,MIN,DET,58.0,(9:42) 0-J.Gibbs left tackle to DET 43 for 1 yard (2-I.Rodgers; 51-B.Cashman).,run,1.0,false,false,,,,,left,tackle,false,false,false,false,false,false,,false,-0.45224366639740765,false,-0.008111357688903809
2025_17_DET_MIN,1246,2,08:57,2,9,DET,MIN,DET,57.0,(8:57) (Shotgun) 16-J.Goff pass incomplete short left to 1-J.Williams (22-H.Smith).,pass,0.0,true,false,short,left,-1.0,,,,false,false,false,false,false,false,,false,-0.782342633465305,false,-0.02641245722770691
2025_17_DET_MIN,1269,2,08:55,3,9,DET,MIN,DET,57.0,(8:55) (Shotgun) 16-J.Goff pass short left to 14-A.St. Brown to MIN 44 for 13 yards (51-B.Cashman).,pass,13.0,true,false,short,left,13.0,0.0,,,true,true,false,false,false,false,,false,2.0219109570607543,true,0.053476572036743164
2025_17_DET_MIN,1294,2,08:24,1,10,DET,MIN,MIN,44.0,(8:24) 0-J.Gibbs right end to MIN 36 for 8 yards (24-J.Ward).,run,8.0,false,false,,,,,right,end,false,false,false,false,false,false,,false,0.5762759571662173,true,0.02077263593673706
2025_17_DET_MIN,1316,2,07:44,2,2,DET,MIN,MIN,36.0,(7:44) 0-J.Gibbs left guard to MIN 30 for 6 yards (22-H.Smith).,run,6.0,false,false,,,,,left,guard,false,true,false,false,false,false,,false,0.2628970933146775,true,0.010830461978912354
2025_17_DET_MIN,1338,2,07:02,1,10,DET,MIN,MIN,30.0,(7:02) (Shotgun) 16-J.Goff pass incomplete short right to 14-A.St. Brown.,pass,0.0,true,false,short,right,3.0,,,,false,false,false,false,false,false,,false,-0.41737899486906826,false,-0.013138681650161743
2025_17_DET_MIN,1361,2,06:59,2,10,DET,MIN,MIN,30.0,(6:59) 16-J.Goff pass short left to 14-A.St. Brown to MIN 35 for -5 yards (22-H.Smith).,pass,-5.0,false,false,short,left,-5.0,0.0,,,true,false,false,false,false,false,,false,-1.5837940534111112,false,-0.05971905589103699
2025_17_DET_MIN,1386,2,06:12,3,15,DET,MIN,MIN,35.0,(6:12) (Shotgun) 16-J.Goff pass deep right to 14-A.St. Brown to MIN 12 for 23 yards (43-A.Van Ginkel).,pass,23.0,true,false,deep,right,20.0,3.0,,,true,true,false,false,false,false,,false,3.0505171366385184,true,0.09314122796058655
2025_17_DET_MIN,1411,2,05:27,1,10,DET,MIN,MIN,12.0,(5:27) 0-J.Gibbs right tackle to MIN 9 for 3 yards (24-J.Ward). DET-58-P.Sewell was injured during the play.,run,3.0,false,false,,,,,right,tackle,false,false,false,false,false,false,,false,-0.3136851188610308,false,-0.00998714566230774
2025_17_DET_MIN,1433,2,05:09,2,7,DET,MIN,MIN,9.0,(5:09) 0-J.Gibbs right guard to MIN 7 for 2 yards (97-J.Hargrave).,run,2.0,false,false,,,,,right,guard,false,false,false,false,false,false,,false,-0.42928181315073743,false,-0.02057895064353943
2025_17_DET_MIN,1465,2,04:24,3,5,DET,MIN,MIN,7.0,(4:24) (Shotgun) 16-J.Goff pass short middle to 14-A.St. Brown to MIN 3 for 4 yards (43-A.Van Ginkel; 55-E.Wilson) [61-J.Redmond].,pass,4.0,true,false,short,middle,4.0,0.0,,,true,false,false,false,false,false,,false,-0.29149795410921797,false,-0.017868608236312866
2025_17_DET_MIN,1490,2,03:16,4,1,DET,MIN,MIN,3.0,"(3:16) 5-D.Montgomery right tackle to MIN 2 for 1 yard (55-E.Wilson). Minnesota challenged the first down ruling, and the play was Upheld. The ruling on the field stands. (Timeout #2.)",run,1.0,false,false,,,,,right,tackle,false,true,false,false,false,false,,false,2.047757041727891,true,0.07810932397842407
2025_17_DET_MIN,1512,2,02:38,1,2,DET,MIN,MIN,2.0,"(2:38) 5-D.Montgomery up the middle to MIN 3 for -1 yards (50-L.Rodriguez, 51-B.Cashman).",run,-1.0,false,false,,,,,middle,,false,false,false,false,false,false,,false,-0.4997206583211664,false,-0.021801352500915527
2025_17_DET_MIN,1566,2,02:00,2,3,DET,MIN,MIN,3.0,(2:00) 16-J.Goff pass incomplete short left to 88-G.Ricci.,pass,0.0,false,false,short,left,3.0,,,,false,false,false,false,false,false,,false,-0.9018570889020339,false,-0.02482086420059204
2025_17_DET_MIN,1596,2,01:56,3,3,DET,MIN,MIN,3.0,(1:56) 5-D.Montgomery right guard to MIN 4 for -1 yards (61-J.Redmond).,run,-1.0,false,false,,,,,right,guard,false,false,false,false,false,false,,false,-1.897522980638314,false,-0.052661746740341187
2025_17_DET_MIN,1618,2,01:10,4,4,DET,MIN,MIN,4.0,"(1:10) (Shotgun) 16-J.Goff pass short middle to 18-I.TeSlaa for 4 yards, TOUCHDOWN. ** Injury Update: DET-58-P.Sewell has returned to the game.",pass,4.0,true,false,short,middle,4.0,0.0,,,true,true,false,false,false,false,,true,4.154585028882138,true,0.1391193142716316
2025_17_DET_MIN,1630,2,01:10,,0,,,,,"Timeout #1 by DET at 01:10.",no_play,0.0,false,false,,,,,,,false,false,false,false,false,false,,false,-0.0,false,-0.0
2025_17_DET_MIN,1651,2,01:05,,0,DET,MIN,MIN,15.0,"39-J.Bates extra point is GOOD, Center-49-H.Hatten, Holder-3-J.Fox.",extra_point,0.0,false,false,,,,,,,false,false,false,false,false,false,,false,0.05117156607063911,true,0.003214074056920646
2025_17_DET_MIN,1669,2,01:05,,0,MIN,DET,DET,35.0,"39-J.Bates kicks 65 yards from DET 35 to end zone, Touchback to the MIN 35.",kickoff,0.0,false,false,,,,,,,false,false,false,false,false,false,,false,0.2689996075350791,true,0.02025216817855835
2025_17_DET_MIN,1686,2,01:05,1,10,MIN,DET,MIN,65.0,"(1:05) (Shotgun) 12-M.Brosmer pass incomplete short right [55-D.Barnes]. PENALTY on DET-4-D.Reed, Illegal Contact, 5 yards, enforced at MIN 35 - No Play.",no_play,0.0,true,false,,,,,,,false,true,false,false,false,true,5.0,false,0.4648563748341985,true,0.006231546401977539
2025_17_DET_MIN,1720,2,00:59,1,10,MIN,DET,MIN,60.0,(:59) (Shotgun) 12-M.Brosmer pass short right to 33-A.Jones to MIN 44 for 4 yards (21-A.Robertson).,pass,4.0,true,false,short,right,2.0,2.0,,,true,false,false,false,false,false,,false,-0.3325484389788471,false,-0.0025606155395507812
2025_17_DET_MIN,1745,2,00:39,2,6,MIN,DET,MIN,56.0,"(:39) (No Huddle, Shotgun) 12-M.Brosmer sacked at MIN 34 for -10 yards (96-A.Muhammad).",pass,-10.0,true,true,,,,,,,false,false,true,false,false,false,,false,-1.0576239164802246,false,-0.0901620090007782
2025_17_DET_MIN,1765,2,00:35,3,16,MIN,DET,MIN,66.0,(:35) (Shotgun) 12-M.Brosmer pass short middle to 33-A.Jones to MIN 44 for 10 yards (46-J.Campbell). MIN-33-A.Jones was injured during the play.,pass,10.0,true,false,short,middle,3.0,7.0,,,true,false,false,false,false,false,,false,-0.1423731746035628,false,0.0005951523780822754
2025_17_DET_MIN,1777,2,00:35,,0,,,,,"Timeout #3 by MIN at 00:35.",no_play,0.0,false,false,,,,,,,false,false,false,false,false,false,,false,0.0,false,0.0
2025_17_DET_MIN,1797,2,00:26,4,6,MIN,DET,MIN,56.0,"(:26) 17-R.Wright punts 56 yards to end zone, Center-42-A.DePaola, Touchback.",punt,0.0,false,false,,,,,,,false,false,false,false,false,false,,false,-0.40443780523492023,false,0.047325968742370605
2025_17_DET_MIN,1812,2,00:26,,0,,,,,"Timeout #4 by MIN at 00:26.",no_play,0.0,false,false,,,,,,,false,false,false,false,false,false,,false,0.0,false,0.0
2025_17_DET_MIN,1825,2,00:18,1,10,DET,MIN,DET,80.0,(:18) (Shotgun) 16-J.Goff sacked at DET 15 for -5 yards (51-B.Cashman).,pass,-5.0,true,false,,,,,,,false,false,true,false,false,false,,false,-0.18903349718311802,false,-0.021774739027023315
2025_17_DET_MIN,1845,2,00:00,,0,,,,,END QUARTER 2,,,false,false,,,,,,,,,,,,,,,,,-0.0
2025_17_DET_MIN,1865,3,15:00,,0,DET,MIN,MIN,35.0,16-W.Reichard kicks 63 yards from MIN 35 to DET 2. 85-T.Kennedy to DET 33 for 31 yards (96-T.Batty).,kickoff,0.0,false,false,,,,,,,false,false,false,false,false,false,,false,0.48801671527326107,true,0.006501495838165283
2025_17_DET_MIN,1898,3,14:55,1,10,DET,MIN,DET,67.0,(14:55) 0-J.Gibbs left guard to DET 33 for no gain (93-J.Allen).,run,0.0,false,false,,,,,left,guard,false,false,false,false,false,false,,false,-0.5619407915510237,false,-0.018234610557556152
2025_17_DET_MIN,1920,3,14:14,2,10,DET,MIN,DET,67.0,(14:14) (Shotgun) 16-J.Goff pass short right to 14-A.St. Brown to DET 43 for 10 yards (7-B.Murphy).,pass,10.0,true,false,short,right,6.0,4.0,,,true,true,false,false,false,false,,false,1.2924642777070403,true,0.04687833786010742
2025_17_DET_MIN,1945,3,13:18,1,10,DET,MIN,DET,57.0,(13:18) 5-D.Montgomery right guard to DET 45 for 2 yards (93-J.Allen).,run,2.0,false,false,,,,,right,guard,false,false,false,false,false,false,,false,-0.4766379415523261,false,-0.018328338861465454
2025_17_DET_MIN,1972,3,12:43,2,8,DET,MIN,DET,55.0,(12:43) 5-D.Montgomery up the middle to 50 for 5 yards (26-T.Jackson; 97-J.Hargrave).,run,5.0,false,false,,,,,middle,,false,false,false,false,false,false,,false,0.0011049190070480108,true,-0.0036357343196868896
2025_17_DET_MIN,1994,3,11:58,3,3,DET,MIN,50,50.0,(11:58) (Shotgun) 5-D.Montgomery up the middle to MIN 48 for 2 yards (97-J.Hargrave).,run,2.0,true,false,,,,,middle,,false,false,false,false,false,false,,false,-1.221451222198084,false,-0.04022607207298279
2025_17_DET_MIN,2016,3,11:18,4,1,DET,MIN,MIN,48.0,"(11:18) (Run formation) PENALTY on DET-88-G.Ricci, False Start, 5 yards, enforced at MIN 48 - No Play.",no_play,0.0,false,false,,,,,,,false,false,false,false,false,true,5.0,false,-0.9791758412029594,false,-0.03645005822181702
2025_17_DET_MIN,2040,3,11:11,4,6,DET,MIN,DET,53.0,"(11:11) 3-J.Fox punts 39 yards to MIN 14, Center-49-H.Hatten, fair catch by 1-J.Nailor.",punt,0.0,false,false,,,,,,,false,false,false,false,false,false,,false,-0.40323624247685075,false,0.04803234338760376
2025_17_DET_MIN,2060,3,11:05,1,10,MIN,DET,MIN,86.0,(11:05) 33-A.Jones right end to MIN 15 for 1 yard (46-J.Campbell; 92-M.Davenport). ** Injury Update: MIN-33-A.Jones has returned to the game.,run,1.0,false,false,,,,,right,end,false,false,false,false,false,false,,false,-0.5431593614630401,false,-0.013080775737762451
2025_17_DET_MIN,2089,3,10:26,2,9,MIN,DET,MIN,85.0,(10:26) (Shotgun) 12-M.Brosmer pass incomplete short left to 84-J.Oliver (13-J.Mills).,pass,0.0,true,false,short,left,5.0,,,,false,false,false,false,false,false,,false,-0.7947898842394352,false,-0.0346066951751709
2025_17_DET_MIN,2115,3,10:22,3,9,MIN,DET,MIN,85.0,(10:22) (Shotgun) 12-M.Brosmer pass short left to 18-J.Jefferson to MIN 21 for 6 yards (23-R.Ya-Sin; 21-A.Robertson).,pass,6.0,true,false,short,left,6.0,0.0,,,true,false,false,false,false,false,,false,-0.9721997827291489,false,-0.028156578540802002
2025_17_DET_MIN,2140,3,09:44,4,3,MIN,DET,MIN,79.0,"(9:44) 17-R.Wright punts 46 yards to DET 33, Center-42-A.DePaola. 11-K.Raymond pushed ob at DET 36 for 3 yards (36-Z.Scott).",punt,0.0,false,false,,,,,,,false,false,false,false,false,false,,false,-0.3036416918039322,false,0.03281545639038086
2025_17_DET_MIN,2171,3,09:33,1,10,DET,MIN,DET,64.0,(9:33) 0-J.Gibbs right end to DET 37 for 1 yard (24-J.Ward; 93-J.Allen).,run,1.0,false,false,,,,,right,end,false,false,false,false,false,false,,false,-0.5607074163854122,false,-0.01831519603729248
2025_17_DET_MIN,2193,3,08:47,2,9,DET,MIN,DET,63.0,(8:47) (Shotgun) 16-J.Goff sacked at DET 28 for -9 yards (26-T.Jackson).,pass,-9.0,true,false,,,,,,,false,false,true,false,false,false,,false,-1.8424906227737665,false,-0.07628914713859558
2025_17_DET_MIN,2213,3,08:02,3,18,DET,MIN,DET,72.0,(8:02) (Shotgun) 16-J.Goff pass deep left intended for 18-I.TeSlaa INTERCEPTED by 7-B.Murphy [43-A.Van Ginkel] at MIN 38. 7-B.Murphy to MIN 38 for no gain (18-I.TeSlaa).,pass,0.0,true,false,deep,left,34.0,,,,false,false,false,true,false,false,,false,-1.760000126902014,false,0.01382872462272644
2025_17_DET_MIN,2245,3,07:57,1,10,MIN,DET,MIN,62.0,"(7:57) 12-M.Brosmer scrambles left guard to MIN 43 for 5 yards (13-J.Mills; 46-J.Campbell). PENALTY on DET-23-R.Ya-Sin, Defensive Holding, 5 yards, enforced at MIN 43.",run,5.0,false,false,,,,,left,guard,false,true,false,false,false,true,5.0,false,0.6524803685024381,true,0.011751234531402588
2025_17_DET_MIN,2290,3,07:34,1,10,MIN,DET,MIN,52.0,(7:34) 32-T.Chandler up the middle to DET 49 for 3 yards (13-J.Mills; 46-J.Campbell).,run,3.0,false,false,,,,,middle,,false,false,false,false,false,false,,false,-0.33691828278824687,false,-0.011912822723388672
2025_17_DET_MIN,2312,3,07:01,2,7,MIN,DET,DET,49.0,(7:01) 12-M.Brosmer pass short left to 84-J.Oliver to DET 41 for 8 yards (23-R.Ya-Sin).,pass,8.0,false,false,short,left,5.0,3.0,,,true,true,false,false,false,false,,false,0.9762855153530836,true,0.03435027599334717
2025_17_DET_MIN,2337,3,06:20,1,10,MIN,DET,DET,41.0,(6:20) 32-T.Chandler right guard to DET 36 for 5 yards (13-J.Mills; 2-D.Thomas).,run,5.0,false,false,,,,,right,guard,false,false,false,false,false,false,,false,-0.046479419339448214,false,0.02079939842224121
2025_17_DET_MIN,2359,3,05:42,2,5,MIN,DET,DET,36.0,(5:42) 32-T.Chandler right guard to DET 31 for 5 yards (46-J.Campbell; 34-A.Anzalone). DET-34-A.Anzalone was injured during the play.,run,5.0,false,false,,,,,right,guard,false,true,false,false,false,false,,false,0.6169963442953303,true,0.010815262794494629
2025_17_DET_MIN,2384,3,05:05,1,10,MIN,DET,DET,31.0,(5:05) 32-T.Chandler up the middle to DET 29 for 2 yards (55-D.Barnes; 92-M.Davenport).,run,2.0,false,false,,,,,middle,,false,false,false,false,false,false,,false,-0.37309981195721775,false,-0.002556025981903076
2025_17_DET_MIN,2406,3,04:29,2,8,MIN,DET,DET,29.0,(4:29) (Shotgun) 12-M.Brosmer sacked at DET 29 for 0 yards (91-T.Williams).,pass,0.0,true,false,,,,,,,false,false,true,false,false,false,,false,-0.7046205815859139,false,-0.038119494915008545
2025_17_DET_MIN,2435,3,03:46,3,8,MIN,DET,DET,29.0,(3:46) (Shotgun) 12-M.Brosmer sacked at DET 34 for -5 yards (96-A.Muhammad).,pass,-5.0,true,false,,,,,,,false,false,true,false,false,false,,false,-1.8413143407960373,false,-0.06834995746612549
2025_17_DET_MIN,2455,3,03:07,4,13,MIN,DET,DET,34.0,"(3:07) 16-W.Reichard 52 yard field goal is GOOD, Center-42-A.DePaola, Holder-17-R.Wright.",field_goal,0.0,false,false,,,,,,,false,false,false,false,false,false,,false,1.6546579937857526,true,0.09008249640464783
2025_17_DET_MIN,2475,3,03:03,,0,DET,MIN,MIN,35.0,16-W.Reichard kicks 65 yards from MIN 35 to DET 0. 85-T.Kennedy to DET 30 for 30 yards (37-T.Thomas; 30-C.Ham).,kickoff,0.0,false,false,,,,,,,false,false,false,false,false,false,,false,0.2735157283023,true,0.005645751953125
2025_17_DET_MIN,2505,3,02:57,1,10,DET,MIN,DET,70.0,(2:57) 16-J.Goff pass short middle intended for 14-A.St. Brown INTERCEPTED by 22-H.Smith at DET 43. 22-H.Smith to DET 42 for 1 yard (14-A.St. Brown).,pass,0.0,false,false,short,middle,13.0,,,,false,false,false,true,false,false,,false,-4.903574962401763,false,-0.14468052983283997
2025_17_DET_MIN,2532,3,02:52,1,10,MIN,DET,DET,42.0,(2:52) 12-M.Brosmer pass incomplete deep left to 3-J.Addison (4-D.Reed).,pass,0.0,false,false,deep,left,19.0,,,,false,false,false,false,false,false,,false,-0.5585640552453697,false,-0.02010035514831543
2025_17_DET_MIN,2555,3,02:46,2,10,MIN,DET,DET,42.0,(2:46) (Shotgun) Direct snap to 32-T.Chandler. 32-T.Chandler right end to DET 38 for 4 yards (46-J.Campbell).,run,4.0,true,false,,,,,right,end,false,false,false,false,false,false,,false,-0.5187373494263738,false,-0.0011138916015625
2025_17_DET_MIN,2584,3,02:07,3,6,MIN,DET,DET,38.0,(2:07) (Shotgun) 12-M.Brosmer pass incomplete short right.,pass,0.0,true,false,short,right,6.0,,,,false,false,false,false,false,false,,false,-1.7066873698200173,false,-0.03893405199050903
2025_17_DET_MIN,2607,3,02:02,4,6,MIN,DET,DET,38.0,"(2:02) 16-W.Reichard 56 yard field goal is GOOD, Center-42-A.DePaola, Holder-17-R.Wright.",field_goal,0.0,false,false,,,,,,,false,false,false,false,false,false,,false,2.244878707424093,true,0.04323896765708923
2025_17_DET_MIN,2627,3,01:57,,0,DET,MIN,MIN,35.0,16-W.Reichard kicks 61 yards from MIN 35 to DET 4. 85-T.Kennedy to DET 34 for 30 yards (96-T.Batty).,kickoff,0.0,false,false,,,,,,,false,false,false,false,false,false,,false,0.47852079337462783,true,-0.0056113749742507935
2025_17_DET_MIN,2657,3,01:52,1,10,DET,MIN,DET,66.0,(1:52) 0-J.Gibbs left tackle to DET 38 for 4 yards (51-B.Cashman; 97-J.Hargrave).,run,4.0,false,false,,,,,left,tackle,false,false,false,false,false,false,,false,-0.10126331099309027,false,-0.011994689702987671
2025_17_DET_MIN,2679,3,01:16,2,6,DET,MIN,DET,62.0,(1:16) 0-J.Gibbs right guard to DET 40 for 2 yards (51-B.Cashman; 93-J.Allen).,run,2.0,false,false,,,,,right,guard,false,false,false,false,false,false,,false,-0.5682227415964007,false,-0.00944507122039795
2025_17_DET_MIN,2701,3,00:31,3,4,DET,MIN,DET,60.0,(:31) (Shotgun) 16-J.Goff pass short left to 14-A.St. Brown pushed ob at DET 47 for 7 yards (7-B.Murphy).,pass,7.0,true,false,short,left,6.0,1.0,,,true,true,false,false,false,false,,false,1.5634203725494444,true,0.048250749707221985
2025_17_DET_MIN,2731,3,00:00,,0,DET,MIN,,,END QUARTER 3,,,false,false,,,,,,,,,,,,,,,-0.0,false,-0.0
2025_17_DET_MIN,2751,4,15:00,1,10,DET,MIN,DET,53.0,"(15:00) (Shotgun) 16-J.Goff sacked at DET 39 for -8 yards (sack split by 15-D.Turner and 43-A.Van Ginkel). FUMBLES (15-D.Turner) [15-D.Turner], RECOVERED by MIN-61-J.Redmond at DET 40.",pass,-7.0,true,false,,,,,,,false,false,true,false,true,false,,false,-6.083534366916865,false,-0.11836200952529907
2025_17_DET_MIN,2781,4,14:54,1,10,MIN,DET,DET,40.0,"(14:54) 12-M.Brosmer pass short middle to 33-A.Jones to DET 34 for 6 yards (44-M.Rodriguez). PENALTY on MIN-67-J.Skule, Offensive Holding, 10 yards, enforced at DET 40 - No Play.",no_play,0.0,false,false,,,,,,,false,false,false,false,false,true,10.0,false,-0.9404820571653545,false,-0.023205935955047607
2025_17_DET_MIN,2817,4,14:29,1,20,MIN,DET,50,50.0,"(14:29) (Shotgun) 12-M.Brosmer sacked at MIN 45 for -5 yards. FUMBLES, and recovers at MIN 46.",pass,-4.0,true,false,,,,,,,false,false,true,false,false,false,,false,-0.8681240438017994,false,-0.016262471675872803
2025_17_DET_MIN,2847,4,13:48,2,24,MIN,DET,MIN,54.0,(13:48) (Shotgun) 12-M.Brosmer pass incomplete short right to 33-A.Jones.,pass,0.0,true,false,short,right,3.0,,,,false,false,false,false,false,false,,false,-1.0275985915213823,false,-0.02331453561782837
2025_17_DET_MIN,2870,4,13:44,3,24,MIN,DET,MIN,54.0,(13:44) (Shotgun) 33-A.Jones up the middle to 50 for 4 yards (51-R.Lopez).,run,4.0,true,false,,,,,middle,,false,false,false,false,false,false,,false,-1.0074544716626406,false,-0.01752227544784546
2025_17_DET_MIN,2892,4,13:03,4,20,MIN,DET,50,50.0,"(13:03) 17-R.Wright punts 41 yards to DET 9, Center-42-A.DePaola. 11-K.Raymond pushed ob at DET 16 for 7 yards (0-I.Pace).",punt,0.0,false,false,,,,,,,false,false,false,false,false,false,,false,-0.36617197608575225,false,0.02208249270915985
2025_17_DET_MIN,2923,4,12:55,1,10,DET,MIN,DET,84.0,(12:55) 0-J.Gibbs right end to DET 20 for 4 yards (51-B.Cashman; 97-J.Hargrave).,run,4.0,false,false,,,,,right,end,false,false,false,false,false,false,,false,-0.16122320853173733,false,-0.008428528904914856
2025_17_DET_MIN,2952,4,12:19,2,6,DET,MIN,DET,80.0,(12:19) 0-J.Gibbs left guard to DET 25 for 5 yards (15-D.Turner).,run,5.0,false,false,,,,,left,guard,false,false,false,false,false,false,,false,0.3768498422577977,true,-0.006263718008995056
2025_17_DET_MIN,2974,4,11:44,3,1,DET,MIN,DET,75.0,(11:44) 16-J.Goff up the middle to DET 27 for 2 yards (93-J.Allen).,run,2.0,false,false,,,,,middle,,false,true,false,false,false,false,,false,0.5029503796249628,true,0.001600891351699829
2025_17_DET_MIN,2996,4,11:11,1,10,DET,MIN,DET,73.0,(11:11) 0-J.Gibbs right tackle to DET 27 for no gain (2-I.Rodgers; 51-B.Cashman).,run,0.0,false,false,,,,,right,tackle,false,false,false,false,false,false,,false,-0.5835854928009212,false,-0.021602123975753784
2025_17_DET_MIN,3018,4,10:21,2,10,DET,MIN,DET,73.0,(10:21) (Shotgun) 0-J.Gibbs right end to DET 24 for -3 yards (15-D.Turner).,run,-3.0,true,false,,,,,right,end,false,false,false,false,false,false,,false,-1.477775284089148,false,-0.027366474270820618
2025_17_DET_MIN,3040,4,09:39,3,13,DET,MIN,DET,76.0,(9:39) (Shotgun) 16-J.Goff pass short right to 14-A.St. Brown to DET 29 for 5 yards (2-I.Rodgers).,pass,5.0,true,false,short,right,5.0,0.0,,,true,false,false,false,false,false,,false,-0.4027354125864804,false,-0.01969803124666214
2025_17_DET_MIN,3065,4,09:01,4,8,DET,MIN,DET,71.0,"(9:01) 3-J.Fox punts 70 yards to MIN 1, Center-49-H.Hatten, out of bounds.",punt,0.0,false,false,,,,,,,false,false,false,false,false,false,,false,1.4859572724672034,true,0.03657723218202591
2025_17_DET_MIN,3084,4,08:53,1,10,MIN,DET,MIN,99.0,(8:53) 32-T.Chandler up the middle to MIN 4 for 3 yards (92-M.Davenport).,run,3.0,false,false,,,,,middle,,false,false,false,false,false,false,,false,-0.03211011877283454,false,-0.04752558469772339
2025_17_DET_MIN,3123,4,08:17,2,7,MIN,DET,MIN,96.0,(8:17) 32-T.Chandler up the middle to MIN 6 for 2 yards (44-M.Rodriguez; 13-J.Mills).,run,2.0,false,false,,,,,middle,,false,false,false,false,false,false,,false,-0.3208694264758378,false,0.009058833122253418
2025_17_DET_MIN,3145,4,07:32,3,5,MIN,DET,MIN,94.0,(7:32) 12-M.Brosmer pass incomplete short left to 1-J.Nailor [51-R.Lopez].,pass,0.0,false,false,short,left,2.0,,,,false,false,false,false,false,false,,false,-1.3053619744023308,false,-0.09080523252487183
2025_17_DET_MIN,3168,4,07:24,4,5,MIN,DET,MIN,94.0,"(7:24) 17-R.Wright punts 63 yards to DET 31, Center-42-A.DePaola. 11-K.Raymond to DET 45 for 14 yards (30-C.Ham; 36-Z.Scott).",punt,0.0,false,false,,,,,,,false,false,false,false,false,false,,false,-0.41392590128816664,false,0.06218501925468445
2025_17_DET_MIN,3194,4,07:12,1,10,DET,MIN,DET,55.0,(7:12) 16-J.Goff pass short left to 5-D.Montgomery to MIN 42 for 13 yards (51-B.Cashman).,pass,13.0,false,false,short,left,-1.0,14.0,,,true,true,false,false,false,false,,false,0.7995269356761128,true,0.021596312522888184
2025_17_DET_MIN,3219,4,06:33,1,10,DET,MIN,MIN,42.0,(6:33) 16-J.Goff pass short right to 5-D.Montgomery to MIN 40 for 2 yards (7-B.Murphy).,pass,2.0,false,false,short,right,-6.0,8.0,,,true,false,false,false,false,false,,false,-0.363243596162647,false,-0.013838052749633789
2025_17_DET_MIN,3244,4,05:56,2,8,DET,MIN,MIN,40.0,(5:56) 5-D.Montgomery right tackle to MIN 32 for 8 yards (51-B.Cashman; 26-T.Jackson). MIN-26-T.Jackson was injured during the play.,run,8.0,false,false,,,,,right,tackle,false,true,false,false,false,false,,false,0.9789472694974393,true,0.0306226909160614
2025_17_DET_MIN,3266,4,05:27,1,10,DET,MIN,MIN,32.0,(5:27) 5-D.Montgomery up the middle to MIN 30 for 2 yards (93-J.Allen; 51-B.Cashman).,run,2.0,false,false,,,,,middle,,false,false,false,false,false,false,,false,-0.46635109320050105,false,-0.005117833614349365
2025_17_DET_MIN,3291,4,04:50,2,8,DET,MIN,MIN,30.0,(4:50) (Shotgun) 16-J.Goff pass incomplete short right to 14-A.St. Brown (61-J.Redmond).,pass,0.0,true,false,short,right,3.0,,,,false,false,false,false,false,false,,false,-0.606705368089024,false,-0.027672305703163147
2025_17_DET_MIN,3314,4,04:47,3,8,DET,MIN,MIN,30.0,(4:47) (Shotgun) 16-J.Goff pass incomplete short left to 11-K.Raymond (22-H.Smith).,pass,0.0,true,false,short,left,1.0,,,,false,false,false,false,false,false,,false,-1.0581553148985474,false,-0.05158005654811859
2025_17_DET_MIN,3337,4,04:44,4,8,DET,MIN,MIN,30.0,"(4:44) 39-J.Bates 48 yard field goal is GOOD, Center-49-H.Hatten, Holder-3-J.Fox.",field_goal,0.0,false,false,,,,,,,false,false,false,false,false,false,,false,1.2501522399433522,true,0.03346031904220581
2025_17_DET_MIN,3357,4,04:39,,0,MIN,DET,DET,35.0,"39-J.Bates kicks 65 yards from DET 35 to end zone, Touchback to the MIN 35.",kickoff,0.0,false,false,,,,,,,false,false,false,false,false,false,,false,0.6052921443479136,true,0.009476423263549805
2025_17_DET_MIN,3374,4,04:39,1,10,MIN,DET,MIN,65.0,(4:39) 33-A.Jones right tackle to MIN 35 for no gain (92-M.Davenport).,run,0.0,false,false,,,,,right,tackle,false,false,false,false,false,false,,false,-0.5780912935733795,false,-0.022456765174865723
2025_17_DET_MIN,3396,4,03:52,2,10,MIN,DET,MIN,65.0,"(3:52) 3-J.Addison right end for 65 yards, TOUCHDOWN.",run,65.0,false,false,,,,,right,end,false,true,false,false,false,false,,true,5.943161663948558,true,0.16911326910832392
2025_17_DET_MIN,3408,4,03:52,,0,,,,,"Timeout #1 by MIN at 03:52.",no_play,0.0,false,false,,,,,,,false,false,false,false,false,false,,false,0.0,false,0.0
2025_17_DET_MIN,3426,4,03:43,,0,MIN,DET,DET,15.0,"16-W.Reichard extra point is GOOD, Center-42-A.DePaola, Holder-17-R.Wright.",extra_point,0.0,false,false,,,,,,,false,false,false,false,false,false,,false,0.05117156607063911,true,-1.509304621682972e-05
2025_17_DET_MIN,3441,4,03:43,,0,DET,MIN,MIN,35.0,"16-W.Reichard kicks 65 yards from MIN 35 to end zone, Touchback to the DET 35.",kickoff,0.0,false,false,,,,,,,false,false,false,false,false,false,,false,0.5883296789834276,true,0.005658134818077087
2025_17_DET_MIN,3458,4,03:43,1,10,DET,MIN,DET,65.0,(3:43) (Shotgun) 16-J.Goff pass deep right to 1-J.Williams to MIN 43 for 22 yards (26-T.Jackson). ** Injury Update: MIN-26-T.Jackson has returned to the game.,pass,22.0,true,false,deep,right,19.0,3.0,,,true,true,false,false,false,false,,false,1.3050655873958021,true,0.034645892679691315
2025_17_DET_MIN,3483,4,03:14,1,10,DET,MIN,MIN,43.0,"(3:14) (No Huddle, Shotgun) 16-J.Goff pass incomplete short right to 86-A.Firkser.",pass,0.0,true,true,short,right,2.0,,,,false,false,false,false,false,false,,false,-0.4840603802003898,false,-0.014618031680583954
2025_17_DET_MIN,3509,4,03:11,2,10,DET,MIN,MIN,43.0,(3:11) (Shotgun) 16-J.Goff pass incomplete deep middle to 14-A.St. Brown [97-J.Hargrave].,pass,0.0,true,false,deep,middle,16.0,,,,false,false,false,false,false,false,,false,-0.6734837254043669,false,-0.020055100321769714
2025_17_DET_MIN,3532,4,03:08,3,10,DET,MIN,MIN,43.0,"(3:08) (Shotgun) 16-J.Goff FUMBLES (Aborted) at MIN 48, RECOVERED by MIN-43-A.Van Ginkel at DET 45.",run,0.0,true,false,,,,,,,false,false,false,false,true,false,,false,-4.676419907889795,false,-0.05089361220598221
2025_17_DET_MIN,3559,4,03:05,1,10,MIN,DET,DET,45.0,(3:05) 33-A.Jones left tackle to DET 42 for 3 yards (55-D.Barnes; 98-D.Reader).,run,3.0,false,false,,,,,left,tackle,false,false,false,false,false,false,,false,-0.3172486831317656,false,-0.0005379319190979004
2025_17_DET_MIN,3581,4,03:01,2,7,MIN,DET,DET,42.0,(3:01) 33-A.Jones right guard to DET 40 for 2 yards (44-M.Rodriguez).,run,2.0,false,false,,,,,right,guard,false,false,false,false,false,false,,false,-0.6781381635810249,false,0.0014033317565917969
2025_17_DET_MIN,3593,4,03:01,,0,,,,,"Timeout #1 by DET at 03:01.",no_play,0.0,false,false,,,,,,,false,false,false,false,false,false,,false,0.0,false,0.0
2025_17_DET_MIN,3610,4,02:57,3,5,MIN,DET,DET,40.0,(2:57) 12-M.Brosmer pass short left to 18-J.Jefferson to DET 30 for 10 yards (23-R.Ya-Sin).,pass,10.0,false,false,short,left,10.0,0.0,,,true,true,false,false,false,false,,false,1.5385391778545454,true,0.00899648666381836
2025_17_DET_MIN,3622,4,02:57,,0,,,,,"Timeout #2 by DET at 02:57.",no_play,0.0,false,false,,,,,,,false,false,false,false,false,false,,false,0.0,false,0.0
2025_17_DET_MIN,3642,4,02:10,1,10,MIN,DET,DET,30.0,(2:10) 33-A.Jones up the middle to DET 30 for no gain (44-M.Rodriguez).,run,0.0,false,false,,,,,middle,,false,false,false,false,false,false,,false,-0.33678682980826125,false,-0.000526726245880127
2025_17_DET_MIN,3664,4,02:00,2,10,MIN,DET,DET,30.0,(2:00) 33-A.Jones right end to DET 29 for 1 yard (2-D.Thomas; 4-D.Reed).,run,1.0,false,false,,,,,right,end,false,false,false,false,false,false,,false,-1.4021340056788176,false,0.00020897388458251953
2025_17_DET_MIN,3693,4,01:55,3,9,MIN,DET,DET,29.0,(1:55) 33-A.Jones up the middle to DET 24 for 5 yards (97-A.Hutchinson).,run,5.0,false,false,,,,,middle,,false,false,false,false,false,false,,false,0.6770691936092224,true,0.0010838508605957031
2025_17_DET_MIN,3705,4,01:55,,0,,,,,"Timeout #3 by DET at 01:55.",no_play,0.0,false,false,,,,,,,false,false,false,false,false,false,,false,0.0,false,0.0
2025_17_DET_MIN,3722,4,01:08,4,4,MIN,DET,DET,24.0,"(1:08) 16-W.Reichard 42 yard field goal is GOOD, Center-42-A.DePaola, Holder-17-R.Wright.",field_goal,0.0,false,false,,,,,,,false,false,false,false,false,false,,false,0.7196649284030538,true,-0.0012813741341233253
2025_17_DET_MIN,3734,4,01:08,,0,,,,,"Timeout #2 by MIN at 01:08.",no_play,0.0,false,false,,,,,,,false,false,false,false,false,false,,false,0.0,false,0.0
2025_17_DET_MIN,3749,4,01:04,,0,DET,MIN,MIN,35.0,"16-W.Reichard kicks 65 yards from MIN 35 to end zone, Touchback to the DET 35.",kickoff,0.0,false,false,,,,,,,false,false,false,false,false,false,,false,0.2270146103692241,true,-7.479498162865639e-05
2025_17_DET_MIN,3766,4,01:04,1,10,DET,MIN,DET,65.0,(1:04) (Shotgun) 16-J.Goff pass short right to 18-I.TeSlaa to MIN 48 for 17 yards (51-B.Cashman).,pass,17.0,true,false,short,right,5.0,12.0,,,true,true,false,false,false,false,,false,0.8225168850040063,true,0.0004932540468871593
2025_17_DET_MIN,3791,4,00:41,1,10,DET,MIN,MIN,48.0,"(:41) (No Huddle, Shotgun) 16-J.Goff pass incomplete short left to 14-A.St. Brown. DET-14-A.St. Brown was injured during the play.",pass,0.0,true,true,short,left,5.0,,,,false,false,false,false,false,false,,false,-0.23954701249022037,false,-0.001305619953200221
2025_17_DET_MIN,3814,4,00:38,2,10,DET,MIN,MIN,48.0,(:38) (Shotgun) 16-J.Goff pass short middle to 0-J.Gibbs to MIN 35 for 13 yards (51-B.Cashman; 55-E.Wilson).,pass,13.0,true,false,short,middle,3.0,10.0,,,true,true,false,false,false,false,,false,0.2138877432444133,true,-0.0010995743796229362
2025_17_DET_MIN,3826,4,00:38,,0,,,,,"Timeout #4 by DET at 00:38.",no_play,0.0,false,false,,,,,,,false,false,false,false,false,false,,false,-0.0,false,-0.0
2025_17_DET_MIN,3849,4,00:12,1,10,DET,MIN,MIN,35.0,"(:12) (No Huddle, Shotgun) 16-J.Goff pass short left to 11-K.Raymond to MIN 30 for 5 yards (23-F.Moreau).",pass,5.0,true,true,short,left,3.0,2.0,,,true,false,false,false,false,false,,false,-1.7906537044327706,false,-0.0015015604440122843
2025_17_DET_MIN,3874,4,00:00,,0,DET,MIN,,,END GAME,,,false,false,,,,,,,,,,,,,,,,,
2025_18_GB_MIN,1,1,15:00,,0,,,,,GAME,,,false,false,,,,,,,,,,,,,,,0.0,false,0.0
2025_18_GB_MIN,39,1,15:00,,0,MIN,GB,GB,35.0,17-B.McManus kicks 65 yards from GB 35 to MIN 0. 13-T.Felton to MIN 29 for 29 yards (34-S.Bartholomew).,kickoff,0.0,false,false,,,,,,,false,false,false,false,false,false,,false,0.29324438772164285,true,0.0068395137786865234
2025_18_GB_MIN,62,1,14:55,1,10,MIN,GB,MIN,71.0,(14:55) 27-J.Mason right end to MIN 42 for 13 yards (59-T.Hopper).,run,13.0,false,false,,,,,right,end,false,true,false,false,false,false,,false,0.6614367100410163,true,0.019472062587738037
2025_18_GB_MIN,84,1,14:16,1,10,MIN,GB,MIN,58.0,(14:16) 9-J.McCarthy pass deep left to 18-J.Jefferson to GB 40 for 18 yards (37-J.Baldwin) [91-W.Brinson].,pass,18.0,false,false,deep,left,18.0,0.0,,,true,true,false,false,false,false,,false,1.0718551215250045,true,0.04267090559005737
2025_18_GB_MIN,109,1,13:39,1,10,MIN,GB,GB,40.0,(13:39) 27-J.Mason left guard to GB 39 for 1 yard (27-K.Oladapo).,run,1.0,false,false,,,,,left,guard,false,false,false,false,false,false,,false,-0.5490665608085692,false,-0.014833509922027588
2025_18_GB_MIN,131,1,13:02,2,9,MIN,GB,GB,39.0,(13:02) (Shotgun) 9-J.McCarthy pass short middle to 18-J.Jefferson to GB 29 for 10 yards (33-E.Williams; 48-J.Johnson).,pass,10.0,true,false,short,middle,-4.0,14.0,,,true,true,false,false,false,false,,false,1.2105150358984247,true,0.04630953073501587
2025_18_GB_MIN,156,1,12:19,1,10,MIN,GB,GB,29.0,"(12:19) 9-J.McCarthy scrambles right tackle pushed ob at GB 23 for 6 yards (25-K.Nixon). PENALTY on MIN-9-J.McCarthy, Taunting, 15 yards, enforced at GB 23.",run,6.0,false,false,,,,,right,tackle,false,false,false,false,false,true,15.0,false,-1.7751410651253536,false,-0.03666579723358154
2025_18_GB_MIN,194,1,11:55,2,19,MIN,GB,GB,38.0,(11:55) (Shotgun) 36-Z.Scott left end to GB 36 for 2 yards (28-T.Diggs).,run,2.0,true,false,,,,,left,end,false,false,false,false,false,false,,false,-0.7161456285975873,false,-0.03479081392288208
2025_18_GB_MIN,219,1,11:10,3,17,MIN,GB,GB,36.0,(11:10) (Shotgun) 9-J.McCarthy pass short middle to 18-J.Jefferson to GB 25 for 11 yards (27-K.Oladapo).,pass,11.0,true,false,short,middle,0.0,11.0,,,true,false,false,false,false,false,,false,-0.09818696349318357,false,-0.004606366157531738
2025_18_GB_MIN,244,1,10:32,4,6,MIN,GB,GB,25.0,"(10:32) 16-W.Reichard 43 yard field goal is GOOD, Center-42-A.DePaola, Holder-17-R.Wright.",field_goal,0.0,false,false,,,,,,,false,false,false,false,false,false,,false,1.0602049788219783,true,0.022974610328674316
2025_18_GB_MIN,264,1,10:27,,0,GB,MIN,MIN,35.0,"16-W.Reichard kicks 65 yards from MIN 35 to end zone, Touchback to the GB 35.",kickoff,0.0,false,false,,,,,,,false,false,false,false,false,false,,false,0.5224958001635969,true,0.021819710731506348
2025_18_GB_MIN,293,1,10:27,1,10,GB,MIN,GB,65.0,(10:27) 23-E.Wilson up the middle to GB 36 for 1 yard (55-E.Wilson).,run,1.0,false,false,,,,,middle,,false,false,false,false,false,false,,false,-0.4494643877260387,false,-0.008093386888504028
2025_18_GB_MIN,315,1,09:54,2,9,GB,MIN,GB,64.0,(9:54) (Shotgun) 23-E.Wilson up the middle to GB 36 for no gain (15-D.Turner; 43-A.Van Ginkel).,run,0.0,true,false,,,,,middle,,false,false,false,false,false,false,,false,-0.8165743499994278,false,-0.032491326332092285
2025_18_GB_MIN,337,1,09:18,3,9,GB,MIN,GB,64.0,(9:18) (Shotgun) 6-C.Tune pass incomplete short right to 16-B.Melton (43-A.Van Ginkel).,pass,0.0,true,false,short,right,-2.0,,,,false,false,false,false,false,false,,false,-1.4101541214622557,false,-0.012332558631896973
2025_18_GB_MIN,360,1,09:14,4,9,GB,MIN,GB,64.0,"(9:14) 19-D.Whelan punts 62 yards to MIN 2, Center-42-M.Orzech, downed by GB-16-B.Melton.",punt,0.0,false,false,,,,,,,false,false,false,false,false,false,,false,0.8442393962759525,true,0.004737585783004761
2025_18_GB_MIN,380,1,09:02,1,10,MIN,GB,MIN,98.0,"(9:02) 27-J.Mason up the middle to MIN 13 for 11 yards (27-K.Oladapo; 37-J.Baldwin). Penalty on GB-57-B.Cox, Defensive Offside, declined.",run,11.0,false,false,,,,,middle,,false,true,false,false,false,false,,false,0.5843756592366844,true,0.013872146606445312
2025_18_GB_MIN,420,1,08:34,1,10,MIN,GB,MIN,87.0,(8:34) 27-J.Mason up the middle to MIN 14 for 1 yard (58-I.McDuffie; 37-J.Baldwin).,run,1.0,false,false,,,,,middle,,false,false,false,false,false,false,,false,-0.5971816452220082,false,-0.012318253517150879
2025_18_GB_MIN,442,1,08:01,2,9,MIN,GB,MIN,86.0,(8:01) (Shotgun) 9-J.McCarthy pass short right to 3-J.Addison ran ob at MIN 22 for 8 yards [57-B.Cox].,pass,8.0,true,false,short,right,8.0,0.0,,,true,false,false,false,false,false,,false,0.6487978231161833,true,0.008431851863861084
2025_18_GB_MIN,472,1,07:25,3,1,MIN,GB,MIN,78.0,(7:25) (Shotgun) 27-J.Mason right guard to MIN 22 for no gain (48-J.Johnson).,run,0.0,true,false,,,,,right,guard,false,false,false,false,false,false,,false,-1.866639353800565,false,-0.05062448978424072
2025_18_GB_MIN,494,1,06:36,4,1,MIN,GB,MIN,78.0,"(6:36) 17-R.Wright punts 48 yards to GB 30, Center-42-A.DePaola, downed by MIN-26-T.Jackson.",punt,0.0,false,false,,,,,,,false,false,false,false,false,false,,false,-0.36963205225765705,false,0.0040909647941589355
2025_18_GB_MIN,514,1,06:25,1,10,GB,MIN,GB,70.0,(6:25) 30-C.Brooks left tackle to GB 40 for 10 yards (24-J.Ward).,run,10.0,false,false,,,,,left,tackle,false,true,false,false,false,false,,false,0.5697991424240172,true,0.02116301655769348
2025_18_GB_MIN,543,1,06:08,1,10,GB,MIN,GB,60.0,"(6:08) (No Huddle, Shotgun) 6-C.Tune pass short right to 49-D.Dabney to GB 43 for 3 yards (43-A.Van Ginkel).",pass,3.0,true,true,short,right,3.0,0.0,,,true,false,false,false,false,false,,false,-0.20979942264966667,false,-0.0032913684844970703
2025_18_GB_MIN,568,1,05:34,2,7,GB,MIN,GB,57.0,(5:34) 30-C.Brooks left guard to GB 45 for 2 yards (93-J.Allen; 61-J.Redmond).,run,2.0,false,false,,,,,left,guard,false,false,false,false,false,false,,false,-0.623250529402867,false,-0.02669045329093933
2025_18_GB_MIN,590,1,04:52,3,5,GB,MIN,GB,55.0,"(4:52) (Shotgun) 6-C.Tune sacked at GB 38 for -7 yards (15-D.Turner). FUMBLES (15-D.Turner) [15-D.Turner], recovered by GB-49-D.Dabney at GB 32.",pass,-13.0,true,false,,,,,,,false,false,true,false,false,false,,false,-2.4527726634405553,false,-0.050597548484802246
2025_18_GB_MIN,620,1,04:10,4,18,GB,MIN,GB,68.0,"(4:10) 19-D.Whelan punts 68 yards to end zone, Center-42-M.Orzech, Touchback.",punt,0.0,false,false,,,,,,,false,false,false,false,false,false,,false,0.12076956452801824,true,0.0012642741203308105
2025_18_GB_MIN,638,1,04:00,1,10,MIN,GB,MIN,80.0,(4:00) 32-T.Chandler right guard to MIN 21 for 1 yard (99-B.Sorrell).,run,1.0,false,false,,,,,right,guard,false,false,false,false,false,false,,false,-0.622209389694035,false,-0.012210190296173096
2025_18_GB_MIN,667,1,03:34,2,9,MIN,GB,MIN,79.0,"(3:34) (No Huddle, Shotgun) 9-J.McCarthy pass short right to 18-J.Jefferson ran ob at MIN 33 for 12 yards (38-J.Simpson) [45-C.Oliver].",pass,12.0,true,true,short,right,12.0,0.0,,,true,true,false,false,false,false,,false,1.501733661396429,true,0.03701382875442505
2025_18_GB_MIN,697,1,02:51,1,10,MIN,GB,MIN,67.0,"(2:51) 32-T.Chandler left end to MIN 37 for 4 yards (99-B.Sorrell; 45-C.Oliver). PENALTY on GB-91-W.Brinson, Defensive Offside, 5 yards, enforced at MIN 33 - No Play.",no_play,0.0,false,false,,,,,,,false,false,false,false,false,true,5.0,false,0.5354679266456515,true,0.0034047961235046387
2025_18_GB_MIN,730,1,02:25,1,5,MIN,GB,MIN,62.0,(2:25) 9-J.McCarthy pass incomplete deep right to 89-B.Sims [45-C.Oliver].,pass,0.0,false,false,deep,right,27.0,,,,false,false,false,false,false,false,,false,-0.5810479046776891,false,-0.012628257274627686
2025_18_GB_MIN,753,1,02:19,2,5,MIN,GB,MIN,62.0,(2:19) 32-T.Chandler left end pushed ob at MIN 42 for 4 yards (27-K.Oladapo).,run,4.0,false,false,,,,,left,end,false,false,false,false,false,false,,false,0.11333045084029436,true,-0.011093378067016602
2025_18_GB_MIN,780,1,01:36,3,1,MIN,GB,MIN,58.0,(1:36) 32-T.Chandler up the middle to MIN 41 for -1 yards (99-B.Sorrell).,run,-1.0,false,false,,,,,middle,,false,false,false,false,false,false,,false,-2.262755702249706,false,-0.04132544994354248
2025_18_GB_MIN,802,1,00:51,4,2,MIN,GB,MIN,59.0,"(:51) 17-R.Wright punts 49 yards to GB 10, Center-42-A.DePaola, downed by MIN-13-T.Felton.",punt,0.0,false,false,,,,,,,false,false,false,false,false,false,,false,-0.0695898572448641,false,0.010625004768371582
2025_18_GB_MIN,822,1,00:37,1,10,GB,MIN,GB,90.0,"(:37) 6-C.Tune pass incomplete short left to 23-E.Wilson. PENALTY on MIN-94-T.Taimani, Illegal Use of Hands, 5 yards, enforced at GB 10 - No Play.",no_play,0.0,false,false,,,,,,,false,true,false,false,false,true,5.0,false,0.3201261709909886,true,0.005058795213699341
2025_18_GB_MIN,863,1,00:33,1,10,GB,MIN,GB,85.0,"(:33) 23-E.Wilson right end to GB 13 for -2 yards (43-A.Van Ginkel, 55-E.Wilson).",run,-2.0,false,false,,,,,right,end,false,false,false,false,false,false,,false,-1.1981852245517075,false,-0.022051572799682617
2025_18_GB_MIN,885,1,00:00,,0,GB,MIN,,,END QUARTER 1,,,false,false,,,,,,,,,,,,,,,-0.0,false,-0.0
2025_18_GB_MIN,905,2,15:00,2,12,GB,MIN,GB,87.0,(15:00) (Shotgun) 23-E.Wilson right guard to GB 15 for 2 yards (61-J.Redmond).,run,2.0,true,false,,,,,right,guard,false,false,false,false,false,false,,false,-0.21730630146339536,false,-0.01449856162071228
2025_18_GB_MIN,927,2,14:28,3,10,GB,MIN,GB,85.0,(14:28) (Shotgun) 6-C.Tune pass short right to 84-J.Keeney-James to GB 22 for 7 yards (7-B.Murphy).,pass,7.0,true,false,short,right,7.0,0.0,,,true,false,false,false,false,false,,false,-0.7244173814542592,false,-0.003627568483352661
2025_18_GB_MIN,952,2,13:42,4,3,GB,MIN,GB,78.0,"(13:42) 19-D.Whelan punts 56 yards to MIN 22, Center-42-M.Orzech, fair catch by 82-J.Jones.",punt,0.0,false,false,,,,,,,false,false,false,false,false,false,,false,0.5604001372121274,true,0.013854295015335083
2025_18_GB_MIN,972,2,13:34,1,10,MIN,GB,MIN,78.0,(13:34) 9-J.McCarthy pass incomplete short middle to 89-B.Sims (48-J.Johnson).,pass,0.0,false,false,short,middle,12.0,,,,false,false,false,false,false,false,,false,-0.5979970479384065,false,-0.009977519512176514
2025_18_GB_MIN,1002,2,13:27,2,10,MIN,GB,MIN,78.0,(13:27) (Shotgun) 32-T.Chandler left guard to MIN 26 for 4 yards (64-J.Ford).,run,4.0,true,false,,,,,left,guard,false,false,false,false,false,false,,false,-0.2074029352515936,false,-0.010412395000457764
2025_18_GB_MIN,1024,2,12:44,3,6,MIN,GB,MIN,74.0,(12:44) (Shotgun) 9-J.McCarthy pass incomplete deep left to 18-J.Jefferson.,pass,0.0,true,false,deep,left,17.0,,,,false,false,false,false,false,false,,false,-1.535645829513669,false,-0.05124539136886597
2025_18_GB_MIN,1047,2,12:41,4,6,MIN,GB,MIN,74.0,"(12:41) 17-R.Wright punts 44 yards to GB 30, Center-42-A.DePaola, out of bounds.",punt,0.0,false,false,,,,,,,false,false,false,false,false,false,,false,-0.2527049663476646,false,0.019702494144439697
2025_18_GB_MIN,1066,2,12:34,1,10,GB,MIN,GB,70.0,(12:34) (Shotgun) 6-C.Tune pass incomplete short left to 0-M.Golden [55-E.Wilson].,pass,0.0,true,false,short,left,5.0,,,,false,false,false,false,false,false,,false,-0.584500087890774,false,-0.016287803649902344
2025_18_GB_MIN,1096,2,12:31,2,10,GB,MIN,GB,70.0,(12:31) 30-C.Brooks up the middle to GB 34 for 4 yards (51-B.Cashman; 55-E.Wilson).,run,4.0,false,false,,,,,middle,,false,false,false,false,false,false,,false,-0.33526173885911703,false,0.00018396973609924316
2025_18_GB_MIN,1118,2,11:49,3,6,GB,MIN,GB,66.0,(11:49) (Shotgun) 6-C.Tune right end ran ob at GB 41 for 7 yards (23-F.Moreau).,run,7.0,true,false,,,,,right,end,false,true,false,false,false,false,,false,1.5907796807587147,true,0.029369324445724487
2025_18_GB_MIN,1145,2,11:12,1,10,GB,MIN,GB,59.0,(11:12) 30-C.Brooks right end pushed ob at GB 46 for 5 yards (24-J.Ward; 7-B.Murphy).,run,5.0,false,false,,,,,right,end,false,false,false,false,false,false,,false,0.14855063916184008,true,-0.0027565062046051025
2025_18_GB_MIN,1172,2,10:36,2,5,GB,MIN,GB,54.0,(10:36) 30-C.Brooks right tackle to GB 48 for 2 yards (24-J.Ward; 61-J.Redmond).,run,2.0,false,false,,,,,right,tackle,false,false,false,false,false,false,,false,-0.5381295448169112,false,-0.0007939636707305908
2025_18_GB_MIN,1194,2,09:58,3,3,GB,MIN,GB,52.0,"(9:58) (Shotgun) 23-E.Wilson up the middle to GB 47 for -1 yards (43-A.Van Ginkel, 51-B.Cashman).",run,-1.0,true,false,,,,,middle,,false,false,false,false,false,false,,false,-1.8048796115908772,false,-0.060688555240631104
2025_18_GB_MIN,1216,2,09:13,4,4,GB,MIN,GB,53.0,"(9:13) 19-D.Whelan punts 44 yards to MIN 9, Center-42-M.Orzech. 82-J.Jones to MIN 9 for no gain (16-B.Melton). GB-16-B.Melton was injured during the play.",punt,0.0,false,false,,,,,,,false,false,false,false,false,false,,false,-0.36706861527636647,false,0.006832003593444824
2025_18_GB_MIN,1245,2,09:04,1,10,MIN,GB,MIN,91.0,(9:04) 27-J.Mason right tackle to MIN 13 for 4 yards (99-B.Sorrell).,run,4.0,false,false,,,,,right,tackle,false,false,false,false,false,false,,false,-0.29619691567495465,false,-0.002413332462310791
2025_18_GB_MIN,1274,2,08:31,2,6,MIN,GB,MIN,87.0,(8:31) 9-J.McCarthy pass short right to 84-J.Oliver pushed ob at MIN 35 for 22 yards (48-J.Johnson).,pass,22.0,false,false,short,right,3.0,19.0,,,true,true,false,false,false,false,,false,1.79574015410617,true,0.03736734390258789
2025_18_GB_MIN,1304,2,07:48,1,10,MIN,GB,MIN,65.0,(7:48) 27-J.Mason right tackle to MIN 36 for 1 yard (93-N.Stackhouse; 48-J.Johnson).,run,1.0,false,false,,,,,right,tackle,false,false,false,false,false,false,,false,-0.44108180748298764,false,-0.010822176933288574
2025_18_GB_MIN,1326,2,07:10,2,9,MIN,GB,MIN,64.0,(7:10) (Shotgun) 9-J.McCarthy pass short right to 18-J.Jefferson to GB 47 for 17 yards (33-E.Williams; 59-T.Hopper).,pass,17.0,true,false,short,right,4.0,13.0,,,true,true,false,false,false,false,,false,1.4968071624170989,true,0.05449897050857544
2025_18_GB_MIN,1351,2,06:30,1,10,MIN,GB,GB,47.0,(6:30) (Shotgun) 9-J.McCarthy pass short middle to 1-J.Nailor to GB 30 for 17 yards (38-J.Simpson).,pass,17.0,true,false,short,middle,13.0,4.0,,,true,true,false,false,false,false,,false,1.0280079130316153,true,0.010243475437164307
2025_18_GB_MIN,1376,2,05:43,1,10,MIN,GB,GB,30.0,(5:43) 32-T.Chandler right end to GB 27 for 3 yards (59-T.Hopper; 48-J.Johnson).,run,3.0,false,false,,,,,right,end,false,false,false,false,false,false,,false,-0.23668398725567386,false,-0.010778665542602539
2025_18_GB_MIN,1398,2,05:05,2,7,MIN,GB,GB,27.0,(5:05) 9-J.McCarthy pass incomplete short left.,pass,0.0,false,false,short,left,3.0,,,,false,false,false,false,false,false,,false,-0.6664902495103888,false,-0.02824866771697998
2025_18_GB_MIN,1421,2,04:57,3,7,MIN,GB,GB,27.0,(4:57) (Shotgun) 9-J.McCarthy pass short right to 1-J.Nailor to GB 21 for 6 yards (99-B.Sorrell; 38-J.Simpson).,pass,6.0,true,false,short,right,6.0,0.0,,,true,false,false,false,false,false,,false,0.1751498599187471,true,0.017000317573547363
2025_18_GB_MIN,1451,2,04:34,4,1,MIN,GB,GB,21.0,"(4:34) (No Huddle) 9-J.McCarthy up the middle to GB 20 for 1 yard (57-B.Cox; 33-E.Williams). Green Bay challenged the first down ruling, and the play was Upheld. The ruling on the field stands. (Timeout #1.)",run,1.0,false,true,,,,,middle,,false,true,false,false,false,false,,false,1.2398254435393028,true,0.044198691844940186
2025_18_GB_MIN,1473,2,04:00,1,10,MIN,GB,GB,20.0,(4:00) 27-J.Mason up the middle to GB 7 for 13 yards (28-T.Diggs).,run,13.0,false,false,,,,,middle,,false,true,false,false,false,false,,false,0.9413243957678787,true,0.028274476528167725
2025_18_GB_MIN,1552,2,03:18,1,7,MIN,GB,GB,7.0,(3:18) 9-J.McCarthy pass incomplete short right to 3-J.Addison.,pass,0.0,false,false,short,right,7.0,,,,false,false,false,false,false,false,,false,-0.5170886832056567,false,-0.010379552841186523
2025_18_GB_MIN,1575,2,03:13,2,7,MIN,GB,GB,7.0,(3:13) 9-J.McCarthy pass incomplete short left to 32-T.Chandler.,pass,0.0,false,false,short,left,-4.0,,,,false,false,false,false,false,false,,false,-0.8256145653431304,false,-0.018382787704467773
2025_18_GB_MIN,1598,2,03:10,3,7,MIN,GB,GB,7.0,(3:10) (Shotgun) 9-J.McCarthy pass incomplete short right to 18-J.Jefferson.,pass,0.0,true,false,short,right,7.0,,,,false,false,false,false,false,false,,false,-1.149000720388626,false,-0.040029942989349365
2025_18_GB_MIN,1621,2,03:05,4,7,MIN,GB,GB,7.0,"(3:05) 16-W.Reichard 25 yard field goal is GOOD, Center-42-A.DePaola, Holder-17-R.Wright.",field_goal,0.0,false,false,,,,,,,false,false,false,false,false,false,,false,0.04124106097724045,true,-0.011039763689041138
2025_18_GB_MIN,1641,2,03:02,,0,GB,MIN,MIN,35.0,16-W.Reichard kicks 64 yards from MIN 35 to GB 1. 84-J.Keeney-James to GB 22 for 21 yards (0-I.Pace).,kickoff,0.0,false,false,,,,,,,false,false,false,false,false,false,,false,-0.1930725306738168,false,0.00028076767921447754
2025_18_GB_MIN,1664,2,02:56,1,10,GB,MIN,GB,78.0,(2:56) 23-E.Wilson up the middle to GB 4 for -18 yards (55-E.Wilson).,run,-18.0,false,false,,,,,middle,,false,false,false,false,false,false,,false,-1.74250070983544,false,-0.07978697121143341
2025_18_GB_MIN,1686,2,02:16,2,28,GB,MIN,GB,96.0,(2:16) (Shotgun) 23-E.Wilson up the middle to GB 8 for 4 yards (93-J.Allen).,run,4.0,true,false,,,,,middle,,false,false,false,false,false,false,,false,-0.43022108171135187,false,-0.025297164916992188
2025_18_GB_MIN,1708,2,02:00,3,24,GB,MIN,GB,92.0,(2:00) (Shotgun) 6-C.Tune pass incomplete short right.,pass,0.0,true,false,short,right,2.0,,,,false,false,false,false,false,false,,false,-0.6860308597097173,false,-0.01598648726940155
2025_18_GB_MIN,1738,2,01:54,4,24,GB,MIN,GB,92.0,"(1:54) 19-D.Whelan punts 51 yards to MIN 41, Center-42-M.Orzech, fair catch by 82-J.Jones.",punt,0.0,false,false,,,,,,,false,false,false,false,false,false,,false,0.16304038418456912,true,0.047618567943573
2025_18_GB_MIN,1758,2,01:47,1,10,MIN,GB,MIN,59.0,(1:47) (Shotgun) 18-J.Jefferson left end to MIN 44 for 3 yards (37-J.Baldwin).,run,3.0,true,false,,,,,left,end,false,false,false,false,false,false,,false,0.010603239294141531,true,-0.004399597644805908
2025_18_GB_MIN,1780,2,01:29,2,7,MIN,GB,MIN,56.0,"(1:29) (No Huddle, Shotgun) 9-J.McCarthy pass short right to 84-J.Oliver to GB 49 for 7 yards (27-K.Oladapo) [57-B.Cox].",pass,7.0,true,true,short,right,3.0,4.0,,,true,true,false,false,false,false,,false,0.5452117381501012,true,0.013530910015106201
2025_18_GB_MIN,1805,2,01:04,1,10,MIN,GB,GB,49.0,"(1:04) (No Huddle, Shotgun) 9-J.McCarthy pass short right to 32-T.Chandler ran ob at GB 47 for 2 yards (48-J.Johnson).",pass,2.0,true,true,short,right,-6.0,8.0,,,true,false,false,false,false,false,,false,-0.1310338278999552,false,-0.015203773975372314
2025_18_GB_MIN,1835,2,00:58,2,8,MIN,GB,GB,47.0,(:58) (Shotgun) 9-J.McCarthy pass incomplete short left to 18-J.Jefferson (27-K.Oladapo).,pass,0.0,true,false,short,left,-5.0,,,,false,false,false,false,false,false,,false,-0.3863356091314927,false,-0.019475460052490234
2025_18_GB_MIN,1858,2,00:54,3,8,MIN,GB,GB,47.0,(:54) (Shotgun) 9-J.McCarthy pass deep right to 1-J.Nailor to GB 21 for 26 yards (38-J.Simpson).,pass,26.0,true,false,deep,right,16.0,10.0,,,true,true,false,false,false,false,,false,2.296910773264244,true,0.08203637599945068
2025_18_GB_MIN,1883,2,00:46,1,10,MIN,GB,GB,21.0,(:46) (Shotgun) 9-J.McCarthy pass incomplete deep right to 3-J.Addison.,pass,0.0,true,false,deep,right,21.0,,,,false,false,false,false,false,false,,false,-0.33344196336111054,false,-0.011121571063995361
2025_18_GB_MIN,1895,2,00:46,,0,,,,,"Timeout #1 by MIN at 00:46.",no_play,0.0,false,false,,,,,,,false,false,false,false,false,false,,false,0.0,false,0.0
2025_18_GB_MIN,1913,2,00:42,2,10,MIN,GB,GB,21.0,(:42) (Shotgun) 9-J.McCarthy pass deep right to 89-B.Sims ran ob at GB 3 for 18 yards.,pass,18.0,true,false,deep,right,18.0,0.0,,,true,true,false,false,false,false,,false,2.150721458980115,true,0.044940173625946045
2025_18_GB_MIN,1943,2,00:35,1,3,MIN,GB,GB,3.0,(:35) (Shotgun) 32-T.Chandler up the middle to GB 1 for 2 yards (20-J.Bullard).,run,2.0,true,false,,,,,middle,,false,false,false,false,false,false,,false,-0.19013842823915184,false,0.01168590784072876
2025_18_GB_MIN,1965,2,00:25,2,1,MIN,GB,GB,1.0,"(:25) 30-C.Ham left guard for 1 yard, TOUCHDOWN.",run,1.0,false,false,,,,,left,guard,false,true,false,false,false,false,,true,1.2057234452513512,true,0.012131184337350276
2025_18_GB_MIN,1977,2,00:25,,0,,,,,"Timeout #2 by MIN at 00:25.",no_play,0.0,false,false,,,,,,,false,false,false,false,false,false,,false,0.0,false,0.0
2025_18_GB_MIN,1995,2,00:23,,0,MIN,GB,GB,15.0,"16-W.Reichard extra point is GOOD, Center-42-A.DePaola, Holder-17-R.Wright.",extra_point,0.0,false,false,,,,,,,false,false,false,false,false,false,,false,0.05117156607063911,true,0.0018445625922952624
2025_18_GB_MIN,2010,2,00:23,,0,GB,MIN,MIN,35.0,"16-W.Reichard kicks 65 yards from MIN 35 to landing zone to end zone, Touchback to the GB 20.",kickoff,0.0,false,false,,,,,,,false,false,false,false,false,false,,false,-0.4811676738318056,false,-0.005282245576381683
2025_18_GB_MIN,2027,2,00:23,1,10,GB,MIN,GB,80.0,(:23) 6-C.Tune kneels to GB 19 for -1 yards.,qb_kneel,-1.0,false,false,,,,,,,false,false,false,false,false,false,,false,0.0,false,
2025_18_GB_MIN,2049,2,00:00,,0,,,,,END QUARTER 2,,,false,false,,,,,,,,,,,,,,,,,-0.0
2025_18_GB_MIN,2069,3,15:00,,0,GB,MIN,MIN,35.0,16-W.Reichard kicks 61 yards from MIN 35 to GB 4. 84-J.Keeney-James pushed ob at GB 30 for 26 yards (37-T.Thomas).,kickoff,0.0,false,false,,,,,,,false,false,false,false,false,false,,false,0.2895503584295511,true,0.00014315545558929443
2025_18_GB_MIN,2102,3,14:55,1,10,GB,MIN,GB,70.0,(14:55) 23-E.Wilson left guard to GB 32 for 2 yards (55-E.Wilson; 51-B.Cashman).,run,2.0,false,false,,,,,left,guard,false,false,false,false,false,false,,false,-0.3874387191608548,false,-0.01707586646080017
2025_18_GB_MIN,2124,3,14:21,2,8,GB,MIN,GB,68.0,(14:21) 23-E.Wilson right tackle to GB 41 for 9 yards (24-J.Ward).,run,9.0,false,false,,,,,right,tackle,false,true,false,false,false,false,,false,1.1061272204387933,true,0.010776340961456299
2025_18_GB_MIN,2146,3,13:49,1,10,GB,MIN,GB,59.0,(13:49) 6-C.Tune pass short right to 84-J.Keeney-James to GB 49 for 8 yards (7-B.Murphy).,pass,8.0,false,false,short,right,8.0,0.0,,,true,false,false,false,false,false,,false,0.6739632610697299,true,0.007498584687709808
2025_18_GB_MIN,2171,3,13:15,2,2,GB,MIN,GB,51.0,(13:15) 23-E.Wilson right guard to MIN 39 for 12 yards (15-D.Turner; 55-E.Wilson).,run,12.0,false,false,,,,,right,guard,false,true,false,false,false,false,,false,0.7979117010254413,true,0.00270824134349823
2025_18_GB_MIN,2193,3,12:44,1,10,GB,MIN,MIN,39.0,(12:44) 23-E.Wilson right tackle to MIN 34 for 5 yards (93-J.Allen; 97-J.Hargrave).,run,5.0,false,false,,,,,right,tackle,false,false,false,false,false,false,,false,-0.029991733375936747,false,0.001225881278514862
2025_18_GB_MIN,2215,3,12:05,2,5,GB,MIN,MIN,34.0,(12:05) 30-C.Brooks right end to MIN 37 for -3 yards (7-B.Murphy).,run,-3.0,false,false,,,,,right,end,false,false,false,false,false,false,,false,-1.3587497773114592,false,-0.019438669085502625
2025_18_GB_MIN,2237,3,11:24,3,8,GB,MIN,MIN,37.0,(11:24) (Shotgun) 6-C.Tune sacked at MIN 44 for -7 yards (15-D.Turner).,pass,-7.0,true,false,,,,,,,false,false,true,false,false,false,,false,-2.581970501691103,false,-0.02275749295949936
2025_18_GB_MIN,2257,3,10:42,4,15,GB,MIN,MIN,44.0,"(10:42) 19-D.Whelan punts 30 yards to MIN 14, Center-42-M.Orzech, fair catch by 82-J.Jones.",punt,0.0,false,false,,,,,,,false,false,false,false,false,false,,false,-0.363767241127789,false,-0.01084878295660019
2025_18_GB_MIN,2277,3,10:35,1,10,MIN,GB,MIN,86.0,(10:35) 9-J.McCarthy pass short left to 18-J.Jefferson to MIN 22 for 8 yards (20-J.Bullard; 99-B.Sorrell). MIN-9-J.McCarthy was injured during the play.,pass,8.0,false,false,short,left,-1.0,9.0,,,true,false,false,false,false,false,,false,0.47578600607812405,true,0.004927337169647217
2025_18_GB_MIN,2309,3,09:52,2,2,MIN,GB,MIN,78.0,(9:52) 27-J.Mason left tackle to MIN 25 for 3 yards (99-B.Sorrell; 48-J.Johnson).,run,3.0,false,false,,,,,left,tackle,false,true,false,false,false,false,,false,0.365105452015996,true,-7.742643356323242e-05
2025_18_GB_MIN,2331,3,09:12,1,10,MIN,GB,MIN,75.0,(9:12) (Shotgun) 12-M.Brosmer pass short right to 18-J.Jefferson pushed ob at MIN 34 for 9 yards (38-J.Simpson).,pass,9.0,true,false,short,right,8.0,1.0,,,true,false,false,false,false,false,,false,0.7571209301240742,true,0.0069664716720581055
2025_18_GB_MIN,2364,3,08:32,2,1,MIN,GB,MIN,66.0,(8:32) 27-J.Mason left end to MIN 33 for -1 yards (34-S.Bartholomew).,run,-1.0,false,false,,,,,left,end,false,false,false,false,false,false,,false,-1.006049148272723,false,-0.007085621356964111
2025_18_GB_MIN,2386,3,07:52,3,2,MIN,GB,MIN,67.0,(7:52) (Shotgun) 12-M.Brosmer sacked at MIN 33 for 0 yards (99-B.Sorrell).,pass,0.0,true,false,,,,,,,false,false,true,false,false,false,,false,-1.8515307335183024,false,-0.014079511165618896
2025_18_GB_MIN,2406,3,07:16,4,2,MIN,GB,MIN,67.0,"(7:16) 17-R.Wright punts 55 yards to GB 12, Center-42-A.DePaola, fair catch by 84-J.Keeney-James.",punt,0.0,false,false,,,,,,,false,false,false,false,false,false,,false,0.1897259373217821,true,0.013123683631420135
2025_18_GB_MIN,2431,3,07:08,1,10,GB,MIN,GB,88.0,"(7:08) PENALTY on GB-77-J.Morgan, False Start, 5 yards, enforced at GB 12 - No Play.",no_play,0.0,false,false,,,,,,,false,false,false,false,false,true,5.0,false,-1.0828544683754444,false,-0.006647136062383652
2025_18_GB_MIN,2462,3,07:08,1,15,GB,MIN,GB,93.0,(7:08) (Shotgun) 6-C.Tune scrambles right end ran ob at GB 23 for 16 yards (55-E.Wilson).,run,16.0,true,false,,,,,right,end,false,true,false,false,false,false,,false,1.6368183875456452,true,0.02255648747086525
2025_18_GB_MIN,2489,3,06:30,1,10,GB,MIN,GB,77.0,(6:30) 30-C.Brooks right tackle to GB 30 for 7 yards (94-T.Taimani; 24-J.Ward).,run,7.0,false,false,,,,,right,tackle,false,false,false,false,false,false,,false,0.4821055759675801,true,0.013740375638008118
2025_18_GB_MIN,2511,3,05:52,2,3,GB,MIN,GB,70.0,(5:52) (Shotgun) 30-C.Brooks left tackle to GB 39 for 9 yards (51-B.Cashman).,run,9.0,true,false,,,,,left,tackle,false,true,false,false,false,false,,false,0.6389123436529189,true,0.0044693052768707275
2025_18_GB_MIN,2533,3,05:16,1,10,GB,MIN,GB,61.0,(5:16) 23-E.Wilson left tackle to GB 44 for 5 yards (51-B.Cashman).,run,5.0,false,false,,,,,left,tackle,false,false,false,false,false,false,,false,0.08631990919820964,true,-0.00011464953422546387
2025_18_GB_MIN,2555,3,04:47,2,5,GB,MIN,GB,56.0,(4:47) 23-E.Wilson right guard to 50 for 6 yards (55-E.Wilson; 97-J.Hargrave).,run,6.0,false,false,,,,,right,guard,false,true,false,false,false,false,,false,0.7019720361568034,true,0.0009608492255210876
2025_18_GB_MIN,2577,3,04:07,1,10,GB,MIN,50,50.0,(4:07) 6-C.Tune scrambles left end ran ob at MIN 49 for 1 yard (55-E.Wilson; 24-J.Ward).,run,1.0,false,false,,,,,left,end,false,false,false,false,false,false,,false,-0.5718776402063668,false,-0.020103931427001953
2025_18_GB_MIN,2599,3,03:26,2,9,GB,MIN,MIN,49.0,(3:26) 30-C.Brooks right tackle to MIN 49 for no gain (43-A.Van Ginkel).,run,0.0,false,false,,,,,right,tackle,false,false,false,false,false,false,,false,-0.9016976223792881,false,-0.008197546005249023
2025_18_GB_MIN,2626,3,02:45,3,9,GB,MIN,MIN,49.0,(2:45) (Shotgun) 6-C.Tune sacked at GB 40 for -11 yards (26-T.Jackson).,pass,-11.0,true,false,,,,,,,false,false,true,false,false,false,,false,-2.1878020770382136,false,-0.015843737870454788
2025_18_GB_MIN,2646,3,02:03,4,20,GB,MIN,GB,60.0,"(2:03) 19-D.Whelan punts 57 yards to MIN 3, Center-42-M.Orzech. 82-J.Jones to MIN 8 for 5 yards (34-S.Bartholomew).",punt,0.0,false,false,,,,,,,false,false,false,false,false,false,,false,0.5121176289394498,true,-0.011975083500146866
2025_18_GB_MIN,2672,3,01:52,1,10,MIN,GB,MIN,92.0,(1:52) 32-T.Chandler right tackle to MIN 10 for 2 yards (99-B.Sorrell).,run,2.0,false,false,,,,,right,tackle,false,false,false,false,false,false,,false,-0.4366985447704792,false,-0.0057038068771362305
2025_18_GB_MIN,2701,3,01:23,2,8,MIN,GB,MIN,90.0,(1:23) (Shotgun) 12-M.Brosmer pass short right to 85-B.Yurosek to MIN 19 for 9 yards (48-J.Johnson; 38-J.Simpson).,pass,9.0,true,false,short,right,5.0,4.0,,,true,true,false,false,false,false,,false,1.0734054176136851,true,0.009524285793304443
2025_18_GB_MIN,2726,3,00:45,1,10,MIN,GB,MIN,81.0,(:45) 36-Z.Scott left end to MIN 25 for 6 yards (34-S.Bartholomew).,run,6.0,false,false,,,,,left,end,false,false,false,false,false,false,,false,0.22847086284309626,true,-0.0017714500427246094
2025_18_GB_MIN,2753,3,00:00,,0,MIN,GB,,,END QUARTER 3,,,false,false,,,,,,,,,,,,,,,0.0,false,0.0
2025_18_GB_MIN,2773,4,15:00,2,4,MIN,GB,MIN,75.0,(15:00) 12-M.Brosmer pass short right to 18-J.Jefferson to MIN 41 for 16 yards (37-J.Baldwin; 48-J.Johnson).,pass,16.0,false,false,short,right,13.0,3.0,,,true,true,false,false,false,false,,false,1.0072471895255148,true,0.011927187442779541
2025_18_GB_MIN,2798,4,14:16,1,10,MIN,GB,MIN,59.0,(14:16) 32-T.Chandler left tackle to MIN 46 for 5 yards (37-J.Baldwin).,run,5.0,false,false,,,,,left,tackle,false,false,false,false,false,false,,false,0.07952929707244039,true,0.0021512508392333984
2025_18_GB_MIN,2820,4,13:36,2,5,MIN,GB,MIN,54.0,"(13:36) (Shotgun) 12-M.Brosmer pass incomplete deep right to 13-T.Felton. PENALTY on GB-38-J.Simpson, Defensive Pass Interference, 32 yards, enforced at MIN 46 - No Play. Penalty on GB-38-J.Simpson, Illegal Contact, declined.",no_play,0.0,true,false,,,,,,,false,true,false,false,false,true,32.0,false,2.3515458318870515,true,0.00464397668838501
2025_18_GB_MIN,2854,4,13:30,1,10,MIN,GB,GB,22.0,(13:30) 32-T.Chandler right tackle to GB 19 for 3 yards (59-T.Hopper; 93-N.Stackhouse).,run,3.0,false,false,,,,,right,tackle,false,false,false,false,false,false,,false,-0.3244230661075562,false,-0.0018524527549743652
2025_18_GB_MIN,2876,4,12:53,2,7,MIN,GB,GB,19.0,"(12:53) (Shotgun) 12-M.Brosmer pass incomplete short left to 13-T.Felton. PENALTY on GB-53-A.Mosby, Defensive Offside, 5 yards, enforced at GB 19 - No Play.",no_play,0.0,true,false,,,,,,,false,false,false,false,false,true,5.0,false,0.8361842160811648,true,0.005550026893615723
2025_18_GB_MIN,2910,4,12:50,2,2,MIN,GB,GB,14.0,(12:50) (Shotgun) 36-Z.Scott up the middle to GB 13 for 1 yard (58-I.McDuffie).,run,1.0,true,false,,,,,middle,,false,false,false,false,false,false,,false,-0.3506658576661721,false,-0.0002321004867553711
2025_18_GB_MIN,2932,4,12:07,3,1,MIN,GB,GB,13.0,(12:07) 12-M.Brosmer pass short right to 36-Z.Scott pushed ob at GB 5 for 8 yards (38-J.Simpson).,pass,8.0,false,false,short,right,0.0,8.0,,,true,true,false,false,false,false,,false,0.9564033970818855,true,0.00011134147644042969
2025_18_GB_MIN,2962,4,11:31,1,5,MIN,GB,GB,5.0,"(11:31) (Shotgun) 12-M.Brosmer sacked at GB 17 for -12 yards (57-B.Cox). FUMBLES (57-B.Cox) [57-B.Cox], RECOVERED by GB-99-B.Sorrell at GB 18. 99-B.Sorrell to GB 25 for 7 yards (12-M.Brosmer).",pass,-13.0,true,false,,,,,,,false,false,true,false,true,false,,false,-7.410558839386795,false,-0.03025074303150177
2025_18_GB_MIN,2974,4,11:31,,0,,,,,"Timeout #1 by MIN at 11:31.",no_play,0.0,false,false,,,,,,,false,false,false,false,false,false,,false,0.0,false,0.0
2025_18_GB_MIN,3000,4,11:23,1,10,GB,MIN,GB,75.0,(11:23) (Shotgun) 6-C.Tune sacked at GB 15 for -10 yards (51-B.Cashman).,pass,-10.0,true,false,,,,,,,false,false,true,false,false,false,,false,-1.8188848686404526,false,-0.016001373529434204
2025_18_GB_MIN,3027,4,10:47,2,20,GB,MIN,GB,85.0,(10:47) (Shotgun) 6-C.Tune pass incomplete short middle to 0-M.Golden (43-A.Van Ginkel).,pass,0.0,true,false,short,middle,4.0,,,,false,false,false,false,false,false,,false,-0.7366336842533201,false,-0.007571300491690636
2025_18_GB_MIN,3062,4,10:38,3,20,GB,MIN,GB,85.0,(10:38) (Shotgun) 6-C.Tune pass short right to 23-E.Wilson to GB 19 for 4 yards (2-I.Rodgers).,pass,4.0,true,false,short,right,-6.0,10.0,,,true,false,false,false,false,false,,false,-0.7288268215488642,false,-0.004527445882558823
2025_18_GB_MIN,3087,4,09:52,4,16,GB,MIN,GB,81.0,"(9:52) 19-D.Whelan punts 63 yards to MIN 18, Center-42-M.Orzech, fair catch by 82-J.Jones.",punt,0.0,false,false,,,,,,,false,false,false,false,false,false,,false,0.7722360203042626,true,0.00042453594505786896
2025_18_GB_MIN,3107,4,09:44,1,10,MIN,GB,MIN,82.0,(9:44) 27-J.Mason up the middle to MIN 37 for 19 yards (38-J.Simpson; 20-J.Bullard). GB-20-J.Bullard was injured during the play.,run,19.0,false,false,,,,,middle,,false,true,false,false,false,false,,false,0.9979354946408421,true,0.003208756446838379
2025_18_GB_MIN,3139,4,09:19,1,10,MIN,GB,MIN,63.0,(9:19) 27-J.Mason up the middle pushed ob at GB 39 for 24 yards (58-I.McDuffie).,run,24.0,false,false,,,,,middle,,false,true,false,false,false,false,,false,1.4369858409045264,true,0.005690634250640869
2025_18_GB_MIN,3173,4,08:33,1,10,MIN,GB,GB,39.0,(8:33) 27-J.Mason up the middle to GB 34 for 5 yards (64-J.Ford).,run,5.0,false,false,,,,,middle,,false,false,false,false,false,false,,false,-0.030535485362634063,false,-0.000902712345123291
2025_18_GB_MIN,3195,4,07:51,2,5,MIN,GB,GB,34.0,(7:51) (Shotgun) 12-M.Brosmer pass short left to 30-C.Ham to GB 28 for 6 yards (59-T.Hopper; 48-J.Johnson).,pass,6.0,true,false,short,left,-2.0,8.0,,,true,true,false,false,false,false,,false,0.6637251443462446,true,0.006266474723815918
2025_18_GB_MIN,3220,4,07:07,1,10,MIN,GB,GB,28.0,(7:07) 32-T.Chandler right guard to GB 28 for no gain (37-J.Baldwin).,run,0.0,false,false,,,,,right,guard,false,false,false,false,false,false,,false,-0.40764913061866537,false,-0.0017881989479064941
2025_18_GB_MIN,3242,4,06:25,2,10,MIN,GB,GB,28.0,(6:25) 12-M.Brosmer pass short left to 32-T.Chandler to GB 17 for 11 yards (58-I.McDuffie).,pass,11.0,false,false,short,left,-3.0,14.0,,,true,true,false,false,false,false,,false,1.1438539358205162,true,0.006576597690582275
2025_18_GB_MIN,3267,4,05:40,1,10,MIN,GB,GB,17.0,(5:40) 27-J.Mason left end to GB 17 for no gain (58-I.McDuffie).,run,0.0,false,false,,,,,left,end,false,false,false,false,false,false,,false,-0.4161184274125844,false,-0.0008322596549987793
2025_18_GB_MIN,3294,4,04:55,2,10,MIN,GB,GB,17.0,(4:55) (Shotgun) 12-M.Brosmer pass incomplete short middle to 89-B.Sims.,pass,0.0,true,false,short,middle,9.0,,,,false,false,false,false,false,false,,false,-0.7552410011994652,false,-0.0005570650100708008
2025_18_GB_MIN,3317,4,04:51,3,10,MIN,GB,GB,17.0,(4:51) (Shotgun) 12-M.Brosmer pass short left to 32-T.Chandler to GB 19 for -2 yards (45-C.Oliver).,pass,-2.0,true,false,short,left,-7.0,5.0,,,true,false,false,false,false,false,,false,-1.0262107670212863,false,-0.0016141533851623535
2025_18_GB_MIN,3342,4,04:13,4,12,MIN,GB,GB,19.0,"(4:13) 16-W.Reichard 37 yard field goal is GOOD, Center-42-A.DePaola, Holder-17-R.Wright.",field_goal,0.0,false,false,,,,,,,false,false,false,false,false,false,,false,0.40844669388828336,true,0.001317403744906187
2025_18_GB_MIN,3362,4,04:09,,0,GB,MIN,MIN,35.0,16-W.Reichard kicks 59 yards from MIN 35 to GB 6. 23-E.Wilson to GB 39 for 33 yards (37-T.Thomas).,kickoff,0.0,false,false,,,,,,,false,false,false,false,false,false,,false,0.8186460693832487,true,1.1871568858623505e-05
2025_18_GB_MIN,3385,4,04:03,1,10,GB,MIN,GB,61.0,(4:03) 30-C.Brooks left tackle to GB 43 for 4 yards (15-D.Turner).,run,4.0,false,false,,,,,left,tackle,false,false,false,false,false,false,,false,-0.4325023245764896,false,-0.003290013177320361
2025_18_GB_MIN,3407,4,03:32,2,6,GB,MIN,GB,57.0,(3:32) 6-C.Tune pass short right to 0-M.Golden ran ob at MIN 49 for 8 yards (2-I.Rodgers).,pass,8.0,false,false,short,right,0.0,8.0,,,true,true,false,false,false,false,,false,0.9581549423164688,true,0.0007417639717459679
2025_18_GB_MIN,3419,4,03:32,,0,,,,,"Timeout #2 by MIN at 03:32.",no_play,0.0,false,false,,,,,,,false,false,false,false,false,false,,false,-0.0,false,-0.0
2025_18_GB_MIN,3444,4,03:27,1,10,GB,MIN,MIN,49.0,(3:27) 30-C.Brooks left tackle to MIN 37 for 12 yards (26-T.Jackson).,run,12.0,false,false,,,,,left,tackle,false,true,false,false,false,false,,false,0.39344198227627203,true,-0.00045274593867361546
2025_18_GB_MIN,3466,4,02:52,1,10,GB,MIN,MIN,37.0,(2:52) 30-C.Brooks left tackle to MIN 32 for 5 yards (0-I.Pace; 51-B.Cashman).,run,5.0,false,false,,,,,left,tackle,false,false,false,false,false,false,,false,0.3786621489562094,true,-0.000728899147361517
2025_18_GB_MIN,3488,4,02:20,2,5,GB,MIN,MIN,32.0,(2:20) 23-E.Wilson right tackle to MIN 28 for 4 yards (0-I.Pace).,run,4.0,false,false,,,,,right,tackle,false,false,false,false,false,false,,false,0.0041720488807186484,true,7.469253614544868e-05
2025_18_GB_MIN,3510,4,02:00,3,1,GB,MIN,MIN,28.0,(2:00) 23-E.Wilson left end ran ob at MIN 23 for 5 yards (26-T.Jackson).,run,5.0,false,false,,,,,left,end,false,true,false,false,false,false,,false,0.7545904739527032,true,-0.00023445626720786095
2025_18_GB_MIN,3544,4,01:55,1,10,GB,MIN,MIN,23.0,(1:55) 6-C.Tune pass short right to 81-J.Whyle to MIN 19 for 4 yards (98-B.Richter).,pass,4.0,false,false,short,right,-1.0,5.0,,,true,false,false,false,false,false,,false,-0.0503896827576682,false,0.0003963515628129244
2025_18_GB_MIN,3569,4,01:26,2,6,GB,MIN,MIN,19.0,(1:26) 23-E.Wilson left tackle to MIN 14 for 5 yards (0-I.Pace).,run,5.0,false,false,,,,,left,tackle,false,false,false,false,false,false,,false,0.5696538492920808,true,0.0013006434310227633
2025_18_GB_MIN,3591,4,00:59,3,1,GB,MIN,MIN,14.0,(:59) 23-E.Wilson right tackle to MIN 11 for 3 yards (0-I.Pace).,run,3.0,false,false,,,,,right,tackle,false,true,false,false,false,false,,false,0.10535020387033,true,0.0007592653855681419
2025_18_GB_MIN,3613,4,00:36,1,10,GB,MIN,MIN,11.0,(:36) 23-E.Wilson left guard to MIN 9 for 2 yards (15-D.Turner).,run,2.0,false,false,,,,,left,guard,false,false,false,false,false,false,,false,-0.3889198213000782,false,-0.00027448870241642
2025_18_GB_MIN,3635,4,00:28,2,8,GB,MIN,MIN,9.0,(:28) 6-C.Tune pass incomplete short right to 49-D.Dabney (98-B.Richter).,pass,0.0,false,false,short,right,7.0,,,,false,false,false,false,false,false,,false,-0.6319512743502855,false,-0.0005020350217819214
2025_18_GB_MIN,3647,4,00:28,,0,,,,,"Timeout #1 by GB at 00:28.",no_play,0.0,false,false,,,,,,,false,false,false,false,false,false,,false,-0.0,false,-0.0
2025_18_GB_MIN,3665,4,00:22,3,8,GB,MIN,MIN,9.0,(:22) 30-C.Brooks left tackle to MIN 5 for 4 yards (26-T.Jackson; 96-T.Batty).,run,4.0,false,false,,,,,left,tackle,false,false,false,false,false,false,,false,-0.6854338417937265,false,-0.0006128360982984304
2025_18_GB_MIN,3687,4,00:01,4,4,GB,MIN,MIN,5.0,"(:01) 17-B.McManus 24 yard field goal is GOOD, Center-42-M.Orzech, Holder-19-D.Whelan.",field_goal,0.0,false,false,,,,,,,false,false,false,false,false,false,,false,0.021883390104792344,true,-0.003091203747317195
2025_18_GB_MIN,3699,4,00:01,,0,,,,,"Timeout #2 by GB at 00:01.",no_play,0.0,false,false,,,,,,,false,false,false,false,false,false,,false,-0.0,false,-0.0
2025_18_GB_MIN,3714,4,00:00,,0,MIN,GB,,,END GAME,,,false,false,,,,,,,,,,,,,,,,,
