"PIN","PlanName","State","Participants","Year","Payment","Data_Accessed"
"ec3439fb25b1807b5481e41b0a7c0b7dbb3712babf054828c718d22ae04c2c9b1","ALA Lithographic Industry Pension Plan","NY",2644,2019,9851400,2024-07-30 20:28:50.92093
"ec3439fb25b1807b5481e41b0a7c0b7dbb3712babf054828c718d22ae04c2c9b2","Amalgamated Insurance Fund (Clothing Fund)","NY",21411,2019,20104600,2024-07-30 20:28:50.92093
"ec3439fb25b1807b5481e41b0a7c0b7dbb3712babf054828c718d22ae04c2c9b3","Asbestos Workers Local 64 Pension Fund","OK",86,2019,741500,2024-07-30 20:28:50.92093
"ec3439fb25b1807b5481e41b0a7c0b7dbb3712babf054828c718d22ae04c2c9b4","Bakery & Sales Drivers Local 33 Partition","MD",198,2019,1370900,2024-07-30 20:28:50.92093
"ec3439fb25b1807b5481e41b0a7c0b7dbb3712babf054828c718d22ae04c2c9b5","Bay Area Laundry & Dry Cleaning Pension Fund (Dry Cleaning)","CA",92,2019,98600,2024-07-30 20:28:50.92093
"ec3439fb25b1807b5481e41b0a7c0b7dbb3712babf054828c718d22ae04c2c9b6","Beverage & Brewery Drivers Local 67 PP","MD",166,2019,498200,2024-07-30 20:28:50.92093
"ec3439fb25b1807b5481e41b0a7c0b7dbb3712babf054828c718d22ae04c2c9b7","Brewery Workers Local 87 PP","OH",69,2019,226400,2024-07-30 20:28:50.92093
"ec3439fb25b1807b5481e41b0a7c0b7dbb3712babf054828c718d22ae04c2c9b8","Bricklayers Local 1 of Richmond","PA",160,2019,65000,2024-07-30 20:28:50.92093
"ec3439fb25b1807b5481e41b0a7c0b7dbb3712babf054828c718d22ae04c2c9b9","Buffalo Carpenters Pension Fund","NY",633,2019,4092600,2024-07-30 20:28:50.92093
"ec3439fb25b1807b5481e41b0a7c0b7dbb3712babf054828c718d22ae04c2c9b10","California Frozen Food Industry Pension Plan","CA",327,2019,301500,2024-07-30 20:28:50.92093
"ec3439fb25b1807b5481e41b0a7c0b7dbb3712babf054828c718d22ae04c2c9b11","Carpenters Industrial Council of Eastern PA Pension Fund","NJ",177,2019,625800,2024-07-30 20:28:50.92093
"ec3439fb25b1807b5481e41b0a7c0b7dbb3712babf054828c718d22ae04c2c9b12","Cattle Shochtim Local 491 Retirement Plan","NJ",13,2019,351205,2024-07-30 20:28:50.92093
"ec3439fb25b1807b5481e41b0a7c0b7dbb3712babf054828c718d22ae04c2c9b13","Cement Masons Local 521 Pension Plan","TN",53,2019,254700,2024-07-30 20:28:50.92093
"ec3439fb25b1807b5481e41b0a7c0b7dbb3712babf054828c718d22ae04c2c9b14","Cement Masons Local 681 Pension PL","TX",205,2019,795900,2024-07-30 20:28:50.92093
"ec3439fb25b1807b5481e41b0a7c0b7dbb3712babf054828c718d22ae04c2c9b15","Cement Masons Local Union 783","TX",32,2019,67200,2024-07-30 20:28:50.92093
"ec3439fb25b1807b5481e41b0a7c0b7dbb3712babf054828c718d22ae04c2c9b16","Chicago Foundry Workers Pension PL","IL",282,2019,614200,2024-07-30 20:28:50.92093
"ec3439fb25b1807b5481e41b0a7c0b7dbb3712babf054828c718d22ae04c2c9b17","Council 30 Retirement Plan - Sanders Plan","MI",144,2019,190000,2024-07-30 20:28:50.92093
"ec3439fb25b1807b5481e41b0a7c0b7dbb3712babf054828c718d22ae04c2c9b18","CTDU Partition Pension Fund","IL",1379,2019,4717400,2024-07-30 20:28:50.92093
"ec3439fb25b1807b5481e41b0a7c0b7dbb3712babf054828c718d22ae04c2c9b19","District 65 Pension Plan","NJ",5023,2019,13215200,2024-07-30 20:28:50.92093
"ec3439fb25b1807b5481e41b0a7c0b7dbb3712babf054828c718d22ae04c2c9b20","Detroit Typographical Union Local 18","FL",271,2019,229700,2024-07-30 20:28:50.92093
"ec3439fb25b1807b5481e41b0a7c0b7dbb3712babf054828c718d22ae04c2c9b21","Electronics 431 Pension Fund ","NY",541,2019,1150400,2024-07-30 20:28:50.92093
"ec3439fb25b1807b5481e41b0a7c0b7dbb3712babf054828c718d22ae04c2c9b22","GCIU Detroit Newspapaers Local 13N","MI",351,2019,3046100,2024-07-30 20:28:50.92093
"ec3439fb25b1807b5481e41b0a7c0b7dbb3712babf054828c718d22ae04c2c9b23","Graphic Arts Pressroom Retirement Plan","MA",59,2019,50000,2024-07-30 20:28:50.92093
"ec3439fb25b1807b5481e41b0a7c0b7dbb3712babf054828c718d22ae04c2c9b24","Graphic Communications Local 17M","IN",106,2019,112100,2024-07-30 20:28:50.92093
"ec3439fb25b1807b5481e41b0a7c0b7dbb3712babf054828c718d22ae04c2c9b25","Graphic Communications Local 51-Bindery Employers' Pension Fund","NY",441,2019,486900,2024-07-30 20:28:50.92093
"ec3439fb25b1807b5481e41b0a7c0b7dbb3712babf054828c718d22ae04c2c9b26","Graphic Communications Local 2C","MT",427,2019,1988300,2024-07-30 20:28:50.92093
"ec3439fb25b1807b5481e41b0a7c0b7dbb3712babf054828c718d22ae04c2c9b27","IATSE & MPMO Local 252","CA",9,2019,36800,2024-07-30 20:28:50.92093
"ec3439fb25b1807b5481e41b0a7c0b7dbb3712babf054828c718d22ae04c2c9b28","Insulators Local Union 112 Pension T F","LA",147,2019,907000,2024-07-30 20:28:50.92093
"ec3439fb25b1807b5481e41b0a7c0b7dbb3712babf054828c718d22ae04c2c9b29","Intern'l Assoc. of Machinists & Aerospace Workers AFL-CIO Local Lodge PM 2848 Defined Benefit Pension Plan","MI",575,2019,1740000,2024-07-30 20:28:50.92093
"ec3439fb25b1807b5481e41b0a7c0b7dbb3712babf054828c718d22ae04c2c9b30","Int'l Union of Tool, Die & Mold Makers","NJ",100,2019,450800,2024-07-30 20:28:50.92093
"ec3439fb25b1807b5481e41b0a7c0b7dbb3712babf054828c718d22ae04c2c9b31","Ironworkers Local No.6 Pension Plan","NY",457,2019,1870700,2024-07-30 20:28:50.92093
"ec3439fb25b1807b5481e41b0a7c0b7dbb3712babf054828c718d22ae04c2c9b32","Joint Division 1541 - Boulevard PF","NJ",67,2019,170600,2024-07-30 20:28:50.92093
"ec3439fb25b1807b5481e41b0a7c0b7dbb3712babf054828c718d22ae04c2c9b33","Kern County Plasterers ","CA",20,2019,17300,2024-07-30 20:28:50.92093
"ec3439fb25b1807b5481e41b0a7c0b7dbb3712babf054828c718d22ae04c2c9b34","Local 20408 United Warehouse Industrial & Affiliated Trades Employees PF","NJ",68,2019,142200,2024-07-30 20:28:50.92093
"ec3439fb25b1807b5481e41b0a7c0b7dbb3712babf054828c718d22ae04c2c9b35","Local 29 RWDSU Pension Plan","NY",176,2019,304600,2024-07-30 20:28:50.92093
"ec3439fb25b1807b5481e41b0a7c0b7dbb3712babf054828c718d22ae04c2c9b36","Local 74 Metal Spinners Retire Fund","NY",171,2019,530600,2024-07-30 20:28:50.92093
"ec3439fb25b1807b5481e41b0a7c0b7dbb3712babf054828c718d22ae04c2c9b37","Local 76 Resort Hotel Pension Fund","NY",219,2019,634000,2024-07-30 20:28:50.92093
"ec3439fb25b1807b5481e41b0a7c0b7dbb3712babf054828c718d22ae04c2c9b38","Local 413 Pension Trust Fund","NY",614,2019,1508900,2024-07-30 20:28:50.92093
"ec3439fb25b1807b5481e41b0a7c0b7dbb3712babf054828c718d22ae04c2c9b39","Local 447 Pension Fund","NY",740,2019,3686400,2024-07-30 20:28:50.92093
"ec3439fb25b1807b5481e41b0a7c0b7dbb3712babf054828c718d22ae04c2c9b40","Local 531 Pension Fund","NY",107,2019,470200,2024-07-30 20:28:50.92093
"ec3439fb25b1807b5481e41b0a7c0b7dbb3712babf054828c718d22ae04c2c9b41","Local 976 -PSA-ILA","NY",98,2019,504800,2024-07-30 20:28:50.92093
"ec3439fb25b1807b5481e41b0a7c0b7dbb3712babf054828c718d22ae04c2c9b42","Local 592 - UFCW","NY",72,2019,158000,2024-07-30 20:28:50.92093
"ec3439fb25b1807b5481e41b0a7c0b7dbb3712babf054828c718d22ae04c2c9b43","Local One Photoengravers Pension Fd","NY",350,2019,564200,2024-07-30 20:28:50.92093
"ec3439fb25b1807b5481e41b0a7c0b7dbb3712babf054828c718d22ae04c2c9b44","Local 1482 Paint & Allied Products Mfgrs","NJ",51,2019,694500,2024-07-30 20:28:50.92093
"ec3439fb25b1807b5481e41b0a7c0b7dbb3712babf054828c718d22ae04c2c9b45","Luggage Workers Union of Philadelphia & Vicinity Local #61 RP","PA",31,2019,25400,2024-07-30 20:28:50.92093
"ec3439fb25b1807b5481e41b0a7c0b7dbb3712babf054828c718d22ae04c2c9b46","UFCW Local 919 ","CT",735,2019,2038100,2024-07-30 20:28:50.92093
"ec3439fb25b1807b5481e41b0a7c0b7dbb3712babf054828c718d22ae04c2c9b47","Maintenance Empls Teamsters Local 416","OH",257,2019,1298800,2024-07-30 20:28:50.92093
"ec3439fb25b1807b5481e41b0a7c0b7dbb3712babf054828c718d22ae04c2c9b48","Metal Trades Industry Pension Plan & Trust Fund","CA",221,2019,690900,2024-07-30 20:28:50.92093
"ec3439fb25b1807b5481e41b0a7c0b7dbb3712babf054828c718d22ae04c2c9b49","Milk & Ice Cream Industry Dairy Employees Union Pension Plan","OH",243,2019,466400,2024-07-30 20:28:50.92093
"ec3439fb25b1807b5481e41b0a7c0b7dbb3712babf054828c718d22ae04c2c9b50","Milk Industry Office Employees","NY",36,2019,257900,2024-07-30 20:28:50.92093
"ec3439fb25b1807b5481e41b0a7c0b7dbb3712babf054828c718d22ae04c2c9b51","Milwaukee Projectionists Local 164","WI",23,2019,75000,2024-07-30 20:28:50.92093
"ec3439fb25b1807b5481e41b0a7c0b7dbb3712babf054828c718d22ae04c2c9b52","Motion Picture Laboratory Technicians Local 702 Pension Fund","NY",266,2019,447900,2024-07-30 20:28:50.92093
"ec3439fb25b1807b5481e41b0a7c0b7dbb3712babf054828c718d22ae04c2c9b53","New Bedford FishLumpers ","MA",35,2019,125800,2024-07-30 20:28:50.92093
"ec3439fb25b1807b5481e41b0a7c0b7dbb3712babf054828c718d22ae04c2c9b54","NMU Great Lakes Pension Plan","MD",91,2019,189300,2024-07-30 20:28:50.92093
"ec3439fb25b1807b5481e41b0a7c0b7dbb3712babf054828c718d22ae04c2c9b55","Pension Fund of The New Independent Leather, Novelty & Plastic Workers Union","DE",1940,2019,958100,2024-07-30 20:28:50.92093
"ec3439fb25b1807b5481e41b0a7c0b7dbb3712babf054828c718d22ae04c2c9b56","Plasterers & Cement Masons Local 94 Partitioned Plan","PA",43,2019,82300,2024-07-30 20:28:50.92093
"ec3439fb25b1807b5481e41b0a7c0b7dbb3712babf054828c718d22ae04c2c9b57","Printing Industry & Union Consolidated Pension Plan","PA",171,2019,234000,2024-07-30 20:28:50.92093
"ec3439fb25b1807b5481e41b0a7c0b7dbb3712babf054828c718d22ae04c2c9b58","Production Service and Sales District Council Pension Fund","NY",2603,2019,6838100,2024-07-30 20:28:50.92093
"ec3439fb25b1807b5481e41b0a7c0b7dbb3712babf054828c718d22ae04c2c9b59","PSA-ILA Pension Plan and Trust ","MS",57,2019,263400,2024-07-30 20:28:50.92093
"ec3439fb25b1807b5481e41b0a7c0b7dbb3712babf054828c718d22ae04c2c9b60","Retail Local 906","NY",102,2019,83600,2024-07-30 20:28:50.92093
"ec3439fb25b1807b5481e41b0a7c0b7dbb3712babf054828c718d22ae04c2c9b61","Retirement Fund of the Fur Manufacturing Industry","NY",636,2019,438700,2024-07-30 20:28:50.92093
"ec3439fb25b1807b5481e41b0a7c0b7dbb3712babf054828c718d22ae04c2c9b62","Retirement  Plan of UFCW Local 1102 Retirement Fund","NY",184,2019,369600,2024-07-30 20:28:50.92093
"ec3439fb25b1807b5481e41b0a7c0b7dbb3712babf054828c718d22ae04c2c9b63","Road Carriers Local 707","NY",2933,2019,15418800,2024-07-30 20:28:50.92093
"ec3439fb25b1807b5481e41b0a7c0b7dbb3712babf054828c718d22ae04c2c9b64","Roofers' Local 195 Pension Plan","NY",128,2019,324300,2024-07-30 20:28:50.92093
"ec3439fb25b1807b5481e41b0a7c0b7dbb3712babf054828c718d22ae04c2c9b65","Roofers Union Local 211 Pension Plan (aka Grand Rapids Roofers)","MI",12,2019,34600,2024-07-30 20:28:50.92093
"ec3439fb25b1807b5481e41b0a7c0b7dbb3712babf054828c718d22ae04c2c9b66","Schiffli Embroidery Workers Pension Plan","NJ",875,2019,1182100,2024-07-30 20:28:50.92093
"ec3439fb25b1807b5481e41b0a7c0b7dbb3712babf054828c718d22ae04c2c9b67","So. CA, AZ, CO & So. NV Glaziers, Architectural Metal  & Glass Wkrs PP.","CA",1917,2019,5651000,2024-07-30 20:28:50.92093
"ec3439fb25b1807b5481e41b0a7c0b7dbb3712babf054828c718d22ae04c2c9b68","Southern Council of Industrial Workers","WV",281,2019,303700,2024-07-30 20:28:50.92093
"ec3439fb25b1807b5481e41b0a7c0b7dbb3712babf054828c718d22ae04c2c9b69","Teamsters Local 240 Pension Fund","MD",63,2019,82800,2024-07-30 20:28:50.92093
"ec3439fb25b1807b5481e41b0a7c0b7dbb3712babf054828c718d22ae04c2c9b70","Teamsters Local 264 Van Drivers","NY",39,2019,142900,2024-07-30 20:28:50.92093
"ec3439fb25b1807b5481e41b0a7c0b7dbb3712babf054828c718d22ae04c2c9b71","Teamsters Local 575 Pension Fund","NJ",80,2019,194400,2024-07-30 20:28:50.92093
"ec3439fb25b1807b5481e41b0a7c0b7dbb3712babf054828c718d22ae04c2c9b72","Textile Processors Service Trades Health Care Union Local 1","OH",415,2019,592300,2024-07-30 20:28:50.92093
"ec3439fb25b1807b5481e41b0a7c0b7dbb3712babf054828c718d22ae04c2c9b73","United Brick & Clay Workers of America, AFL-CIO District Council #9 PP","OH",231,2019,153600,2024-07-30 20:28:50.92093
"ec3439fb25b1807b5481e41b0a7c0b7dbb3712babf054828c718d22ae04c2c9b74","UFCW Local 50","NY",850,2019,3787700,2024-07-30 20:28:50.92093
"ec3439fb25b1807b5481e41b0a7c0b7dbb3712babf054828c718d22ae04c2c9b75","UFCW Local 174 Pension Fund","NY",2285,2019,9116000,2024-07-30 20:28:50.92093
"ec3439fb25b1807b5481e41b0a7c0b7dbb3712babf054828c718d22ae04c2c9b76","UFCW Local 174 Retail Pension Fund","NY",741,2019,1974100,2024-07-30 20:28:50.92093
"ec3439fb25b1807b5481e41b0a7c0b7dbb3712babf054828c718d22ae04c2c9b77","UFCW Local 1049 Retirement Fund","NJ",178,2019,334000,2024-07-30 20:28:50.92093
"ec3439fb25b1807b5481e41b0a7c0b7dbb3712babf054828c718d22ae04c2c9b78","UFCW Local 1262 ","NJ",604,2019,945500,2024-07-30 20:28:50.92093
"ec3439fb25b1807b5481e41b0a7c0b7dbb3712babf054828c718d22ae04c2c9b79","UFCW Pension Fund of Northeast. PA","PA",943,2019,3884000,2024-07-30 20:28:50.92093
"ec3439fb25b1807b5481e41b0a7c0b7dbb3712babf054828c718d22ae04c2c9b80"," Union De Tronquistas De Puerto Rico Local 901 Pension Plan","PR",1613,2019,660000,2024-07-30 20:28:50.92093
"ec3439fb25b1807b5481e41b0a7c0b7dbb3712babf054828c718d22ae04c2c9b81","United Furniture Workers Successor PF","TN",3118,2019,7305100,2024-07-30 20:28:50.92093
"ec3439fb25b1807b5481e41b0a7c0b7dbb3712babf054828c718d22ae04c2c9b82","United Optical Workers Pension Fund","NY",437,2019,547100,2024-07-30 20:28:50.92093
"ec3439fb25b1807b5481e41b0a7c0b7dbb3712babf054828c718d22ae04c2c9b83","Washington-Oregon Furniture Workers Pension Fund","WA",99,2019,60000,2024-07-30 20:28:50.92093
"ec3439fb25b1807b5481e41b0a7c0b7dbb3712babf054828c718d22ae04c2c9b84","Western Growers Pension Plan & Trust ""A""","CA",1577,2019,3882300,2024-07-30 20:28:50.92093
"ec3439fb25b1807b5481e41b0a7c0b7dbb3712babf054828c718d22ae04c2c9b85","Wine & Liquor Salesmen of New Jersey Retirement Fund","NJ",587,2019,2693800,2024-07-30 20:28:50.92093
"ec3439fb25b1807b5481e41b0a7c0b7dbb3712babf054828c718d22ae04c2c9b86","Wyoming Carpenters' Pension Plan","WY",272,2019,1162000,2024-07-30 20:28:50.92093
"ec3439fb25b1807b5481e41b0a7c0b7dbb3712babf054828c718d22ae04c2c9b87","ALA Lithographic Industry Pension Plan","NY",2644,2018,9283000,2024-07-30 20:28:50.92093
"ec3439fb25b1807b5481e41b0a7c0b7dbb3712babf054828c718d22ae04c2c9b88","Amalgamated Insurance Fund (Clothing Fund)","NY",21411,2018,21957100,2024-07-30 20:28:50.92093
"ec3439fb25b1807b5481e41b0a7c0b7dbb3712babf054828c718d22ae04c2c9b89","Asbestos Workers Local 64 Pension Fund","OK",86,2018,722700,2024-07-30 20:28:50.92093
"ec3439fb25b1807b5481e41b0a7c0b7dbb3712babf054828c718d22ae04c2c9b90","Bakery & Sales Drivers Local 33 Partition","MD",198,2018,1394400,2024-07-30 20:28:50.92093
"ec3439fb25b1807b5481e41b0a7c0b7dbb3712babf054828c718d22ae04c2c9b91","Bay Area Laundry & Dry Cleaning Pension Fund (Dry Cleaning)","CA",92,2018,111000,2024-07-30 20:28:50.92093
"ec3439fb25b1807b5481e41b0a7c0b7dbb3712babf054828c718d22ae04c2c9b92","Bay Area Laundry & Dry Cleaning Pension Fund (Laundry)","CA",130,2018,141500,2024-07-30 20:28:50.92093
"ec3439fb25b1807b5481e41b0a7c0b7dbb3712babf054828c718d22ae04c2c9b93","Brewery Workers Local 87 PP","OH",69,2018,267900,2024-07-30 20:28:50.92093
"ec3439fb25b1807b5481e41b0a7c0b7dbb3712babf054828c718d22ae04c2c9b94","Buffalo Carpenters Pension Fund","NY",633,2018,4303800,2024-07-30 20:28:50.92093
"ec3439fb25b1807b5481e41b0a7c0b7dbb3712babf054828c718d22ae04c2c9b95","California Frozen Food Industry Pension Plan","CA",327,2018,366500,2024-07-30 20:28:50.92093
"ec3439fb25b1807b5481e41b0a7c0b7dbb3712babf054828c718d22ae04c2c9b96","Carpenters Industrial Council of Eastern PA Pension Fund","NJ",177,2018,511800,2024-07-30 20:28:50.92093
"ec3439fb25b1807b5481e41b0a7c0b7dbb3712babf054828c718d22ae04c2c9b97","Cattle Shochtim Local 491 Retirement Plan","NJ",13,2018,41500,2024-07-30 20:28:50.92093
"ec3439fb25b1807b5481e41b0a7c0b7dbb3712babf054828c718d22ae04c2c9b98","Cement Masons Local 521 Pension Plan","TN",53,2018,78000,2024-07-30 20:28:50.92093
"ec3439fb25b1807b5481e41b0a7c0b7dbb3712babf054828c718d22ae04c2c9b99","Cement Masons Local 681 Pension PL","TX",205,2018,860700,2024-07-30 20:28:50.92093
"ec3439fb25b1807b5481e41b0a7c0b7dbb3712babf054828c718d22ae04c2c9b100","Cement Masons Local Union 783","TX",32,2018,129700,2024-07-30 20:28:50.92093
"ec3439fb25b1807b5481e41b0a7c0b7dbb3712babf054828c718d22ae04c2c9b101","Chicago Foundry Workers Pension PL","IL",282,2018,518100,2024-07-30 20:28:50.92093
"ec3439fb25b1807b5481e41b0a7c0b7dbb3712babf054828c718d22ae04c2c9b102","Council 30 Retirement Plan - Sanders Plan","MI",144,2018,204900,2024-07-30 20:28:50.92093
"ec3439fb25b1807b5481e41b0a7c0b7dbb3712babf054828c718d22ae04c2c9b103","CTDU Partition Pension Fund","IL",1379,2018,4965000,2024-07-30 20:28:50.92093
"ec3439fb25b1807b5481e41b0a7c0b7dbb3712babf054828c718d22ae04c2c9b104","District 65 Pension Plan","NJ",5023,2018,14302600,2024-07-30 20:28:50.92093
"ec3439fb25b1807b5481e41b0a7c0b7dbb3712babf054828c718d22ae04c2c9b105","Detroit Typographical Union Local 18","FL",271,2018,427100,2024-07-30 20:28:50.92093
"ec3439fb25b1807b5481e41b0a7c0b7dbb3712babf054828c718d22ae04c2c9b106","Electronics 431 Pension Fund ","NY",541,2018,1215500,2024-07-30 20:28:50.92093
"ec3439fb25b1807b5481e41b0a7c0b7dbb3712babf054828c718d22ae04c2c9b107","Graphic Arts Pressroom Retirement Plan","MA",59,2018,46600,2024-07-30 20:28:50.92093
"ec3439fb25b1807b5481e41b0a7c0b7dbb3712babf054828c718d22ae04c2c9b108","Graphic Communications Local 17M","IN",106,2018,118200,2024-07-30 20:28:50.92093
"ec3439fb25b1807b5481e41b0a7c0b7dbb3712babf054828c718d22ae04c2c9b109","Graphic Communications Local 51-Bindery Employers' Pension Fund","NY",441,2018,594200,2024-07-30 20:28:50.92093
"ec3439fb25b1807b5481e41b0a7c0b7dbb3712babf054828c718d22ae04c2c9b110","Graphic Communications Local 2C","MT",427,2018,2093300,2024-07-30 20:28:50.92093
"ec3439fb25b1807b5481e41b0a7c0b7dbb3712babf054828c718d22ae04c2c9b111","IATSE & MPMO Local 252","CA",9,2018,59900,2024-07-30 20:28:50.92093
"ec3439fb25b1807b5481e41b0a7c0b7dbb3712babf054828c718d22ae04c2c9b112","Insulators Local Union 112 Pension T F","LA",147,2018,739200,2024-07-30 20:28:50.92093
"ec3439fb25b1807b5481e41b0a7c0b7dbb3712babf054828c718d22ae04c2c9b113","Intern'l Assoc. of Machinists & Aerospace Workers AFL-CIO Local Lodge PM 2848 Defined Benefit Pension Plan","MI",575,2018,1745300,2024-07-30 20:28:50.92093
"ec3439fb25b1807b5481e41b0a7c0b7dbb3712babf054828c718d22ae04c2c9b114","Int'l Union of Tool, Die & Mold Makers","NJ",100,2018,305400,2024-07-30 20:28:50.92093
"ec3439fb25b1807b5481e41b0a7c0b7dbb3712babf054828c718d22ae04c2c9b115","Ironworkers Local No.6 Pension Plan","NY",457,2018,1653400,2024-07-30 20:28:50.92093
"ec3439fb25b1807b5481e41b0a7c0b7dbb3712babf054828c718d22ae04c2c9b116","Joint Division 1541 - Boulevard PF","NJ",67,2018,176000,2024-07-30 20:28:50.92093
"ec3439fb25b1807b5481e41b0a7c0b7dbb3712babf054828c718d22ae04c2c9b117","Kern County Plasterers ","CA",20,2018,746000,2024-07-30 20:28:50.92093
"ec3439fb25b1807b5481e41b0a7c0b7dbb3712babf054828c718d22ae04c2c9b118","Local 20408 United Warehouse Industrial & Affiliated Trades Employees PF","NJ",68,2018,92100,2024-07-30 20:28:50.92093
"ec3439fb25b1807b5481e41b0a7c0b7dbb3712babf054828c718d22ae04c2c9b119","Local 29 RWDSU Pension Plan","NY",176,2018,299700,2024-07-30 20:28:50.92093
"ec3439fb25b1807b5481e41b0a7c0b7dbb3712babf054828c718d22ae04c2c9b120","Local 74 Metal Spinners Retire Fund","NY",171,2018,600200,2024-07-30 20:28:50.92093
"ec3439fb25b1807b5481e41b0a7c0b7dbb3712babf054828c718d22ae04c2c9b121","Local 76 Resort Hotel Pension Fund","NY",219,2018,639600,2024-07-30 20:28:50.92093
"ec3439fb25b1807b5481e41b0a7c0b7dbb3712babf054828c718d22ae04c2c9b122","Local 413 Pension Trust Fund","NY",614,2018,1560800,2024-07-30 20:28:50.92093
"ec3439fb25b1807b5481e41b0a7c0b7dbb3712babf054828c718d22ae04c2c9b123","Local 447 Pension Fund","NY",740,2018,3860500,2024-07-30 20:28:50.92093
"ec3439fb25b1807b5481e41b0a7c0b7dbb3712babf054828c718d22ae04c2c9b124","Local 531 Pension Fund","NY",107,2018,508800,2024-07-30 20:28:50.92093
"ec3439fb25b1807b5481e41b0a7c0b7dbb3712babf054828c718d22ae04c2c9b125","Local 976 -PSA-ILA","NY",98,2018,496300,2024-07-30 20:28:50.92093
"ec3439fb25b1807b5481e41b0a7c0b7dbb3712babf054828c718d22ae04c2c9b126","Local 592 - UFCW","NY",72,2018,173600,2024-07-30 20:28:50.92093
"ec3439fb25b1807b5481e41b0a7c0b7dbb3712babf054828c718d22ae04c2c9b127","Local One Photoengravers Pension Fd","NY",350,2018,603000,2024-07-30 20:28:50.92093
"ec3439fb25b1807b5481e41b0a7c0b7dbb3712babf054828c718d22ae04c2c9b128","Luggage Workers Union of Philadelphia & Vicinity Local #61 RP","PA",31,2018,28700,2024-07-30 20:28:50.92093
"ec3439fb25b1807b5481e41b0a7c0b7dbb3712babf054828c718d22ae04c2c9b129","UFCW Local 919 ","CT",735,2018,2040000,2024-07-30 20:28:50.92093
"ec3439fb25b1807b5481e41b0a7c0b7dbb3712babf054828c718d22ae04c2c9b130","Maintenance Empls Teamsters Local 416","OH",257,2018,1400900,2024-07-30 20:28:50.92093
"ec3439fb25b1807b5481e41b0a7c0b7dbb3712babf054828c718d22ae04c2c9b131","Massachusetts Leather Pension Plan","MA",256,2018,630,2024-07-30 20:28:50.92093
"ec3439fb25b1807b5481e41b0a7c0b7dbb3712babf054828c718d22ae04c2c9b132","Master Electro Platers Employees Pension Plan","CT",85,2018,6110,2024-07-30 20:28:50.92093
"ec3439fb25b1807b5481e41b0a7c0b7dbb3712babf054828c718d22ae04c2c9b133","Metal Trades Industry Pension Plan & Trust Fund","CA",221,2018,740200,2024-07-30 20:28:50.92093
"ec3439fb25b1807b5481e41b0a7c0b7dbb3712babf054828c718d22ae04c2c9b134","Milk & Ice Cream Industry Dairy Employees Union Pension Plan","OH",243,2018,468200,2024-07-30 20:28:50.92093
"ec3439fb25b1807b5481e41b0a7c0b7dbb3712babf054828c718d22ae04c2c9b135","Milk Industry Office Employees","NY",36,2018,324200,2024-07-30 20:28:50.92093
"ec3439fb25b1807b5481e41b0a7c0b7dbb3712babf054828c718d22ae04c2c9b136","Milwaukee Projectionists Local 164","WI",23,2018,92100,2024-07-30 20:28:50.92093
"ec3439fb25b1807b5481e41b0a7c0b7dbb3712babf054828c718d22ae04c2c9b137","Motion Picture Laboratory Technicians Local 702 Pension Fund","NY",266,2018,445900,2024-07-30 20:28:50.92093
"ec3439fb25b1807b5481e41b0a7c0b7dbb3712babf054828c718d22ae04c2c9b138","New Bedford FishLumpers ","MA",35,2018,133600,2024-07-30 20:28:50.92093
"ec3439fb25b1807b5481e41b0a7c0b7dbb3712babf054828c718d22ae04c2c9b139","NMU Great Lakes Pension Plan","MD",91,2018,173300,2024-07-30 20:28:50.92093
"ec3439fb25b1807b5481e41b0a7c0b7dbb3712babf054828c718d22ae04c2c9b140","Pension Fund of The New Independent Leather, Novelty & Plastic Workers Union","DE",1940,2018,1016400,2024-07-30 20:28:50.92093
"ec3439fb25b1807b5481e41b0a7c0b7dbb3712babf054828c718d22ae04c2c9b141","Printing Industry & Union Consolidated Pension Plan","PA",171,2018,238500,2024-07-30 20:28:50.92093
"ec3439fb25b1807b5481e41b0a7c0b7dbb3712babf054828c718d22ae04c2c9b142","Production Service and Sales District Council Pension Fund","NY",2603,2018,7765700,2024-07-30 20:28:50.92093
"ec3439fb25b1807b5481e41b0a7c0b7dbb3712babf054828c718d22ae04c2c9b143","PSA-ILA Pension Plan and Trust ","MS",57,2018,245100,2024-07-30 20:28:50.92093
"ec3439fb25b1807b5481e41b0a7c0b7dbb3712babf054828c718d22ae04c2c9b144","Retail Local 906","NY",102,2018,85300,2024-07-30 20:28:50.92093
"ec3439fb25b1807b5481e41b0a7c0b7dbb3712babf054828c718d22ae04c2c9b145","Retirement Fund of the Fur Manufacturing Industry","NY",636,2018,439300,2024-07-30 20:28:50.92093
"ec3439fb25b1807b5481e41b0a7c0b7dbb3712babf054828c718d22ae04c2c9b146","Retirement  Plan of UFCW Local 1102 Retirement Fund","NY",184,2018,393000,2024-07-30 20:28:50.92093
"ec3439fb25b1807b5481e41b0a7c0b7dbb3712babf054828c718d22ae04c2c9b147","Road Carriers Local 707","NY",2933,2018,15448900,2024-07-30 20:28:50.92093
"ec3439fb25b1807b5481e41b0a7c0b7dbb3712babf054828c718d22ae04c2c9b148","Roofers' Local 195 Pension Plan","NY",128,2018,544400,2024-07-30 20:28:50.92093
"ec3439fb25b1807b5481e41b0a7c0b7dbb3712babf054828c718d22ae04c2c9b149","Roofers Union Local 211 Pension Plan (aka Grand Rapids Roofers)","MI",12,2018,40200,2024-07-30 20:28:50.92093
"ec3439fb25b1807b5481e41b0a7c0b7dbb3712babf054828c718d22ae04c2c9b150","Schiffli Embroidery Workers Pension Plan","NJ",875,2018,1298500,2024-07-30 20:28:50.92093
"ec3439fb25b1807b5481e41b0a7c0b7dbb3712babf054828c718d22ae04c2c9b151","So. CA, AZ, CO & So. NV Glaziers, Architectural Metal  & Glass Wkrs PP.","CA",1917,2018,6111200,2024-07-30 20:28:50.92093
"ec3439fb25b1807b5481e41b0a7c0b7dbb3712babf054828c718d22ae04c2c9b152","Southern Council of Industrial Workers","WV",281,2018,324500,2024-07-30 20:28:50.92093
"ec3439fb25b1807b5481e41b0a7c0b7dbb3712babf054828c718d22ae04c2c9b153","Teamsters Local 240 Pension Fund","MD",63,2018,98900,2024-07-30 20:28:50.92093
"ec3439fb25b1807b5481e41b0a7c0b7dbb3712babf054828c718d22ae04c2c9b154","Teamsters Local 575 Pension Fund","NJ",80,2018,200300,2024-07-30 20:28:50.92093
"ec3439fb25b1807b5481e41b0a7c0b7dbb3712babf054828c718d22ae04c2c9b155","Textile Processors Service Trades Health Care Union Local 1","OH",415,2018,643300,2024-07-30 20:28:50.92093
"ec3439fb25b1807b5481e41b0a7c0b7dbb3712babf054828c718d22ae04c2c9b156","United Brick & Clay Workers of America, AFL-CIO District Council #9 PP","OH",231,2018,142100,2024-07-30 20:28:50.92093
"ec3439fb25b1807b5481e41b0a7c0b7dbb3712babf054828c718d22ae04c2c9b157","UFCW Local 50","NY",850,2018,4259900,2024-07-30 20:28:50.92093
"ec3439fb25b1807b5481e41b0a7c0b7dbb3712babf054828c718d22ae04c2c9b158","UFCW Local 174 Pension Fund","NY",2285,2018,10078000,2024-07-30 20:28:50.92093
"ec3439fb25b1807b5481e41b0a7c0b7dbb3712babf054828c718d22ae04c2c9b159","UFCW Local 174 Retail Pension Fund","NY",741,2018,495900,2024-07-30 20:28:50.92093
"ec3439fb25b1807b5481e41b0a7c0b7dbb3712babf054828c718d22ae04c2c9b160","UFCW Local 1049 Retirement Fund","NJ",178,2018,393100,2024-07-30 20:28:50.92093
"ec3439fb25b1807b5481e41b0a7c0b7dbb3712babf054828c718d22ae04c2c9b161","UFCW Local 1262 ","NJ",604,2018,967200,2024-07-30 20:28:50.92093
"ec3439fb25b1807b5481e41b0a7c0b7dbb3712babf054828c718d22ae04c2c9b162","United Furniture Workers Successor PF","TN",3118,2018,8359400,2024-07-30 20:28:50.92093
"ec3439fb25b1807b5481e41b0a7c0b7dbb3712babf054828c718d22ae04c2c9b163","United Optical Workers Pension Fund","NY",437,2018,543900,2024-07-30 20:28:50.92093
"ec3439fb25b1807b5481e41b0a7c0b7dbb3712babf054828c718d22ae04c2c9b164","Washington-Oregon Furniture Workers Pension Fund","WA",99,2018,71000,2024-07-30 20:28:50.92093
"ec3439fb25b1807b5481e41b0a7c0b7dbb3712babf054828c718d22ae04c2c9b165","Western Growers Pension Plan & Trust ""A""","CA",1577,2018,4084000,2024-07-30 20:28:50.92093
"ec3439fb25b1807b5481e41b0a7c0b7dbb3712babf054828c718d22ae04c2c9b166","Wine & Liquor Salesmen of New Jersey Retirement Fund","NJ",587,2018,2739900,2024-07-30 20:28:50.92093
"ec3439fb25b1807b5481e41b0a7c0b7dbb3712babf054828c718d22ae04c2c9b167","Wyoming Carpenters' Pension Plan","WY",272,2018,1166200,2024-07-30 20:28:50.92093
"ec3439fb25b1807b5481e41b0a7c0b7dbb3712babf054828c718d22ae04c2c9b168","ALA Lithographic Industry Pension Plan","NY",2644,2017,10341700,2024-07-30 20:28:50.92093
"ec3439fb25b1807b5481e41b0a7c0b7dbb3712babf054828c718d22ae04c2c9b169","Amalgamated Insurance Fund (Clothing Fund)","NY",21411,2017,22604000,2024-07-30 20:28:50.92093
"ec3439fb25b1807b5481e41b0a7c0b7dbb3712babf054828c718d22ae04c2c9b170","Asbestos Workers Local 64 Pension Fund","OK",86,2017,734100,2024-07-30 20:28:50.92093
"ec3439fb25b1807b5481e41b0a7c0b7dbb3712babf054828c718d22ae04c2c9b171","Bakery & Sales Drivers Local 33 Partition","MD",198,2017,1425500,2024-07-30 20:28:50.92093
"ec3439fb25b1807b5481e41b0a7c0b7dbb3712babf054828c718d22ae04c2c9b172","Bay Area Laundry & Dry Cleaning Pension Fund (Dry Cleaning)","CA",92,2017,120300,2024-07-30 20:28:50.92093
"ec3439fb25b1807b5481e41b0a7c0b7dbb3712babf054828c718d22ae04c2c9b173","Bay Area Laundry & Dry Cleaning Pension Fund (Laundry)","CA",130,2017,172600,2024-07-30 20:28:50.92093
"ec3439fb25b1807b5481e41b0a7c0b7dbb3712babf054828c718d22ae04c2c9b174","Brewery Workers Local 87 PP","OH",69,2017,189700,2024-07-30 20:28:50.92093
"ec3439fb25b1807b5481e41b0a7c0b7dbb3712babf054828c718d22ae04c2c9b175","Buffalo Carpenters Pension Fund","NY",633,2017,3452200,2024-07-30 20:28:50.92093
"ec3439fb25b1807b5481e41b0a7c0b7dbb3712babf054828c718d22ae04c2c9b176","California Frozen Food Industry Pension Plan","CA",327,2017,408000,2024-07-30 20:28:50.92093
"ec3439fb25b1807b5481e41b0a7c0b7dbb3712babf054828c718d22ae04c2c9b177","Carpenters Industrial Council of Eastern PA Pension Fund","NJ",177,2017,119800,2024-07-30 20:28:50.92093
"ec3439fb25b1807b5481e41b0a7c0b7dbb3712babf054828c718d22ae04c2c9b178","Cattle Shochtim Local 491 Retirement Plan","NJ",13,2017,30000,2024-07-30 20:28:50.92093
"ec3439fb25b1807b5481e41b0a7c0b7dbb3712babf054828c718d22ae04c2c9b179","Cement Masons Local 681 Pension PL","TX",205,2017,819600,2024-07-30 20:28:50.92093
"ec3439fb25b1807b5481e41b0a7c0b7dbb3712babf054828c718d22ae04c2c9b180","Cement Masons Local Union 783","TX",32,2017,188700,2024-07-30 20:28:50.92093
"ec3439fb25b1807b5481e41b0a7c0b7dbb3712babf054828c718d22ae04c2c9b181","Chicago Foundry Workers Pension PL","IL",282,2017,527900,2024-07-30 20:28:50.92093
"ec3439fb25b1807b5481e41b0a7c0b7dbb3712babf054828c718d22ae04c2c9b182","Council 30 Retirement Plan - Sanders Plan","MI",144,2017,220000,2024-07-30 20:28:50.92093
"ec3439fb25b1807b5481e41b0a7c0b7dbb3712babf054828c718d22ae04c2c9b183","CTDU Partition Pension Fund","IL",1379,2017,5142200,2024-07-30 20:28:50.92093
"ec3439fb25b1807b5481e41b0a7c0b7dbb3712babf054828c718d22ae04c2c9b184","District 65 Pension Plan","NJ",5023,2017,15156300,2024-07-30 20:28:50.92093
"ec3439fb25b1807b5481e41b0a7c0b7dbb3712babf054828c718d22ae04c2c9b185","Detroit Typographical Union Local 18","FL",271,2017,184100,2024-07-30 20:28:50.92093
"ec3439fb25b1807b5481e41b0a7c0b7dbb3712babf054828c718d22ae04c2c9b186","Electronics 431 Pension Fund ","NY",541,2017,1287300,2024-07-30 20:28:50.92093
"ec3439fb25b1807b5481e41b0a7c0b7dbb3712babf054828c718d22ae04c2c9b187","Graphic Arts Pressroom Retirement Plan","MA",59,2017,80700,2024-07-30 20:28:50.92093
"ec3439fb25b1807b5481e41b0a7c0b7dbb3712babf054828c718d22ae04c2c9b188","Graphic Communications Local 17M","IN",106,2017,104400,2024-07-30 20:28:50.92093
"ec3439fb25b1807b5481e41b0a7c0b7dbb3712babf054828c718d22ae04c2c9b189","Graphic Communications Local 51-Bindery Employers' Pension Fund","NY",441,2017,605900,2024-07-30 20:28:50.92093
"ec3439fb25b1807b5481e41b0a7c0b7dbb3712babf054828c718d22ae04c2c9b190","Graphic Communications Local 2C","MT",427,2017,2105100,2024-07-30 20:28:50.92093
"ec3439fb25b1807b5481e41b0a7c0b7dbb3712babf054828c718d22ae04c2c9b191","Intern'l Assoc. of Machinists & Aerospace Workers AFL-CIO Local Lodge PM 2848 Defined Benefit Pension Plan","MI",575,2017,1792000,2024-07-30 20:28:50.92093
"ec3439fb25b1807b5481e41b0a7c0b7dbb3712babf054828c718d22ae04c2c9b192","Ironworkers Local No.6 Pension Plan","NY",457,2017,1801500,2024-07-30 20:28:50.92093
"ec3439fb25b1807b5481e41b0a7c0b7dbb3712babf054828c718d22ae04c2c9b193","Joint Division 1541 - Boulevard PF","NJ",67,2017,187700,2024-07-30 20:28:50.92093
"ec3439fb25b1807b5481e41b0a7c0b7dbb3712babf054828c718d22ae04c2c9b194","Kern County Plasterers ","CA",20,2017,74200,2024-07-30 20:28:50.92093
"ec3439fb25b1807b5481e41b0a7c0b7dbb3712babf054828c718d22ae04c2c9b195","Local 20408 United Warehouse Industrial & Affiliated Trades Employees PF","NJ",68,2017,102700,2024-07-30 20:28:50.92093
"ec3439fb25b1807b5481e41b0a7c0b7dbb3712babf054828c718d22ae04c2c9b196","Local 29 RWDSU Pension Plan","NY",176,2017,291800,2024-07-30 20:28:50.92093
"ec3439fb25b1807b5481e41b0a7c0b7dbb3712babf054828c718d22ae04c2c9b197","Local 74 Metal Spinners Retire Fund","NY",171,2017,669200,2024-07-30 20:28:50.92093
"ec3439fb25b1807b5481e41b0a7c0b7dbb3712babf054828c718d22ae04c2c9b198","Local 76 Resort Hotel Pension Fund","NY",219,2017,658800,2024-07-30 20:28:50.92093
"ec3439fb25b1807b5481e41b0a7c0b7dbb3712babf054828c718d22ae04c2c9b199","Local 413 Pension Trust Fund","NY",614,2017,1237800,2024-07-30 20:28:50.92093
"ec3439fb25b1807b5481e41b0a7c0b7dbb3712babf054828c718d22ae04c2c9b200","Local 447 Pension Fund","NY",740,2017,3221500,2024-07-30 20:28:50.92093
"ec3439fb25b1807b5481e41b0a7c0b7dbb3712babf054828c718d22ae04c2c9b201","Local 531 Pension Fund","NY",107,2017,469500,2024-07-30 20:28:50.92093
"ec3439fb25b1807b5481e41b0a7c0b7dbb3712babf054828c718d22ae04c2c9b202","Local 976 -PSA-ILA","NY",98,2017,485400,2024-07-30 20:28:50.92093
"ec3439fb25b1807b5481e41b0a7c0b7dbb3712babf054828c718d22ae04c2c9b203","Local 592 - UFCW","NY",72,2017,198800,2024-07-30 20:28:50.92093
"ec3439fb25b1807b5481e41b0a7c0b7dbb3712babf054828c718d22ae04c2c9b204","Local One Photoengravers Pension Fd","NY",350,2017,668200,2024-07-30 20:28:50.92093
"ec3439fb25b1807b5481e41b0a7c0b7dbb3712babf054828c718d22ae04c2c9b205","Luggage Workers Union of Philadelphia & Vicinity Local #61 RP","PA",31,2017,36100,2024-07-30 20:28:50.92093
"ec3439fb25b1807b5481e41b0a7c0b7dbb3712babf054828c718d22ae04c2c9b206","UFCW Local 919 ","CT",735,2017,2074500,2024-07-30 20:28:50.92093
"ec3439fb25b1807b5481e41b0a7c0b7dbb3712babf054828c718d22ae04c2c9b207","Maintenance Empls Teamsters Local 416","OH",257,2017,782100,2024-07-30 20:28:50.92093
"ec3439fb25b1807b5481e41b0a7c0b7dbb3712babf054828c718d22ae04c2c9b208","Massachusetts Leather Pension Plan","MA",256,2017,10653.47,2024-07-30 20:28:50.92093
"ec3439fb25b1807b5481e41b0a7c0b7dbb3712babf054828c718d22ae04c2c9b209","Metal Trades Industry Pension Plan & Trust Fund","CA",221,2017,701800,2024-07-30 20:28:50.92093
"ec3439fb25b1807b5481e41b0a7c0b7dbb3712babf054828c718d22ae04c2c9b210","Milk & Ice Cream Industry Dairy Employees Union Pension Plan","OH",243,2017,495200,2024-07-30 20:28:50.92093
"ec3439fb25b1807b5481e41b0a7c0b7dbb3712babf054828c718d22ae04c2c9b211","Milk Industry Office Employees","NY",36,2017,246800,2024-07-30 20:28:50.92093
"ec3439fb25b1807b5481e41b0a7c0b7dbb3712babf054828c718d22ae04c2c9b212","Milwaukee Projectionists Local 164","WI",23,2017,63100,2024-07-30 20:28:50.92093
"ec3439fb25b1807b5481e41b0a7c0b7dbb3712babf054828c718d22ae04c2c9b213","Motion Picture Laboratory Technicians Local 702 Pension Fund","NY",266,2017,522000,2024-07-30 20:28:50.92093
"ec3439fb25b1807b5481e41b0a7c0b7dbb3712babf054828c718d22ae04c2c9b214","New Bedford FishLumpers ","MA",35,2017,127100,2024-07-30 20:28:50.92093
"ec3439fb25b1807b5481e41b0a7c0b7dbb3712babf054828c718d22ae04c2c9b215","NMU Great Lakes Pension Plan","MD",91,2017,179800,2024-07-30 20:28:50.92093
"ec3439fb25b1807b5481e41b0a7c0b7dbb3712babf054828c718d22ae04c2c9b216","Pension Fund of The New Independent Leather, Novelty & Plastic Workers Union","DE",1940,2017,1063000,2024-07-30 20:28:50.92093
"ec3439fb25b1807b5481e41b0a7c0b7dbb3712babf054828c718d22ae04c2c9b217","Printing Industry & Union Consolidated Pension Plan","PA",171,2017,262800,2024-07-30 20:28:50.92093
"ec3439fb25b1807b5481e41b0a7c0b7dbb3712babf054828c718d22ae04c2c9b218","Production Service and Sales District Council Pension Fund","NY",2603,2017,7031400,2024-07-30 20:28:50.92093
"ec3439fb25b1807b5481e41b0a7c0b7dbb3712babf054828c718d22ae04c2c9b219","PSA-ILA Pension Plan and Trust ","MS",57,2017,213600,2024-07-30 20:28:50.92093
"ec3439fb25b1807b5481e41b0a7c0b7dbb3712babf054828c718d22ae04c2c9b220","Retail Local 906","NY",102,2017,90500,2024-07-30 20:28:50.92093
"ec3439fb25b1807b5481e41b0a7c0b7dbb3712babf054828c718d22ae04c2c9b221","Retirement Fund of the Fur Manufacturing Industry","NY",636,2017,579200,2024-07-30 20:28:50.92093
"ec3439fb25b1807b5481e41b0a7c0b7dbb3712babf054828c718d22ae04c2c9b222","Retirement  Plan of UFCW Local 1102 Retirement Fund","NY",184,2017,373100,2024-07-30 20:28:50.92093
"ec3439fb25b1807b5481e41b0a7c0b7dbb3712babf054828c718d22ae04c2c9b223","Road Carriers Local 707","NY",2933,2017,11045800,2024-07-30 20:28:50.92093
"ec3439fb25b1807b5481e41b0a7c0b7dbb3712babf054828c718d22ae04c2c9b224","Roofers' Local 195 Pension Plan","NY",128,2017,325300,2024-07-30 20:28:50.92093
"ec3439fb25b1807b5481e41b0a7c0b7dbb3712babf054828c718d22ae04c2c9b225","Schiffli Embroidery Workers Pension Plan","NJ",875,2017,1382000,2024-07-30 20:28:50.92093
"ec3439fb25b1807b5481e41b0a7c0b7dbb3712babf054828c718d22ae04c2c9b226","So. CA, AZ, CO & So. NV Glaziers, Architectural Metal  & Glass Wkrs PP.","CA",1917,2017,5975300,2024-07-30 20:28:50.92093
"ec3439fb25b1807b5481e41b0a7c0b7dbb3712babf054828c718d22ae04c2c9b227","Southern Council of Industrial Workers","WV",281,2017,320600,2024-07-30 20:28:50.92093
"ec3439fb25b1807b5481e41b0a7c0b7dbb3712babf054828c718d22ae04c2c9b228","Teamsters Local 240 Pension Fund","MD",63,2017,97100,2024-07-30 20:28:50.92093
"ec3439fb25b1807b5481e41b0a7c0b7dbb3712babf054828c718d22ae04c2c9b229","Textile Processors Service Trades Health Care Union Local 1","OH",415,2017,626400,2024-07-30 20:28:50.92093
"ec3439fb25b1807b5481e41b0a7c0b7dbb3712babf054828c718d22ae04c2c9b230","United Brick & Clay Workers of America, AFL-CIO District Council #9 PP","OH",231,2017,158500,2024-07-30 20:28:50.92093
"ec3439fb25b1807b5481e41b0a7c0b7dbb3712babf054828c718d22ae04c2c9b231","UFCW Local 50","NY",850,2017,4160000,2024-07-30 20:28:50.92093
"ec3439fb25b1807b5481e41b0a7c0b7dbb3712babf054828c718d22ae04c2c9b232","UFCW Local 174 Pension Fund","NY",2285,2017,9304100,2024-07-30 20:28:50.92093
"ec3439fb25b1807b5481e41b0a7c0b7dbb3712babf054828c718d22ae04c2c9b233","UFCW Local 174 Retail Pension Fund","NY",741,2017,1956200,2024-07-30 20:28:50.92093
"ec3439fb25b1807b5481e41b0a7c0b7dbb3712babf054828c718d22ae04c2c9b234","UFCW Local 1049 Retirement Fund","NJ",178,2017,380800,2024-07-30 20:28:50.92093
"ec3439fb25b1807b5481e41b0a7c0b7dbb3712babf054828c718d22ae04c2c9b235","UFCW Local 1262 ","NJ",604,2017,993900,2024-07-30 20:28:50.92093
"ec3439fb25b1807b5481e41b0a7c0b7dbb3712babf054828c718d22ae04c2c9b236","United Furniture Workers Successor PF","TN",3118,2017,2385000,2024-07-30 20:28:50.92093
"ec3439fb25b1807b5481e41b0a7c0b7dbb3712babf054828c718d22ae04c2c9b237","United Optical Workers Pension Fund","NY",437,2017,587100,2024-07-30 20:28:50.92093
"ec3439fb25b1807b5481e41b0a7c0b7dbb3712babf054828c718d22ae04c2c9b238","Washington-Oregon Furniture Workers Pension Fund","WA",99,2017,73300,2024-07-30 20:28:50.92093
"ec3439fb25b1807b5481e41b0a7c0b7dbb3712babf054828c718d22ae04c2c9b239","Western Growers Pension Plan & Trust ""A""","CA",1577,2017,4215400,2024-07-30 20:28:50.92093
"ec3439fb25b1807b5481e41b0a7c0b7dbb3712babf054828c718d22ae04c2c9b240","Wine & Liquor Salesmen of New Jersey Retirement Fund","NJ",587,2017,2937800,2024-07-30 20:28:50.92093
"ec3439fb25b1807b5481e41b0a7c0b7dbb3712babf054828c718d22ae04c2c9b241","Wyoming Carpenters' Pension Plan","WY",272,2017,1161500,2024-07-30 20:28:50.92093
"ec3439fb25b1807b5481e41b0a7c0b7dbb3712babf054828c718d22ae04c2c9b242","ALA Lithographic Industry Pension Plan","NY",2644,2016,8329300,2024-07-30 20:28:50.92093
"ec3439fb25b1807b5481e41b0a7c0b7dbb3712babf054828c718d22ae04c2c9b243","Amalgamated Insurance Fund (Clothing Fund)","NY",21411,2016,23637000,2024-07-30 20:28:50.92093
"ec3439fb25b1807b5481e41b0a7c0b7dbb3712babf054828c718d22ae04c2c9b244","Asbestos Workers Local 64 Pension Fund","OK",86,2016,754200,2024-07-30 20:28:50.92093
"ec3439fb25b1807b5481e41b0a7c0b7dbb3712babf054828c718d22ae04c2c9b245","Bakery & Sales Drivers Local 33 Partition","MD",198,2016,1424800,2024-07-30 20:28:50.92093
"ec3439fb25b1807b5481e41b0a7c0b7dbb3712babf054828c718d22ae04c2c9b246","Bay Area Laundry & Dry Cleaning Pension Fund (Dry Cleaning)","CA",92,2016,141400,2024-07-30 20:28:50.92093
"ec3439fb25b1807b5481e41b0a7c0b7dbb3712babf054828c718d22ae04c2c9b247","Bay Area Laundry & Dry Cleaning Pension Fund (Laundry)","CA",130,2016,149000,2024-07-30 20:28:50.92093
"ec3439fb25b1807b5481e41b0a7c0b7dbb3712babf054828c718d22ae04c2c9b248","Brewery Workers Local 87 PP","OH",69,2016,368800,2024-07-30 20:28:50.92093
"ec3439fb25b1807b5481e41b0a7c0b7dbb3712babf054828c718d22ae04c2c9b249","Buffalo Carpenters Pension Fund","NY",633,2016,2619515,2024-07-30 20:28:50.92093
"ec3439fb25b1807b5481e41b0a7c0b7dbb3712babf054828c718d22ae04c2c9b250","California Frozen Food Industry Pension Plan","CA",327,2016,383000,2024-07-30 20:28:50.92093
"ec3439fb25b1807b5481e41b0a7c0b7dbb3712babf054828c718d22ae04c2c9b251","Cattle Shochtim Local 491 Retirement Plan","NJ",13,2016,29700,2024-07-30 20:28:50.92093
"ec3439fb25b1807b5481e41b0a7c0b7dbb3712babf054828c718d22ae04c2c9b252","Cement Masons Local 681 Pension PL","TX",205,2016,260200,2024-07-30 20:28:50.92093
"ec3439fb25b1807b5481e41b0a7c0b7dbb3712babf054828c718d22ae04c2c9b253","Chicago Foundry Workers Pension PL","IL",282,2016,522300,2024-07-30 20:28:50.92093
"ec3439fb25b1807b5481e41b0a7c0b7dbb3712babf054828c718d22ae04c2c9b254","Council 30 Retirement Plan - Sanders Plan","MI",144,2016,2e+05,2024-07-30 20:28:50.92093
"ec3439fb25b1807b5481e41b0a7c0b7dbb3712babf054828c718d22ae04c2c9b255","CTDU Partition Pension Fund","IL",1379,2016,5309500,2024-07-30 20:28:50.92093
"ec3439fb25b1807b5481e41b0a7c0b7dbb3712babf054828c718d22ae04c2c9b256","District 65 Pension Plan","NJ",5023,2016,14527900,2024-07-30 20:28:50.92093
"ec3439fb25b1807b5481e41b0a7c0b7dbb3712babf054828c718d22ae04c2c9b257","Detroit Typographical Union Local 18","FL",271,2016,295700,2024-07-30 20:28:50.92093
"ec3439fb25b1807b5481e41b0a7c0b7dbb3712babf054828c718d22ae04c2c9b258","Electronics 431 Pension Fund ","NY",541,2016,1315400,2024-07-30 20:28:50.92093
"ec3439fb25b1807b5481e41b0a7c0b7dbb3712babf054828c718d22ae04c2c9b259","Graphic Arts Pressroom Retirement Plan","MA",59,2016,54900,2024-07-30 20:28:50.92093
"ec3439fb25b1807b5481e41b0a7c0b7dbb3712babf054828c718d22ae04c2c9b260","Graphic Communications Local 17M","IN",106,2016,57200,2024-07-30 20:28:50.92093
"ec3439fb25b1807b5481e41b0a7c0b7dbb3712babf054828c718d22ae04c2c9b261","Graphic Communications Local 51-Bindery Employers' Pension Fund","NY",441,2016,614600,2024-07-30 20:28:50.92093
"ec3439fb25b1807b5481e41b0a7c0b7dbb3712babf054828c718d22ae04c2c9b262","Graphic Communications Local 2C","MT",427,2016,2671200,2024-07-30 20:28:50.92093
"ec3439fb25b1807b5481e41b0a7c0b7dbb3712babf054828c718d22ae04c2c9b263","Intern'l Assoc. of Machinists & Aerospace Workers AFL-CIO Local Lodge PM 2848 Defined Benefit Pension Plan","MI",575,2016,1806500,2024-07-30 20:28:50.92093
"ec3439fb25b1807b5481e41b0a7c0b7dbb3712babf054828c718d22ae04c2c9b264","Ironworkers Local No.6 Pension Plan","NY",457,2016,1712900,2024-07-30 20:28:50.92093
"ec3439fb25b1807b5481e41b0a7c0b7dbb3712babf054828c718d22ae04c2c9b265","Joint Division 1541 - Boulevard PF","NJ",67,2016,191000,2024-07-30 20:28:50.92093
"ec3439fb25b1807b5481e41b0a7c0b7dbb3712babf054828c718d22ae04c2c9b266","Kern County Plasterers ","CA",20,2016,78000,2024-07-30 20:28:50.92093
"ec3439fb25b1807b5481e41b0a7c0b7dbb3712babf054828c718d22ae04c2c9b267","Local 20408 United Warehouse Industrial & Affiliated Trades Employees PF","NJ",68,2016,93200,2024-07-30 20:28:50.92093
"ec3439fb25b1807b5481e41b0a7c0b7dbb3712babf054828c718d22ae04c2c9b268","Local 29 RWDSU Pension Plan","NY",176,2016,277000,2024-07-30 20:28:50.92093
"ec3439fb25b1807b5481e41b0a7c0b7dbb3712babf054828c718d22ae04c2c9b269","Local 74 Metal Spinners Retire Fund","NY",171,2016,563900,2024-07-30 20:28:50.92093
"ec3439fb25b1807b5481e41b0a7c0b7dbb3712babf054828c718d22ae04c2c9b270","Local 76 Resort Hotel Pension Fund","NY",219,2016,641400,2024-07-30 20:28:50.92093
"ec3439fb25b1807b5481e41b0a7c0b7dbb3712babf054828c718d22ae04c2c9b271","Local 531 Pension Fund","NY",107,2016,411100,2024-07-30 20:28:50.92093
"ec3439fb25b1807b5481e41b0a7c0b7dbb3712babf054828c718d22ae04c2c9b272","Local 976 -PSA-ILA","NY",98,2016,471500,2024-07-30 20:28:50.92093
"ec3439fb25b1807b5481e41b0a7c0b7dbb3712babf054828c718d22ae04c2c9b273","Local 592 - UFCW","NY",72,2016,63100,2024-07-30 20:28:50.92093
"ec3439fb25b1807b5481e41b0a7c0b7dbb3712babf054828c718d22ae04c2c9b274","Local One Photoengravers Pension Fd","NY",350,2016,627900,2024-07-30 20:28:50.92093
"ec3439fb25b1807b5481e41b0a7c0b7dbb3712babf054828c718d22ae04c2c9b275","Local 807 Armored Car Div. Pension Fund","NY",1,2016,11886,2024-07-30 20:28:50.92093
"ec3439fb25b1807b5481e41b0a7c0b7dbb3712babf054828c718d22ae04c2c9b276","Luggage Workers Union of Philadelphia & Vicinity Local #61 RP","PA",31,2016,19000,2024-07-30 20:28:50.92093
"ec3439fb25b1807b5481e41b0a7c0b7dbb3712babf054828c718d22ae04c2c9b277","UFCW Local 919 ","CT",735,2016,2090600,2024-07-30 20:28:50.92093
"ec3439fb25b1807b5481e41b0a7c0b7dbb3712babf054828c718d22ae04c2c9b278","Massachusetts Leather Pension Plan","MA",256,2016,31744.47,2024-07-30 20:28:50.92093
"ec3439fb25b1807b5481e41b0a7c0b7dbb3712babf054828c718d22ae04c2c9b279","Master Electro Platers Employees Pension Plan","CT",85,2016,5680,2024-07-30 20:28:50.92093
"ec3439fb25b1807b5481e41b0a7c0b7dbb3712babf054828c718d22ae04c2c9b280","Metal Trades Industry Pension Plan & Trust Fund","CA",221,2016,599600,2024-07-30 20:28:50.92093
"ec3439fb25b1807b5481e41b0a7c0b7dbb3712babf054828c718d22ae04c2c9b281","Milk & Ice Cream Industry Dairy Employees Union Pension Plan","OH",243,2016,496700,2024-07-30 20:28:50.92093
"ec3439fb25b1807b5481e41b0a7c0b7dbb3712babf054828c718d22ae04c2c9b282","Milwaukee Projectionists Local 164","WI",23,2016,110700,2024-07-30 20:28:50.92093
"ec3439fb25b1807b5481e41b0a7c0b7dbb3712babf054828c718d22ae04c2c9b283","Motion Picture Laboratory Technicians Local 702 Pension Fund","NY",266,2016,583800,2024-07-30 20:28:50.92093
"ec3439fb25b1807b5481e41b0a7c0b7dbb3712babf054828c718d22ae04c2c9b284","New Bedford FishLumpers ","MA",35,2016,130600,2024-07-30 20:28:50.92093
"ec3439fb25b1807b5481e41b0a7c0b7dbb3712babf054828c718d22ae04c2c9b285","NMU Great Lakes Pension Plan","MD",91,2016,61200,2024-07-30 20:28:50.92093
"ec3439fb25b1807b5481e41b0a7c0b7dbb3712babf054828c718d22ae04c2c9b286","Pension Fund of The New Independent Leather, Novelty & Plastic Workers Union","DE",1940,2016,1039700,2024-07-30 20:28:50.92093
"ec3439fb25b1807b5481e41b0a7c0b7dbb3712babf054828c718d22ae04c2c9b287","Printing Industry & Union Consolidated Pension Plan","PA",171,2016,239700,2024-07-30 20:28:50.92093
"ec3439fb25b1807b5481e41b0a7c0b7dbb3712babf054828c718d22ae04c2c9b288","Production Service and Sales District Council Pension Fund","NY",2603,2016,7060600,2024-07-30 20:28:50.92093
"ec3439fb25b1807b5481e41b0a7c0b7dbb3712babf054828c718d22ae04c2c9b289","PSA-ILA Pension Plan and Trust ","MS",57,2016,251900,2024-07-30 20:28:50.92093
"ec3439fb25b1807b5481e41b0a7c0b7dbb3712babf054828c718d22ae04c2c9b290","Retail Local 906","NY",102,2016,101500,2024-07-30 20:28:50.92093
"ec3439fb25b1807b5481e41b0a7c0b7dbb3712babf054828c718d22ae04c2c9b291","Retirement Fund of the Fur Manufacturing Industry","NY",636,2016,513900,2024-07-30 20:28:50.92093
"ec3439fb25b1807b5481e41b0a7c0b7dbb3712babf054828c718d22ae04c2c9b292","Retirement  Plan of UFCW Local 1102 Retirement Fund","NY",184,2016,192300,2024-07-30 20:28:50.92093
"ec3439fb25b1807b5481e41b0a7c0b7dbb3712babf054828c718d22ae04c2c9b293","Schiffli Embroidery Workers Pension Plan","NJ",875,2016,1418000,2024-07-30 20:28:50.92093
"ec3439fb25b1807b5481e41b0a7c0b7dbb3712babf054828c718d22ae04c2c9b294","So. CA, AZ, CO & So. NV Glaziers, Architectural Metal  & Glass Wkrs PP.","CA",1917,2016,5879100,2024-07-30 20:28:50.92093
"ec3439fb25b1807b5481e41b0a7c0b7dbb3712babf054828c718d22ae04c2c9b295","Southern Council of Industrial Workers","WV",281,2016,322200,2024-07-30 20:28:50.92093
"ec3439fb25b1807b5481e41b0a7c0b7dbb3712babf054828c718d22ae04c2c9b296","Teamsters Local 240 Pension Fund","MD",63,2016,116400,2024-07-30 20:28:50.92093
"ec3439fb25b1807b5481e41b0a7c0b7dbb3712babf054828c718d22ae04c2c9b297","United Brick & Clay Workers of America, AFL-CIO District Council #9 PP","OH",231,2016,174500,2024-07-30 20:28:50.92093
"ec3439fb25b1807b5481e41b0a7c0b7dbb3712babf054828c718d22ae04c2c9b298","UFCW Local 50","NY",850,2016,4494000,2024-07-30 20:28:50.92093
"ec3439fb25b1807b5481e41b0a7c0b7dbb3712babf054828c718d22ae04c2c9b299","UFCW Local 174 Pension Fund","NY",2285,2016,3783700,2024-07-30 20:28:50.92093
"ec3439fb25b1807b5481e41b0a7c0b7dbb3712babf054828c718d22ae04c2c9b300","UFCW Local 174 Retail Pension Fund","NY",741,2016,1508900,2024-07-30 20:28:50.92093
"ec3439fb25b1807b5481e41b0a7c0b7dbb3712babf054828c718d22ae04c2c9b301","UFCW Local 1049 Retirement Fund","NJ",178,2016,423800,2024-07-30 20:28:50.92093
"ec3439fb25b1807b5481e41b0a7c0b7dbb3712babf054828c718d22ae04c2c9b302","UFCW Local 1262 ","NJ",604,2016,988200,2024-07-30 20:28:50.92093
"ec3439fb25b1807b5481e41b0a7c0b7dbb3712babf054828c718d22ae04c2c9b303","United Optical Workers Pension Fund","NY",437,2016,589150,2024-07-30 20:28:50.92093
"ec3439fb25b1807b5481e41b0a7c0b7dbb3712babf054828c718d22ae04c2c9b304","Washington-Oregon Furniture Workers Pension Fund","WA",99,2016,80100,2024-07-30 20:28:50.92093
"ec3439fb25b1807b5481e41b0a7c0b7dbb3712babf054828c718d22ae04c2c9b305","Western Growers Pension Plan & Trust ""A""","CA",1577,2016,4295000,2024-07-30 20:28:50.92093
"ec3439fb25b1807b5481e41b0a7c0b7dbb3712babf054828c718d22ae04c2c9b306","Wine & Liquor Salesmen of New Jersey Retirement Fund","NJ",587,2016,3071400,2024-07-30 20:28:50.92093
"ec3439fb25b1807b5481e41b0a7c0b7dbb3712babf054828c718d22ae04c2c9b307","Wyoming Carpenters' Pension Plan","WY",272,2016,1245100,2024-07-30 20:28:50.92093
"ec3439fb25b1807b5481e41b0a7c0b7dbb3712babf054828c718d22ae04c2c9b308","Amalgamated Insurance Fund (Clothing Fund)","NY",21411,2015,26809000,2024-07-30 20:28:50.92093
"ec3439fb25b1807b5481e41b0a7c0b7dbb3712babf054828c718d22ae04c2c9b309","Asbestos Workers Local 64 Pension Fund","OK",86,2015,737840,2024-07-30 20:28:50.92093
"ec3439fb25b1807b5481e41b0a7c0b7dbb3712babf054828c718d22ae04c2c9b310","Bakery & Sales Drivers Local 33 Partition","MD",198,2015,1483200,2024-07-30 20:28:50.92093
"ec3439fb25b1807b5481e41b0a7c0b7dbb3712babf054828c718d22ae04c2c9b311","Bay Area Laundry & Dry Cleaning Pension Fund (Dry Cleaning)","CA",92,2015,164100,2024-07-30 20:28:50.92093
"ec3439fb25b1807b5481e41b0a7c0b7dbb3712babf054828c718d22ae04c2c9b312","Bay Area Laundry & Dry Cleaning Pension Fund (Laundry)","CA",130,2015,159200,2024-07-30 20:28:50.92093
"ec3439fb25b1807b5481e41b0a7c0b7dbb3712babf054828c718d22ae04c2c9b313","Buffalo Carpenters Pension Fund","NY",633,2015,2579200,2024-07-30 20:28:50.92093
"ec3439fb25b1807b5481e41b0a7c0b7dbb3712babf054828c718d22ae04c2c9b314","California Frozen Food Industry Pension Plan","CA",327,2015,429200,2024-07-30 20:28:50.92093
"ec3439fb25b1807b5481e41b0a7c0b7dbb3712babf054828c718d22ae04c2c9b315","Cattle Shochtim Local 491 Retirement Plan","NJ",13,2015,29700,2024-07-30 20:28:50.92093
"ec3439fb25b1807b5481e41b0a7c0b7dbb3712babf054828c718d22ae04c2c9b316","Chicago Foundry Workers Pension PL","IL",282,2015,166400,2024-07-30 20:28:50.92093
"ec3439fb25b1807b5481e41b0a7c0b7dbb3712babf054828c718d22ae04c2c9b317","Council 30 Retirement Plan - Sanders Plan","MI",144,2015,287300,2024-07-30 20:28:50.92093
"ec3439fb25b1807b5481e41b0a7c0b7dbb3712babf054828c718d22ae04c2c9b318","CTDU Partition Pension Fund","IL",1379,2015,5529200,2024-07-30 20:28:50.92093
"ec3439fb25b1807b5481e41b0a7c0b7dbb3712babf054828c718d22ae04c2c9b319","District 65 Pension Plan","NJ",5023,2015,16963400,2024-07-30 20:28:50.92093
"ec3439fb25b1807b5481e41b0a7c0b7dbb3712babf054828c718d22ae04c2c9b320","Detroit Typographical Union Local 18","FL",271,2015,370000,2024-07-30 20:28:50.92093
"ec3439fb25b1807b5481e41b0a7c0b7dbb3712babf054828c718d22ae04c2c9b321","Electronics 431 Pension Fund ","NY",541,2015,1313000,2024-07-30 20:28:50.92093
"ec3439fb25b1807b5481e41b0a7c0b7dbb3712babf054828c718d22ae04c2c9b322","Graphic Arts Pressroom Retirement Plan","MA",59,2015,63200,2024-07-30 20:28:50.92093
"ec3439fb25b1807b5481e41b0a7c0b7dbb3712babf054828c718d22ae04c2c9b323","Graphic Communications Local 51-Bindery Employers' Pension Fund","NY",441,2015,693100,2024-07-30 20:28:50.92093
"ec3439fb25b1807b5481e41b0a7c0b7dbb3712babf054828c718d22ae04c2c9b324","Graphic Communications Local 2C","MT",427,2015,1802200,2024-07-30 20:28:50.92093
"ec3439fb25b1807b5481e41b0a7c0b7dbb3712babf054828c718d22ae04c2c9b325","Intern'l Assoc. of Machinists & Aerospace Workers AFL-CIO Local Lodge PM 2848 Defined Benefit Pension Plan","MI",575,2015,1851700,2024-07-30 20:28:50.92093
"ec3439fb25b1807b5481e41b0a7c0b7dbb3712babf054828c718d22ae04c2c9b326","Ironworkers Local No.6 Pension Plan","NY",457,2015,1791000,2024-07-30 20:28:50.92093
"ec3439fb25b1807b5481e41b0a7c0b7dbb3712babf054828c718d22ae04c2c9b327","Joint Division 1541 - Boulevard PF","NJ",67,2015,171700,2024-07-30 20:28:50.92093
"ec3439fb25b1807b5481e41b0a7c0b7dbb3712babf054828c718d22ae04c2c9b328","Kern County Plasterers ","CA",20,2015,74200,2024-07-30 20:28:50.92093
"ec3439fb25b1807b5481e41b0a7c0b7dbb3712babf054828c718d22ae04c2c9b329","Local 20408 United Warehouse Industrial & Affiliated Trades Employees PF","NJ",68,2015,90600,2024-07-30 20:28:50.92093
"ec3439fb25b1807b5481e41b0a7c0b7dbb3712babf054828c718d22ae04c2c9b330","Local 29 RWDSU Pension Plan","NY",176,2015,329200,2024-07-30 20:28:50.92093
"ec3439fb25b1807b5481e41b0a7c0b7dbb3712babf054828c718d22ae04c2c9b331","Local 76 Resort Hotel Pension Fund","NY",219,2015,694500,2024-07-30 20:28:50.92093
"ec3439fb25b1807b5481e41b0a7c0b7dbb3712babf054828c718d22ae04c2c9b332","Local 531 Pension Fund","NY",107,2015,451600,2024-07-30 20:28:50.92093
"ec3439fb25b1807b5481e41b0a7c0b7dbb3712babf054828c718d22ae04c2c9b333","Local 976 -PSA-ILA","NY",98,2015,476500,2024-07-30 20:28:50.92093
"ec3439fb25b1807b5481e41b0a7c0b7dbb3712babf054828c718d22ae04c2c9b334","Local 592 - UFCW","NY",72,2015,224200,2024-07-30 20:28:50.92093
"ec3439fb25b1807b5481e41b0a7c0b7dbb3712babf054828c718d22ae04c2c9b335","Luggage Workers Union of Philadelphia & Vicinity Local #61 RP","PA",31,2015,36000,2024-07-30 20:28:50.92093
"ec3439fb25b1807b5481e41b0a7c0b7dbb3712babf054828c718d22ae04c2c9b336","UFCW Local 919 ","CT",735,2015,2296600,2024-07-30 20:28:50.92093
"ec3439fb25b1807b5481e41b0a7c0b7dbb3712babf054828c718d22ae04c2c9b337","Metal Trades Industry Pension Plan & Trust Fund","CA",221,2015,616600,2024-07-30 20:28:50.92093
"ec3439fb25b1807b5481e41b0a7c0b7dbb3712babf054828c718d22ae04c2c9b338","Milk & Ice Cream Industry Dairy Employees Union Pension Plan","OH",243,2015,526900,2024-07-30 20:28:50.92093
"ec3439fb25b1807b5481e41b0a7c0b7dbb3712babf054828c718d22ae04c2c9b339","Milwaukee Projectionists Local 164","WI",23,2015,103700,2024-07-30 20:28:50.92093
"ec3439fb25b1807b5481e41b0a7c0b7dbb3712babf054828c718d22ae04c2c9b340","Motion Picture Laboratory Technicians Local 702 Pension Fund","NY",266,2015,643000,2024-07-30 20:28:50.92093
"ec3439fb25b1807b5481e41b0a7c0b7dbb3712babf054828c718d22ae04c2c9b341","New Bedford FishLumpers ","MA",35,2015,148200,2024-07-30 20:28:50.92093
"ec3439fb25b1807b5481e41b0a7c0b7dbb3712babf054828c718d22ae04c2c9b342","Northwest Textile Processors & Service Trades Pension Plan","WA",119,2015,787162.22,2024-07-30 20:28:50.92093
"ec3439fb25b1807b5481e41b0a7c0b7dbb3712babf054828c718d22ae04c2c9b343","Pension Fund of The New Independent Leather, Novelty & Plastic Workers Union","DE",1940,2015,1133100,2024-07-30 20:28:50.92093
"ec3439fb25b1807b5481e41b0a7c0b7dbb3712babf054828c718d22ae04c2c9b344","Printing Industry & Union Consolidated Pension Plan","PA",171,2015,281800,2024-07-30 20:28:50.92093
"ec3439fb25b1807b5481e41b0a7c0b7dbb3712babf054828c718d22ae04c2c9b345","Production Service and Sales District Council Pension Fund","NY",2603,2015,7535500,2024-07-30 20:28:50.92093
"ec3439fb25b1807b5481e41b0a7c0b7dbb3712babf054828c718d22ae04c2c9b346","PSA-ILA Pension Plan and Trust ","MS",57,2015,256300,2024-07-30 20:28:50.92093
"ec3439fb25b1807b5481e41b0a7c0b7dbb3712babf054828c718d22ae04c2c9b347","Retail Local 906","NY",102,2015,102900,2024-07-30 20:28:50.92093
"ec3439fb25b1807b5481e41b0a7c0b7dbb3712babf054828c718d22ae04c2c9b348","Retirement Fund of the Fur Manufacturing Industry","NY",636,2015,548100,2024-07-30 20:28:50.92093
"ec3439fb25b1807b5481e41b0a7c0b7dbb3712babf054828c718d22ae04c2c9b349","Roofers' Local 195 Pension Plan","NY",128,2015,157100,2024-07-30 20:28:50.92093
"ec3439fb25b1807b5481e41b0a7c0b7dbb3712babf054828c718d22ae04c2c9b350","Schiffli Embroidery Workers Pension Plan","NJ",875,2015,1458200,2024-07-30 20:28:50.92093
"ec3439fb25b1807b5481e41b0a7c0b7dbb3712babf054828c718d22ae04c2c9b351","So. CA, AZ, CO & So. NV Glaziers, Architectural Metal  & Glass Wkrs PP.","CA",1917,2015,7190600,2024-07-30 20:28:50.92093
"ec3439fb25b1807b5481e41b0a7c0b7dbb3712babf054828c718d22ae04c2c9b352","Southern Council of Industrial Workers","WV",281,2015,380900,2024-07-30 20:28:50.92093
"ec3439fb25b1807b5481e41b0a7c0b7dbb3712babf054828c718d22ae04c2c9b353","Teamsters Local 240 Pension Fund","MD",63,2015,115600,2024-07-30 20:28:50.92093
"ec3439fb25b1807b5481e41b0a7c0b7dbb3712babf054828c718d22ae04c2c9b354","Terrazzo Industry Pension Trust Fund","CA",63,2015,551290.04,2024-07-30 20:28:50.92093
"ec3439fb25b1807b5481e41b0a7c0b7dbb3712babf054828c718d22ae04c2c9b355","Textile Processors Service Trades Health Care Union Local 1","OH",415,2015,234200,2024-07-30 20:28:50.92093
"ec3439fb25b1807b5481e41b0a7c0b7dbb3712babf054828c718d22ae04c2c9b356","United Brick & Clay Workers of America, AFL-CIO District Council #9 PP","OH",231,2015,192700,2024-07-30 20:28:50.92093
"ec3439fb25b1807b5481e41b0a7c0b7dbb3712babf054828c718d22ae04c2c9b357","UFCW Local 50","NY",850,2015,385000,2024-07-30 20:28:50.92093
"ec3439fb25b1807b5481e41b0a7c0b7dbb3712babf054828c718d22ae04c2c9b358","UFCW Local 1049 Retirement Fund","NJ",178,2015,416600,2024-07-30 20:28:50.92093
"ec3439fb25b1807b5481e41b0a7c0b7dbb3712babf054828c718d22ae04c2c9b359","UFCW Local 1262 ","NJ",604,2015,1116200,2024-07-30 20:28:50.92093
"ec3439fb25b1807b5481e41b0a7c0b7dbb3712babf054828c718d22ae04c2c9b360","United Optical Workers Pension Fund","NY",437,2015,649400,2024-07-30 20:28:50.92093
"ec3439fb25b1807b5481e41b0a7c0b7dbb3712babf054828c718d22ae04c2c9b361","Washington-Oregon Furniture Workers Pension Fund","WA",99,2015,87600,2024-07-30 20:28:50.92093
"ec3439fb25b1807b5481e41b0a7c0b7dbb3712babf054828c718d22ae04c2c9b362","Western Growers Pension Plan & Trust ""A""","CA",1577,2015,4522700,2024-07-30 20:28:50.92093
"ec3439fb25b1807b5481e41b0a7c0b7dbb3712babf054828c718d22ae04c2c9b363","Wine & Liquor Salesmen of New Jersey Retirement Fund","NJ",587,2015,3225200,2024-07-30 20:28:50.92093
"ec3439fb25b1807b5481e41b0a7c0b7dbb3712babf054828c718d22ae04c2c9b364","Wyoming Carpenters' Pension Plan","WY",272,2015,1165000,2024-07-30 20:28:50.92093
"ec3439fb25b1807b5481e41b0a7c0b7dbb3712babf054828c718d22ae04c2c9b365","Amalgamated Insurance Fund (Clothing Fund)","NY",21411,2014,25556000,2024-07-30 20:28:50.92093
"ec3439fb25b1807b5481e41b0a7c0b7dbb3712babf054828c718d22ae04c2c9b366","Asbestos Workers Local 64 Pension Fund","OK",86,2014,720600,2024-07-30 20:28:50.92093
"ec3439fb25b1807b5481e41b0a7c0b7dbb3712babf054828c718d22ae04c2c9b367","Bakery & Sales Drivers Local 33 Partition","MD",198,2014,1285200,2024-07-30 20:28:50.92093
"ec3439fb25b1807b5481e41b0a7c0b7dbb3712babf054828c718d22ae04c2c9b368","Bay Area Laundry & Dry Cleaning Pension Fund (Dry Cleaning)","CA",92,2014,140600,2024-07-30 20:28:50.92093
"ec3439fb25b1807b5481e41b0a7c0b7dbb3712babf054828c718d22ae04c2c9b369","Bay Area Laundry & Dry Cleaning Pension Fund (Laundry)","CA",130,2014,130600,2024-07-30 20:28:50.92093
"ec3439fb25b1807b5481e41b0a7c0b7dbb3712babf054828c718d22ae04c2c9b370","Buffalo Carpenters Pension Fund","NY",633,2014,3152900,2024-07-30 20:28:50.92093
"ec3439fb25b1807b5481e41b0a7c0b7dbb3712babf054828c718d22ae04c2c9b371","California Frozen Food Industry Pension Plan","CA",327,2014,424700,2024-07-30 20:28:50.92093
"ec3439fb25b1807b5481e41b0a7c0b7dbb3712babf054828c718d22ae04c2c9b372","Cattle Shochtim Local 491 Retirement Plan","NJ",13,2014,39300,2024-07-30 20:28:50.92093
"ec3439fb25b1807b5481e41b0a7c0b7dbb3712babf054828c718d22ae04c2c9b373","Council 30 Retirement Plan - Sanders Plan","MI",144,2014,289700,2024-07-30 20:28:50.92093
"ec3439fb25b1807b5481e41b0a7c0b7dbb3712babf054828c718d22ae04c2c9b374","CTDU Partition Pension Fund","IL",1379,2014,5664900,2024-07-30 20:28:50.92093
"ec3439fb25b1807b5481e41b0a7c0b7dbb3712babf054828c718d22ae04c2c9b375","District 65 Pension Plan","NJ",5023,2014,15793300,2024-07-30 20:28:50.92093
"ec3439fb25b1807b5481e41b0a7c0b7dbb3712babf054828c718d22ae04c2c9b376","Detroit Typographical Union Local 18","FL",271,2014,537000,2024-07-30 20:28:50.92093
"ec3439fb25b1807b5481e41b0a7c0b7dbb3712babf054828c718d22ae04c2c9b377","Electronics 431 Pension Fund ","NY",541,2014,1545800,2024-07-30 20:28:50.92093
"ec3439fb25b1807b5481e41b0a7c0b7dbb3712babf054828c718d22ae04c2c9b378","Graphic Arts Pressroom Retirement Plan","MA",59,2014,56600,2024-07-30 20:28:50.92093
"ec3439fb25b1807b5481e41b0a7c0b7dbb3712babf054828c718d22ae04c2c9b379","Graphic Communications Local 51-Bindery Employers' Pension Fund","NY",441,2014,731400,2024-07-30 20:28:50.92093
"ec3439fb25b1807b5481e41b0a7c0b7dbb3712babf054828c718d22ae04c2c9b380","Intern'l Assoc. of Machinists & Aerospace Workers AFL-CIO Local Lodge PM 2848 Defined Benefit Pension Plan","MI",575,2014,1315100,2024-07-30 20:28:50.92093
"ec3439fb25b1807b5481e41b0a7c0b7dbb3712babf054828c718d22ae04c2c9b381","Ironworkers Local No.6 Pension Plan","NY",457,2014,1936900,2024-07-30 20:28:50.92093
"ec3439fb25b1807b5481e41b0a7c0b7dbb3712babf054828c718d22ae04c2c9b382","Joint Division 1541 - Boulevard PF","NJ",67,2014,181100,2024-07-30 20:28:50.92093
"ec3439fb25b1807b5481e41b0a7c0b7dbb3712babf054828c718d22ae04c2c9b383","Kern County Plasterers ","CA",20,2014,62000,2024-07-30 20:28:50.92093
"ec3439fb25b1807b5481e41b0a7c0b7dbb3712babf054828c718d22ae04c2c9b384","Local 20408 United Warehouse Industrial & Affiliated Trades Employees PF","NJ",68,2014,97300,2024-07-30 20:28:50.92093
"ec3439fb25b1807b5481e41b0a7c0b7dbb3712babf054828c718d22ae04c2c9b385","Local 29 RWDSU Pension Plan","NY",176,2014,307600,2024-07-30 20:28:50.92093
"ec3439fb25b1807b5481e41b0a7c0b7dbb3712babf054828c718d22ae04c2c9b386","Local 76 Resort Hotel Pension Fund","NY",219,2014,720100,2024-07-30 20:28:50.92093
"ec3439fb25b1807b5481e41b0a7c0b7dbb3712babf054828c718d22ae04c2c9b387","Local 531 Pension Fund","NY",107,2014,108100,2024-07-30 20:28:50.92093
"ec3439fb25b1807b5481e41b0a7c0b7dbb3712babf054828c718d22ae04c2c9b388","Local 592 - UFCW","NY",72,2014,145400,2024-07-30 20:28:50.92093
"ec3439fb25b1807b5481e41b0a7c0b7dbb3712babf054828c718d22ae04c2c9b389","Luggage Workers Union of Philadelphia & Vicinity Local #61 RP","PA",31,2014,44000,2024-07-30 20:28:50.92093
"ec3439fb25b1807b5481e41b0a7c0b7dbb3712babf054828c718d22ae04c2c9b390","UFCW Local 919 ","CT",735,2014,1936700,2024-07-30 20:28:50.92093
"ec3439fb25b1807b5481e41b0a7c0b7dbb3712babf054828c718d22ae04c2c9b391","Master Electro Platers Employees Pension Plan","CT",85,2014,169521.94,2024-07-30 20:28:50.92093
"ec3439fb25b1807b5481e41b0a7c0b7dbb3712babf054828c718d22ae04c2c9b392","Metal Trades Industry Pension Plan & Trust Fund","CA",221,2014,654900,2024-07-30 20:28:50.92093
"ec3439fb25b1807b5481e41b0a7c0b7dbb3712babf054828c718d22ae04c2c9b393","Milk & Ice Cream Industry Dairy Employees Union Pension Plan","OH",243,2014,592900,2024-07-30 20:28:50.92093
"ec3439fb25b1807b5481e41b0a7c0b7dbb3712babf054828c718d22ae04c2c9b394","Milwaukee Projectionists Local 164","WI",23,2014,52200,2024-07-30 20:28:50.92093
"ec3439fb25b1807b5481e41b0a7c0b7dbb3712babf054828c718d22ae04c2c9b395","Motion Picture Laboratory Technicians Local 702 Pension Fund","NY",266,2014,633900,2024-07-30 20:28:50.92093
"ec3439fb25b1807b5481e41b0a7c0b7dbb3712babf054828c718d22ae04c2c9b396","New Bedford FishLumpers ","MA",35,2014,153800,2024-07-30 20:28:50.92093
"ec3439fb25b1807b5481e41b0a7c0b7dbb3712babf054828c718d22ae04c2c9b397","Northwest Textile Processors & Service Trades Pension Plan","WA",119,2014,139100,2024-07-30 20:28:50.92093
"ec3439fb25b1807b5481e41b0a7c0b7dbb3712babf054828c718d22ae04c2c9b398","Pension Fund of The New Independent Leather, Novelty & Plastic Workers Union","DE",1940,2014,1456400,2024-07-30 20:28:50.92093
"ec3439fb25b1807b5481e41b0a7c0b7dbb3712babf054828c718d22ae04c2c9b399","Printing Industry & Union Consolidated Pension Plan","PA",171,2014,278600,2024-07-30 20:28:50.92093
"ec3439fb25b1807b5481e41b0a7c0b7dbb3712babf054828c718d22ae04c2c9b400","Production Service and Sales District Council Pension Fund","NY",2603,2014,7484100,2024-07-30 20:28:50.92093
"ec3439fb25b1807b5481e41b0a7c0b7dbb3712babf054828c718d22ae04c2c9b401","PSA-ILA Pension Plan and Trust ","MS",57,2014,434000,2024-07-30 20:28:50.92093
"ec3439fb25b1807b5481e41b0a7c0b7dbb3712babf054828c718d22ae04c2c9b402","Retail Local 906","NY",102,2014,105700,2024-07-30 20:28:50.92093
"ec3439fb25b1807b5481e41b0a7c0b7dbb3712babf054828c718d22ae04c2c9b403","Retirement Fund of the Fur Manufacturing Industry","NY",636,2014,608800,2024-07-30 20:28:50.92093
"ec3439fb25b1807b5481e41b0a7c0b7dbb3712babf054828c718d22ae04c2c9b404","Schiffli Embroidery Workers Pension Plan","NJ",875,2014,1503600,2024-07-30 20:28:50.92093
"ec3439fb25b1807b5481e41b0a7c0b7dbb3712babf054828c718d22ae04c2c9b405","So. CA, AZ, CO & So. NV Glaziers, Architectural Metal  & Glass Wkrs PP.","CA",1917,2014,7386700,2024-07-30 20:28:50.92093
"ec3439fb25b1807b5481e41b0a7c0b7dbb3712babf054828c718d22ae04c2c9b406","Southern Council of Industrial Workers","WV",281,2014,360500,2024-07-30 20:28:50.92093
"ec3439fb25b1807b5481e41b0a7c0b7dbb3712babf054828c718d22ae04c2c9b407","Teamsters Local 240 Pension Fund","MD",63,2014,123200,2024-07-30 20:28:50.92093
"ec3439fb25b1807b5481e41b0a7c0b7dbb3712babf054828c718d22ae04c2c9b408","Terrazzo Industry Pension Trust Fund","CA",63,2014,78900,2024-07-30 20:28:50.92093
"ec3439fb25b1807b5481e41b0a7c0b7dbb3712babf054828c718d22ae04c2c9b409","United Brick & Clay Workers of America, AFL-CIO District Council #9 PP","OH",231,2014,171400,2024-07-30 20:28:50.92093
"ec3439fb25b1807b5481e41b0a7c0b7dbb3712babf054828c718d22ae04c2c9b410","UFCW Local 1049 Retirement Fund","NJ",178,2014,650600,2024-07-30 20:28:50.92093
"ec3439fb25b1807b5481e41b0a7c0b7dbb3712babf054828c718d22ae04c2c9b411","UFCW Local 1262 ","NJ",604,2014,883600,2024-07-30 20:28:50.92093
"ec3439fb25b1807b5481e41b0a7c0b7dbb3712babf054828c718d22ae04c2c9b412","United Optical Workers Pension Fund","NY",437,2014,636300,2024-07-30 20:28:50.92093
"ec3439fb25b1807b5481e41b0a7c0b7dbb3712babf054828c718d22ae04c2c9b413","Washington-Oregon Furniture Workers Pension Fund","WA",99,2014,89900,2024-07-30 20:28:50.92093
"ec3439fb25b1807b5481e41b0a7c0b7dbb3712babf054828c718d22ae04c2c9b414","Western Growers Pension Plan & Trust ""A""","CA",1577,2014,4644300,2024-07-30 20:28:50.92093
"ec3439fb25b1807b5481e41b0a7c0b7dbb3712babf054828c718d22ae04c2c9b415","Wine & Liquor Salesmen of New Jersey Retirement Fund","NJ",587,2014,3249300,2024-07-30 20:28:50.92093
"ec3439fb25b1807b5481e41b0a7c0b7dbb3712babf054828c718d22ae04c2c9b416","Wyoming Carpenters' Pension Plan","WY",272,2014,1140300,2024-07-30 20:28:50.92093
"ec3439fb25b1807b5481e41b0a7c0b7dbb3712babf054828c718d22ae04c2c9b417","Amalgamated Insurance Fund (Clothing Fund)","NY",21411,2013,27296000,2024-07-30 20:28:50.92093
"ec3439fb25b1807b5481e41b0a7c0b7dbb3712babf054828c718d22ae04c2c9b418","Asbestos Workers Local 64 Pension Fund","OK",86,2013,830000,2024-07-30 20:28:50.92093
"ec3439fb25b1807b5481e41b0a7c0b7dbb3712babf054828c718d22ae04c2c9b419","Bay Area Laundry & Dry Cleaning Pension Fund (Dry Cleaning)","CA",92,2013,183200,2024-07-30 20:28:50.92093
"ec3439fb25b1807b5481e41b0a7c0b7dbb3712babf054828c718d22ae04c2c9b420","Bay Area Laundry & Dry Cleaning Pension Fund (Laundry)","CA",130,2013,130300,2024-07-30 20:28:50.92093
"ec3439fb25b1807b5481e41b0a7c0b7dbb3712babf054828c718d22ae04c2c9b421","Buffalo Carpenters Pension Fund","NY",633,2013,3349400,2024-07-30 20:28:50.92093
"ec3439fb25b1807b5481e41b0a7c0b7dbb3712babf054828c718d22ae04c2c9b422","California Frozen Food Industry Pension Plan","CA",327,2013,475000,2024-07-30 20:28:50.92093
"ec3439fb25b1807b5481e41b0a7c0b7dbb3712babf054828c718d22ae04c2c9b423","Cattle Shochtim Local 491 Retirement Plan","NJ",13,2013,33100,2024-07-30 20:28:50.92093
"ec3439fb25b1807b5481e41b0a7c0b7dbb3712babf054828c718d22ae04c2c9b424","Council 30 Retirement Plan - Sanders Plan","MI",144,2013,300500,2024-07-30 20:28:50.92093
"ec3439fb25b1807b5481e41b0a7c0b7dbb3712babf054828c718d22ae04c2c9b425","CTDU Partition Pension Fund","IL",1379,2013,5004357,2024-07-30 20:28:50.92093
"ec3439fb25b1807b5481e41b0a7c0b7dbb3712babf054828c718d22ae04c2c9b426","District 65 Pension Plan","NJ",5023,2013,16230200,2024-07-30 20:28:50.92093
"ec3439fb25b1807b5481e41b0a7c0b7dbb3712babf054828c718d22ae04c2c9b427","Detroit Typographical Union Local 18","FL",271,2013,152000,2024-07-30 20:28:50.92093
"ec3439fb25b1807b5481e41b0a7c0b7dbb3712babf054828c718d22ae04c2c9b428","Electronics 431 Pension Fund ","NY",541,2013,1671630,2024-07-30 20:28:50.92093
"ec3439fb25b1807b5481e41b0a7c0b7dbb3712babf054828c718d22ae04c2c9b429","Graphic Arts Pressroom Retirement Plan","MA",59,2013,70400,2024-07-30 20:28:50.92093
"ec3439fb25b1807b5481e41b0a7c0b7dbb3712babf054828c718d22ae04c2c9b430","Graphic Communications Local 51-Bindery Employers' Pension Fund","NY",441,2013,751100,2024-07-30 20:28:50.92093
"ec3439fb25b1807b5481e41b0a7c0b7dbb3712babf054828c718d22ae04c2c9b431","Ironworkers Local No.6 Pension Plan","NY",457,2013,2481800,2024-07-30 20:28:50.92093
"ec3439fb25b1807b5481e41b0a7c0b7dbb3712babf054828c718d22ae04c2c9b432","Joint Division 1541 - Boulevard PF","NJ",67,2013,67000,2024-07-30 20:28:50.92093
"ec3439fb25b1807b5481e41b0a7c0b7dbb3712babf054828c718d22ae04c2c9b433","Kern County Plasterers ","CA",20,2013,45100,2024-07-30 20:28:50.92093
"ec3439fb25b1807b5481e41b0a7c0b7dbb3712babf054828c718d22ae04c2c9b434","Local 20408 United Warehouse Industrial & Affiliated Trades Employees PF","NJ",68,2013,111300,2024-07-30 20:28:50.92093
"ec3439fb25b1807b5481e41b0a7c0b7dbb3712babf054828c718d22ae04c2c9b435","Local 29 RWDSU Pension Plan","NY",176,2013,412900,2024-07-30 20:28:50.92093
"ec3439fb25b1807b5481e41b0a7c0b7dbb3712babf054828c718d22ae04c2c9b436","Local 76 Resort Hotel Pension Fund","NY",219,2013,708700,2024-07-30 20:28:50.92093
"ec3439fb25b1807b5481e41b0a7c0b7dbb3712babf054828c718d22ae04c2c9b437","Luggage Workers Union of Philadelphia & Vicinity Local #61 RP","PA",31,2013,26500,2024-07-30 20:28:50.92093
"ec3439fb25b1807b5481e41b0a7c0b7dbb3712babf054828c718d22ae04c2c9b438","Metal Trades Industry Pension Plan & Trust Fund","CA",221,2013,728600,2024-07-30 20:28:50.92093
"ec3439fb25b1807b5481e41b0a7c0b7dbb3712babf054828c718d22ae04c2c9b439","Milk & Ice Cream Industry Dairy Employees Union Pension Plan","OH",243,2013,813800,2024-07-30 20:28:50.92093
"ec3439fb25b1807b5481e41b0a7c0b7dbb3712babf054828c718d22ae04c2c9b440","Motion Picture Laboratory Technicians Local 702 Pension Fund","NY",266,2013,705000,2024-07-30 20:28:50.92093
"ec3439fb25b1807b5481e41b0a7c0b7dbb3712babf054828c718d22ae04c2c9b441","New Bedford FishLumpers ","MA",35,2013,182000,2024-07-30 20:28:50.92093
"ec3439fb25b1807b5481e41b0a7c0b7dbb3712babf054828c718d22ae04c2c9b442","Northwest Textile Processors & Service Trades Pension Plan","WA",119,2013,209800,2024-07-30 20:28:50.92093
"ec3439fb25b1807b5481e41b0a7c0b7dbb3712babf054828c718d22ae04c2c9b443","Pension Fund of The New Independent Leather, Novelty & Plastic Workers Union","DE",1940,2013,897800,2024-07-30 20:28:50.92093
"ec3439fb25b1807b5481e41b0a7c0b7dbb3712babf054828c718d22ae04c2c9b444","Printing Industry & Union Consolidated Pension Plan","PA",171,2013,278100,2024-07-30 20:28:50.92093
"ec3439fb25b1807b5481e41b0a7c0b7dbb3712babf054828c718d22ae04c2c9b445","Production Service and Sales District Council Pension Fund","NY",2603,2013,7301000,2024-07-30 20:28:50.92093
"ec3439fb25b1807b5481e41b0a7c0b7dbb3712babf054828c718d22ae04c2c9b446","PSA-ILA Pension Plan and Trust ","MS",57,2013,249700,2024-07-30 20:28:50.92093
"ec3439fb25b1807b5481e41b0a7c0b7dbb3712babf054828c718d22ae04c2c9b447","Retail Local 906","NY",102,2013,174000,2024-07-30 20:28:50.92093
"ec3439fb25b1807b5481e41b0a7c0b7dbb3712babf054828c718d22ae04c2c9b448","Retirement Fund of the Fur Manufacturing Industry","NY",636,2013,635000,2024-07-30 20:28:50.92093
"ec3439fb25b1807b5481e41b0a7c0b7dbb3712babf054828c718d22ae04c2c9b449","Roofers' Local 195 Pension Plan","NY",128,2013,559700,2024-07-30 20:28:50.92093
"ec3439fb25b1807b5481e41b0a7c0b7dbb3712babf054828c718d22ae04c2c9b450","Schiffli Embroidery Workers Pension Plan","NJ",875,2013,1628000,2024-07-30 20:28:50.92093
"ec3439fb25b1807b5481e41b0a7c0b7dbb3712babf054828c718d22ae04c2c9b451","So. CA, AZ, CO & So. NV Glaziers, Architectural Metal  & Glass Wkrs PP.","CA",1917,2013,4217000,2024-07-30 20:28:50.92093
"ec3439fb25b1807b5481e41b0a7c0b7dbb3712babf054828c718d22ae04c2c9b452","Southern Council of Industrial Workers","WV",281,2013,472900,2024-07-30 20:28:50.92093
"ec3439fb25b1807b5481e41b0a7c0b7dbb3712babf054828c718d22ae04c2c9b453","Teamsters Local 240 Pension Fund","MD",63,2013,131703,2024-07-30 20:28:50.92093
"ec3439fb25b1807b5481e41b0a7c0b7dbb3712babf054828c718d22ae04c2c9b454","Terrazzo Industry Pension Trust Fund","CA",63,2013,118500,2024-07-30 20:28:50.92093
"ec3439fb25b1807b5481e41b0a7c0b7dbb3712babf054828c718d22ae04c2c9b455","United Brick & Clay Workers of America, AFL-CIO District Council #9 PP","OH",231,2013,179000,2024-07-30 20:28:50.92093
"ec3439fb25b1807b5481e41b0a7c0b7dbb3712babf054828c718d22ae04c2c9b456","UFCW Local 1049 Retirement Fund","NJ",178,2013,462300,2024-07-30 20:28:50.92093
"ec3439fb25b1807b5481e41b0a7c0b7dbb3712babf054828c718d22ae04c2c9b457","United Optical Workers Pension Fund","NY",437,2013,854100,2024-07-30 20:28:50.92093
"ec3439fb25b1807b5481e41b0a7c0b7dbb3712babf054828c718d22ae04c2c9b458","Washington-Oregon Furniture Workers Pension Fund","WA",99,2013,110200,2024-07-30 20:28:50.92093
"ec3439fb25b1807b5481e41b0a7c0b7dbb3712babf054828c718d22ae04c2c9b459","Western Growers Pension Plan & Trust ""A""","CA",1577,2013,4765900,2024-07-30 20:28:50.92093
"ec3439fb25b1807b5481e41b0a7c0b7dbb3712babf054828c718d22ae04c2c9b460","Wine & Liquor Salesmen of New Jersey Retirement Fund","NJ",587,2013,3335500,2024-07-30 20:28:50.92093
"ec3439fb25b1807b5481e41b0a7c0b7dbb3712babf054828c718d22ae04c2c9b461","Amalgamated Insurance Fund (Clothing Fund)","NY",21411,2012,28480000,2024-07-30 20:28:50.92093
"ec3439fb25b1807b5481e41b0a7c0b7dbb3712babf054828c718d22ae04c2c9b462","Asbestos Workers Local 64 Pension Fund","OK",86,2012,601100,2024-07-30 20:28:50.92093
"ec3439fb25b1807b5481e41b0a7c0b7dbb3712babf054828c718d22ae04c2c9b463","Associated Trades & Crafts Union Pension Plan","PA",71,2012,5217,2024-07-30 20:28:50.92093
"ec3439fb25b1807b5481e41b0a7c0b7dbb3712babf054828c718d22ae04c2c9b464","Bay Area Laundry & Dry Cleaning Pension Fund (Dry Cleaning)","CA",92,2012,172500,2024-07-30 20:28:50.92093
"ec3439fb25b1807b5481e41b0a7c0b7dbb3712babf054828c718d22ae04c2c9b465","Bay Area Laundry & Dry Cleaning Pension Fund (Laundry)","CA",130,2012,100700,2024-07-30 20:28:50.92093
"ec3439fb25b1807b5481e41b0a7c0b7dbb3712babf054828c718d22ae04c2c9b466","Buffalo Carpenters Pension Fund","NY",633,2012,2746500,2024-07-30 20:28:50.92093
"ec3439fb25b1807b5481e41b0a7c0b7dbb3712babf054828c718d22ae04c2c9b467","California Frozen Food Industry Pension Plan","CA",327,2012,521700,2024-07-30 20:28:50.92093
"ec3439fb25b1807b5481e41b0a7c0b7dbb3712babf054828c718d22ae04c2c9b468","Cattle Shochtim Local 491 Retirement Plan","NJ",13,2012,29000,2024-07-30 20:28:50.92093
"ec3439fb25b1807b5481e41b0a7c0b7dbb3712babf054828c718d22ae04c2c9b469","Cinema Pension Trust Retirement Plan","CA",32,2012,181766,2024-07-30 20:28:50.92093
"ec3439fb25b1807b5481e41b0a7c0b7dbb3712babf054828c718d22ae04c2c9b470","Council 30 Retirement Plan - Sanders Plan","MI",144,2012,318200,2024-07-30 20:28:50.92093
"ec3439fb25b1807b5481e41b0a7c0b7dbb3712babf054828c718d22ae04c2c9b471","CTDU Partition Pension Fund","IL",1379,2012,5403000,2024-07-30 20:28:50.92093
"ec3439fb25b1807b5481e41b0a7c0b7dbb3712babf054828c718d22ae04c2c9b472","District 65 Pension Plan","NJ",5023,2012,16043500,2024-07-30 20:28:50.92093
"ec3439fb25b1807b5481e41b0a7c0b7dbb3712babf054828c718d22ae04c2c9b473","Electronics 431 Pension Fund ","NY",541,2012,1602700,2024-07-30 20:28:50.92093
"ec3439fb25b1807b5481e41b0a7c0b7dbb3712babf054828c718d22ae04c2c9b474","Florida Marble Polishers Pension Trust Fund","GA",84,2012,1934400,2024-07-30 20:28:50.92093
"ec3439fb25b1807b5481e41b0a7c0b7dbb3712babf054828c718d22ae04c2c9b475","Fur Workers Local 3F Pension Plan","NY",90,2012,2064603,2024-07-30 20:28:50.92093
"ec3439fb25b1807b5481e41b0a7c0b7dbb3712babf054828c718d22ae04c2c9b476","Graphic Arts Pressroom Retirement Plan","MA",59,2012,77900,2024-07-30 20:28:50.92093
"ec3439fb25b1807b5481e41b0a7c0b7dbb3712babf054828c718d22ae04c2c9b477","Graphic Communications Local 51-Bindery Employers' Pension Fund","NY",441,2012,819900,2024-07-30 20:28:50.92093
"ec3439fb25b1807b5481e41b0a7c0b7dbb3712babf054828c718d22ae04c2c9b478","Ironworkers Local No.6 Pension Plan","NY",457,2012,1505600,2024-07-30 20:28:50.92093
"ec3439fb25b1807b5481e41b0a7c0b7dbb3712babf054828c718d22ae04c2c9b479","Local 20408 United Warehouse Industrial & Affiliated Trades Employees PF","NJ",68,2012,98500,2024-07-30 20:28:50.92093
"ec3439fb25b1807b5481e41b0a7c0b7dbb3712babf054828c718d22ae04c2c9b480","Local 29 RWDSU Pension Plan","NY",176,2012,340500,2024-07-30 20:28:50.92093
"ec3439fb25b1807b5481e41b0a7c0b7dbb3712babf054828c718d22ae04c2c9b481","Local 76 Resort Hotel Pension Fund","NY",219,2012,721100,2024-07-30 20:28:50.92093
"ec3439fb25b1807b5481e41b0a7c0b7dbb3712babf054828c718d22ae04c2c9b482","Luggage Workers Union of Philadelphia & Vicinity Local #61 RP","PA",31,2012,43200,2024-07-30 20:28:50.92093
"ec3439fb25b1807b5481e41b0a7c0b7dbb3712babf054828c718d22ae04c2c9b483","Massachusetts Leather Pension Plan","MA",256,2012,7265.38,2024-07-30 20:28:50.92093
"ec3439fb25b1807b5481e41b0a7c0b7dbb3712babf054828c718d22ae04c2c9b484","Master Electro Platers Employees Pension Plan","CT",85,2012,790064,2024-07-30 20:28:50.92093
"ec3439fb25b1807b5481e41b0a7c0b7dbb3712babf054828c718d22ae04c2c9b485","Metal Trades Industry Pension Plan & Trust Fund","CA",221,2012,533000,2024-07-30 20:28:50.92093
"ec3439fb25b1807b5481e41b0a7c0b7dbb3712babf054828c718d22ae04c2c9b486","Milk & Ice Cream Industry Dairy Employees Union Pension Plan","OH",243,2012,673830,2024-07-30 20:28:50.92093
"ec3439fb25b1807b5481e41b0a7c0b7dbb3712babf054828c718d22ae04c2c9b487","Motion Picture Laboratory Technicians Local 702 Pension Fund","NY",266,2012,740100,2024-07-30 20:28:50.92093
"ec3439fb25b1807b5481e41b0a7c0b7dbb3712babf054828c718d22ae04c2c9b488","New Bedford FishLumpers ","MA",35,2012,144500,2024-07-30 20:28:50.92093
"ec3439fb25b1807b5481e41b0a7c0b7dbb3712babf054828c718d22ae04c2c9b489","Northwest Textile Processors & Service Trades Pension Plan","WA",119,2012,152100,2024-07-30 20:28:50.92093
"ec3439fb25b1807b5481e41b0a7c0b7dbb3712babf054828c718d22ae04c2c9b490","Pension Fund of The New Independent Leather, Novelty & Plastic Workers Union","DE",1940,2012,1205815,2024-07-30 20:28:50.92093
"ec3439fb25b1807b5481e41b0a7c0b7dbb3712babf054828c718d22ae04c2c9b491","Printing Industry & Union Consolidated Pension Plan","PA",171,2012,283700,2024-07-30 20:28:50.92093
"ec3439fb25b1807b5481e41b0a7c0b7dbb3712babf054828c718d22ae04c2c9b492","Production Service and Sales District Council Pension Fund","NY",2603,2012,7422100,2024-07-30 20:28:50.92093
"ec3439fb25b1807b5481e41b0a7c0b7dbb3712babf054828c718d22ae04c2c9b493","PSA-ILA Pension Plan and Trust ","MS",57,2012,241700,2024-07-30 20:28:50.92093
"ec3439fb25b1807b5481e41b0a7c0b7dbb3712babf054828c718d22ae04c2c9b494","Retail Local 906","NY",102,2012,133500,2024-07-30 20:28:50.92093
"ec3439fb25b1807b5481e41b0a7c0b7dbb3712babf054828c718d22ae04c2c9b495","Retirement Fund of the Fur Manufacturing Industry","NY",636,2012,825400,2024-07-30 20:28:50.92093
"ec3439fb25b1807b5481e41b0a7c0b7dbb3712babf054828c718d22ae04c2c9b496","Roofers' Local 195 Pension Plan","NY",128,2012,580300,2024-07-30 20:28:50.92093
"ec3439fb25b1807b5481e41b0a7c0b7dbb3712babf054828c718d22ae04c2c9b497","Schiffli Embroidery Workers Pension Plan","NJ",875,2012,1725500,2024-07-30 20:28:50.92093
"ec3439fb25b1807b5481e41b0a7c0b7dbb3712babf054828c718d22ae04c2c9b498","So. CA, AZ, CO & So. NV Glaziers, Architectural Metal  & Glass Wkrs PP.","CA",1917,2012,5470500,2024-07-30 20:28:50.92093
"ec3439fb25b1807b5481e41b0a7c0b7dbb3712babf054828c718d22ae04c2c9b499","Southern Council of Industrial Workers","WV",281,2012,134300,2024-07-30 20:28:50.92093
"ec3439fb25b1807b5481e41b0a7c0b7dbb3712babf054828c718d22ae04c2c9b500","Teamsters Local 240 Pension Fund","MD",63,2012,161950,2024-07-30 20:28:50.92093
"ec3439fb25b1807b5481e41b0a7c0b7dbb3712babf054828c718d22ae04c2c9b501","Terrazzo Industry Pension Trust Fund","CA",63,2012,82200,2024-07-30 20:28:50.92093
"ec3439fb25b1807b5481e41b0a7c0b7dbb3712babf054828c718d22ae04c2c9b502","Textile Foremen's Pension Plan and Trust","NJ",37,2012,351169,2024-07-30 20:28:50.92093
"ec3439fb25b1807b5481e41b0a7c0b7dbb3712babf054828c718d22ae04c2c9b503","The Tiny Naylor's Inc. Pension Plan","CA",172,2012,33311,2024-07-30 20:28:50.92093
"ec3439fb25b1807b5481e41b0a7c0b7dbb3712babf054828c718d22ae04c2c9b504","United Brick & Clay Workers of America, AFL-CIO District Council #9 PP","OH",231,2012,20000,2024-07-30 20:28:50.92093
"ec3439fb25b1807b5481e41b0a7c0b7dbb3712babf054828c718d22ae04c2c9b505","UFCW Local 1049 Retirement Fund","NJ",178,2012,397400,2024-07-30 20:28:50.92093
"ec3439fb25b1807b5481e41b0a7c0b7dbb3712babf054828c718d22ae04c2c9b506","United Optical Workers Pension Fund","NY",437,2012,692600,2024-07-30 20:28:50.92093
"ec3439fb25b1807b5481e41b0a7c0b7dbb3712babf054828c718d22ae04c2c9b507","Washington-Oregon Furniture Workers Pension Fund","WA",99,2012,105700,2024-07-30 20:28:50.92093
"ec3439fb25b1807b5481e41b0a7c0b7dbb3712babf054828c718d22ae04c2c9b508","Western Growers Pension Plan & Trust ""A""","CA",1577,2012,4943800,2024-07-30 20:28:50.92093
"ec3439fb25b1807b5481e41b0a7c0b7dbb3712babf054828c718d22ae04c2c9b509","Wine & Liquor Salesmen of New Jersey Retirement Fund","NJ",587,2012,3423200,2024-07-30 20:28:50.92093
"ec3439fb25b1807b5481e41b0a7c0b7dbb3712babf054828c718d22ae04c2c9b510","Amalgamated Insurance Fund (Clothing Fund)","NY",21411,2011,29033000,2024-07-30 20:28:50.92093
"ec3439fb25b1807b5481e41b0a7c0b7dbb3712babf054828c718d22ae04c2c9b511","Asbestos Workers Local 64 Pension Fund","OK",86,2011,127600,2024-07-30 20:28:50.92093
"ec3439fb25b1807b5481e41b0a7c0b7dbb3712babf054828c718d22ae04c2c9b512","Associated Trades & Crafts Union Pension Plan","PA",71,2011,1157640,2024-07-30 20:28:50.92093
"ec3439fb25b1807b5481e41b0a7c0b7dbb3712babf054828c718d22ae04c2c9b513","Bay Area Laundry & Dry Cleaning Pension Fund (Dry Cleaning)","CA",92,2011,166300,2024-07-30 20:28:50.92093
"ec3439fb25b1807b5481e41b0a7c0b7dbb3712babf054828c718d22ae04c2c9b514","Bay Area Laundry & Dry Cleaning Pension Fund (Laundry)","CA",130,2011,90900,2024-07-30 20:28:50.92093
"ec3439fb25b1807b5481e41b0a7c0b7dbb3712babf054828c718d22ae04c2c9b515","Buffalo Carpenters Pension Fund","NY",633,2011,2470500,2024-07-30 20:28:50.92093
"ec3439fb25b1807b5481e41b0a7c0b7dbb3712babf054828c718d22ae04c2c9b516","California Frozen Food Industry Pension Plan","CA",327,2011,318700,2024-07-30 20:28:50.92093
"ec3439fb25b1807b5481e41b0a7c0b7dbb3712babf054828c718d22ae04c2c9b517","Cattle Shochtim Local 491 Retirement Plan","NJ",13,2011,31700,2024-07-30 20:28:50.92093
"ec3439fb25b1807b5481e41b0a7c0b7dbb3712babf054828c718d22ae04c2c9b518","Council 30 Retirement Plan - Sanders Plan","MI",144,2011,341000,2024-07-30 20:28:50.92093
"ec3439fb25b1807b5481e41b0a7c0b7dbb3712babf054828c718d22ae04c2c9b519","CTDU Partition Pension Fund","IL",1379,2011,13408664.76,2024-07-30 20:28:50.92093
"ec3439fb25b1807b5481e41b0a7c0b7dbb3712babf054828c718d22ae04c2c9b520","District 65 Pension Plan","NJ",5023,2011,18223180.17,2024-07-30 20:28:50.92093
"ec3439fb25b1807b5481e41b0a7c0b7dbb3712babf054828c718d22ae04c2c9b521","Electronics 431 Pension Fund ","NY",541,2011,509300,2024-07-30 20:28:50.92093
"ec3439fb25b1807b5481e41b0a7c0b7dbb3712babf054828c718d22ae04c2c9b522","Employers & Fishermen & Allied Wk. Local 33 PF","CA",683,2011,9539493,2024-07-30 20:28:50.92093
"ec3439fb25b1807b5481e41b0a7c0b7dbb3712babf054828c718d22ae04c2c9b523","Fishermen's Union of America, AFL-CIO San Pedro Pension TF","CA",214,2011,44130,2024-07-30 20:28:50.92093
"ec3439fb25b1807b5481e41b0a7c0b7dbb3712babf054828c718d22ae04c2c9b524","Florida Marble Polishers Pension Trust Fund","GA",84,2011,227200,2024-07-30 20:28:50.92093
"ec3439fb25b1807b5481e41b0a7c0b7dbb3712babf054828c718d22ae04c2c9b525","Fur Workers Local 3F Pension Plan","NY",90,2011,239400,2024-07-30 20:28:50.92093
"ec3439fb25b1807b5481e41b0a7c0b7dbb3712babf054828c718d22ae04c2c9b526","Graphic Arts Pressroom Retirement Plan","MA",59,2011,129900,2024-07-30 20:28:50.92093
"ec3439fb25b1807b5481e41b0a7c0b7dbb3712babf054828c718d22ae04c2c9b527","Graphic Communications Local 51-Bindery Employers' Pension Fund","NY",441,2011,852160,2024-07-30 20:28:50.92093
"ec3439fb25b1807b5481e41b0a7c0b7dbb3712babf054828c718d22ae04c2c9b528","Local 144 Funeral Directors Pension Plan","NJ",87,2011,1099741,2024-07-30 20:28:50.92093
"ec3439fb25b1807b5481e41b0a7c0b7dbb3712babf054828c718d22ae04c2c9b529","Local 20408 United Warehouse Industrial & Affiliated Trades Employees PF","NJ",68,2011,106300,2024-07-30 20:28:50.92093
"ec3439fb25b1807b5481e41b0a7c0b7dbb3712babf054828c718d22ae04c2c9b530","Local 29 RWDSU Pension Plan","NY",176,2011,344700,2024-07-30 20:28:50.92093
"ec3439fb25b1807b5481e41b0a7c0b7dbb3712babf054828c718d22ae04c2c9b531","Local 442 Laborers Int'l Union of N.A. PP","NY",46,2011,2027228,2024-07-30 20:28:50.92093
"ec3439fb25b1807b5481e41b0a7c0b7dbb3712babf054828c718d22ae04c2c9b532","Local 76 Resort Hotel Pension Fund","NY",219,2011,398800,2024-07-30 20:28:50.92093
"ec3439fb25b1807b5481e41b0a7c0b7dbb3712babf054828c718d22ae04c2c9b533","Luggage Workers Union of Philadelphia & Vicinity Local #61 RP","PA",31,2011,48900,2024-07-30 20:28:50.92093
"ec3439fb25b1807b5481e41b0a7c0b7dbb3712babf054828c718d22ae04c2c9b534","Massachusetts Leather Pension Plan","MA",256,2011,1317279,2024-07-30 20:28:50.92093
"ec3439fb25b1807b5481e41b0a7c0b7dbb3712babf054828c718d22ae04c2c9b535","Master Electro Platers Employees Pension Plan","CT",85,2011,75375,2024-07-30 20:28:50.92093
"ec3439fb25b1807b5481e41b0a7c0b7dbb3712babf054828c718d22ae04c2c9b536","Metal Trades Industry Pension Plan & Trust Fund","CA",221,2011,495400,2024-07-30 20:28:50.92093
"ec3439fb25b1807b5481e41b0a7c0b7dbb3712babf054828c718d22ae04c2c9b537","Milk & Ice Cream Industry Dairy Employees Union Pension Plan","OH",243,2011,628700,2024-07-30 20:28:50.92093
"ec3439fb25b1807b5481e41b0a7c0b7dbb3712babf054828c718d22ae04c2c9b538","Motion Picture Laboratory Technicians Local 702 Pension Fund","NY",266,2011,777000,2024-07-30 20:28:50.92093
"ec3439fb25b1807b5481e41b0a7c0b7dbb3712babf054828c718d22ae04c2c9b539","Northwest Textile Processors & Service Trades Pension Plan","WA",119,2011,161000,2024-07-30 20:28:50.92093
"ec3439fb25b1807b5481e41b0a7c0b7dbb3712babf054828c718d22ae04c2c9b540","Pension Fund of The New Independent Leather, Novelty & Plastic Workers Union","DE",1940,2011,1567500,2024-07-30 20:28:50.92093
"ec3439fb25b1807b5481e41b0a7c0b7dbb3712babf054828c718d22ae04c2c9b541","Printing Industry & Union Consolidated Pension Plan","PA",171,2011,290000,2024-07-30 20:28:50.92093
"ec3439fb25b1807b5481e41b0a7c0b7dbb3712babf054828c718d22ae04c2c9b542","Production Service and Sales District Council Pension Fund","NY",2603,2011,7775600,2024-07-30 20:28:50.92093
"ec3439fb25b1807b5481e41b0a7c0b7dbb3712babf054828c718d22ae04c2c9b543","PSA-ILA Pension Plan and Trust ","MS",57,2011,71700,2024-07-30 20:28:50.92093
"ec3439fb25b1807b5481e41b0a7c0b7dbb3712babf054828c718d22ae04c2c9b544","Retirement Fund of the Fur Manufacturing Industry","NY",636,2011,892100,2024-07-30 20:28:50.92093
"ec3439fb25b1807b5481e41b0a7c0b7dbb3712babf054828c718d22ae04c2c9b545","Roofers' Local 195 Pension Plan","NY",128,2011,561800,2024-07-30 20:28:50.92093
"ec3439fb25b1807b5481e41b0a7c0b7dbb3712babf054828c718d22ae04c2c9b546","Schiffli Embroidery Workers Pension Plan","NJ",875,2011,1651900,2024-07-30 20:28:50.92093
"ec3439fb25b1807b5481e41b0a7c0b7dbb3712babf054828c718d22ae04c2c9b547","So. CA, AZ, CO & So. NV Glaziers, Architectural Metal  & Glass Wkrs PP.","CA",1917,2011,5865000,2024-07-30 20:28:50.92093
"ec3439fb25b1807b5481e41b0a7c0b7dbb3712babf054828c718d22ae04c2c9b548","Teamsters Local 240 Pension Fund","MD",63,2011,145800,2024-07-30 20:28:50.92093
"ec3439fb25b1807b5481e41b0a7c0b7dbb3712babf054828c718d22ae04c2c9b549","Teamsters Local 830-Laundry Division & Philadelphia Textile Maintenance PP","PA",230,2011,5220,2024-07-30 20:28:50.92093
"ec3439fb25b1807b5481e41b0a7c0b7dbb3712babf054828c718d22ae04c2c9b550","Textile Foremen's Pension Plan and Trust","NJ",37,2011,44600,2024-07-30 20:28:50.92093
"ec3439fb25b1807b5481e41b0a7c0b7dbb3712babf054828c718d22ae04c2c9b551","The Tiny Naylor's Inc. Pension Plan","CA",172,2011,115850,2024-07-30 20:28:50.92093
"ec3439fb25b1807b5481e41b0a7c0b7dbb3712babf054828c718d22ae04c2c9b552","United Brick & Clay Workers of America, AFL-CIO District Council #9 PP","OH",231,2011,37000,2024-07-30 20:28:50.92093
"ec3439fb25b1807b5481e41b0a7c0b7dbb3712babf054828c718d22ae04c2c9b553","UFCW Local 1049 Retirement Fund","NJ",178,2011,509900,2024-07-30 20:28:50.92093
"ec3439fb25b1807b5481e41b0a7c0b7dbb3712babf054828c718d22ae04c2c9b554","United Optical Workers Pension Fund","NY",437,2011,736500,2024-07-30 20:28:50.92093
"ec3439fb25b1807b5481e41b0a7c0b7dbb3712babf054828c718d22ae04c2c9b555","Washington-Oregon Furniture Workers Pension Fund","WA",99,2011,116700,2024-07-30 20:28:50.92093
"ec3439fb25b1807b5481e41b0a7c0b7dbb3712babf054828c718d22ae04c2c9b556","Western Growers Pension Plan & Trust ""A""","CA",1577,2011,5884500,2024-07-30 20:28:50.92093
"ec3439fb25b1807b5481e41b0a7c0b7dbb3712babf054828c718d22ae04c2c9b557","Wine & Liquor Salesmen of New Jersey Retirement Fund","NJ",587,2011,3691700,2024-07-30 20:28:50.92093
"ec3439fb25b1807b5481e41b0a7c0b7dbb3712babf054828c718d22ae04c2c9b558","Amalgamated Insurance Fund (Clothing Fund)","NY",21411,2010,30250000,2024-07-30 20:28:50.92093
"ec3439fb25b1807b5481e41b0a7c0b7dbb3712babf054828c718d22ae04c2c9b559","Amalgamated Lace Operatives of America, Lever Section, Joint PP","RI",59,2010,6614,2024-07-30 20:28:50.92093
"ec3439fb25b1807b5481e41b0a7c0b7dbb3712babf054828c718d22ae04c2c9b560","Associated Trades & Crafts Union Pension Plan","PA",71,2010,129100,2024-07-30 20:28:50.92093
"ec3439fb25b1807b5481e41b0a7c0b7dbb3712babf054828c718d22ae04c2c9b561","Bay Area Laundry & Dry Cleaning Pension Fund (Dry Cleaning)","CA",92,2010,194700,2024-07-30 20:28:50.92093
"ec3439fb25b1807b5481e41b0a7c0b7dbb3712babf054828c718d22ae04c2c9b562","Bay Area Laundry & Dry Cleaning Pension Fund (Laundry)","CA",130,2010,129600,2024-07-30 20:28:50.92093
"ec3439fb25b1807b5481e41b0a7c0b7dbb3712babf054828c718d22ae04c2c9b563","Brewery, Soft Drink, Industrial & Allied Workers Local Union No. 968 PP","TX",107,2010,1084428,2024-07-30 20:28:50.92093
"ec3439fb25b1807b5481e41b0a7c0b7dbb3712babf054828c718d22ae04c2c9b564","Buffalo Carpenters Pension Fund","NY",633,2010,3289000,2024-07-30 20:28:50.92093
"ec3439fb25b1807b5481e41b0a7c0b7dbb3712babf054828c718d22ae04c2c9b565","California Frozen Food Industry Pension Plan","CA",327,2010,567900,2024-07-30 20:28:50.92093
"ec3439fb25b1807b5481e41b0a7c0b7dbb3712babf054828c718d22ae04c2c9b566","Cattle Shochtim Local 491 Retirement Plan","NJ",13,2010,36000,2024-07-30 20:28:50.92093
"ec3439fb25b1807b5481e41b0a7c0b7dbb3712babf054828c718d22ae04c2c9b567","Cinema Pension Trust Retirement Plan","CA",32,2010,36000,2024-07-30 20:28:50.92093
"ec3439fb25b1807b5481e41b0a7c0b7dbb3712babf054828c718d22ae04c2c9b568","Council 30 Retirement Plan - Sanders Plan","MI",144,2010,385600,2024-07-30 20:28:50.92093
"ec3439fb25b1807b5481e41b0a7c0b7dbb3712babf054828c718d22ae04c2c9b569","CTDU Partition Pension Fund","IL",1379,2010,3011800,2024-07-30 20:28:50.92093
"ec3439fb25b1807b5481e41b0a7c0b7dbb3712babf054828c718d22ae04c2c9b570","District 65 Pension Plan","NJ",5023,2010,17869300,2024-07-30 20:28:50.92093
"ec3439fb25b1807b5481e41b0a7c0b7dbb3712babf054828c718d22ae04c2c9b571","Employers & Fishermen & Allied Wk. Local 33 PF","CA",683,2010,749600,2024-07-30 20:28:50.92093
"ec3439fb25b1807b5481e41b0a7c0b7dbb3712babf054828c718d22ae04c2c9b572","Fishermen's Union of America, AFL-CIO San Pedro Pension TF","CA",214,2010,1786300,2024-07-30 20:28:50.92093
"ec3439fb25b1807b5481e41b0a7c0b7dbb3712babf054828c718d22ae04c2c9b573","Florida Marble Polishers Pension Trust Fund","GA",84,2010,187600,2024-07-30 20:28:50.92093
"ec3439fb25b1807b5481e41b0a7c0b7dbb3712babf054828c718d22ae04c2c9b574","Fur Workers Local 3F Pension Plan","NY",90,2010,296000,2024-07-30 20:28:50.92093
"ec3439fb25b1807b5481e41b0a7c0b7dbb3712babf054828c718d22ae04c2c9b575","Graphic Arts Pressroom Retirement Plan","MA",59,2010,33700,2024-07-30 20:28:50.92093
"ec3439fb25b1807b5481e41b0a7c0b7dbb3712babf054828c718d22ae04c2c9b576","Graphic Communications Local 51-Bindery Employers' Pension Fund","NY",441,2010,891500,2024-07-30 20:28:50.92093
"ec3439fb25b1807b5481e41b0a7c0b7dbb3712babf054828c718d22ae04c2c9b577","Local 144 Funeral Directors Pension Plan","NJ",87,2010,150400,2024-07-30 20:28:50.92093
"ec3439fb25b1807b5481e41b0a7c0b7dbb3712babf054828c718d22ae04c2c9b578","Local 20408 United Warehouse Industrial & Affiliated Trades Employees PF","NJ",68,2010,115600,2024-07-30 20:28:50.92093
"ec3439fb25b1807b5481e41b0a7c0b7dbb3712babf054828c718d22ae04c2c9b579","Local 29 RWDSU Pension Plan","NY",176,2010,314000,2024-07-30 20:28:50.92093
"ec3439fb25b1807b5481e41b0a7c0b7dbb3712babf054828c718d22ae04c2c9b580","Local 442 Laborers Int'l Union of N.A. PP","NY",46,2010,106800,2024-07-30 20:28:50.92093
"ec3439fb25b1807b5481e41b0a7c0b7dbb3712babf054828c718d22ae04c2c9b581","Local Union 880 & the Display Industry Pension Plan","MN",155,2010,3518838,2024-07-30 20:28:50.92093
"ec3439fb25b1807b5481e41b0a7c0b7dbb3712babf054828c718d22ae04c2c9b582","Luggage Workers Union of Philadelphia & Vicinity Local #61 RP","PA",31,2010,33200,2024-07-30 20:28:50.92093
"ec3439fb25b1807b5481e41b0a7c0b7dbb3712babf054828c718d22ae04c2c9b583","Massachusetts Leather Pension Plan","MA",256,2010,220100,2024-07-30 20:28:50.92093
"ec3439fb25b1807b5481e41b0a7c0b7dbb3712babf054828c718d22ae04c2c9b584","Master Electro Platers Employees Pension Plan","CT",85,2010,33300,2024-07-30 20:28:50.92093
"ec3439fb25b1807b5481e41b0a7c0b7dbb3712babf054828c718d22ae04c2c9b585","Metal Trades Industry Pension Plan & Trust Fund","CA",221,2010,349000,2024-07-30 20:28:50.92093
"ec3439fb25b1807b5481e41b0a7c0b7dbb3712babf054828c718d22ae04c2c9b586","Milk & Ice Cream Industry Dairy Employees Union Pension Plan","OH",243,2010,750400,2024-07-30 20:28:50.92093
"ec3439fb25b1807b5481e41b0a7c0b7dbb3712babf054828c718d22ae04c2c9b587","Motion Picture Laboratory Technicians Local 702 Pension Fund","NY",266,2010,829000,2024-07-30 20:28:50.92093
"ec3439fb25b1807b5481e41b0a7c0b7dbb3712babf054828c718d22ae04c2c9b588","Northwest Textile Processors & Service Trades Pension Plan","WA",119,2010,194100,2024-07-30 20:28:50.92093
"ec3439fb25b1807b5481e41b0a7c0b7dbb3712babf054828c718d22ae04c2c9b589","Painters' Local #1042 Pension Plan","NH",18,2010,169451,2024-07-30 20:28:50.92093
"ec3439fb25b1807b5481e41b0a7c0b7dbb3712babf054828c718d22ae04c2c9b590","Pension Fund of The New Independent Leather, Novelty & Plastic Workers Union","DE",1940,2010,1325100,2024-07-30 20:28:50.92093
"ec3439fb25b1807b5481e41b0a7c0b7dbb3712babf054828c718d22ae04c2c9b591","Plasterers' Union Local No. 123 Pension Fund","IN",33,2010,656508,2024-07-30 20:28:50.92093
"ec3439fb25b1807b5481e41b0a7c0b7dbb3712babf054828c718d22ae04c2c9b592","Printing Industry & Union Consolidated Pension Plan","PA",171,2010,212900,2024-07-30 20:28:50.92093
"ec3439fb25b1807b5481e41b0a7c0b7dbb3712babf054828c718d22ae04c2c9b593","Production Service and Sales District Council Pension Fund","NY",2603,2010,7861600,2024-07-30 20:28:50.92093
"ec3439fb25b1807b5481e41b0a7c0b7dbb3712babf054828c718d22ae04c2c9b594","Resilient Floor Coverers' Local 1533 Pension Trust Fund","TX",41,2010,1023897.46,2024-07-30 20:28:50.92093
"ec3439fb25b1807b5481e41b0a7c0b7dbb3712babf054828c718d22ae04c2c9b595","Retirement Fund of the Fur Manufacturing Industry","NY",636,2010,616400,2024-07-30 20:28:50.92093
"ec3439fb25b1807b5481e41b0a7c0b7dbb3712babf054828c718d22ae04c2c9b596","Roofers' Local 195 Pension Plan","NY",128,2010,143700,2024-07-30 20:28:50.92093
"ec3439fb25b1807b5481e41b0a7c0b7dbb3712babf054828c718d22ae04c2c9b597","Schiffli Embroidery Workers Pension Plan","NJ",875,2010,1947600,2024-07-30 20:28:50.92093
"ec3439fb25b1807b5481e41b0a7c0b7dbb3712babf054828c718d22ae04c2c9b598","So. CA, AZ, CO & So. NV Glaziers, Architectural Metal  & Glass Wkrs PP.","CA",1917,2010,4682914,2024-07-30 20:28:50.92093
"ec3439fb25b1807b5481e41b0a7c0b7dbb3712babf054828c718d22ae04c2c9b599","Teamsters Local 240 Pension Fund","MD",63,2010,174800,2024-07-30 20:28:50.92093
"ec3439fb25b1807b5481e41b0a7c0b7dbb3712babf054828c718d22ae04c2c9b600","Teamsters Local 830-Laundry Division & Philadelphia Textile Maintenance PP","PA",230,2010,2253406,2024-07-30 20:28:50.92093
"ec3439fb25b1807b5481e41b0a7c0b7dbb3712babf054828c718d22ae04c2c9b601","Textile Foremen's Pension Plan and Trust","NJ",37,2010,53900,2024-07-30 20:28:50.92093
"ec3439fb25b1807b5481e41b0a7c0b7dbb3712babf054828c718d22ae04c2c9b602","The Tiny Naylor's Inc. Pension Plan","CA",172,2010,15598.18,2024-07-30 20:28:50.92093
"ec3439fb25b1807b5481e41b0a7c0b7dbb3712babf054828c718d22ae04c2c9b603","UFCW Local 1049 Retirement Fund","NJ",178,2010,396000,2024-07-30 20:28:50.92093
"ec3439fb25b1807b5481e41b0a7c0b7dbb3712babf054828c718d22ae04c2c9b604","United Optical Workers Pension Fund","NY",437,2010,748950,2024-07-30 20:28:50.92093
"ec3439fb25b1807b5481e41b0a7c0b7dbb3712babf054828c718d22ae04c2c9b605","Washington-Oregon Furniture Workers Pension Fund","WA",99,2010,120000,2024-07-30 20:28:50.92093
"ec3439fb25b1807b5481e41b0a7c0b7dbb3712babf054828c718d22ae04c2c9b606","Western Growers Pension Plan & Trust ""A""","CA",1577,2010,5190500,2024-07-30 20:28:50.92093
"ec3439fb25b1807b5481e41b0a7c0b7dbb3712babf054828c718d22ae04c2c9b607","Wine & Liquor Salesmen of New Jersey Retirement Fund","NJ",587,2010,1940600,2024-07-30 20:28:50.92093
"ec3439fb25b1807b5481e41b0a7c0b7dbb3712babf054828c718d22ae04c2c9b608","Amalgamated Insurance Fund (Clothing Fund)","NY",21411,2009,32500000,2024-07-30 20:28:50.92093
"ec3439fb25b1807b5481e41b0a7c0b7dbb3712babf054828c718d22ae04c2c9b609","Amalgamated Lace Operatives of America, Lever Section, Joint PP","RI",59,2009,60701,2024-07-30 20:28:50.92093
"ec3439fb25b1807b5481e41b0a7c0b7dbb3712babf054828c718d22ae04c2c9b610","Associated Trades & Crafts Union Pension Plan","PA",71,2009,129800,2024-07-30 20:28:50.92093
"ec3439fb25b1807b5481e41b0a7c0b7dbb3712babf054828c718d22ae04c2c9b611","Bay Area Laundry & Dry Cleaning Pension Fund (Dry Cleaning)","CA",92,2009,204600,2024-07-30 20:28:50.92093
"ec3439fb25b1807b5481e41b0a7c0b7dbb3712babf054828c718d22ae04c2c9b612","Brewery, Soft Drink, Industrial & Allied Workers Local Union No. 968 PP","TX",107,2009,157000,2024-07-30 20:28:50.92093
"ec3439fb25b1807b5481e41b0a7c0b7dbb3712babf054828c718d22ae04c2c9b613","Buffalo Carpenters Pension Fund","NY",633,2009,3203700,2024-07-30 20:28:50.92093
"ec3439fb25b1807b5481e41b0a7c0b7dbb3712babf054828c718d22ae04c2c9b614","California Frozen Food Industry Pension Plan","CA",327,2009,464300,2024-07-30 20:28:50.92093
"ec3439fb25b1807b5481e41b0a7c0b7dbb3712babf054828c718d22ae04c2c9b615","Cattle Shochtim Local 491 Retirement Plan","NJ",13,2009,42300,2024-07-30 20:28:50.92093
"ec3439fb25b1807b5481e41b0a7c0b7dbb3712babf054828c718d22ae04c2c9b616","Cinema Pension Trust Retirement Plan","CA",32,2009,111200,2024-07-30 20:28:50.92093
"ec3439fb25b1807b5481e41b0a7c0b7dbb3712babf054828c718d22ae04c2c9b617","Council 30 Retirement Plan - Sanders Plan","MI",144,2009,536800,2024-07-30 20:28:50.92093
"ec3439fb25b1807b5481e41b0a7c0b7dbb3712babf054828c718d22ae04c2c9b618","District 65 Pension Plan","NJ",5023,2009,18114100,2024-07-30 20:28:50.92093
"ec3439fb25b1807b5481e41b0a7c0b7dbb3712babf054828c718d22ae04c2c9b619","Division 1181-1061 A.T.U. - Long Island Pension Fund","NY",39,2009,410210,2024-07-30 20:28:50.92093
"ec3439fb25b1807b5481e41b0a7c0b7dbb3712babf054828c718d22ae04c2c9b620","Employers & Fishermen & Allied Wk. Local 33 PF","CA",683,2009,712900,2024-07-30 20:28:50.92093
"ec3439fb25b1807b5481e41b0a7c0b7dbb3712babf054828c718d22ae04c2c9b621","Fishermen's Union of America, AFL-CIO San Pedro Pension TF","CA",214,2009,113900,2024-07-30 20:28:50.92093
"ec3439fb25b1807b5481e41b0a7c0b7dbb3712babf054828c718d22ae04c2c9b622","Fur Workers Local 3F Pension Plan","NY",90,2009,296500,2024-07-30 20:28:50.92093
"ec3439fb25b1807b5481e41b0a7c0b7dbb3712babf054828c718d22ae04c2c9b623","Graphic Arts Pressroom Retirement Plan","MA",59,2009,60400,2024-07-30 20:28:50.92093
"ec3439fb25b1807b5481e41b0a7c0b7dbb3712babf054828c718d22ae04c2c9b624","Graphic Communications Local 51-Bindery Employers' Pension Fund","NY",441,2009,915300,2024-07-30 20:28:50.92093
"ec3439fb25b1807b5481e41b0a7c0b7dbb3712babf054828c718d22ae04c2c9b625","Laundry, Dry Cleaning & Dye House Workers' Pension Plan","IL",326,2009,117400,2024-07-30 20:28:50.92093
"ec3439fb25b1807b5481e41b0a7c0b7dbb3712babf054828c718d22ae04c2c9b626","Local 144 Funeral Directors Pension Plan","NJ",87,2009,143300,2024-07-30 20:28:50.92093
"ec3439fb25b1807b5481e41b0a7c0b7dbb3712babf054828c718d22ae04c2c9b627","Local 20408 United Warehouse Industrial & Affiliated Trades Employees PF","NJ",68,2009,94200,2024-07-30 20:28:50.92093
"ec3439fb25b1807b5481e41b0a7c0b7dbb3712babf054828c718d22ae04c2c9b628","Local 29 RWDSU Pension Plan","NY",176,2009,318000,2024-07-30 20:28:50.92093
"ec3439fb25b1807b5481e41b0a7c0b7dbb3712babf054828c718d22ae04c2c9b629","Local 442 Laborers Int'l Union of N.A. PP","NY",46,2009,29000,2024-07-30 20:28:50.92093
"ec3439fb25b1807b5481e41b0a7c0b7dbb3712babf054828c718d22ae04c2c9b630","Local Union 880 & the Display Industry Pension Plan","MN",155,2009,135300,2024-07-30 20:28:50.92093
"ec3439fb25b1807b5481e41b0a7c0b7dbb3712babf054828c718d22ae04c2c9b631","Luggage Workers Union of Philadelphia & Vicinity Local #61 RP","PA",31,2009,41600,2024-07-30 20:28:50.92093
"ec3439fb25b1807b5481e41b0a7c0b7dbb3712babf054828c718d22ae04c2c9b632","Luggage Workers Union Retirement Plan Local 61","NY ",31,2009,5777537,2024-07-30 20:28:50.92093
"ec3439fb25b1807b5481e41b0a7c0b7dbb3712babf054828c718d22ae04c2c9b633","Massachusetts Leather Pension Plan","MA",256,2009,216100,2024-07-30 20:28:50.92093
"ec3439fb25b1807b5481e41b0a7c0b7dbb3712babf054828c718d22ae04c2c9b634","Milk & Ice Cream Industry Dairy Employees Union Pension Plan","OH",243,2009,982600,2024-07-30 20:28:50.92093
"ec3439fb25b1807b5481e41b0a7c0b7dbb3712babf054828c718d22ae04c2c9b635","Motion Picture Laboratory Technicians Local 702 Pension Fund","NY",266,2009,1138400,2024-07-30 20:28:50.92093
"ec3439fb25b1807b5481e41b0a7c0b7dbb3712babf054828c718d22ae04c2c9b636","Northwest Textile Processors & Service Trades Pension Plan","WA",119,2009,192900,2024-07-30 20:28:50.92093
"ec3439fb25b1807b5481e41b0a7c0b7dbb3712babf054828c718d22ae04c2c9b637","Painters' Local #1042 Pension Plan","NH",18,2009,7200,2024-07-30 20:28:50.92093
"ec3439fb25b1807b5481e41b0a7c0b7dbb3712babf054828c718d22ae04c2c9b638","Pension Fund of The New Independent Leather, Novelty & Plastic Workers Union","DE",1940,2009,1251000,2024-07-30 20:28:50.92093
"ec3439fb25b1807b5481e41b0a7c0b7dbb3712babf054828c718d22ae04c2c9b639","Production Service and Sales District Council Pension Fund","NY",2603,2009,7844764,2024-07-30 20:28:50.92093
"ec3439fb25b1807b5481e41b0a7c0b7dbb3712babf054828c718d22ae04c2c9b640","Resilient Floor Coverers' Local 1533 Pension Trust Fund","TX",41,2009,96900,2024-07-30 20:28:50.92093
"ec3439fb25b1807b5481e41b0a7c0b7dbb3712babf054828c718d22ae04c2c9b641","Retirement Fund of the Fur Manufacturing Industry","NY",636,2009,1059800,2024-07-30 20:28:50.92093
"ec3439fb25b1807b5481e41b0a7c0b7dbb3712babf054828c718d22ae04c2c9b642","Roofers' Local 195 Pension Plan","NY",128,2009,189700,2024-07-30 20:28:50.92093
"ec3439fb25b1807b5481e41b0a7c0b7dbb3712babf054828c718d22ae04c2c9b643","Schiffli Embroidery Workers Pension Plan","NJ",875,2009,4e+05,2024-07-30 20:28:50.92093
"ec3439fb25b1807b5481e41b0a7c0b7dbb3712babf054828c718d22ae04c2c9b644","Teamsters Local 240 Pension Fund","MD",63,2009,153700,2024-07-30 20:28:50.92093
"ec3439fb25b1807b5481e41b0a7c0b7dbb3712babf054828c718d22ae04c2c9b645","Teamsters Local 830-Laundry Division & Philadelphia Textile Maintenance PP","PA",230,2009,92000,2024-07-30 20:28:50.92093
"ec3439fb25b1807b5481e41b0a7c0b7dbb3712babf054828c718d22ae04c2c9b646","Textile Foremen's Pension Plan and Trust","NJ",37,2009,82300,2024-07-30 20:28:50.92093
"ec3439fb25b1807b5481e41b0a7c0b7dbb3712babf054828c718d22ae04c2c9b647","The Tiny Naylor's Inc. Pension Plan","CA",172,2009,1138905,2024-07-30 20:28:50.92093
"ec3439fb25b1807b5481e41b0a7c0b7dbb3712babf054828c718d22ae04c2c9b648","Tilesetters and Marble Masons Local Union No. 2 Pension Plan","VA",33,2009,2241,2024-07-30 20:28:50.92093
"ec3439fb25b1807b5481e41b0a7c0b7dbb3712babf054828c718d22ae04c2c9b649","United Optical Workers Pension Fund","NY",437,2009,757700,2024-07-30 20:28:50.92093
"ec3439fb25b1807b5481e41b0a7c0b7dbb3712babf054828c718d22ae04c2c9b650","Washington-Oregon Furniture Workers Pension Fund","WA",99,2009,134000,2024-07-30 20:28:50.92093
"ec3439fb25b1807b5481e41b0a7c0b7dbb3712babf054828c718d22ae04c2c9b651","Western Growers Pension Plan & Trust ""A""","CA",1577,2009,5206200,2024-07-30 20:28:50.92093
"ec3439fb25b1807b5481e41b0a7c0b7dbb3712babf054828c718d22ae04c2c9b652","Amalgamated Insurance Fund (Clothing Fund)","NY",21411,2008,34250000,2024-07-30 20:28:50.92093
"ec3439fb25b1807b5481e41b0a7c0b7dbb3712babf054828c718d22ae04c2c9b653","Amalgamated Lace Operatives of America, Lever Section, Joint PP","RI",59,2008,513800,2024-07-30 20:28:50.92093
"ec3439fb25b1807b5481e41b0a7c0b7dbb3712babf054828c718d22ae04c2c9b654","Asbestos Workers Local 66 Pension Fund","TX",85,2008,2173158,2024-07-30 20:28:50.92093
"ec3439fb25b1807b5481e41b0a7c0b7dbb3712babf054828c718d22ae04c2c9b655","Associated Trades & Crafts Union Pension Plan","PA",71,2008,70900,2024-07-30 20:28:50.92093
"ec3439fb25b1807b5481e41b0a7c0b7dbb3712babf054828c718d22ae04c2c9b656","Bay Area Laundry & Dry Cleaning Pension Fund (Dry Cleaning)","CA",92,2008,182000,2024-07-30 20:28:50.92093
"ec3439fb25b1807b5481e41b0a7c0b7dbb3712babf054828c718d22ae04c2c9b657","Brewery, Soft Drink, Industrial & Allied Workers Local Union No. 968 PP","TX",107,2008,168900,2024-07-30 20:28:50.92093
"ec3439fb25b1807b5481e41b0a7c0b7dbb3712babf054828c718d22ae04c2c9b658","Brewery Workers Local 1149 Pension Plan","NY",65,2008,748419,2024-07-30 20:28:50.92093
"ec3439fb25b1807b5481e41b0a7c0b7dbb3712babf054828c718d22ae04c2c9b659","Buffalo Carpenters Pension Fund","NY",633,2008,4365600,2024-07-30 20:28:50.92093
"ec3439fb25b1807b5481e41b0a7c0b7dbb3712babf054828c718d22ae04c2c9b660","California Frozen Food Industry Pension Plan","CA",327,2008,342900,2024-07-30 20:28:50.92093
"ec3439fb25b1807b5481e41b0a7c0b7dbb3712babf054828c718d22ae04c2c9b661","Cattle Shochtim Local 491 Retirement Plan","NJ",13,2008,75600,2024-07-30 20:28:50.92093
"ec3439fb25b1807b5481e41b0a7c0b7dbb3712babf054828c718d22ae04c2c9b662","Cinema Pension Trust Retirement Plan","CA",32,2008,35000,2024-07-30 20:28:50.92093
"ec3439fb25b1807b5481e41b0a7c0b7dbb3712babf054828c718d22ae04c2c9b663","Council 30 Retirement Plan - Sanders Plan","MI",144,2008,474500,2024-07-30 20:28:50.92093
"ec3439fb25b1807b5481e41b0a7c0b7dbb3712babf054828c718d22ae04c2c9b664","District 65 Pension Plan","NJ",5023,2008,18261600,2024-07-30 20:28:50.92093
"ec3439fb25b1807b5481e41b0a7c0b7dbb3712babf054828c718d22ae04c2c9b665","Division 1181-1061 A.T.U. - Long Island Pension Fund","NY",39,2008,65700,2024-07-30 20:28:50.92093
"ec3439fb25b1807b5481e41b0a7c0b7dbb3712babf054828c718d22ae04c2c9b666","Employers & Fishermen & Allied Wk. Local 33 PF","CA",683,2008,579900,2024-07-30 20:28:50.92093
"ec3439fb25b1807b5481e41b0a7c0b7dbb3712babf054828c718d22ae04c2c9b667","Fisherman's Pension Plan Trust Fund","CA",29,2008,10736,2024-07-30 20:28:50.92093
"ec3439fb25b1807b5481e41b0a7c0b7dbb3712babf054828c718d22ae04c2c9b668","Fur Workers Local 3F Pension Plan","NY",90,2008,283500,2024-07-30 20:28:50.92093
"ec3439fb25b1807b5481e41b0a7c0b7dbb3712babf054828c718d22ae04c2c9b669","Gloucester Seafood Workers Pension Plan","NY",62,2008,2441758,2024-07-30 20:28:50.92093
"ec3439fb25b1807b5481e41b0a7c0b7dbb3712babf054828c718d22ae04c2c9b670","Graphic Arts Pressroom Retirement Plan","MA",59,2008,68500,2024-07-30 20:28:50.92093
"ec3439fb25b1807b5481e41b0a7c0b7dbb3712babf054828c718d22ae04c2c9b671","Graphic Communications Local 51-Bindery Employers' Pension Fund","NY",441,2008,948400,2024-07-30 20:28:50.92093
"ec3439fb25b1807b5481e41b0a7c0b7dbb3712babf054828c718d22ae04c2c9b672","Laundry, Dry Cleaning & Dye House Workers' Pension Plan","IL",326,2008,134000,2024-07-30 20:28:50.92093
"ec3439fb25b1807b5481e41b0a7c0b7dbb3712babf054828c718d22ae04c2c9b673","Local 144 Funeral Directors Pension Plan","NJ",87,2008,143400,2024-07-30 20:28:50.92093
"ec3439fb25b1807b5481e41b0a7c0b7dbb3712babf054828c718d22ae04c2c9b674","Local 20408 United Warehouse Industrial & Affiliated Trades Employees PF","NJ",68,2008,110500,2024-07-30 20:28:50.92093
"ec3439fb25b1807b5481e41b0a7c0b7dbb3712babf054828c718d22ae04c2c9b675","Local 29 RWDSU Pension Plan","NY",176,2008,348900,2024-07-30 20:28:50.92093
"ec3439fb25b1807b5481e41b0a7c0b7dbb3712babf054828c718d22ae04c2c9b676","Local Union 880 & the Display Industry Pension Plan","MN",155,2008,111800,2024-07-30 20:28:50.92093
"ec3439fb25b1807b5481e41b0a7c0b7dbb3712babf054828c718d22ae04c2c9b677","Luggage Workers Union of Philadelphia & Vicinity Local #61 RP","PA",31,2008,42100,2024-07-30 20:28:50.92093
"ec3439fb25b1807b5481e41b0a7c0b7dbb3712babf054828c718d22ae04c2c9b678","Milk & Ice Cream Industry Dairy Employees Union Pension Plan","OH",243,2008,698000,2024-07-30 20:28:50.92093
"ec3439fb25b1807b5481e41b0a7c0b7dbb3712babf054828c718d22ae04c2c9b679","Motion Picture Laboratory Technicians Local 702 Pension Fund","NY",266,2008,685500,2024-07-30 20:28:50.92093
"ec3439fb25b1807b5481e41b0a7c0b7dbb3712babf054828c718d22ae04c2c9b680","Northwest Textile Processors & Service Trades Pension Plan","WA",119,2008,215500,2024-07-30 20:28:50.92093
"ec3439fb25b1807b5481e41b0a7c0b7dbb3712babf054828c718d22ae04c2c9b681","Painters' Local #1042 Pension Plan","NH",18,2008,7100,2024-07-30 20:28:50.92093
"ec3439fb25b1807b5481e41b0a7c0b7dbb3712babf054828c718d22ae04c2c9b682","Pension Fund of The New Independent Leather, Novelty & Plastic Workers Union","DE",1940,2008,1243300,2024-07-30 20:28:50.92093
"ec3439fb25b1807b5481e41b0a7c0b7dbb3712babf054828c718d22ae04c2c9b683","Production Service and Sales District Council Pension Fund","NY",2603,2008,7095900,2024-07-30 20:28:50.92093
"ec3439fb25b1807b5481e41b0a7c0b7dbb3712babf054828c718d22ae04c2c9b684","Resilient Floor Coverers' Local 1533 Pension Trust Fund","TX",41,2008,67800,2024-07-30 20:28:50.92093
"ec3439fb25b1807b5481e41b0a7c0b7dbb3712babf054828c718d22ae04c2c9b685","Retirement Fund of the Fur Manufacturing Industry","NY",636,2008,965442,2024-07-30 20:28:50.92093
"ec3439fb25b1807b5481e41b0a7c0b7dbb3712babf054828c718d22ae04c2c9b686","Teamsters Local 240 Pension Fund","MD",63,2008,215700,2024-07-30 20:28:50.92093
"ec3439fb25b1807b5481e41b0a7c0b7dbb3712babf054828c718d22ae04c2c9b687","Teamsters Local 830-Laundry Division & Philadelphia Textile Maintenance PP","PA",230,2008,146800,2024-07-30 20:28:50.92093
"ec3439fb25b1807b5481e41b0a7c0b7dbb3712babf054828c718d22ae04c2c9b688","Textile Foremen's Pension Plan and Trust","NJ",37,2008,37500,2024-07-30 20:28:50.92093
"ec3439fb25b1807b5481e41b0a7c0b7dbb3712babf054828c718d22ae04c2c9b689","The Tiny Naylor's Inc. Pension Plan","CA",172,2008,37000,2024-07-30 20:28:50.92093
"ec3439fb25b1807b5481e41b0a7c0b7dbb3712babf054828c718d22ae04c2c9b690","Tilesetters and Marble Masons Local Union No. 2 Pension Plan","VA",33,2008,25388,2024-07-30 20:28:50.92093
"ec3439fb25b1807b5481e41b0a7c0b7dbb3712babf054828c718d22ae04c2c9b691","United Optical Workers Pension Fund","NY",437,2008,792500,2024-07-30 20:28:50.92093
"ec3439fb25b1807b5481e41b0a7c0b7dbb3712babf054828c718d22ae04c2c9b692","Washington-Oregon Furniture Workers Pension Fund","WA",99,2008,135000,2024-07-30 20:28:50.92093
"ec3439fb25b1807b5481e41b0a7c0b7dbb3712babf054828c718d22ae04c2c9b693","Western Growers Pension Plan & Trust ""A""","CA",1577,2008,5303400,2024-07-30 20:28:50.92093
"ec3439fb25b1807b5481e41b0a7c0b7dbb3712babf054828c718d22ae04c2c9b694","Amalgamated Insurance Fund (Clothing Fund)","NY",21411,2007,34750000,2024-07-30 20:28:50.92093
"ec3439fb25b1807b5481e41b0a7c0b7dbb3712babf054828c718d22ae04c2c9b695","Amalgamated Lace Operatives of America, Lever Section, Joint PP","RI",59,2007,85200,2024-07-30 20:28:50.92093
"ec3439fb25b1807b5481e41b0a7c0b7dbb3712babf054828c718d22ae04c2c9b696","Associated Trades & Crafts Union Pension Plan","PA",71,2007,81600,2024-07-30 20:28:50.92093
"ec3439fb25b1807b5481e41b0a7c0b7dbb3712babf054828c718d22ae04c2c9b697","Bay Area Laundry & Dry Cleaning Pension Fund (Dry Cleaning)","CA",92,2007,96700,2024-07-30 20:28:50.92093
"ec3439fb25b1807b5481e41b0a7c0b7dbb3712babf054828c718d22ae04c2c9b698","Bay Area Laundry & Dry Cleaning Pension Fund (Laundry)","CA",130,2007,76100,2024-07-30 20:28:50.92093
"ec3439fb25b1807b5481e41b0a7c0b7dbb3712babf054828c718d22ae04c2c9b699","Brewery, Soft Drink, Industrial & Allied Workers Local Union No. 968 PP","TX",107,2007,182600,2024-07-30 20:28:50.92093
"ec3439fb25b1807b5481e41b0a7c0b7dbb3712babf054828c718d22ae04c2c9b700","Brewery Workers Local 1149 Pension Plan","NY",65,2007,59600,2024-07-30 20:28:50.92093
"ec3439fb25b1807b5481e41b0a7c0b7dbb3712babf054828c718d22ae04c2c9b701","Buffalo Carpenters Pension Fund","NY",633,2007,2317200,2024-07-30 20:28:50.92093
"ec3439fb25b1807b5481e41b0a7c0b7dbb3712babf054828c718d22ae04c2c9b702","California Frozen Food Industry Pension Plan","CA",327,2007,571300,2024-07-30 20:28:50.92093
"ec3439fb25b1807b5481e41b0a7c0b7dbb3712babf054828c718d22ae04c2c9b703","Council 30 Retirement Plan - Sanders Plan","MI",144,2007,364100,2024-07-30 20:28:50.92093
"ec3439fb25b1807b5481e41b0a7c0b7dbb3712babf054828c718d22ae04c2c9b704","District 65 Pension Plan","NJ",5023,2007,18839900,2024-07-30 20:28:50.92093
"ec3439fb25b1807b5481e41b0a7c0b7dbb3712babf054828c718d22ae04c2c9b705","Division 1181-1061 A.T.U. - Long Island Pension Fund","NY",39,2007,53000,2024-07-30 20:28:50.92093
"ec3439fb25b1807b5481e41b0a7c0b7dbb3712babf054828c718d22ae04c2c9b706","Fisherman's Pension Plan Trust Fund","CA",29,2007,199300,2024-07-30 20:28:50.92093
"ec3439fb25b1807b5481e41b0a7c0b7dbb3712babf054828c718d22ae04c2c9b707","Fur Workers Local 3F Pension Plan","NY",90,2007,328200,2024-07-30 20:28:50.92093
"ec3439fb25b1807b5481e41b0a7c0b7dbb3712babf054828c718d22ae04c2c9b708","Graphic Arts Pressroom Retirement Plan","MA",59,2007,78200,2024-07-30 20:28:50.92093
"ec3439fb25b1807b5481e41b0a7c0b7dbb3712babf054828c718d22ae04c2c9b709","Graphic Communications Local 51-Bindery Employers' Pension Fund","NY",441,2007,1037700,2024-07-30 20:28:50.92093
"ec3439fb25b1807b5481e41b0a7c0b7dbb3712babf054828c718d22ae04c2c9b710","Hotel and Restaurant Employees Union Local 18 Pension Fund","VA",3,2007,21900,2024-07-30 20:28:50.92093
"ec3439fb25b1807b5481e41b0a7c0b7dbb3712babf054828c718d22ae04c2c9b711","Local 144 Funeral Directors Pension Plan","NJ",87,2007,136200,2024-07-30 20:28:50.92093
"ec3439fb25b1807b5481e41b0a7c0b7dbb3712babf054828c718d22ae04c2c9b712","Local 20408 United Warehouse Industrial & Affiliated Trades Employees PF","NJ",68,2007,105000,2024-07-30 20:28:50.92093
"ec3439fb25b1807b5481e41b0a7c0b7dbb3712babf054828c718d22ae04c2c9b713","Local 29 RWDSU Pension Plan","NY",176,2007,351200,2024-07-30 20:28:50.92093
"ec3439fb25b1807b5481e41b0a7c0b7dbb3712babf054828c718d22ae04c2c9b714","Local Union 880 & the Display Industry Pension Plan","MN",155,2007,142100,2024-07-30 20:28:50.92093
"ec3439fb25b1807b5481e41b0a7c0b7dbb3712babf054828c718d22ae04c2c9b715","Luggage Workers Union of Philadelphia & Vicinity Local #61 RP","PA",31,2007,46800,2024-07-30 20:28:50.92093
"ec3439fb25b1807b5481e41b0a7c0b7dbb3712babf054828c718d22ae04c2c9b716","Motion Picture Laboratory Technicians Local 702 Pension Fund","NY",266,2007,847000,2024-07-30 20:28:50.92093
"ec3439fb25b1807b5481e41b0a7c0b7dbb3712babf054828c718d22ae04c2c9b717","Northwest Textile Processors & Service Trades Pension Plan","WA",119,2007,220800,2024-07-30 20:28:50.92093
"ec3439fb25b1807b5481e41b0a7c0b7dbb3712babf054828c718d22ae04c2c9b718","Painters' Local #1042 Pension Plan","NH",18,2007,7130,2024-07-30 20:28:50.92093
"ec3439fb25b1807b5481e41b0a7c0b7dbb3712babf054828c718d22ae04c2c9b719","Pension Fund of The New Independent Leather, Novelty & Plastic Workers Union","DE",1940,2007,1047200,2024-07-30 20:28:50.92093
"ec3439fb25b1807b5481e41b0a7c0b7dbb3712babf054828c718d22ae04c2c9b720","Production Service and Sales District Council Pension Fund","NY",2603,2007,5380500,2024-07-30 20:28:50.92093
"ec3439fb25b1807b5481e41b0a7c0b7dbb3712babf054828c718d22ae04c2c9b721","Resilient Floor Coverers' Local 1533 Pension Trust Fund","TX",41,2007,56400,2024-07-30 20:28:50.92093
"ec3439fb25b1807b5481e41b0a7c0b7dbb3712babf054828c718d22ae04c2c9b722","Retail Clerks Union District Council No. 12 Variety & Dept. Stores PP","IN",108,2007,549863,2024-07-30 20:28:50.92093
"ec3439fb25b1807b5481e41b0a7c0b7dbb3712babf054828c718d22ae04c2c9b723","Retirement Fund of the Fur Manufacturing Industry","NY",636,2007,906300,2024-07-30 20:28:50.92093
"ec3439fb25b1807b5481e41b0a7c0b7dbb3712babf054828c718d22ae04c2c9b724","Teamsters Local 830-Laundry Division & Philadelphia Textile Maintenance PP","PA",230,2007,112300,2024-07-30 20:28:50.92093
"ec3439fb25b1807b5481e41b0a7c0b7dbb3712babf054828c718d22ae04c2c9b725","Textile Foremen's Pension Plan and Trust","NJ",37,2007,48600,2024-07-30 20:28:50.92093
"ec3439fb25b1807b5481e41b0a7c0b7dbb3712babf054828c718d22ae04c2c9b726","Tilesetters and Marble Masons Local Union No. 2 Pension Plan","VA",33,2007,22300,2024-07-30 20:28:50.92093
"ec3439fb25b1807b5481e41b0a7c0b7dbb3712babf054828c718d22ae04c2c9b727","United Optical Workers Pension Fund","NY",437,2007,881900,2024-07-30 20:28:50.92093
"ec3439fb25b1807b5481e41b0a7c0b7dbb3712babf054828c718d22ae04c2c9b728","Washington-Oregon Furniture Workers Pension Fund","WA",99,2007,149100,2024-07-30 20:28:50.92093
"ec3439fb25b1807b5481e41b0a7c0b7dbb3712babf054828c718d22ae04c2c9b729","Western Growers Pension Plan & Trust ""A""","CA",1577,2007,1716200,2024-07-30 20:28:50.92093
"ec3439fb25b1807b5481e41b0a7c0b7dbb3712babf054828c718d22ae04c2c9b730","Amalgamated Insurance Fund (Clothing Fund)","NY",21411,2006,36650000,2024-07-30 20:28:50.92093
"ec3439fb25b1807b5481e41b0a7c0b7dbb3712babf054828c718d22ae04c2c9b731","Bay Area Laundry & Dry Cleaning Pension Fund (Dry Cleaning)","CA",92,2006,237900,2024-07-30 20:28:50.92093
"ec3439fb25b1807b5481e41b0a7c0b7dbb3712babf054828c718d22ae04c2c9b732","Bay Area Laundry & Dry Cleaning Pension Fund (Laundry)","CA",130,2006,118600,2024-07-30 20:28:50.92093
"ec3439fb25b1807b5481e41b0a7c0b7dbb3712babf054828c718d22ae04c2c9b733","Brewery, Soft Drink, Industrial & Allied Workers Local Union No. 968 PP","TX",107,2006,190200,2024-07-30 20:28:50.92093
"ec3439fb25b1807b5481e41b0a7c0b7dbb3712babf054828c718d22ae04c2c9b734","Brewery Workers Local 1149 Pension Plan","NY",65,2006,61000,2024-07-30 20:28:50.92093
"ec3439fb25b1807b5481e41b0a7c0b7dbb3712babf054828c718d22ae04c2c9b735","Buffalo Carpenters Pension Fund","NY",633,2006,4253000,2024-07-30 20:28:50.92093
"ec3439fb25b1807b5481e41b0a7c0b7dbb3712babf054828c718d22ae04c2c9b736","California Frozen Food Industry Pension Plan","CA",327,2006,450000,2024-07-30 20:28:50.92093
"ec3439fb25b1807b5481e41b0a7c0b7dbb3712babf054828c718d22ae04c2c9b737","Cattle Shochtim Local 491 Retirement Plan","NJ",13,2006,43600,2024-07-30 20:28:50.92093
"ec3439fb25b1807b5481e41b0a7c0b7dbb3712babf054828c718d22ae04c2c9b738","Council 30 Retirement Plan - Sanders Plan","MI",144,2006,635610,2024-07-30 20:28:50.92093
"ec3439fb25b1807b5481e41b0a7c0b7dbb3712babf054828c718d22ae04c2c9b739","District 65 Pension Plan","NJ",5023,2006,17604760,2024-07-30 20:28:50.92093
"ec3439fb25b1807b5481e41b0a7c0b7dbb3712babf054828c718d22ae04c2c9b740","Division 1181-1061 A.T.U. - Long Island Pension Fund","NY",39,2006,37200,2024-07-30 20:28:50.92093
"ec3439fb25b1807b5481e41b0a7c0b7dbb3712babf054828c718d22ae04c2c9b741","Fisherman's Pension Plan Trust Fund","CA",29,2006,19300,2024-07-30 20:28:50.92093
"ec3439fb25b1807b5481e41b0a7c0b7dbb3712babf054828c718d22ae04c2c9b742","Fur Workers Local 3F Pension Plan","NY",90,2006,325000,2024-07-30 20:28:50.92093
"ec3439fb25b1807b5481e41b0a7c0b7dbb3712babf054828c718d22ae04c2c9b743","Granite Cutters Pension Fund","NY",24,2006,176000,2024-07-30 20:28:50.92093
"ec3439fb25b1807b5481e41b0a7c0b7dbb3712babf054828c718d22ae04c2c9b744","Graphic Arts Pressroom Retirement Plan","MA",59,2006,106500,2024-07-30 20:28:50.92093
"ec3439fb25b1807b5481e41b0a7c0b7dbb3712babf054828c718d22ae04c2c9b745","Graphic Communications Local 51-Bindery Employers' Pension Fund","NY",441,2006,996100,2024-07-30 20:28:50.92093
"ec3439fb25b1807b5481e41b0a7c0b7dbb3712babf054828c718d22ae04c2c9b746","Local 144 Funeral Directors Pension Plan","NJ",87,2006,136300,2024-07-30 20:28:50.92093
"ec3439fb25b1807b5481e41b0a7c0b7dbb3712babf054828c718d22ae04c2c9b747","Local 20408 United Warehouse Industrial & Affiliated Trades Employees PF","NJ",68,2006,101000,2024-07-30 20:28:50.92093
"ec3439fb25b1807b5481e41b0a7c0b7dbb3712babf054828c718d22ae04c2c9b748","Local 29 RWDSU Pension Plan","NY",176,2006,319600,2024-07-30 20:28:50.92093
"ec3439fb25b1807b5481e41b0a7c0b7dbb3712babf054828c718d22ae04c2c9b749","Local Union 880 & the Display Industry Pension Plan","MN",155,2006,26200,2024-07-30 20:28:50.92093
"ec3439fb25b1807b5481e41b0a7c0b7dbb3712babf054828c718d22ae04c2c9b750","Luggage Workers Union of Philadelphia & Vicinity Local #61 RP","PA",31,2006,50700,2024-07-30 20:28:50.92093
"ec3439fb25b1807b5481e41b0a7c0b7dbb3712babf054828c718d22ae04c2c9b751","Motion Picture Laboratory Technicians Local 702 Pension Fund","NY",266,2006,1292200,2024-07-30 20:28:50.92093
"ec3439fb25b1807b5481e41b0a7c0b7dbb3712babf054828c718d22ae04c2c9b752","Northwest Textile Processors & Service Trades Pension Plan","WA",119,2006,245900,2024-07-30 20:28:50.92093
"ec3439fb25b1807b5481e41b0a7c0b7dbb3712babf054828c718d22ae04c2c9b753","Painters' Local #1042 Pension Plan","NH",18,2006,7200,2024-07-30 20:28:50.92093
"ec3439fb25b1807b5481e41b0a7c0b7dbb3712babf054828c718d22ae04c2c9b754","Pension Fund of The New Independent Leather, Novelty & Plastic Workers Union","DE",1940,2006,975100,2024-07-30 20:28:50.92093
"ec3439fb25b1807b5481e41b0a7c0b7dbb3712babf054828c718d22ae04c2c9b755","Production Service and Sales District Council Pension Fund","NY",2603,2006,2433400,2024-07-30 20:28:50.92093
"ec3439fb25b1807b5481e41b0a7c0b7dbb3712babf054828c718d22ae04c2c9b756","Retail Clerks Union District Council No. 12 Variety & Dept. Stores PP","IN",108,2006,84100,2024-07-30 20:28:50.92093
"ec3439fb25b1807b5481e41b0a7c0b7dbb3712babf054828c718d22ae04c2c9b757","Retirement Fund of the Fur Manufacturing Industry","NY",636,2006,1103900,2024-07-30 20:28:50.92093
"ec3439fb25b1807b5481e41b0a7c0b7dbb3712babf054828c718d22ae04c2c9b758","Teamsters Local 830-Laundry Division & Philadelphia Textile Maintenance PP","PA",230,2006,236600,2024-07-30 20:28:50.92093
"ec3439fb25b1807b5481e41b0a7c0b7dbb3712babf054828c718d22ae04c2c9b759","Textile Foremen's Pension Plan and Trust","NJ",37,2006,53800,2024-07-30 20:28:50.92093
"ec3439fb25b1807b5481e41b0a7c0b7dbb3712babf054828c718d22ae04c2c9b760","Tilesetters and Marble Masons Local Union No. 2 Pension Plan","VA",33,2006,4000,2024-07-30 20:28:50.92093
"ec3439fb25b1807b5481e41b0a7c0b7dbb3712babf054828c718d22ae04c2c9b761","United Optical Workers Pension Fund","NY",437,2006,962700,2024-07-30 20:28:50.92093
"ec3439fb25b1807b5481e41b0a7c0b7dbb3712babf054828c718d22ae04c2c9b762","Washington-Oregon Furniture Workers Pension Fund","WA",99,2006,159000,2024-07-30 20:28:50.92093
"ec3439fb25b1807b5481e41b0a7c0b7dbb3712babf054828c718d22ae04c2c9b763","Amalgamated Insurance Fund (Clothing Fund)","NY",21411,2005,3250000,2024-07-30 20:28:50.92093
"ec3439fb25b1807b5481e41b0a7c0b7dbb3712babf054828c718d22ae04c2c9b764","Bay Area Laundry & Dry Cleaning Pension Fund (Dry Cleaning)","CA",92,2005,161400,2024-07-30 20:28:50.92093
"ec3439fb25b1807b5481e41b0a7c0b7dbb3712babf054828c718d22ae04c2c9b765","Brewery, Soft Drink, Industrial & Allied Workers Local Union No. 968 PP","TX",107,2005,199301,2024-07-30 20:28:50.92093
"ec3439fb25b1807b5481e41b0a7c0b7dbb3712babf054828c718d22ae04c2c9b766","Brewery Workers Local 1149 Pension Plan","NY",65,2005,64000,2024-07-30 20:28:50.92093
"ec3439fb25b1807b5481e41b0a7c0b7dbb3712babf054828c718d22ae04c2c9b767","Buffalo Carpenters Pension Fund","NY",633,2005,2921600,2024-07-30 20:28:50.92093
"ec3439fb25b1807b5481e41b0a7c0b7dbb3712babf054828c718d22ae04c2c9b768","California Frozen Food Industry Pension Plan","CA",327,2005,498710,2024-07-30 20:28:50.92093
"ec3439fb25b1807b5481e41b0a7c0b7dbb3712babf054828c718d22ae04c2c9b769","Capmakers Union Local No. 4 Retirement Plan","NY",7519,2005,92562,2024-07-30 20:28:50.92093
"ec3439fb25b1807b5481e41b0a7c0b7dbb3712babf054828c718d22ae04c2c9b770","Cattle Shochtim Local 491 Retirement Plan","NJ",13,2005,42500,2024-07-30 20:28:50.92093
"ec3439fb25b1807b5481e41b0a7c0b7dbb3712babf054828c718d22ae04c2c9b771","Council 30 Retirement Plan - Sanders Plan","MI",144,2005,543090,2024-07-30 20:28:50.92093
"ec3439fb25b1807b5481e41b0a7c0b7dbb3712babf054828c718d22ae04c2c9b772","Division 1181-1061 A.T.U. - Long Island Pension Fund","NY",39,2005,63400,2024-07-30 20:28:50.92093
"ec3439fb25b1807b5481e41b0a7c0b7dbb3712babf054828c718d22ae04c2c9b773","Fur Workers Local 3F Pension Plan","NY",90,2005,366000,2024-07-30 20:28:50.92093
"ec3439fb25b1807b5481e41b0a7c0b7dbb3712babf054828c718d22ae04c2c9b774","Graphic Arts Pressroom Retirement Plan","MA",59,2005,57781,2024-07-30 20:28:50.92093
"ec3439fb25b1807b5481e41b0a7c0b7dbb3712babf054828c718d22ae04c2c9b775","Graphic Communications Local 51-Bindery Employers' Pension Fund","NY",441,2005,969428,2024-07-30 20:28:50.92093
"ec3439fb25b1807b5481e41b0a7c0b7dbb3712babf054828c718d22ae04c2c9b776","Hotel and Restaurant Employees Union Local 18 Pension Fund","VA",3,2005,11000,2024-07-30 20:28:50.92093
"ec3439fb25b1807b5481e41b0a7c0b7dbb3712babf054828c718d22ae04c2c9b777","Local 144 Funeral Directors Pension Plan","NJ",87,2005,138151,2024-07-30 20:28:50.92093
"ec3439fb25b1807b5481e41b0a7c0b7dbb3712babf054828c718d22ae04c2c9b778","Local 20408 United Warehouse Industrial & Affiliated Trades Employees PF","NJ",68,2005,108000,2024-07-30 20:28:50.92093
"ec3439fb25b1807b5481e41b0a7c0b7dbb3712babf054828c718d22ae04c2c9b779","Local 29 RWDSU Pension Plan","NY",176,2005,214900,2024-07-30 20:28:50.92093
"ec3439fb25b1807b5481e41b0a7c0b7dbb3712babf054828c718d22ae04c2c9b780","Local Union 880 & the Display Industry Pension Plan","MN",155,2005,109200,2024-07-30 20:28:50.92093
"ec3439fb25b1807b5481e41b0a7c0b7dbb3712babf054828c718d22ae04c2c9b781","Luggage Workers Union of Philadelphia & Vicinity Local #61 RP","PA",31,2005,53008,2024-07-30 20:28:50.92093
"ec3439fb25b1807b5481e41b0a7c0b7dbb3712babf054828c718d22ae04c2c9b782","Motion Picture Laboratory Technicians Local 702 Pension Fund","NY",266,2005,1003500,2024-07-30 20:28:50.92093
"ec3439fb25b1807b5481e41b0a7c0b7dbb3712babf054828c718d22ae04c2c9b783","Northwest Textile Processors & Service Trades Pension Plan","WA",119,2005,266900,2024-07-30 20:28:50.92093
"ec3439fb25b1807b5481e41b0a7c0b7dbb3712babf054828c718d22ae04c2c9b784","Painters' Local #1042 Pension Plan","NH",18,2005,7200,2024-07-30 20:28:50.92093
"ec3439fb25b1807b5481e41b0a7c0b7dbb3712babf054828c718d22ae04c2c9b785","Plasterer's Local No. 155 Pension Plan","MD",31,2005,535046,2024-07-30 20:28:50.92093
"ec3439fb25b1807b5481e41b0a7c0b7dbb3712babf054828c718d22ae04c2c9b786","Retail Clerks Union District Council No. 12 Variety & Dept. Stores PP","IN",108,2005,88300,2024-07-30 20:28:50.92093
"ec3439fb25b1807b5481e41b0a7c0b7dbb3712babf054828c718d22ae04c2c9b787","Retirement Fund of the Fur Manufacturing Industry","NY",636,2005,1176611,2024-07-30 20:28:50.92093
"ec3439fb25b1807b5481e41b0a7c0b7dbb3712babf054828c718d22ae04c2c9b788","Teamsters Local 830-Laundry Division & Philadelphia Textile Maintenance PP","PA",230,2005,342500,2024-07-30 20:28:50.92093
"ec3439fb25b1807b5481e41b0a7c0b7dbb3712babf054828c718d22ae04c2c9b789","Textile Foremen's Pension Plan and Trust","NJ",37,2005,58100,2024-07-30 20:28:50.92093
"ec3439fb25b1807b5481e41b0a7c0b7dbb3712babf054828c718d22ae04c2c9b790","United Optical Workers Pension Fund","NY",437,2005,251000,2024-07-30 20:28:50.92093
"ec3439fb25b1807b5481e41b0a7c0b7dbb3712babf054828c718d22ae04c2c9b791","Washington-Oregon Furniture Workers Pension Fund","WA",99,2005,164500,2024-07-30 20:28:50.92093
